/*
SQLyog Ultimate v13.1.1 (64 bit)
MySQL - 10.4.32-MariaDB-log : Database - proyecto_u
*********************************************************************
*/

/*!40101 SET NAMES utf8 */;

/*!40101 SET SQL_MODE=''*/;

/*!40014 SET @OLD_UNIQUE_CHECKS=@@UNIQUE_CHECKS, UNIQUE_CHECKS=0 */;
/*!40014 SET @OLD_FOREIGN_KEY_CHECKS=@@FOREIGN_KEY_CHECKS, FOREIGN_KEY_CHECKS=0 */;
/*!40101 SET @OLD_SQL_MODE=@@SQL_MODE, SQL_MODE='NO_AUTO_VALUE_ON_ZERO' */;
/*!40111 SET @OLD_SQL_NOTES=@@SQL_NOTES, SQL_NOTES=0 */;
CREATE DATABASE /*!32312 IF NOT EXISTS*/`proyecto_u` /*!40100 DEFAULT CHARACTER SET utf8mb4 COLLATE utf8mb4_spanish2_ci */;

USE `proyecto_u`;

/*Table structure for table `activations` */

DROP TABLE IF EXISTS `activations`;

CREATE TABLE `activations` (
  `id` int(10) unsigned NOT NULL AUTO_INCREMENT,
  `user_id` int(10) unsigned NOT NULL,
  `code` varchar(191) NOT NULL,
  `completed` tinyint(1) NOT NULL DEFAULT 0,
  `completed_at` datetime DEFAULT NULL,
  `created_at` timestamp NULL DEFAULT NULL,
  `updated_at` timestamp NULL DEFAULT NULL,
  PRIMARY KEY (`id`),
  KEY `activations_user_id_index` (`user_id`),
  CONSTRAINT `activations_user_id_foreign` FOREIGN KEY (`user_id`) REFERENCES `users` (`id`) ON DELETE CASCADE
) ENGINE=InnoDB AUTO_INCREMENT=3 DEFAULT CHARSET=utf8mb4 COLLATE=utf8mb4_unicode_ci;

/*Data for the table `activations` */

insert  into `activations`(`id`,`user_id`,`code`,`completed`,`completed_at`,`created_at`,`updated_at`) values 
(1,1,'XFvwVJCR1tvPA0EbWvlxWkuuH3BFfSHp',1,NULL,NULL,NULL),
(2,2,'XFvwVJCR1tvPA0EbWvlxWkuuH3BFfSHp',1,'2024-12-19 19:10:34','2024-12-19 13:10:34','2024-12-19 13:10:34');

/*Table structure for table `addresses` */

DROP TABLE IF EXISTS `addresses`;

CREATE TABLE `addresses` (
  `id` int(10) unsigned NOT NULL AUTO_INCREMENT,
  `customer_id` int(10) unsigned NOT NULL,
  `first_name` varchar(191) NOT NULL,
  `last_name` varchar(191) NOT NULL,
  `address_1` varchar(191) NOT NULL,
  `address_2` varchar(191) DEFAULT NULL,
  `city` varchar(191) NOT NULL,
  `state` varchar(191) NOT NULL,
  `zip` varchar(191) NOT NULL,
  `country` varchar(191) NOT NULL,
  `created_at` timestamp NULL DEFAULT NULL,
  `updated_at` timestamp NULL DEFAULT NULL,
  PRIMARY KEY (`id`),
  KEY `addresses_customer_id_foreign` (`customer_id`),
  CONSTRAINT `addresses_customer_id_foreign` FOREIGN KEY (`customer_id`) REFERENCES `users` (`id`) ON DELETE CASCADE
) ENGINE=InnoDB AUTO_INCREMENT=2 DEFAULT CHARSET=utf8mb4 COLLATE=utf8mb4_unicode_ci;

/*Data for the table `addresses` */

/*Table structure for table `attribute_categories` */

DROP TABLE IF EXISTS `attribute_categories`;

CREATE TABLE `attribute_categories` (
  `attribute_id` int(10) unsigned NOT NULL,
  `category_id` int(10) unsigned NOT NULL,
  PRIMARY KEY (`attribute_id`,`category_id`),
  KEY `attribute_categories_category_id_foreign` (`category_id`),
  CONSTRAINT `attribute_categories_attribute_id_foreign` FOREIGN KEY (`attribute_id`) REFERENCES `attributes` (`id`) ON DELETE CASCADE,
  CONSTRAINT `attribute_categories_category_id_foreign` FOREIGN KEY (`category_id`) REFERENCES `categories` (`id`) ON DELETE CASCADE
) ENGINE=InnoDB DEFAULT CHARSET=utf8mb4 COLLATE=utf8mb4_unicode_ci;

/*Data for the table `attribute_categories` */

insert  into `attribute_categories`(`attribute_id`,`category_id`) values 
(1,7),
(1,8),
(1,10),
(1,15),
(1,16),
(1,19),
(2,5),
(2,7),
(2,8),
(2,10),
(2,11),
(2,12),
(2,13),
(3,1),
(3,7),
(3,8),
(3,10),
(4,2),
(4,3),
(4,14),
(4,16);

/*Table structure for table `attribute_set_translations` */

DROP TABLE IF EXISTS `attribute_set_translations`;

CREATE TABLE `attribute_set_translations` (
  `id` int(10) unsigned NOT NULL AUTO_INCREMENT,
  `attribute_set_id` int(10) unsigned NOT NULL,
  `locale` varchar(191) NOT NULL,
  `name` varchar(191) NOT NULL,
  PRIMARY KEY (`id`),
  UNIQUE KEY `attribute_set_translations_attribute_set_id_locale_unique` (`attribute_set_id`,`locale`),
  CONSTRAINT `attribute_set_translations_attribute_set_id_foreign` FOREIGN KEY (`attribute_set_id`) REFERENCES `attribute_sets` (`id`) ON DELETE CASCADE
) ENGINE=InnoDB AUTO_INCREMENT=5 DEFAULT CHARSET=utf8mb4 COLLATE=utf8mb4_unicode_ci;

/*Data for the table `attribute_set_translations` */

insert  into `attribute_set_translations`(`id`,`attribute_set_id`,`locale`,`name`) values 
(1,1,'es','Especificación'),
(2,2,'es','Cámara'),
(3,3,'es','Hardware'),
(4,4,'es','Especificaciones del dron');

/*Table structure for table `attribute_sets` */

DROP TABLE IF EXISTS `attribute_sets`;

CREATE TABLE `attribute_sets` (
  `id` int(10) unsigned NOT NULL AUTO_INCREMENT,
  `created_at` timestamp NULL DEFAULT NULL,
  `updated_at` timestamp NULL DEFAULT NULL,
  PRIMARY KEY (`id`)
) ENGINE=InnoDB AUTO_INCREMENT=5 DEFAULT CHARSET=utf8mb4 COLLATE=utf8mb4_unicode_ci;

/*Data for the table `attribute_sets` */

insert  into `attribute_sets`(`id`,`created_at`,`updated_at`) values 
(1,'2024-12-13 11:23:34','2024-12-13 11:23:34'),
(2,'2024-12-13 11:24:06','2024-12-13 11:24:06'),
(3,'2024-12-13 11:24:31','2024-12-13 11:24:31'),
(4,'2024-12-13 17:20:05','2024-12-13 17:20:05');

/*Table structure for table `attribute_translations` */

DROP TABLE IF EXISTS `attribute_translations`;

CREATE TABLE `attribute_translations` (
  `id` int(10) unsigned NOT NULL AUTO_INCREMENT,
  `attribute_id` int(10) unsigned NOT NULL,
  `locale` varchar(191) NOT NULL,
  `name` varchar(191) NOT NULL,
  PRIMARY KEY (`id`),
  UNIQUE KEY `attribute_translations_attribute_id_locale_unique` (`attribute_id`,`locale`),
  CONSTRAINT `attribute_translations_attribute_id_foreign` FOREIGN KEY (`attribute_id`) REFERENCES `attributes` (`id`) ON DELETE CASCADE
) ENGINE=InnoDB AUTO_INCREMENT=5 DEFAULT CHARSET=utf8mb4 COLLATE=utf8mb4_unicode_ci;

/*Data for the table `attribute_translations` */

insert  into `attribute_translations`(`id`,`attribute_id`,`locale`,`name`) values 
(1,1,'es','Color'),
(2,2,'es','Marca'),
(3,3,'es','RAM'),
(4,4,'es','Tamaño');

/*Table structure for table `attribute_value_translations` */

DROP TABLE IF EXISTS `attribute_value_translations`;

CREATE TABLE `attribute_value_translations` (
  `id` int(10) unsigned NOT NULL AUTO_INCREMENT,
  `attribute_value_id` int(10) unsigned NOT NULL,
  `locale` varchar(191) NOT NULL,
  `value` varchar(191) NOT NULL,
  PRIMARY KEY (`id`),
  UNIQUE KEY `attribute_value_translations_attribute_value_id_locale_unique` (`attribute_value_id`,`locale`),
  CONSTRAINT `attribute_value_translations_attribute_value_id_foreign` FOREIGN KEY (`attribute_value_id`) REFERENCES `attribute_values` (`id`) ON DELETE CASCADE
) ENGINE=InnoDB AUTO_INCREMENT=29 DEFAULT CHARSET=utf8mb4 COLLATE=utf8mb4_unicode_ci;

/*Data for the table `attribute_value_translations` */

insert  into `attribute_value_translations`(`id`,`attribute_value_id`,`locale`,`value`) values 
(1,1,'es','Blanco'),
(2,2,'es','Negro'),
(3,3,'es','Gris'),
(4,4,'es','Azul'),
(5,5,'es','Plateado'),
(6,6,'es','Apple'),
(7,7,'es','OnePlus'),
(8,8,'es','Huawei'),
(9,9,'es','Samsung'),
(10,10,'es','Xiaomi'),
(11,11,'es','ZTE'),
(12,12,'es','ASUS'),
(13,13,'es','GOOGLE'),
(14,14,'es','LG'),
(15,15,'es','TCL'),
(16,16,'es','SONY'),
(17,17,'es','BOSE'),
(18,18,'es','8GB'),
(19,19,'es','6GB'),
(20,20,'es','12GB'),
(21,21,'es','16GB'),
(22,22,'es','32GB'),
(23,23,'es','SM'),
(24,24,'es','M'),
(25,25,'es','L'),
(26,26,'es','XL'),
(27,27,'es','XXL'),
(28,28,'es','Amarillo');

/*Table structure for table `attribute_values` */

DROP TABLE IF EXISTS `attribute_values`;

CREATE TABLE `attribute_values` (
  `id` int(10) unsigned NOT NULL AUTO_INCREMENT,
  `attribute_id` int(10) unsigned NOT NULL,
  `position` int(10) unsigned NOT NULL,
  `created_at` timestamp NULL DEFAULT NULL,
  `updated_at` timestamp NULL DEFAULT NULL,
  PRIMARY KEY (`id`),
  KEY `attribute_values_attribute_id_index` (`attribute_id`),
  CONSTRAINT `attribute_values_attribute_id_foreign` FOREIGN KEY (`attribute_id`) REFERENCES `attributes` (`id`) ON DELETE CASCADE
) ENGINE=InnoDB AUTO_INCREMENT=29 DEFAULT CHARSET=utf8mb4 COLLATE=utf8mb4_unicode_ci;

/*Data for the table `attribute_values` */

insert  into `attribute_values`(`id`,`attribute_id`,`position`,`created_at`,`updated_at`) values 
(1,1,0,'2024-12-14 17:36:59','2024-12-14 17:36:59'),
(2,1,1,'2024-12-14 17:36:59','2024-12-14 17:36:59'),
(3,1,2,'2024-12-14 17:36:59','2024-12-14 17:36:59'),
(4,1,3,'2024-12-14 17:36:59','2024-12-14 17:36:59'),
(5,1,4,'2024-12-14 17:36:59','2024-12-14 17:36:59'),
(6,2,0,'2024-12-14 17:39:26','2024-12-14 17:39:26'),
(7,2,1,'2024-12-14 17:39:26','2024-12-14 17:39:26'),
(8,2,2,'2024-12-14 17:39:26','2024-12-14 17:39:26'),
(9,2,3,'2024-12-14 17:39:26','2024-12-14 17:39:26'),
(10,2,4,'2024-12-14 17:39:26','2024-12-14 17:39:26'),
(11,2,5,'2024-12-14 17:39:26','2024-12-14 17:39:26'),
(12,2,6,'2024-12-14 17:39:26','2024-12-14 17:39:26'),
(13,2,7,'2024-12-14 17:39:26','2024-12-14 17:39:26'),
(14,2,8,'2024-12-14 17:39:26','2024-12-14 17:39:26'),
(15,2,9,'2024-12-14 17:39:26','2024-12-14 17:39:26'),
(16,2,10,'2024-12-14 17:39:26','2024-12-14 17:39:26'),
(17,2,11,'2024-12-14 17:39:26','2024-12-14 17:39:26'),
(18,3,0,'2024-12-14 17:41:24','2024-12-14 17:41:24'),
(19,3,1,'2024-12-14 17:41:24','2024-12-14 17:41:24'),
(20,3,2,'2024-12-14 17:41:24','2024-12-14 17:41:24'),
(21,3,3,'2024-12-14 17:41:24','2024-12-14 17:41:24'),
(22,3,4,'2024-12-14 17:41:24','2024-12-14 17:41:24'),
(23,4,0,'2024-12-14 17:45:16','2024-12-14 17:45:16'),
(24,4,1,'2024-12-14 17:45:44','2024-12-14 17:45:44'),
(25,4,2,'2024-12-14 17:45:44','2024-12-14 17:45:44'),
(26,4,3,'2024-12-14 17:45:44','2024-12-14 17:45:44'),
(27,4,4,'2024-12-14 17:45:44','2024-12-14 17:45:44'),
(28,1,5,'2024-12-14 19:17:21','2024-12-14 19:17:21');

/*Table structure for table `attributes` */

DROP TABLE IF EXISTS `attributes`;

CREATE TABLE `attributes` (
  `id` int(10) unsigned NOT NULL AUTO_INCREMENT,
  `attribute_set_id` int(10) unsigned NOT NULL,
  `is_filterable` tinyint(1) NOT NULL,
  `created_at` timestamp NULL DEFAULT NULL,
  `updated_at` timestamp NULL DEFAULT NULL,
  `slug` varchar(191) DEFAULT NULL,
  PRIMARY KEY (`id`),
  UNIQUE KEY `attributes_slug_unique` (`slug`),
  KEY `attributes_attribute_set_id_index` (`attribute_set_id`),
  CONSTRAINT `attributes_attribute_set_id_foreign` FOREIGN KEY (`attribute_set_id`) REFERENCES `attribute_sets` (`id`) ON DELETE CASCADE
) ENGINE=InnoDB AUTO_INCREMENT=5 DEFAULT CHARSET=utf8mb4 COLLATE=utf8mb4_unicode_ci;

/*Data for the table `attributes` */

insert  into `attributes`(`id`,`attribute_set_id`,`is_filterable`,`created_at`,`updated_at`,`slug`) values 
(1,1,1,'2024-12-14 17:36:32','2024-12-14 19:17:21','color'),
(2,1,1,'2024-12-14 17:39:26','2024-12-14 17:39:50','marca'),
(3,3,1,'2024-12-14 17:41:24','2024-12-14 17:41:24','ram'),
(4,1,1,'2024-12-14 17:45:16','2024-12-14 17:45:44','tamano');

/*Table structure for table `blog_categories` */

DROP TABLE IF EXISTS `blog_categories`;

CREATE TABLE `blog_categories` (
  `id` bigint(20) unsigned NOT NULL AUTO_INCREMENT,
  `slug` varchar(191) NOT NULL,
  `created_at` timestamp NULL DEFAULT NULL,
  `updated_at` timestamp NULL DEFAULT NULL,
  PRIMARY KEY (`id`),
  UNIQUE KEY `blog_categories_slug_unique` (`slug`)
) ENGINE=InnoDB AUTO_INCREMENT=8 DEFAULT CHARSET=utf8mb4 COLLATE=utf8mb4_unicode_ci;

/*Data for the table `blog_categories` */

insert  into `blog_categories`(`id`,`slug`,`created_at`,`updated_at`) values 
(1,'noticias','2024-12-13 15:48:45','2024-12-13 15:48:45'),
(2,'consejos-de-compra','2024-12-13 15:48:58','2024-12-13 15:48:58'),
(3,'guias-y-tutoriales','2024-12-13 15:49:15','2024-12-13 15:49:15'),
(4,'actualizaciones-de-la-empresa','2024-12-13 15:49:27','2024-12-13 15:49:27'),
(5,'promociones','2024-12-13 15:49:38','2024-12-13 15:49:38'),
(6,'tendencias','2024-12-13 15:49:47','2024-12-13 15:49:47'),
(7,'testimonios','2024-12-13 15:50:00','2024-12-13 15:50:00');

/*Table structure for table `blog_category_translations` */

DROP TABLE IF EXISTS `blog_category_translations`;

CREATE TABLE `blog_category_translations` (
  `id` int(10) unsigned NOT NULL AUTO_INCREMENT,
  `blog_category_id` bigint(20) unsigned NOT NULL,
  `locale` varchar(191) NOT NULL,
  `name` varchar(191) NOT NULL,
  PRIMARY KEY (`id`),
  UNIQUE KEY `blog_category_translations_blog_category_id_locale_unique` (`blog_category_id`,`locale`),
  CONSTRAINT `blog_category_translations_blog_category_id_foreign` FOREIGN KEY (`blog_category_id`) REFERENCES `blog_categories` (`id`) ON DELETE CASCADE
) ENGINE=InnoDB AUTO_INCREMENT=8 DEFAULT CHARSET=utf8mb4 COLLATE=utf8mb4_unicode_ci;

/*Data for the table `blog_category_translations` */

insert  into `blog_category_translations`(`id`,`blog_category_id`,`locale`,`name`) values 
(1,1,'es','Noticias'),
(2,2,'es','Consejos de compra'),
(3,3,'es','Guías y tutoriales'),
(4,4,'es','Actualizaciones de la empresa'),
(5,5,'es','Promociones'),
(6,6,'es','Tendencias'),
(7,7,'es','Testimonios');

/*Table structure for table `blog_post_blog_tag` */

DROP TABLE IF EXISTS `blog_post_blog_tag`;

CREATE TABLE `blog_post_blog_tag` (
  `blog_post_id` bigint(20) unsigned NOT NULL,
  `blog_tag_id` bigint(20) unsigned NOT NULL,
  PRIMARY KEY (`blog_post_id`,`blog_tag_id`),
  KEY `blog_post_blog_tag_blog_tag_id_foreign` (`blog_tag_id`),
  CONSTRAINT `blog_post_blog_tag_blog_post_id_foreign` FOREIGN KEY (`blog_post_id`) REFERENCES `blog_posts` (`id`) ON DELETE CASCADE,
  CONSTRAINT `blog_post_blog_tag_blog_tag_id_foreign` FOREIGN KEY (`blog_tag_id`) REFERENCES `blog_tags` (`id`) ON DELETE CASCADE
) ENGINE=InnoDB DEFAULT CHARSET=utf8mb4 COLLATE=utf8mb4_unicode_ci;

/*Data for the table `blog_post_blog_tag` */

/*Table structure for table `blog_post_translations` */

DROP TABLE IF EXISTS `blog_post_translations`;

CREATE TABLE `blog_post_translations` (
  `id` int(10) unsigned NOT NULL AUTO_INCREMENT,
  `blog_post_id` bigint(20) unsigned NOT NULL,
  `locale` varchar(191) NOT NULL,
  `title` varchar(191) NOT NULL,
  `description` longtext NOT NULL,
  PRIMARY KEY (`id`),
  UNIQUE KEY `blog_post_translations_blog_post_id_locale_unique` (`blog_post_id`,`locale`),
  FULLTEXT KEY `title` (`title`),
  CONSTRAINT `blog_post_translations_blog_post_id_foreign` FOREIGN KEY (`blog_post_id`) REFERENCES `blog_posts` (`id`) ON DELETE CASCADE
) ENGINE=InnoDB AUTO_INCREMENT=7 DEFAULT CHARSET=utf8mb4 COLLATE=utf8mb4_unicode_ci;

/*Data for the table `blog_post_translations` */

/*Table structure for table `blog_posts` */

DROP TABLE IF EXISTS `blog_posts`;

CREATE TABLE `blog_posts` (
  `id` bigint(20) unsigned NOT NULL AUTO_INCREMENT,
  `user_id` int(10) unsigned NOT NULL,
  `blog_category_id` bigint(20) unsigned DEFAULT NULL,
  `slug` varchar(191) NOT NULL,
  `publish_status` varchar(191) NOT NULL,
  `created_at` timestamp NULL DEFAULT NULL,
  `updated_at` timestamp NULL DEFAULT NULL,
  PRIMARY KEY (`id`),
  UNIQUE KEY `blog_posts_slug_unique` (`slug`),
  KEY `blog_posts_user_id_foreign` (`user_id`),
  KEY `blog_posts_blog_category_id_foreign` (`blog_category_id`),
  CONSTRAINT `blog_posts_blog_category_id_foreign` FOREIGN KEY (`blog_category_id`) REFERENCES `blog_categories` (`id`) ON DELETE CASCADE,
  CONSTRAINT `blog_posts_user_id_foreign` FOREIGN KEY (`user_id`) REFERENCES `users` (`id`) ON DELETE CASCADE
) ENGINE=InnoDB AUTO_INCREMENT=7 DEFAULT CHARSET=utf8mb4 COLLATE=utf8mb4_unicode_ci;

/*Data for the table `blog_posts` */

/*Table structure for table `blog_tag_translations` */

DROP TABLE IF EXISTS `blog_tag_translations`;

CREATE TABLE `blog_tag_translations` (
  `id` int(10) unsigned NOT NULL AUTO_INCREMENT,
  `blog_tag_id` bigint(20) unsigned NOT NULL,
  `locale` varchar(191) NOT NULL,
  `name` varchar(191) NOT NULL,
  PRIMARY KEY (`id`),
  UNIQUE KEY `blog_tag_translations_blog_tag_id_locale_unique` (`blog_tag_id`,`locale`),
  CONSTRAINT `blog_tag_translations_blog_tag_id_foreign` FOREIGN KEY (`blog_tag_id`) REFERENCES `blog_tags` (`id`) ON DELETE CASCADE
) ENGINE=InnoDB AUTO_INCREMENT=16 DEFAULT CHARSET=utf8mb4 COLLATE=utf8mb4_unicode_ci;

/*Data for the table `blog_tag_translations` */

insert  into `blog_tag_translations`(`id`,`blog_tag_id`,`locale`,`name`) values 
(1,1,'es','noticias de comercio electrónico'),
(2,2,'es','Perspectivas de la industria'),
(3,3,'es','tendencias del mercado'),
(4,4,'es','comercio digital'),
(5,5,'es','actualizaciones tecnicas'),
(6,6,'es','análisis de ventas minoristas'),
(7,7,'es','estrategia empresarial'),
(8,8,'es','Perspectivas económicas'),
(9,9,'es','Comportamiento del consumidor'),
(10,10,'es','Comercio global'),
(11,11,'es','Compras inteligentes'),
(12,12,'es','Consejos para ahorrar'),
(13,13,'es','Compras económicas'),
(14,14,'es','Caza de descuentos'),
(15,15,'es','Ofertas en línea');

/*Table structure for table `blog_tags` */

DROP TABLE IF EXISTS `blog_tags`;

CREATE TABLE `blog_tags` (
  `id` bigint(20) unsigned NOT NULL AUTO_INCREMENT,
  `slug` varchar(191) NOT NULL,
  `created_at` timestamp NULL DEFAULT NULL,
  `updated_at` timestamp NULL DEFAULT NULL,
  PRIMARY KEY (`id`),
  UNIQUE KEY `blog_tags_slug_unique` (`slug`)
) ENGINE=InnoDB AUTO_INCREMENT=16 DEFAULT CHARSET=utf8mb4 COLLATE=utf8mb4_unicode_ci;

/*Data for the table `blog_tags` */

insert  into `blog_tags`(`id`,`slug`,`created_at`,`updated_at`) values 
(1,'noticias-de-comercio-electronico','2024-12-13 15:50:28','2024-12-13 15:50:28'),
(2,'perspectivas-de-la-industria','2024-12-13 15:50:44','2024-12-13 15:50:44'),
(3,'tendencias-del-mercado','2024-12-13 15:50:57','2024-12-13 15:50:57'),
(4,'comercio-digital','2024-12-13 15:51:08','2024-12-13 15:51:08'),
(5,'actualizaciones-tecnicas','2024-12-13 15:51:19','2024-12-13 15:51:19'),
(6,'analisis-de-ventas-minoristas','2024-12-13 15:52:37','2024-12-13 15:52:37'),
(7,'estrategia-empresarial','2024-12-13 15:53:03','2024-12-13 15:53:03'),
(8,'perspectivas-economicas','2024-12-13 15:53:29','2024-12-13 15:53:29'),
(9,'comportamiento-del-consumidor','2024-12-13 15:53:43','2024-12-13 15:53:43'),
(10,'comercio-global','2024-12-13 15:53:52','2024-12-13 15:53:52'),
(11,'compras-inteligentes','2024-12-13 15:54:02','2024-12-13 15:55:00'),
(12,'Consejos-para-ahorrar','2024-12-13 15:54:12','2024-12-13 15:55:10'),
(13,'compras-economicas','2024-12-13 15:55:23','2024-12-13 15:55:23'),
(14,'caza-de-descuentos','2024-12-13 15:55:37','2024-12-13 15:55:37'),
(15,'ofertas-en-linea','2024-12-13 15:55:47','2024-12-18 17:30:26');

/*Table structure for table `brand_translations` */

DROP TABLE IF EXISTS `brand_translations`;

CREATE TABLE `brand_translations` (
  `id` int(10) unsigned NOT NULL AUTO_INCREMENT,
  `brand_id` int(11) NOT NULL,
  `locale` varchar(191) NOT NULL,
  `name` varchar(191) NOT NULL,
  PRIMARY KEY (`id`),
  UNIQUE KEY `brand_translations_brand_id_locale_unique` (`brand_id`,`locale`)
) ENGINE=InnoDB AUTO_INCREMENT=16 DEFAULT CHARSET=utf8mb4 COLLATE=utf8mb4_unicode_ci;

/*Data for the table `brand_translations` */

insert  into `brand_translations`(`id`,`brand_id`,`locale`,`name`) values 
(1,1,'es','Apple'),
(2,2,'es','Samsung'),
(3,3,'es','Huawei'),
(4,4,'es','HP'),
(5,5,'es','DELL'),
(6,6,'es','SONY'),
(7,7,'es','ACER'),
(8,8,'es','ASUS'),
(9,9,'es','Microsoft'),
(10,10,'es','NIKE'),
(11,11,'es','ADIDAS'),
(12,12,'es','MSI'),
(13,13,'es','REEBOK'),
(14,14,'es','NOKIA'),
(15,15,'es','LG');

/*Table structure for table `brands` */

DROP TABLE IF EXISTS `brands`;

CREATE TABLE `brands` (
  `id` int(10) unsigned NOT NULL AUTO_INCREMENT,
  `slug` varchar(191) NOT NULL,
  `is_active` tinyint(1) NOT NULL,
  `created_at` timestamp NULL DEFAULT NULL,
  `updated_at` timestamp NULL DEFAULT NULL,
  PRIMARY KEY (`id`),
  UNIQUE KEY `brands_slug_unique` (`slug`)
) ENGINE=InnoDB AUTO_INCREMENT=16 DEFAULT CHARSET=utf8mb4 COLLATE=utf8mb4_unicode_ci;

/*Data for the table `brands` */

insert  into `brands`(`id`,`slug`,`is_active`,`created_at`,`updated_at`) values 
(1,'apple',1,'2024-12-13 09:32:50','2024-12-13 09:33:53'),
(2,'samsung',1,'2024-12-13 09:35:39','2024-12-13 09:36:18'),
(3,'huawei',1,'2024-12-13 09:37:32','2024-12-13 10:52:22'),
(4,'hp',1,'2024-12-13 10:53:36','2024-12-13 10:53:44'),
(5,'dell',1,'2024-12-13 10:54:53','2024-12-13 10:54:53'),
(6,'sony',1,'2024-12-13 10:58:51','2024-12-13 10:58:51'),
(7,'acer',1,'2024-12-13 10:59:27','2024-12-13 10:59:27'),
(8,'asus',1,'2024-12-13 11:00:25','2024-12-13 11:00:25'),
(9,'microsoft',1,'2024-12-13 11:00:49','2024-12-13 11:01:47'),
(10,'nike',1,'2024-12-13 11:02:37','2024-12-13 11:02:37'),
(11,'adidas',1,'2024-12-13 11:03:09','2024-12-13 11:03:09'),
(12,'msi',1,'2024-12-13 11:05:39','2024-12-13 11:05:39'),
(13,'reebok',1,'2024-12-13 11:07:54','2024-12-13 11:07:54'),
(14,'nokia',1,'2024-12-13 11:08:21','2024-12-13 11:08:21'),
(15,'lg',1,'2024-12-18 17:50:55','2024-12-18 17:50:55');

/*Table structure for table `carts` */

DROP TABLE IF EXISTS `carts`;

CREATE TABLE `carts` (
  `id` varchar(191) NOT NULL,
  `data` longtext NOT NULL,
  `created_at` timestamp NULL DEFAULT NULL,
  `updated_at` timestamp NULL DEFAULT NULL,
  PRIMARY KEY (`id`),
  KEY `carts_id_index` (`id`)
) ENGINE=InnoDB DEFAULT CHARSET=utf8mb4 COLLATE=utf8mb4_unicode_ci;

/*Data for the table `carts` */

insert  into `carts`(`id`,`data`,`created_at`,`updated_at`) values 
('1xBvwYh9HlZoUIUE7sYVZQ9nY9CJjI3c5vJsd4KG_cart_conditions','a:0:{}','2025-05-06 03:26:54','2025-05-06 03:26:54'),
('1xBvwYh9HlZoUIUE7sYVZQ9nY9CJjI3c5vJsd4KG_cart_items','O:32:\"Darryldecode\\Cart\\CartCollection\":2:{s:8:\"\0*\0items\";a:3:{s:32:\"d10ffa29fa2e0155c3d81a3a84edaff3\";O:32:\"Darryldecode\\Cart\\ItemCollection\":3:{s:8:\"\0*\0items\";a:6:{s:2:\"id\";s:32:\"d10ffa29fa2e0155c3d81a3a84edaff3\";s:4:\"name\";s:78:\"Reloj inteligente Samsung Galaxy Watch (46 mm, GPS, Bluetooth) – Plata/Negro\";s:5:\"price\";d:146.3;s:8:\"quantity\";i:1;s:10:\"attributes\";O:41:\"Darryldecode\\Cart\\ItemAttributeCollection\":2:{s:8:\"\0*\0items\";a:6:{s:7:\"product\";O:32:\"Modules\\Product\\Entities\\Product\":35:{s:13:\"\0*\0connection\";s:5:\"mysql\";s:8:\"\0*\0table\";s:8:\"products\";s:13:\"\0*\0primaryKey\";s:2:\"id\";s:10:\"\0*\0keyType\";s:3:\"int\";s:12:\"incrementing\";b:1;s:7:\"\0*\0with\";a:1:{i:0;s:12:\"translations\";}s:12:\"\0*\0withCount\";a:0:{}s:19:\"preventsLazyLoading\";b:0;s:10:\"\0*\0perPage\";i:15;s:6:\"exists\";b:1;s:18:\"wasRecentlyCreated\";b:0;s:28:\"\0*\0escapeWhenCastingToString\";b:0;s:13:\"\0*\0attributes\";a:22:{s:2:\"id\";i:32;s:8:\"brand_id\";N;s:12:\"tax_class_id\";N;s:4:\"slug\";s:69:\"reloj-inteligente-samsung-galaxy-watch-46-mm-gps-bluetooth-platanegro\";s:5:\"price\";s:8:\"209.0000\";s:13:\"special_price\";s:7:\"30.0000\";s:18:\"special_price_type\";s:7:\"percent\";s:19:\"special_price_start\";N;s:17:\"special_price_end\";s:10:\"2024-12-30\";s:13:\"selling_price\";s:8:\"146.3000\";s:3:\"sku\";s:8:\"HT081PK7\";s:12:\"manage_stock\";i:0;s:3:\"qty\";N;s:8:\"in_stock\";i:1;s:6:\"viewed\";i:9;s:9:\"is_active\";i:1;s:8:\"new_from\";N;s:6:\"new_to\";N;s:10:\"deleted_at\";N;s:10:\"created_at\";s:19:\"2024-12-19 11:18:47\";s:10:\"updated_at\";s:19:\"2024-12-19 11:23:34\";s:10:\"is_virtual\";i:0;}s:11:\"\0*\0original\";a:22:{s:2:\"id\";i:32;s:8:\"brand_id\";N;s:12:\"tax_class_id\";N;s:4:\"slug\";s:69:\"reloj-inteligente-samsung-galaxy-watch-46-mm-gps-bluetooth-platanegro\";s:5:\"price\";s:8:\"209.0000\";s:13:\"special_price\";s:7:\"30.0000\";s:18:\"special_price_type\";s:7:\"percent\";s:19:\"special_price_start\";N;s:17:\"special_price_end\";s:10:\"2024-12-30\";s:13:\"selling_price\";s:8:\"146.3000\";s:3:\"sku\";s:8:\"HT081PK7\";s:12:\"manage_stock\";i:0;s:3:\"qty\";N;s:8:\"in_stock\";i:1;s:6:\"viewed\";i:9;s:9:\"is_active\";i:1;s:8:\"new_from\";N;s:6:\"new_to\";N;s:10:\"deleted_at\";N;s:10:\"created_at\";s:19:\"2024-12-19 11:18:47\";s:10:\"updated_at\";s:19:\"2024-12-19 11:23:34\";s:10:\"is_virtual\";i:0;}s:10:\"\0*\0changes\";a:0:{}s:8:\"\0*\0casts\";a:9:{s:10:\"is_virtual\";s:7:\"boolean\";s:9:\"is_active\";s:7:\"boolean\";s:19:\"special_price_start\";s:8:\"datetime\";s:17:\"special_price_end\";s:8:\"datetime\";s:8:\"new_from\";s:8:\"datetime\";s:6:\"new_to\";s:8:\"datetime\";s:10:\"start_date\";s:8:\"datetime\";s:8:\"end_date\";s:8:\"datetime\";s:10:\"deleted_at\";s:8:\"datetime\";}s:17:\"\0*\0classCastCache\";a:0:{}s:21:\"\0*\0attributeCastCache\";a:0:{}s:13:\"\0*\0dateFormat\";N;s:10:\"\0*\0appends\";a:13:{i:0;s:10:\"base_image\";i:1;s:17:\"additional_images\";i:2;s:5:\"media\";i:3;s:15:\"formatted_price\";i:4;s:21:\"formatted_price_range\";i:5;s:28:\"has_percentage_special_price\";i:6;s:21:\"special_price_percent\";i:7;s:14:\"rating_percent\";i:8;s:17:\"does_manage_stock\";i:9;s:11:\"is_in_stock\";i:10;s:15:\"is_out_of_stock\";i:11;s:6:\"is_new\";i:12;s:7:\"variant\";}s:19:\"\0*\0dispatchesEvents\";a:0:{}s:14:\"\0*\0observables\";a:0:{}s:12:\"\0*\0relations\";a:4:{s:12:\"translations\";O:39:\"Illuminate\\Database\\Eloquent\\Collection\":2:{s:8:\"\0*\0items\";a:1:{i:0;O:43:\"Modules\\Product\\Entities\\ProductTranslation\":30:{s:13:\"\0*\0connection\";s:5:\"mysql\";s:8:\"\0*\0table\";s:20:\"product_translations\";s:13:\"\0*\0primaryKey\";s:2:\"id\";s:10:\"\0*\0keyType\";s:3:\"int\";s:12:\"incrementing\";b:1;s:7:\"\0*\0with\";a:0:{}s:12:\"\0*\0withCount\";a:0:{}s:19:\"preventsLazyLoading\";b:0;s:10:\"\0*\0perPage\";i:15;s:6:\"exists\";b:1;s:18:\"wasRecentlyCreated\";b:0;s:28:\"\0*\0escapeWhenCastingToString\";b:0;s:13:\"\0*\0attributes\";a:6:{s:2:\"id\";i:32;s:10:\"product_id\";i:32;s:6:\"locale\";s:2:\"es\";s:4:\"name\";s:78:\"Reloj inteligente Samsung Galaxy Watch (46 mm, GPS, Bluetooth) – Plata/Negro\";s:11:\"description\";s:6889:\"<p><span class=\"a-list-item\"><img src=\"/storage/media/2plK6n6zym2uqHFDx8YbmFWPZu0qVE3xMQJ4mIQk.jpeg\" alt=\"\" width=\"1464\" loading=\"lazy\" /></span></p>\n<p><img src=\"/storage/media/ehwArCEZuUvIOVbEudcdQD1lx3FHCSepjDJbFuUL.jpg\" loading=\"lazy\" /></p>\n<p><span class=\"a-list-item\"><span style=\"vertical-align: inherit;\"><span style=\"vertical-align: inherit;\">Vive una vida m&aacute;s fuerte e inteligente con Galaxy Watch en tu mu&ntilde;eca. Descansa bien y mantente activo con el seguimiento de salud integrado y una conexi&oacute;n Bluetooth que te permite tener todo en tu mu&ntilde;eca. Adem&aacute;s, puedes pasar d&iacute;as sin cargarlo.</span></span></span></p>\n<p><span class=\"a-list-item\"><span style=\"vertical-align: inherit;\"><span style=\"vertical-align: inherit;\">Con una sola carga, puedes trabajar sin parar durante d&iacute;as. El cargador inal&aacute;mbrico te permite cargar tu dispositivo sin disminuir la velocidad. (Rendimiento promedio esperado basado en un uso t&iacute;pico. Los resultados pueden variar).</span></span></span></p>\n<p>&nbsp;</p>\n<p><span class=\"a-list-item\"><img src=\"/storage/media/JnZ8j5G4nmUKY9IkPfpchVOMl10uh7r85XGJGgF9.jpeg\" alt=\"\" width=\"800\" loading=\"lazy\" /></span></p>\n<p><img src=\"/storage/media/9dJcyRl7XYV0AQEybWNt3ahFbKS2cHX7RF3xDLQ4.jpg\" loading=\"lazy\" /></p>\n<p>&nbsp;</p>\n<p><span class=\"a-list-item\"><img src=\"/storage/media/tcLDmXwKVZ1R2OwNuB8kzxwadpNMetpVscCUoRJI.jpeg\" alt=\"\" width=\"800\" loading=\"lazy\" /></span></p>\n<p><span class=\"a-list-item\"><span style=\"vertical-align: inherit;\"><span style=\"vertical-align: inherit;\">Disponible en dos tama&ntilde;os y tres colores, el Galaxy Watch ofrece esferas elegantes tan realistas que apenas parecen digitales. Adem&aacute;s, puedes elegir entre una colecci&oacute;n de correas intercambiables.</span></span></span></p>\n<p><span class=\"a-list-item\"><span style=\"vertical-align: inherit;\"><span style=\"vertical-align: inherit;\">Se empareja con tel&eacute;fonos inteligentes Android e iOS a trav&eacute;s de conexi&oacute;n Bluetooth.</span></span></span></p>\n<p><span class=\"a-list-item\"><span style=\"vertical-align: inherit;\"><span style=\"vertical-align: inherit;\">Incluido en la caja: Galaxy Watch, correa adicional (grande y peque&ntilde;a incluidas), base de carga inal&aacute;mbrica, adaptador de viaje, gu&iacute;a de inicio r&aacute;pido, manual del usuario (garant&iacute;a: 1 a&ntilde;o para piezas y mano de obra est&aacute;ndar)</span></span></span></p>\n<p>&nbsp;</p>\n<p><span class=\"a-list-item\"><img src=\"/storage/media/LfZPd1dTdXVYYx2CV3NUBtpqm8N4hwA13sB73DHh.jpeg\" alt=\"\" width=\"800\" loading=\"lazy\" /></span></p>\n<p>&nbsp;</p>\n<p><img src=\"/storage/media/bSZMaLnHfVNRA17Nc33fBIubqdqO6b0t0FTTDi8V.jpg\" loading=\"lazy\" /></p>\n<p><span class=\"a-list-item\"><img src=\"/storage/media/oEzsjhMS9QqOOO789QhXKo148azC9Ipsb0gmaKpI.jpeg\" alt=\"\" width=\"800\" loading=\"lazy\" /></span></p>\n<p>&nbsp;</p>\n<p>&nbsp;</p>\n<p>&nbsp;</p>\n<p>&nbsp;</p>\n<p><strong><span class=\"a-list-item\"><span style=\"vertical-align: inherit;\"><span style=\"vertical-align: inherit;\">Detalles del producto:</span></span></span></strong></p>\n<p>&nbsp;</p>\n<table id=\"productDetails_detailBullets_sections1\" class=\"a-keyvalue prodDetTable\" style=\"height: 140px;\" role=\"presentation\">\n<tbody>\n<tr style=\"height: 20px;\">\n<th class=\"a-color-secondary a-size-base prodDetSectionEntry\" style=\"text-align: left; height: 20px; width: 157.227px;\"><span style=\"vertical-align: inherit;\"><span style=\"vertical-align: inherit;\">Dimensiones del producto</span></span></th>\n<td class=\"a-size-base\" style=\"height: 20px; width: 328.477px; text-align: right;\"><span style=\"vertical-align: inherit;\"><span style=\"vertical-align: inherit;\">0,5 x 1,8 x 1,9 pulgadas</span></span></td>\n</tr>\n<tr style=\"height: 20px;\">\n<th class=\"a-color-secondary a-size-base prodDetSectionEntry\" style=\"text-align: left; height: 20px; width: 157.227px;\"><span style=\"vertical-align: inherit;\"><span style=\"vertical-align: inherit;\">Peso del art&iacute;culo</span></span></th>\n<td class=\"a-size-base\" style=\"height: 20px; width: 328.477px; text-align: right;\"><span style=\"vertical-align: inherit;\"><span style=\"vertical-align: inherit;\">2,88 onzas</span></span></td>\n</tr>\n<tr style=\"height: 20px;\">\n<th class=\"a-color-secondary a-size-base prodDetSectionEntry\" style=\"text-align: left; height: 20px; width: 157.227px;\"><span style=\"vertical-align: inherit;\"><span style=\"vertical-align: inherit;\">Peso del env&iacute;o</span></span></th>\n<td class=\"a-size-base\" style=\"height: 20px; width: 328.477px; text-align: right;\"><span style=\"vertical-align: inherit;\"><span style=\"vertical-align: inherit;\">13,6 onzas</span></span></td>\n</tr>\n<tr style=\"height: 20px;\">\n<th class=\"a-color-secondary a-size-base prodDetSectionEntry\" style=\"text-align: left; height: 20px; width: 157.227px;\"><span style=\"vertical-align: inherit;\"><span style=\"vertical-align: inherit;\">ASIN</span></span></th>\n<td class=\"a-size-base\" style=\"height: 20px; width: 328.477px; text-align: right;\"><span style=\"vertical-align: inherit;\"><span style=\"vertical-align: inherit;\">B07FTKJCMT</span></span></td>\n</tr>\n<tr style=\"height: 20px;\">\n<th class=\"a-color-secondary a-size-base prodDetSectionEntry\" style=\"text-align: left; height: 20px; width: 157.227px;\"><span style=\"vertical-align: inherit;\"><span style=\"vertical-align: inherit;\">Residentes de California</span></span></th>\n<td class=\"a-size-base\" style=\"height: 20px; width: 328.477px; text-align: right;\"><a href=\"https://www.amazon.com/gp/help/customer/display.html/ref=dp_prop65_warn?ie=UTF8&amp;nodeId=3234041\"><span style=\"vertical-align: inherit;\"><span style=\"vertical-align: inherit;\">Haga clic aqu&iacute;</span></span></a><span style=\"vertical-align: inherit;\"><span style=\"vertical-align: inherit;\"> &nbsp;para ver la advertencia sobre la Proposici&oacute;n 65</span></span></td>\n</tr>\n<tr style=\"height: 20px;\">\n<th class=\"a-color-secondary a-size-base prodDetSectionEntry\" style=\"text-align: left; height: 20px; width: 157.227px;\"><span style=\"vertical-align: inherit;\"><span style=\"vertical-align: inherit;\">N&uacute;mero de modelo del art&iacute;culo</span></span></th>\n<td class=\"a-size-base\" style=\"height: 20px; width: 328.477px; text-align: right;\"><span style=\"vertical-align: inherit;\"><span style=\"vertical-align: inherit;\">SM-R800NZSAXAR</span></span></td>\n</tr>\n<tr style=\"height: 20px;\">\n<th class=\"a-color-secondary a-size-base prodDetSectionEntry\" style=\"text-align: left; height: 20px; width: 157.227px;\"><span style=\"vertical-align: inherit;\"><span style=\"vertical-align: inherit;\">Bater&iacute;as</span></span></th>\n<td class=\"a-size-base\" style=\"height: 20px; width: 328.477px; text-align: right;\"><span style=\"vertical-align: inherit;\"><span style=\"vertical-align: inherit;\">Se requieren 1 bater&iacute;a de metal de litio (incluida).</span></span></td>\n</tr>\n</tbody>\n</table>\n<p>&nbsp;</p>\";s:17:\"short_description\";s:254:\"Vive una vida más fuerte e inteligente con Galaxy Watch en tu muñeca. Descansa bien, mantente activo y mantén a raya el estrés con el seguimiento de salud integrado. Pasa días sin cargar tu reloj. La conexión Bluetooth te permite tener todo a mano.\";}s:11:\"\0*\0original\";a:6:{s:2:\"id\";i:32;s:10:\"product_id\";i:32;s:6:\"locale\";s:2:\"es\";s:4:\"name\";s:78:\"Reloj inteligente Samsung Galaxy Watch (46 mm, GPS, Bluetooth) – Plata/Negro\";s:11:\"description\";s:6889:\"<p><span class=\"a-list-item\"><img src=\"/storage/media/2plK6n6zym2uqHFDx8YbmFWPZu0qVE3xMQJ4mIQk.jpeg\" alt=\"\" width=\"1464\" loading=\"lazy\" /></span></p>\n<p><img src=\"/storage/media/ehwArCEZuUvIOVbEudcdQD1lx3FHCSepjDJbFuUL.jpg\" loading=\"lazy\" /></p>\n<p><span class=\"a-list-item\"><span style=\"vertical-align: inherit;\"><span style=\"vertical-align: inherit;\">Vive una vida m&aacute;s fuerte e inteligente con Galaxy Watch en tu mu&ntilde;eca. Descansa bien y mantente activo con el seguimiento de salud integrado y una conexi&oacute;n Bluetooth que te permite tener todo en tu mu&ntilde;eca. Adem&aacute;s, puedes pasar d&iacute;as sin cargarlo.</span></span></span></p>\n<p><span class=\"a-list-item\"><span style=\"vertical-align: inherit;\"><span style=\"vertical-align: inherit;\">Con una sola carga, puedes trabajar sin parar durante d&iacute;as. El cargador inal&aacute;mbrico te permite cargar tu dispositivo sin disminuir la velocidad. (Rendimiento promedio esperado basado en un uso t&iacute;pico. Los resultados pueden variar).</span></span></span></p>\n<p>&nbsp;</p>\n<p><span class=\"a-list-item\"><img src=\"/storage/media/JnZ8j5G4nmUKY9IkPfpchVOMl10uh7r85XGJGgF9.jpeg\" alt=\"\" width=\"800\" loading=\"lazy\" /></span></p>\n<p><img src=\"/storage/media/9dJcyRl7XYV0AQEybWNt3ahFbKS2cHX7RF3xDLQ4.jpg\" loading=\"lazy\" /></p>\n<p>&nbsp;</p>\n<p><span class=\"a-list-item\"><img src=\"/storage/media/tcLDmXwKVZ1R2OwNuB8kzxwadpNMetpVscCUoRJI.jpeg\" alt=\"\" width=\"800\" loading=\"lazy\" /></span></p>\n<p><span class=\"a-list-item\"><span style=\"vertical-align: inherit;\"><span style=\"vertical-align: inherit;\">Disponible en dos tama&ntilde;os y tres colores, el Galaxy Watch ofrece esferas elegantes tan realistas que apenas parecen digitales. Adem&aacute;s, puedes elegir entre una colecci&oacute;n de correas intercambiables.</span></span></span></p>\n<p><span class=\"a-list-item\"><span style=\"vertical-align: inherit;\"><span style=\"vertical-align: inherit;\">Se empareja con tel&eacute;fonos inteligentes Android e iOS a trav&eacute;s de conexi&oacute;n Bluetooth.</span></span></span></p>\n<p><span class=\"a-list-item\"><span style=\"vertical-align: inherit;\"><span style=\"vertical-align: inherit;\">Incluido en la caja: Galaxy Watch, correa adicional (grande y peque&ntilde;a incluidas), base de carga inal&aacute;mbrica, adaptador de viaje, gu&iacute;a de inicio r&aacute;pido, manual del usuario (garant&iacute;a: 1 a&ntilde;o para piezas y mano de obra est&aacute;ndar)</span></span></span></p>\n<p>&nbsp;</p>\n<p><span class=\"a-list-item\"><img src=\"/storage/media/LfZPd1dTdXVYYx2CV3NUBtpqm8N4hwA13sB73DHh.jpeg\" alt=\"\" width=\"800\" loading=\"lazy\" /></span></p>\n<p>&nbsp;</p>\n<p><img src=\"/storage/media/bSZMaLnHfVNRA17Nc33fBIubqdqO6b0t0FTTDi8V.jpg\" loading=\"lazy\" /></p>\n<p><span class=\"a-list-item\"><img src=\"/storage/media/oEzsjhMS9QqOOO789QhXKo148azC9Ipsb0gmaKpI.jpeg\" alt=\"\" width=\"800\" loading=\"lazy\" /></span></p>\n<p>&nbsp;</p>\n<p>&nbsp;</p>\n<p>&nbsp;</p>\n<p>&nbsp;</p>\n<p><strong><span class=\"a-list-item\"><span style=\"vertical-align: inherit;\"><span style=\"vertical-align: inherit;\">Detalles del producto:</span></span></span></strong></p>\n<p>&nbsp;</p>\n<table id=\"productDetails_detailBullets_sections1\" class=\"a-keyvalue prodDetTable\" style=\"height: 140px;\" role=\"presentation\">\n<tbody>\n<tr style=\"height: 20px;\">\n<th class=\"a-color-secondary a-size-base prodDetSectionEntry\" style=\"text-align: left; height: 20px; width: 157.227px;\"><span style=\"vertical-align: inherit;\"><span style=\"vertical-align: inherit;\">Dimensiones del producto</span></span></th>\n<td class=\"a-size-base\" style=\"height: 20px; width: 328.477px; text-align: right;\"><span style=\"vertical-align: inherit;\"><span style=\"vertical-align: inherit;\">0,5 x 1,8 x 1,9 pulgadas</span></span></td>\n</tr>\n<tr style=\"height: 20px;\">\n<th class=\"a-color-secondary a-size-base prodDetSectionEntry\" style=\"text-align: left; height: 20px; width: 157.227px;\"><span style=\"vertical-align: inherit;\"><span style=\"vertical-align: inherit;\">Peso del art&iacute;culo</span></span></th>\n<td class=\"a-size-base\" style=\"height: 20px; width: 328.477px; text-align: right;\"><span style=\"vertical-align: inherit;\"><span style=\"vertical-align: inherit;\">2,88 onzas</span></span></td>\n</tr>\n<tr style=\"height: 20px;\">\n<th class=\"a-color-secondary a-size-base prodDetSectionEntry\" style=\"text-align: left; height: 20px; width: 157.227px;\"><span style=\"vertical-align: inherit;\"><span style=\"vertical-align: inherit;\">Peso del env&iacute;o</span></span></th>\n<td class=\"a-size-base\" style=\"height: 20px; width: 328.477px; text-align: right;\"><span style=\"vertical-align: inherit;\"><span style=\"vertical-align: inherit;\">13,6 onzas</span></span></td>\n</tr>\n<tr style=\"height: 20px;\">\n<th class=\"a-color-secondary a-size-base prodDetSectionEntry\" style=\"text-align: left; height: 20px; width: 157.227px;\"><span style=\"vertical-align: inherit;\"><span style=\"vertical-align: inherit;\">ASIN</span></span></th>\n<td class=\"a-size-base\" style=\"height: 20px; width: 328.477px; text-align: right;\"><span style=\"vertical-align: inherit;\"><span style=\"vertical-align: inherit;\">B07FTKJCMT</span></span></td>\n</tr>\n<tr style=\"height: 20px;\">\n<th class=\"a-color-secondary a-size-base prodDetSectionEntry\" style=\"text-align: left; height: 20px; width: 157.227px;\"><span style=\"vertical-align: inherit;\"><span style=\"vertical-align: inherit;\">Residentes de California</span></span></th>\n<td class=\"a-size-base\" style=\"height: 20px; width: 328.477px; text-align: right;\"><a href=\"https://www.amazon.com/gp/help/customer/display.html/ref=dp_prop65_warn?ie=UTF8&amp;nodeId=3234041\"><span style=\"vertical-align: inherit;\"><span style=\"vertical-align: inherit;\">Haga clic aqu&iacute;</span></span></a><span style=\"vertical-align: inherit;\"><span style=\"vertical-align: inherit;\"> &nbsp;para ver la advertencia sobre la Proposici&oacute;n 65</span></span></td>\n</tr>\n<tr style=\"height: 20px;\">\n<th class=\"a-color-secondary a-size-base prodDetSectionEntry\" style=\"text-align: left; height: 20px; width: 157.227px;\"><span style=\"vertical-align: inherit;\"><span style=\"vertical-align: inherit;\">N&uacute;mero de modelo del art&iacute;culo</span></span></th>\n<td class=\"a-size-base\" style=\"height: 20px; width: 328.477px; text-align: right;\"><span style=\"vertical-align: inherit;\"><span style=\"vertical-align: inherit;\">SM-R800NZSAXAR</span></span></td>\n</tr>\n<tr style=\"height: 20px;\">\n<th class=\"a-color-secondary a-size-base prodDetSectionEntry\" style=\"text-align: left; height: 20px; width: 157.227px;\"><span style=\"vertical-align: inherit;\"><span style=\"vertical-align: inherit;\">Bater&iacute;as</span></span></th>\n<td class=\"a-size-base\" style=\"height: 20px; width: 328.477px; text-align: right;\"><span style=\"vertical-align: inherit;\"><span style=\"vertical-align: inherit;\">Se requieren 1 bater&iacute;a de metal de litio (incluida).</span></span></td>\n</tr>\n</tbody>\n</table>\n<p>&nbsp;</p>\";s:17:\"short_description\";s:254:\"Vive una vida más fuerte e inteligente con Galaxy Watch en tu muñeca. Descansa bien, mantente activo y mantén a raya el estrés con el seguimiento de salud integrado. Pasa días sin cargar tu reloj. La conexión Bluetooth te permite tener todo a mano.\";}s:10:\"\0*\0changes\";a:0:{}s:8:\"\0*\0casts\";a:0:{}s:17:\"\0*\0classCastCache\";a:0:{}s:21:\"\0*\0attributeCastCache\";a:0:{}s:13:\"\0*\0dateFormat\";N;s:10:\"\0*\0appends\";a:0:{}s:19:\"\0*\0dispatchesEvents\";a:0:{}s:14:\"\0*\0observables\";a:0:{}s:12:\"\0*\0relations\";a:0:{}s:10:\"\0*\0touches\";a:0:{}s:10:\"timestamps\";b:0;s:13:\"usesUniqueIds\";b:0;s:9:\"\0*\0hidden\";a:0:{}s:10:\"\0*\0visible\";a:0:{}s:11:\"\0*\0fillable\";a:3:{i:0;s:4:\"name\";i:1;s:11:\"description\";i:2;s:17:\"short_description\";}s:10:\"\0*\0guarded\";a:1:{i:0;s:1:\"*\";}}}s:28:\"\0*\0escapeWhenCastingToString\";b:0;}s:5:\"files\";O:39:\"Illuminate\\Database\\Eloquent\\Collection\":2:{s:8:\"\0*\0items\";a:5:{i:0;O:27:\"Modules\\Media\\Entities\\File\":30:{s:13:\"\0*\0connection\";s:5:\"mysql\";s:8:\"\0*\0table\";s:5:\"files\";s:13:\"\0*\0primaryKey\";s:2:\"id\";s:10:\"\0*\0keyType\";s:3:\"int\";s:12:\"incrementing\";b:1;s:7:\"\0*\0with\";a:0:{}s:12:\"\0*\0withCount\";a:0:{}s:19:\"preventsLazyLoading\";b:0;s:10:\"\0*\0perPage\";i:15;s:6:\"exists\";b:1;s:18:\"wasRecentlyCreated\";b:0;s:28:\"\0*\0escapeWhenCastingToString\";b:0;s:13:\"\0*\0attributes\";a:10:{s:2:\"id\";i:337;s:7:\"user_id\";i:1;s:8:\"filename\";s:45:\"sUXjp98NlWNrxS0QCzAehHiPknehoMJhYHFYEEkC.jpeg\";s:4:\"disk\";s:14:\"public_storage\";s:4:\"path\";s:50:\"media/ANQS7Tu9EXSW1vwkwDObFCGGNYYU5LW9LXQJXtHB.jpg\";s:9:\"extension\";s:3:\"jpg\";s:4:\"mime\";s:10:\"image/jpeg\";s:4:\"size\";s:5:\"39562\";s:10:\"created_at\";s:19:\"2024-12-19 11:18:03\";s:10:\"updated_at\";s:19:\"2024-12-19 11:18:03\";}s:11:\"\0*\0original\";a:17:{s:2:\"id\";i:337;s:7:\"user_id\";i:1;s:8:\"filename\";s:45:\"sUXjp98NlWNrxS0QCzAehHiPknehoMJhYHFYEEkC.jpeg\";s:4:\"disk\";s:14:\"public_storage\";s:4:\"path\";s:50:\"media/ANQS7Tu9EXSW1vwkwDObFCGGNYYU5LW9LXQJXtHB.jpg\";s:9:\"extension\";s:3:\"jpg\";s:4:\"mime\";s:10:\"image/jpeg\";s:4:\"size\";s:5:\"39562\";s:10:\"created_at\";s:19:\"2024-12-19 11:18:03\";s:10:\"updated_at\";s:19:\"2024-12-19 11:18:03\";s:15:\"pivot_entity_id\";i:32;s:13:\"pivot_file_id\";i:337;s:17:\"pivot_entity_type\";s:32:\"Modules\\Product\\Entities\\Product\";s:8:\"pivot_id\";i:816;s:10:\"pivot_zone\";s:10:\"base_image\";s:16:\"pivot_created_at\";s:19:\"2024-12-19 11:23:34\";s:16:\"pivot_updated_at\";s:19:\"2024-12-19 11:23:34\";}s:10:\"\0*\0changes\";a:0:{}s:8:\"\0*\0casts\";a:0:{}s:17:\"\0*\0classCastCache\";a:0:{}s:21:\"\0*\0attributeCastCache\";a:0:{}s:13:\"\0*\0dateFormat\";N;s:10:\"\0*\0appends\";a:0:{}s:19:\"\0*\0dispatchesEvents\";a:0:{}s:14:\"\0*\0observables\";a:0:{}s:12:\"\0*\0relations\";a:1:{s:5:\"pivot\";O:49:\"Illuminate\\Database\\Eloquent\\Relations\\MorphPivot\":35:{s:13:\"\0*\0connection\";N;s:8:\"\0*\0table\";s:12:\"entity_files\";s:13:\"\0*\0primaryKey\";s:2:\"id\";s:10:\"\0*\0keyType\";s:3:\"int\";s:12:\"incrementing\";b:0;s:7:\"\0*\0with\";a:0:{}s:12:\"\0*\0withCount\";a:0:{}s:19:\"preventsLazyLoading\";b:0;s:10:\"\0*\0perPage\";i:15;s:6:\"exists\";b:1;s:18:\"wasRecentlyCreated\";b:0;s:28:\"\0*\0escapeWhenCastingToString\";b:0;s:13:\"\0*\0attributes\";a:7:{s:11:\"entity_type\";s:32:\"Modules\\Product\\Entities\\Product\";s:9:\"entity_id\";i:32;s:7:\"file_id\";i:337;s:2:\"id\";i:816;s:4:\"zone\";s:10:\"base_image\";s:10:\"created_at\";s:19:\"2024-12-19 11:23:34\";s:10:\"updated_at\";s:19:\"2024-12-19 11:23:34\";}s:11:\"\0*\0original\";a:7:{s:11:\"entity_type\";s:32:\"Modules\\Product\\Entities\\Product\";s:9:\"entity_id\";i:32;s:7:\"file_id\";i:337;s:2:\"id\";i:816;s:4:\"zone\";s:10:\"base_image\";s:10:\"created_at\";s:19:\"2024-12-19 11:23:34\";s:10:\"updated_at\";s:19:\"2024-12-19 11:23:34\";}s:10:\"\0*\0changes\";a:0:{}s:8:\"\0*\0casts\";a:0:{}s:17:\"\0*\0classCastCache\";a:0:{}s:21:\"\0*\0attributeCastCache\";a:0:{}s:13:\"\0*\0dateFormat\";N;s:10:\"\0*\0appends\";a:0:{}s:19:\"\0*\0dispatchesEvents\";a:0:{}s:14:\"\0*\0observables\";a:0:{}s:12:\"\0*\0relations\";a:0:{}s:10:\"\0*\0touches\";a:0:{}s:10:\"timestamps\";b:1;s:13:\"usesUniqueIds\";b:0;s:9:\"\0*\0hidden\";a:0:{}s:10:\"\0*\0visible\";a:0:{}s:11:\"\0*\0fillable\";a:0:{}s:10:\"\0*\0guarded\";a:0:{}s:11:\"pivotParent\";O:32:\"Modules\\Product\\Entities\\Product\":35:{s:13:\"\0*\0connection\";N;s:8:\"\0*\0table\";s:8:\"products\";s:13:\"\0*\0primaryKey\";s:2:\"id\";s:10:\"\0*\0keyType\";s:3:\"int\";s:12:\"incrementing\";b:1;s:7:\"\0*\0with\";a:1:{i:0;s:12:\"translations\";}s:12:\"\0*\0withCount\";a:0:{}s:19:\"preventsLazyLoading\";b:0;s:10:\"\0*\0perPage\";i:15;s:6:\"exists\";b:0;s:18:\"wasRecentlyCreated\";b:0;s:28:\"\0*\0escapeWhenCastingToString\";b:0;s:13:\"\0*\0attributes\";a:0:{}s:11:\"\0*\0original\";a:0:{}s:10:\"\0*\0changes\";a:0:{}s:8:\"\0*\0casts\";a:9:{s:10:\"is_virtual\";s:7:\"boolean\";s:9:\"is_active\";s:7:\"boolean\";s:19:\"special_price_start\";s:8:\"datetime\";s:17:\"special_price_end\";s:8:\"datetime\";s:8:\"new_from\";s:8:\"datetime\";s:6:\"new_to\";s:8:\"datetime\";s:10:\"start_date\";s:8:\"datetime\";s:8:\"end_date\";s:8:\"datetime\";s:10:\"deleted_at\";s:8:\"datetime\";}s:17:\"\0*\0classCastCache\";a:0:{}s:21:\"\0*\0attributeCastCache\";a:0:{}s:13:\"\0*\0dateFormat\";N;s:10:\"\0*\0appends\";a:13:{i:0;s:10:\"base_image\";i:1;s:17:\"additional_images\";i:2;s:5:\"media\";i:3;s:15:\"formatted_price\";i:4;s:21:\"formatted_price_range\";i:5;s:28:\"has_percentage_special_price\";i:6;s:21:\"special_price_percent\";i:7;s:14:\"rating_percent\";i:8;s:17:\"does_manage_stock\";i:9;s:11:\"is_in_stock\";i:10;s:15:\"is_out_of_stock\";i:11;s:6:\"is_new\";i:12;s:7:\"variant\";}s:19:\"\0*\0dispatchesEvents\";a:0:{}s:14:\"\0*\0observables\";a:0:{}s:12:\"\0*\0relations\";a:0:{}s:10:\"\0*\0touches\";a:0:{}s:10:\"timestamps\";b:1;s:13:\"usesUniqueIds\";b:0;s:9:\"\0*\0hidden\";a:0:{}s:10:\"\0*\0visible\";a:0:{}s:11:\"\0*\0fillable\";a:17:{i:0;s:8:\"brand_id\";i:1;s:12:\"tax_class_id\";i:2;s:4:\"slug\";i:3;s:3:\"sku\";i:4;s:5:\"price\";i:5;s:13:\"special_price\";i:6;s:18:\"special_price_type\";i:7;s:19:\"special_price_start\";i:8;s:17:\"special_price_end\";i:9;s:13:\"selling_price\";i:10;s:12:\"manage_stock\";i:11;s:3:\"qty\";i:12;s:8:\"in_stock\";i:13;s:10:\"is_virtual\";i:14;s:9:\"is_active\";i:15;s:8:\"new_from\";i:16;s:6:\"new_to\";}s:10:\"\0*\0guarded\";a:1:{i:0;s:1:\"*\";}s:23:\"\0*\0translatedAttributes\";a:3:{i:0;s:4:\"name\";i:1;s:11:\"description\";i:2;s:17:\"short_description\";}s:16:\"\0*\0slugAttribute\";s:4:\"name\";s:16:\"\0*\0defaultLocale\";N;s:16:\"\0*\0scoutMetadata\";a:0:{}s:16:\"\0*\0forceDeleting\";b:0;}s:13:\"\0*\0foreignKey\";s:9:\"entity_id\";s:13:\"\0*\0relatedKey\";s:7:\"file_id\";s:12:\"\0*\0morphType\";s:11:\"entity_type\";s:13:\"\0*\0morphClass\";s:32:\"Modules\\Product\\Entities\\Product\";}}s:10:\"\0*\0touches\";a:0:{}s:10:\"timestamps\";b:1;s:13:\"usesUniqueIds\";b:0;s:9:\"\0*\0hidden\";a:0:{}s:10:\"\0*\0visible\";a:3:{i:0;s:2:\"id\";i:1;s:8:\"filename\";i:2;s:4:\"path\";}s:11:\"\0*\0fillable\";a:0:{}s:10:\"\0*\0guarded\";a:0:{}}i:1;O:27:\"Modules\\Media\\Entities\\File\":30:{s:13:\"\0*\0connection\";s:5:\"mysql\";s:8:\"\0*\0table\";s:5:\"files\";s:13:\"\0*\0primaryKey\";s:2:\"id\";s:10:\"\0*\0keyType\";s:3:\"int\";s:12:\"incrementing\";b:1;s:7:\"\0*\0with\";a:0:{}s:12:\"\0*\0withCount\";a:0:{}s:19:\"preventsLazyLoading\";b:0;s:10:\"\0*\0perPage\";i:15;s:6:\"exists\";b:1;s:18:\"wasRecentlyCreated\";b:0;s:28:\"\0*\0escapeWhenCastingToString\";b:0;s:13:\"\0*\0attributes\";a:10:{s:2:\"id\";i:336;s:7:\"user_id\";i:1;s:8:\"filename\";s:45:\"RQSZZecqxmwaglxjzTiXBxVTOdmpyi4lgvRur7zQ.jpeg\";s:4:\"disk\";s:14:\"public_storage\";s:4:\"path\";s:50:\"media/UxLVAfPzbDqNY2VpDsNoZS1evr76y35cQz67hXdp.jpg\";s:9:\"extension\";s:3:\"jpg\";s:4:\"mime\";s:10:\"image/jpeg\";s:4:\"size\";s:5:\"37879\";s:10:\"created_at\";s:19:\"2024-12-19 11:18:03\";s:10:\"updated_at\";s:19:\"2024-12-19 11:18:03\";}s:11:\"\0*\0original\";a:17:{s:2:\"id\";i:336;s:7:\"user_id\";i:1;s:8:\"filename\";s:45:\"RQSZZecqxmwaglxjzTiXBxVTOdmpyi4lgvRur7zQ.jpeg\";s:4:\"disk\";s:14:\"public_storage\";s:4:\"path\";s:50:\"media/UxLVAfPzbDqNY2VpDsNoZS1evr76y35cQz67hXdp.jpg\";s:9:\"extension\";s:3:\"jpg\";s:4:\"mime\";s:10:\"image/jpeg\";s:4:\"size\";s:5:\"37879\";s:10:\"created_at\";s:19:\"2024-12-19 11:18:03\";s:10:\"updated_at\";s:19:\"2024-12-19 11:18:03\";s:15:\"pivot_entity_id\";i:32;s:13:\"pivot_file_id\";i:336;s:17:\"pivot_entity_type\";s:32:\"Modules\\Product\\Entities\\Product\";s:8:\"pivot_id\";i:817;s:10:\"pivot_zone\";s:17:\"additional_images\";s:16:\"pivot_created_at\";s:19:\"2024-12-19 11:23:34\";s:16:\"pivot_updated_at\";s:19:\"2024-12-19 11:23:34\";}s:10:\"\0*\0changes\";a:0:{}s:8:\"\0*\0casts\";a:0:{}s:17:\"\0*\0classCastCache\";a:0:{}s:21:\"\0*\0attributeCastCache\";a:0:{}s:13:\"\0*\0dateFormat\";N;s:10:\"\0*\0appends\";a:0:{}s:19:\"\0*\0dispatchesEvents\";a:0:{}s:14:\"\0*\0observables\";a:0:{}s:12:\"\0*\0relations\";a:1:{s:5:\"pivot\";O:49:\"Illuminate\\Database\\Eloquent\\Relations\\MorphPivot\":35:{s:13:\"\0*\0connection\";N;s:8:\"\0*\0table\";s:12:\"entity_files\";s:13:\"\0*\0primaryKey\";s:2:\"id\";s:10:\"\0*\0keyType\";s:3:\"int\";s:12:\"incrementing\";b:0;s:7:\"\0*\0with\";a:0:{}s:12:\"\0*\0withCount\";a:0:{}s:19:\"preventsLazyLoading\";b:0;s:10:\"\0*\0perPage\";i:15;s:6:\"exists\";b:1;s:18:\"wasRecentlyCreated\";b:0;s:28:\"\0*\0escapeWhenCastingToString\";b:0;s:13:\"\0*\0attributes\";a:7:{s:11:\"entity_type\";s:32:\"Modules\\Product\\Entities\\Product\";s:9:\"entity_id\";i:32;s:7:\"file_id\";i:336;s:2:\"id\";i:817;s:4:\"zone\";s:17:\"additional_images\";s:10:\"created_at\";s:19:\"2024-12-19 11:23:34\";s:10:\"updated_at\";s:19:\"2024-12-19 11:23:34\";}s:11:\"\0*\0original\";a:7:{s:11:\"entity_type\";s:32:\"Modules\\Product\\Entities\\Product\";s:9:\"entity_id\";i:32;s:7:\"file_id\";i:336;s:2:\"id\";i:817;s:4:\"zone\";s:17:\"additional_images\";s:10:\"created_at\";s:19:\"2024-12-19 11:23:34\";s:10:\"updated_at\";s:19:\"2024-12-19 11:23:34\";}s:10:\"\0*\0changes\";a:0:{}s:8:\"\0*\0casts\";a:0:{}s:17:\"\0*\0classCastCache\";a:0:{}s:21:\"\0*\0attributeCastCache\";a:0:{}s:13:\"\0*\0dateFormat\";N;s:10:\"\0*\0appends\";a:0:{}s:19:\"\0*\0dispatchesEvents\";a:0:{}s:14:\"\0*\0observables\";a:0:{}s:12:\"\0*\0relations\";a:0:{}s:10:\"\0*\0touches\";a:0:{}s:10:\"timestamps\";b:1;s:13:\"usesUniqueIds\";b:0;s:9:\"\0*\0hidden\";a:0:{}s:10:\"\0*\0visible\";a:0:{}s:11:\"\0*\0fillable\";a:0:{}s:10:\"\0*\0guarded\";a:0:{}s:11:\"pivotParent\";r:250;s:13:\"\0*\0foreignKey\";s:9:\"entity_id\";s:13:\"\0*\0relatedKey\";s:7:\"file_id\";s:12:\"\0*\0morphType\";s:11:\"entity_type\";s:13:\"\0*\0morphClass\";s:32:\"Modules\\Product\\Entities\\Product\";}}s:10:\"\0*\0touches\";a:0:{}s:10:\"timestamps\";b:1;s:13:\"usesUniqueIds\";b:0;s:9:\"\0*\0hidden\";a:0:{}s:10:\"\0*\0visible\";a:3:{i:0;s:2:\"id\";i:1;s:8:\"filename\";i:2;s:4:\"path\";}s:11:\"\0*\0fillable\";a:0:{}s:10:\"\0*\0guarded\";a:0:{}}i:2;O:27:\"Modules\\Media\\Entities\\File\":30:{s:13:\"\0*\0connection\";s:5:\"mysql\";s:8:\"\0*\0table\";s:5:\"files\";s:13:\"\0*\0primaryKey\";s:2:\"id\";s:10:\"\0*\0keyType\";s:3:\"int\";s:12:\"incrementing\";b:1;s:7:\"\0*\0with\";a:0:{}s:12:\"\0*\0withCount\";a:0:{}s:19:\"preventsLazyLoading\";b:0;s:10:\"\0*\0perPage\";i:15;s:6:\"exists\";b:1;s:18:\"wasRecentlyCreated\";b:0;s:28:\"\0*\0escapeWhenCastingToString\";b:0;s:13:\"\0*\0attributes\";a:10:{s:2:\"id\";i:335;s:7:\"user_id\";i:1;s:8:\"filename\";s:45:\"QoenZayYpEtyGzGet2ujEXswuXmzdxmTFxUAJKdW.jpeg\";s:4:\"disk\";s:14:\"public_storage\";s:4:\"path\";s:50:\"media/h5E6RJm7E690EySSjWgPlqzqGqaHNQV9uTN1imz7.jpg\";s:9:\"extension\";s:3:\"jpg\";s:4:\"mime\";s:10:\"image/jpeg\";s:4:\"size\";s:5:\"24012\";s:10:\"created_at\";s:19:\"2024-12-19 11:18:02\";s:10:\"updated_at\";s:19:\"2024-12-19 11:18:02\";}s:11:\"\0*\0original\";a:17:{s:2:\"id\";i:335;s:7:\"user_id\";i:1;s:8:\"filename\";s:45:\"QoenZayYpEtyGzGet2ujEXswuXmzdxmTFxUAJKdW.jpeg\";s:4:\"disk\";s:14:\"public_storage\";s:4:\"path\";s:50:\"media/h5E6RJm7E690EySSjWgPlqzqGqaHNQV9uTN1imz7.jpg\";s:9:\"extension\";s:3:\"jpg\";s:4:\"mime\";s:10:\"image/jpeg\";s:4:\"size\";s:5:\"24012\";s:10:\"created_at\";s:19:\"2024-12-19 11:18:02\";s:10:\"updated_at\";s:19:\"2024-12-19 11:18:02\";s:15:\"pivot_entity_id\";i:32;s:13:\"pivot_file_id\";i:335;s:17:\"pivot_entity_type\";s:32:\"Modules\\Product\\Entities\\Product\";s:8:\"pivot_id\";i:818;s:10:\"pivot_zone\";s:17:\"additional_images\";s:16:\"pivot_created_at\";s:19:\"2024-12-19 11:23:34\";s:16:\"pivot_updated_at\";s:19:\"2024-12-19 11:23:34\";}s:10:\"\0*\0changes\";a:0:{}s:8:\"\0*\0casts\";a:0:{}s:17:\"\0*\0classCastCache\";a:0:{}s:21:\"\0*\0attributeCastCache\";a:0:{}s:13:\"\0*\0dateFormat\";N;s:10:\"\0*\0appends\";a:0:{}s:19:\"\0*\0dispatchesEvents\";a:0:{}s:14:\"\0*\0observables\";a:0:{}s:12:\"\0*\0relations\";a:1:{s:5:\"pivot\";O:49:\"Illuminate\\Database\\Eloquent\\Relations\\MorphPivot\":35:{s:13:\"\0*\0connection\";N;s:8:\"\0*\0table\";s:12:\"entity_files\";s:13:\"\0*\0primaryKey\";s:2:\"id\";s:10:\"\0*\0keyType\";s:3:\"int\";s:12:\"incrementing\";b:0;s:7:\"\0*\0with\";a:0:{}s:12:\"\0*\0withCount\";a:0:{}s:19:\"preventsLazyLoading\";b:0;s:10:\"\0*\0perPage\";i:15;s:6:\"exists\";b:1;s:18:\"wasRecentlyCreated\";b:0;s:28:\"\0*\0escapeWhenCastingToString\";b:0;s:13:\"\0*\0attributes\";a:7:{s:11:\"entity_type\";s:32:\"Modules\\Product\\Entities\\Product\";s:9:\"entity_id\";i:32;s:7:\"file_id\";i:335;s:2:\"id\";i:818;s:4:\"zone\";s:17:\"additional_images\";s:10:\"created_at\";s:19:\"2024-12-19 11:23:34\";s:10:\"updated_at\";s:19:\"2024-12-19 11:23:34\";}s:11:\"\0*\0original\";a:7:{s:11:\"entity_type\";s:32:\"Modules\\Product\\Entities\\Product\";s:9:\"entity_id\";i:32;s:7:\"file_id\";i:335;s:2:\"id\";i:818;s:4:\"zone\";s:17:\"additional_images\";s:10:\"created_at\";s:19:\"2024-12-19 11:23:34\";s:10:\"updated_at\";s:19:\"2024-12-19 11:23:34\";}s:10:\"\0*\0changes\";a:0:{}s:8:\"\0*\0casts\";a:0:{}s:17:\"\0*\0classCastCache\";a:0:{}s:21:\"\0*\0attributeCastCache\";a:0:{}s:13:\"\0*\0dateFormat\";N;s:10:\"\0*\0appends\";a:0:{}s:19:\"\0*\0dispatchesEvents\";a:0:{}s:14:\"\0*\0observables\";a:0:{}s:12:\"\0*\0relations\";a:0:{}s:10:\"\0*\0touches\";a:0:{}s:10:\"timestamps\";b:1;s:13:\"usesUniqueIds\";b:0;s:9:\"\0*\0hidden\";a:0:{}s:10:\"\0*\0visible\";a:0:{}s:11:\"\0*\0fillable\";a:0:{}s:10:\"\0*\0guarded\";a:0:{}s:11:\"pivotParent\";r:250;s:13:\"\0*\0foreignKey\";s:9:\"entity_id\";s:13:\"\0*\0relatedKey\";s:7:\"file_id\";s:12:\"\0*\0morphType\";s:11:\"entity_type\";s:13:\"\0*\0morphClass\";s:32:\"Modules\\Product\\Entities\\Product\";}}s:10:\"\0*\0touches\";a:0:{}s:10:\"timestamps\";b:1;s:13:\"usesUniqueIds\";b:0;s:9:\"\0*\0hidden\";a:0:{}s:10:\"\0*\0visible\";a:3:{i:0;s:2:\"id\";i:1;s:8:\"filename\";i:2;s:4:\"path\";}s:11:\"\0*\0fillable\";a:0:{}s:10:\"\0*\0guarded\";a:0:{}}i:3;O:27:\"Modules\\Media\\Entities\\File\":30:{s:13:\"\0*\0connection\";s:5:\"mysql\";s:8:\"\0*\0table\";s:5:\"files\";s:13:\"\0*\0primaryKey\";s:2:\"id\";s:10:\"\0*\0keyType\";s:3:\"int\";s:12:\"incrementing\";b:1;s:7:\"\0*\0with\";a:0:{}s:12:\"\0*\0withCount\";a:0:{}s:19:\"preventsLazyLoading\";b:0;s:10:\"\0*\0perPage\";i:15;s:6:\"exists\";b:1;s:18:\"wasRecentlyCreated\";b:0;s:28:\"\0*\0escapeWhenCastingToString\";b:0;s:13:\"\0*\0attributes\";a:10:{s:2:\"id\";i:334;s:7:\"user_id\";i:1;s:8:\"filename\";s:45:\"gHWwJD3yXDCIgVCdtHTdaEKPEpAvhPCByZBX7UNi.jpeg\";s:4:\"disk\";s:14:\"public_storage\";s:4:\"path\";s:50:\"media/79TQWN5peLws3Dmr6ZCj4dZGYyaRXdSPsRZDiRKG.jpg\";s:9:\"extension\";s:3:\"jpg\";s:4:\"mime\";s:10:\"image/jpeg\";s:4:\"size\";s:5:\"18752\";s:10:\"created_at\";s:19:\"2024-12-19 11:18:02\";s:10:\"updated_at\";s:19:\"2024-12-19 11:18:02\";}s:11:\"\0*\0original\";a:17:{s:2:\"id\";i:334;s:7:\"user_id\";i:1;s:8:\"filename\";s:45:\"gHWwJD3yXDCIgVCdtHTdaEKPEpAvhPCByZBX7UNi.jpeg\";s:4:\"disk\";s:14:\"public_storage\";s:4:\"path\";s:50:\"media/79TQWN5peLws3Dmr6ZCj4dZGYyaRXdSPsRZDiRKG.jpg\";s:9:\"extension\";s:3:\"jpg\";s:4:\"mime\";s:10:\"image/jpeg\";s:4:\"size\";s:5:\"18752\";s:10:\"created_at\";s:19:\"2024-12-19 11:18:02\";s:10:\"updated_at\";s:19:\"2024-12-19 11:18:02\";s:15:\"pivot_entity_id\";i:32;s:13:\"pivot_file_id\";i:334;s:17:\"pivot_entity_type\";s:32:\"Modules\\Product\\Entities\\Product\";s:8:\"pivot_id\";i:819;s:10:\"pivot_zone\";s:17:\"additional_images\";s:16:\"pivot_created_at\";s:19:\"2024-12-19 11:23:34\";s:16:\"pivot_updated_at\";s:19:\"2024-12-19 11:23:34\";}s:10:\"\0*\0changes\";a:0:{}s:8:\"\0*\0casts\";a:0:{}s:17:\"\0*\0classCastCache\";a:0:{}s:21:\"\0*\0attributeCastCache\";a:0:{}s:13:\"\0*\0dateFormat\";N;s:10:\"\0*\0appends\";a:0:{}s:19:\"\0*\0dispatchesEvents\";a:0:{}s:14:\"\0*\0observables\";a:0:{}s:12:\"\0*\0relations\";a:1:{s:5:\"pivot\";O:49:\"Illuminate\\Database\\Eloquent\\Relations\\MorphPivot\":35:{s:13:\"\0*\0connection\";N;s:8:\"\0*\0table\";s:12:\"entity_files\";s:13:\"\0*\0primaryKey\";s:2:\"id\";s:10:\"\0*\0keyType\";s:3:\"int\";s:12:\"incrementing\";b:0;s:7:\"\0*\0with\";a:0:{}s:12:\"\0*\0withCount\";a:0:{}s:19:\"preventsLazyLoading\";b:0;s:10:\"\0*\0perPage\";i:15;s:6:\"exists\";b:1;s:18:\"wasRecentlyCreated\";b:0;s:28:\"\0*\0escapeWhenCastingToString\";b:0;s:13:\"\0*\0attributes\";a:7:{s:11:\"entity_type\";s:32:\"Modules\\Product\\Entities\\Product\";s:9:\"entity_id\";i:32;s:7:\"file_id\";i:334;s:2:\"id\";i:819;s:4:\"zone\";s:17:\"additional_images\";s:10:\"created_at\";s:19:\"2024-12-19 11:23:34\";s:10:\"updated_at\";s:19:\"2024-12-19 11:23:34\";}s:11:\"\0*\0original\";a:7:{s:11:\"entity_type\";s:32:\"Modules\\Product\\Entities\\Product\";s:9:\"entity_id\";i:32;s:7:\"file_id\";i:334;s:2:\"id\";i:819;s:4:\"zone\";s:17:\"additional_images\";s:10:\"created_at\";s:19:\"2024-12-19 11:23:34\";s:10:\"updated_at\";s:19:\"2024-12-19 11:23:34\";}s:10:\"\0*\0changes\";a:0:{}s:8:\"\0*\0casts\";a:0:{}s:17:\"\0*\0classCastCache\";a:0:{}s:21:\"\0*\0attributeCastCache\";a:0:{}s:13:\"\0*\0dateFormat\";N;s:10:\"\0*\0appends\";a:0:{}s:19:\"\0*\0dispatchesEvents\";a:0:{}s:14:\"\0*\0observables\";a:0:{}s:12:\"\0*\0relations\";a:0:{}s:10:\"\0*\0touches\";a:0:{}s:10:\"timestamps\";b:1;s:13:\"usesUniqueIds\";b:0;s:9:\"\0*\0hidden\";a:0:{}s:10:\"\0*\0visible\";a:0:{}s:11:\"\0*\0fillable\";a:0:{}s:10:\"\0*\0guarded\";a:0:{}s:11:\"pivotParent\";r:250;s:13:\"\0*\0foreignKey\";s:9:\"entity_id\";s:13:\"\0*\0relatedKey\";s:7:\"file_id\";s:12:\"\0*\0morphType\";s:11:\"entity_type\";s:13:\"\0*\0morphClass\";s:32:\"Modules\\Product\\Entities\\Product\";}}s:10:\"\0*\0touches\";a:0:{}s:10:\"timestamps\";b:1;s:13:\"usesUniqueIds\";b:0;s:9:\"\0*\0hidden\";a:0:{}s:10:\"\0*\0visible\";a:3:{i:0;s:2:\"id\";i:1;s:8:\"filename\";i:2;s:4:\"path\";}s:11:\"\0*\0fillable\";a:0:{}s:10:\"\0*\0guarded\";a:0:{}}i:4;O:27:\"Modules\\Media\\Entities\\File\":30:{s:13:\"\0*\0connection\";s:5:\"mysql\";s:8:\"\0*\0table\";s:5:\"files\";s:13:\"\0*\0primaryKey\";s:2:\"id\";s:10:\"\0*\0keyType\";s:3:\"int\";s:12:\"incrementing\";b:1;s:7:\"\0*\0with\";a:0:{}s:12:\"\0*\0withCount\";a:0:{}s:19:\"preventsLazyLoading\";b:0;s:10:\"\0*\0perPage\";i:15;s:6:\"exists\";b:1;s:18:\"wasRecentlyCreated\";b:0;s:28:\"\0*\0escapeWhenCastingToString\";b:0;s:13:\"\0*\0attributes\";a:10:{s:2:\"id\";i:333;s:7:\"user_id\";i:1;s:8:\"filename\";s:45:\"1gsCeqaePCgFRk8VurWrW89Fa5FxZ4exFxvUASMH.jpeg\";s:4:\"disk\";s:14:\"public_storage\";s:4:\"path\";s:50:\"media/uITnmieTfjhmDYGIt8hrjo2EuvrZcWWqU1vbZIrg.jpg\";s:9:\"extension\";s:3:\"jpg\";s:4:\"mime\";s:10:\"image/jpeg\";s:4:\"size\";s:4:\"8836\";s:10:\"created_at\";s:19:\"2024-12-19 11:18:00\";s:10:\"updated_at\";s:19:\"2024-12-19 11:18:00\";}s:11:\"\0*\0original\";a:17:{s:2:\"id\";i:333;s:7:\"user_id\";i:1;s:8:\"filename\";s:45:\"1gsCeqaePCgFRk8VurWrW89Fa5FxZ4exFxvUASMH.jpeg\";s:4:\"disk\";s:14:\"public_storage\";s:4:\"path\";s:50:\"media/uITnmieTfjhmDYGIt8hrjo2EuvrZcWWqU1vbZIrg.jpg\";s:9:\"extension\";s:3:\"jpg\";s:4:\"mime\";s:10:\"image/jpeg\";s:4:\"size\";s:4:\"8836\";s:10:\"created_at\";s:19:\"2024-12-19 11:18:00\";s:10:\"updated_at\";s:19:\"2024-12-19 11:18:00\";s:15:\"pivot_entity_id\";i:32;s:13:\"pivot_file_id\";i:333;s:17:\"pivot_entity_type\";s:32:\"Modules\\Product\\Entities\\Product\";s:8:\"pivot_id\";i:820;s:10:\"pivot_zone\";s:17:\"additional_images\";s:16:\"pivot_created_at\";s:19:\"2024-12-19 11:23:34\";s:16:\"pivot_updated_at\";s:19:\"2024-12-19 11:23:34\";}s:10:\"\0*\0changes\";a:0:{}s:8:\"\0*\0casts\";a:0:{}s:17:\"\0*\0classCastCache\";a:0:{}s:21:\"\0*\0attributeCastCache\";a:0:{}s:13:\"\0*\0dateFormat\";N;s:10:\"\0*\0appends\";a:0:{}s:19:\"\0*\0dispatchesEvents\";a:0:{}s:14:\"\0*\0observables\";a:0:{}s:12:\"\0*\0relations\";a:1:{s:5:\"pivot\";O:49:\"Illuminate\\Database\\Eloquent\\Relations\\MorphPivot\":35:{s:13:\"\0*\0connection\";N;s:8:\"\0*\0table\";s:12:\"entity_files\";s:13:\"\0*\0primaryKey\";s:2:\"id\";s:10:\"\0*\0keyType\";s:3:\"int\";s:12:\"incrementing\";b:0;s:7:\"\0*\0with\";a:0:{}s:12:\"\0*\0withCount\";a:0:{}s:19:\"preventsLazyLoading\";b:0;s:10:\"\0*\0perPage\";i:15;s:6:\"exists\";b:1;s:18:\"wasRecentlyCreated\";b:0;s:28:\"\0*\0escapeWhenCastingToString\";b:0;s:13:\"\0*\0attributes\";a:7:{s:11:\"entity_type\";s:32:\"Modules\\Product\\Entities\\Product\";s:9:\"entity_id\";i:32;s:7:\"file_id\";i:333;s:2:\"id\";i:820;s:4:\"zone\";s:17:\"additional_images\";s:10:\"created_at\";s:19:\"2024-12-19 11:23:34\";s:10:\"updated_at\";s:19:\"2024-12-19 11:23:34\";}s:11:\"\0*\0original\";a:7:{s:11:\"entity_type\";s:32:\"Modules\\Product\\Entities\\Product\";s:9:\"entity_id\";i:32;s:7:\"file_id\";i:333;s:2:\"id\";i:820;s:4:\"zone\";s:17:\"additional_images\";s:10:\"created_at\";s:19:\"2024-12-19 11:23:34\";s:10:\"updated_at\";s:19:\"2024-12-19 11:23:34\";}s:10:\"\0*\0changes\";a:0:{}s:8:\"\0*\0casts\";a:0:{}s:17:\"\0*\0classCastCache\";a:0:{}s:21:\"\0*\0attributeCastCache\";a:0:{}s:13:\"\0*\0dateFormat\";N;s:10:\"\0*\0appends\";a:0:{}s:19:\"\0*\0dispatchesEvents\";a:0:{}s:14:\"\0*\0observables\";a:0:{}s:12:\"\0*\0relations\";a:0:{}s:10:\"\0*\0touches\";a:0:{}s:10:\"timestamps\";b:1;s:13:\"usesUniqueIds\";b:0;s:9:\"\0*\0hidden\";a:0:{}s:10:\"\0*\0visible\";a:0:{}s:11:\"\0*\0fillable\";a:0:{}s:10:\"\0*\0guarded\";a:0:{}s:11:\"pivotParent\";r:250;s:13:\"\0*\0foreignKey\";s:9:\"entity_id\";s:13:\"\0*\0relatedKey\";s:7:\"file_id\";s:12:\"\0*\0morphType\";s:11:\"entity_type\";s:13:\"\0*\0morphClass\";s:32:\"Modules\\Product\\Entities\\Product\";}}s:10:\"\0*\0touches\";a:0:{}s:10:\"timestamps\";b:1;s:13:\"usesUniqueIds\";b:0;s:9:\"\0*\0hidden\";a:0:{}s:10:\"\0*\0visible\";a:3:{i:0;s:2:\"id\";i:1;s:8:\"filename\";i:2;s:4:\"path\";}s:11:\"\0*\0fillable\";a:0:{}s:10:\"\0*\0guarded\";a:0:{}}}s:28:\"\0*\0escapeWhenCastingToString\";b:0;}s:10:\"categories\";O:26:\"TypiCMS\\NestableCollection\":8:{s:8:\"\0*\0items\";a:1:{i:0;O:34:\"Modules\\Category\\Entities\\Category\":33:{s:13:\"\0*\0connection\";s:5:\"mysql\";s:8:\"\0*\0table\";s:10:\"categories\";s:13:\"\0*\0primaryKey\";s:2:\"id\";s:10:\"\0*\0keyType\";s:3:\"int\";s:12:\"incrementing\";b:1;s:7:\"\0*\0with\";a:1:{i:0;s:12:\"translations\";}s:12:\"\0*\0withCount\";a:0:{}s:19:\"preventsLazyLoading\";b:0;s:10:\"\0*\0perPage\";i:15;s:6:\"exists\";b:1;s:18:\"wasRecentlyCreated\";b:0;s:28:\"\0*\0escapeWhenCastingToString\";b:0;s:13:\"\0*\0attributes\";a:8:{s:2:\"id\";i:2;s:9:\"parent_id\";N;s:4:\"slug\";s:7:\"relojes\";s:8:\"position\";i:16;s:13:\"is_searchable\";i:1;s:9:\"is_active\";i:1;s:10:\"created_at\";s:19:\"2024-12-13 08:50:13\";s:10:\"updated_at\";s:19:\"2024-12-14 19:12:15\";}s:11:\"\0*\0original\";a:10:{s:2:\"id\";i:2;s:9:\"parent_id\";N;s:4:\"slug\";s:7:\"relojes\";s:8:\"position\";i:16;s:13:\"is_searchable\";i:1;s:9:\"is_active\";i:1;s:10:\"created_at\";s:19:\"2024-12-13 08:50:13\";s:10:\"updated_at\";s:19:\"2024-12-14 19:12:15\";s:16:\"pivot_product_id\";i:32;s:17:\"pivot_category_id\";i:2;}s:10:\"\0*\0changes\";a:0:{}s:8:\"\0*\0casts\";a:2:{s:13:\"is_searchable\";s:7:\"boolean\";s:9:\"is_active\";s:7:\"boolean\";}s:17:\"\0*\0classCastCache\";a:0:{}s:21:\"\0*\0attributeCastCache\";a:0:{}s:13:\"\0*\0dateFormat\";N;s:10:\"\0*\0appends\";a:0:{}s:19:\"\0*\0dispatchesEvents\";a:0:{}s:14:\"\0*\0observables\";a:0:{}s:12:\"\0*\0relations\";a:2:{s:5:\"pivot\";O:44:\"Illuminate\\Database\\Eloquent\\Relations\\Pivot\":33:{s:13:\"\0*\0connection\";N;s:8:\"\0*\0table\";s:18:\"product_categories\";s:13:\"\0*\0primaryKey\";s:2:\"id\";s:10:\"\0*\0keyType\";s:3:\"int\";s:12:\"incrementing\";b:0;s:7:\"\0*\0with\";a:0:{}s:12:\"\0*\0withCount\";a:0:{}s:19:\"preventsLazyLoading\";b:0;s:10:\"\0*\0perPage\";i:15;s:6:\"exists\";b:1;s:18:\"wasRecentlyCreated\";b:0;s:28:\"\0*\0escapeWhenCastingToString\";b:0;s:13:\"\0*\0attributes\";a:2:{s:10:\"product_id\";i:32;s:11:\"category_id\";i:2;}s:11:\"\0*\0original\";a:2:{s:10:\"product_id\";i:32;s:11:\"category_id\";i:2;}s:10:\"\0*\0changes\";a:0:{}s:8:\"\0*\0casts\";a:0:{}s:17:\"\0*\0classCastCache\";a:0:{}s:21:\"\0*\0attributeCastCache\";a:0:{}s:13:\"\0*\0dateFormat\";N;s:10:\"\0*\0appends\";a:0:{}s:19:\"\0*\0dispatchesEvents\";a:0:{}s:14:\"\0*\0observables\";a:0:{}s:12:\"\0*\0relations\";a:0:{}s:10:\"\0*\0touches\";a:0:{}s:10:\"timestamps\";b:0;s:13:\"usesUniqueIds\";b:0;s:9:\"\0*\0hidden\";a:0:{}s:10:\"\0*\0visible\";a:0:{}s:11:\"\0*\0fillable\";a:0:{}s:10:\"\0*\0guarded\";a:0:{}s:11:\"pivotParent\";O:32:\"Modules\\Product\\Entities\\Product\":35:{s:13:\"\0*\0connection\";N;s:8:\"\0*\0table\";s:8:\"products\";s:13:\"\0*\0primaryKey\";s:2:\"id\";s:10:\"\0*\0keyType\";s:3:\"int\";s:12:\"incrementing\";b:1;s:7:\"\0*\0with\";a:1:{i:0;s:12:\"translations\";}s:12:\"\0*\0withCount\";a:0:{}s:19:\"preventsLazyLoading\";b:0;s:10:\"\0*\0perPage\";i:15;s:6:\"exists\";b:0;s:18:\"wasRecentlyCreated\";b:0;s:28:\"\0*\0escapeWhenCastingToString\";b:0;s:13:\"\0*\0attributes\";a:0:{}s:11:\"\0*\0original\";a:0:{}s:10:\"\0*\0changes\";a:0:{}s:8:\"\0*\0casts\";a:9:{s:10:\"is_virtual\";s:7:\"boolean\";s:9:\"is_active\";s:7:\"boolean\";s:19:\"special_price_start\";s:8:\"datetime\";s:17:\"special_price_end\";s:8:\"datetime\";s:8:\"new_from\";s:8:\"datetime\";s:6:\"new_to\";s:8:\"datetime\";s:10:\"start_date\";s:8:\"datetime\";s:8:\"end_date\";s:8:\"datetime\";s:10:\"deleted_at\";s:8:\"datetime\";}s:17:\"\0*\0classCastCache\";a:0:{}s:21:\"\0*\0attributeCastCache\";a:0:{}s:13:\"\0*\0dateFormat\";N;s:10:\"\0*\0appends\";a:13:{i:0;s:10:\"base_image\";i:1;s:17:\"additional_images\";i:2;s:5:\"media\";i:3;s:15:\"formatted_price\";i:4;s:21:\"formatted_price_range\";i:5;s:28:\"has_percentage_special_price\";i:6;s:21:\"special_price_percent\";i:7;s:14:\"rating_percent\";i:8;s:17:\"does_manage_stock\";i:9;s:11:\"is_in_stock\";i:10;s:15:\"is_out_of_stock\";i:11;s:6:\"is_new\";i:12;s:7:\"variant\";}s:19:\"\0*\0dispatchesEvents\";a:0:{}s:14:\"\0*\0observables\";a:0:{}s:12:\"\0*\0relations\";a:0:{}s:10:\"\0*\0touches\";a:0:{}s:10:\"timestamps\";b:1;s:13:\"usesUniqueIds\";b:0;s:9:\"\0*\0hidden\";a:0:{}s:10:\"\0*\0visible\";a:0:{}s:11:\"\0*\0fillable\";a:17:{i:0;s:8:\"brand_id\";i:1;s:12:\"tax_class_id\";i:2;s:4:\"slug\";i:3;s:3:\"sku\";i:4;s:5:\"price\";i:5;s:13:\"special_price\";i:6;s:18:\"special_price_type\";i:7;s:19:\"special_price_start\";i:8;s:17:\"special_price_end\";i:9;s:13:\"selling_price\";i:10;s:12:\"manage_stock\";i:11;s:3:\"qty\";i:12;s:8:\"in_stock\";i:13;s:10:\"is_virtual\";i:14;s:9:\"is_active\";i:15;s:8:\"new_from\";i:16;s:6:\"new_to\";}s:10:\"\0*\0guarded\";a:1:{i:0;s:1:\"*\";}s:23:\"\0*\0translatedAttributes\";a:3:{i:0;s:4:\"name\";i:1;s:11:\"description\";i:2;s:17:\"short_description\";}s:16:\"\0*\0slugAttribute\";s:4:\"name\";s:16:\"\0*\0defaultLocale\";N;s:16:\"\0*\0scoutMetadata\";a:0:{}s:16:\"\0*\0forceDeleting\";b:0;}s:13:\"\0*\0foreignKey\";s:10:\"product_id\";s:13:\"\0*\0relatedKey\";s:11:\"category_id\";}s:12:\"translations\";O:39:\"Illuminate\\Database\\Eloquent\\Collection\":2:{s:8:\"\0*\0items\";a:1:{i:0;O:45:\"Modules\\Category\\Entities\\CategoryTranslation\":30:{s:13:\"\0*\0connection\";s:5:\"mysql\";s:8:\"\0*\0table\";s:21:\"category_translations\";s:13:\"\0*\0primaryKey\";s:2:\"id\";s:10:\"\0*\0keyType\";s:3:\"int\";s:12:\"incrementing\";b:1;s:7:\"\0*\0with\";a:0:{}s:12:\"\0*\0withCount\";a:0:{}s:19:\"preventsLazyLoading\";b:0;s:10:\"\0*\0perPage\";i:15;s:6:\"exists\";b:1;s:18:\"wasRecentlyCreated\";b:0;s:28:\"\0*\0escapeWhenCastingToString\";b:0;s:13:\"\0*\0attributes\";a:4:{s:2:\"id\";i:2;s:11:\"category_id\";i:2;s:6:\"locale\";s:2:\"es\";s:4:\"name\";s:14:\"Moda Masculina\";}s:11:\"\0*\0original\";a:4:{s:2:\"id\";i:2;s:11:\"category_id\";i:2;s:6:\"locale\";s:2:\"es\";s:4:\"name\";s:14:\"Moda Masculina\";}s:10:\"\0*\0changes\";a:0:{}s:8:\"\0*\0casts\";a:0:{}s:17:\"\0*\0classCastCache\";a:0:{}s:21:\"\0*\0attributeCastCache\";a:0:{}s:13:\"\0*\0dateFormat\";N;s:10:\"\0*\0appends\";a:0:{}s:19:\"\0*\0dispatchesEvents\";a:0:{}s:14:\"\0*\0observables\";a:0:{}s:12:\"\0*\0relations\";a:0:{}s:10:\"\0*\0touches\";a:0:{}s:10:\"timestamps\";b:0;s:13:\"usesUniqueIds\";b:0;s:9:\"\0*\0hidden\";a:0:{}s:10:\"\0*\0visible\";a:0:{}s:11:\"\0*\0fillable\";a:1:{i:0;s:4:\"name\";}s:10:\"\0*\0guarded\";a:1:{i:0;s:1:\"*\";}}}s:28:\"\0*\0escapeWhenCastingToString\";b:0;}}s:10:\"\0*\0touches\";a:0:{}s:10:\"timestamps\";b:1;s:13:\"usesUniqueIds\";b:0;s:9:\"\0*\0hidden\";a:1:{i:0;s:12:\"translations\";}s:10:\"\0*\0visible\";a:0:{}s:11:\"\0*\0fillable\";a:5:{i:0;s:9:\"parent_id\";i:1;s:4:\"slug\";i:2;s:8:\"position\";i:3;s:13:\"is_searchable\";i:4;s:9:\"is_active\";}s:10:\"\0*\0guarded\";a:1:{i:0;s:1:\"*\";}s:23:\"\0*\0translatedAttributes\";a:1:{i:0;s:4:\"name\";}s:16:\"\0*\0slugAttribute\";s:4:\"name\";s:16:\"\0*\0defaultLocale\";N;}}s:28:\"\0*\0escapeWhenCastingToString\";b:0;s:8:\"\0*\0total\";i:1;s:15:\"\0*\0parentColumn\";s:9:\"parent_id\";s:33:\"\0*\0removeItemsWithMissingAncestor\";b:1;s:14:\"\0*\0indentChars\";s:8:\"    \";s:15:\"\0*\0childrenName\";s:5:\"items\";s:17:\"\0*\0parentRelation\";s:6:\"parent\";}s:8:\"taxClass\";O:29:\"Modules\\Tax\\Entities\\TaxClass\":33:{s:13:\"\0*\0connection\";N;s:8:\"\0*\0table\";s:11:\"tax_classes\";s:13:\"\0*\0primaryKey\";s:2:\"id\";s:10:\"\0*\0keyType\";s:3:\"int\";s:12:\"incrementing\";b:1;s:7:\"\0*\0with\";a:1:{i:0;s:12:\"translations\";}s:12:\"\0*\0withCount\";a:0:{}s:19:\"preventsLazyLoading\";b:0;s:10:\"\0*\0perPage\";i:15;s:6:\"exists\";b:0;s:18:\"wasRecentlyCreated\";b:0;s:28:\"\0*\0escapeWhenCastingToString\";b:0;s:13:\"\0*\0attributes\";a:0:{}s:11:\"\0*\0original\";a:0:{}s:10:\"\0*\0changes\";a:0:{}s:8:\"\0*\0casts\";a:3:{s:10:\"start_date\";s:8:\"datetime\";s:8:\"end_date\";s:8:\"datetime\";s:10:\"deleted_at\";s:8:\"datetime\";}s:17:\"\0*\0classCastCache\";a:0:{}s:21:\"\0*\0attributeCastCache\";a:0:{}s:13:\"\0*\0dateFormat\";N;s:10:\"\0*\0appends\";a:0:{}s:19:\"\0*\0dispatchesEvents\";a:0:{}s:14:\"\0*\0observables\";a:0:{}s:12:\"\0*\0relations\";a:0:{}s:10:\"\0*\0touches\";a:0:{}s:10:\"timestamps\";b:1;s:13:\"usesUniqueIds\";b:0;s:9:\"\0*\0hidden\";a:0:{}s:10:\"\0*\0visible\";a:0:{}s:11:\"\0*\0fillable\";a:1:{i:0;s:8:\"based_on\";}s:10:\"\0*\0guarded\";a:1:{i:0;s:1:\"*\";}s:20:\"translatedAttributes\";a:1:{i:0;s:5:\"label\";}s:16:\"\0*\0defaultLocale\";N;s:16:\"\0*\0forceDeleting\";b:0;}}s:10:\"\0*\0touches\";a:0:{}s:10:\"timestamps\";b:1;s:13:\"usesUniqueIds\";b:0;s:9:\"\0*\0hidden\";a:0:{}s:10:\"\0*\0visible\";a:0:{}s:11:\"\0*\0fillable\";a:17:{i:0;s:8:\"brand_id\";i:1;s:12:\"tax_class_id\";i:2;s:4:\"slug\";i:3;s:3:\"sku\";i:4;s:5:\"price\";i:5;s:13:\"special_price\";i:6;s:18:\"special_price_type\";i:7;s:19:\"special_price_start\";i:8;s:17:\"special_price_end\";i:9;s:13:\"selling_price\";i:10;s:12:\"manage_stock\";i:11;s:3:\"qty\";i:12;s:8:\"in_stock\";i:13;s:10:\"is_virtual\";i:14;s:9:\"is_active\";i:15;s:8:\"new_from\";i:16;s:6:\"new_to\";}s:10:\"\0*\0guarded\";a:1:{i:0;s:1:\"*\";}s:23:\"\0*\0translatedAttributes\";a:3:{i:0;s:4:\"name\";i:1;s:11:\"description\";i:2;s:17:\"short_description\";}s:16:\"\0*\0slugAttribute\";s:4:\"name\";s:16:\"\0*\0defaultLocale\";N;s:16:\"\0*\0scoutMetadata\";a:0:{}s:16:\"\0*\0forceDeleting\";b:0;}s:7:\"variant\";N;s:4:\"item\";r:11;s:10:\"variations\";O:39:\"Illuminate\\Database\\Eloquent\\Collection\":2:{s:8:\"\0*\0items\";a:0:{}s:28:\"\0*\0escapeWhenCastingToString\";b:0;}s:7:\"options\";O:29:\"Illuminate\\Support\\Collection\":2:{s:8:\"\0*\0items\";a:0:{}s:28:\"\0*\0escapeWhenCastingToString\";b:0;}s:10:\"created_at\";i:1746504576;}s:28:\"\0*\0escapeWhenCastingToString\";b:0;}s:10:\"conditions\";a:0:{}}s:28:\"\0*\0escapeWhenCastingToString\";b:0;s:9:\"\0*\0config\";a:5:{s:14:\"format_numbers\";b:0;s:8:\"decimals\";i:0;s:9:\"dec_point\";s:1:\".\";s:13:\"thousands_sep\";s:1:\",\";s:6:\"events\";N;}}s:32:\"9e5e5f31b70b8814f559a64def834ac0\";O:32:\"Darryldecode\\Cart\\ItemCollection\":3:{s:8:\"\0*\0items\";a:6:{s:2:\"id\";s:32:\"9e5e5f31b70b8814f559a64def834ac0\";s:4:\"name\";s:69:\"Chaqueta impermeable para hombre para acampar al aire libre y esquiar\";s:5:\"price\";d:100;s:8:\"quantity\";i:1;s:10:\"attributes\";O:41:\"Darryldecode\\Cart\\ItemAttributeCollection\":2:{s:8:\"\0*\0items\";a:6:{s:7:\"product\";O:32:\"Modules\\Product\\Entities\\Product\":35:{s:13:\"\0*\0connection\";s:5:\"mysql\";s:8:\"\0*\0table\";s:8:\"products\";s:13:\"\0*\0primaryKey\";s:2:\"id\";s:10:\"\0*\0keyType\";s:3:\"int\";s:12:\"incrementing\";b:1;s:7:\"\0*\0with\";a:1:{i:0;s:12:\"translations\";}s:12:\"\0*\0withCount\";a:0:{}s:19:\"preventsLazyLoading\";b:0;s:10:\"\0*\0perPage\";i:15;s:6:\"exists\";b:1;s:18:\"wasRecentlyCreated\";b:0;s:28:\"\0*\0escapeWhenCastingToString\";b:0;s:13:\"\0*\0attributes\";a:22:{s:2:\"id\";i:26;s:8:\"brand_id\";N;s:12:\"tax_class_id\";N;s:4:\"slug\";s:69:\"chaqueta-impermeable-para-hombre-para-acampar-al-aire-libre-y-esquiar\";s:5:\"price\";s:8:\"120.0000\";s:13:\"special_price\";s:8:\"100.0000\";s:18:\"special_price_type\";s:5:\"fixed\";s:19:\"special_price_start\";N;s:17:\"special_price_end\";s:10:\"2024-12-26\";s:13:\"selling_price\";s:8:\"100.0000\";s:3:\"sku\";N;s:12:\"manage_stock\";i:0;s:3:\"qty\";N;s:8:\"in_stock\";i:1;s:6:\"viewed\";i:7;s:9:\"is_active\";i:1;s:8:\"new_from\";N;s:6:\"new_to\";N;s:10:\"deleted_at\";N;s:10:\"created_at\";s:19:\"2024-12-19 07:39:00\";s:10:\"updated_at\";s:19:\"2024-12-19 09:43:19\";s:10:\"is_virtual\";i:0;}s:11:\"\0*\0original\";a:22:{s:2:\"id\";i:26;s:8:\"brand_id\";N;s:12:\"tax_class_id\";N;s:4:\"slug\";s:69:\"chaqueta-impermeable-para-hombre-para-acampar-al-aire-libre-y-esquiar\";s:5:\"price\";s:8:\"120.0000\";s:13:\"special_price\";s:8:\"100.0000\";s:18:\"special_price_type\";s:5:\"fixed\";s:19:\"special_price_start\";N;s:17:\"special_price_end\";s:10:\"2024-12-26\";s:13:\"selling_price\";s:8:\"100.0000\";s:3:\"sku\";N;s:12:\"manage_stock\";i:0;s:3:\"qty\";N;s:8:\"in_stock\";i:1;s:6:\"viewed\";i:7;s:9:\"is_active\";i:1;s:8:\"new_from\";N;s:6:\"new_to\";N;s:10:\"deleted_at\";N;s:10:\"created_at\";s:19:\"2024-12-19 07:39:00\";s:10:\"updated_at\";s:19:\"2024-12-19 09:43:19\";s:10:\"is_virtual\";i:0;}s:10:\"\0*\0changes\";a:0:{}s:8:\"\0*\0casts\";a:9:{s:10:\"is_virtual\";s:7:\"boolean\";s:9:\"is_active\";s:7:\"boolean\";s:19:\"special_price_start\";s:8:\"datetime\";s:17:\"special_price_end\";s:8:\"datetime\";s:8:\"new_from\";s:8:\"datetime\";s:6:\"new_to\";s:8:\"datetime\";s:10:\"start_date\";s:8:\"datetime\";s:8:\"end_date\";s:8:\"datetime\";s:10:\"deleted_at\";s:8:\"datetime\";}s:17:\"\0*\0classCastCache\";a:0:{}s:21:\"\0*\0attributeCastCache\";a:0:{}s:13:\"\0*\0dateFormat\";N;s:10:\"\0*\0appends\";a:13:{i:0;s:10:\"base_image\";i:1;s:17:\"additional_images\";i:2;s:5:\"media\";i:3;s:15:\"formatted_price\";i:4;s:21:\"formatted_price_range\";i:5;s:28:\"has_percentage_special_price\";i:6;s:21:\"special_price_percent\";i:7;s:14:\"rating_percent\";i:8;s:17:\"does_manage_stock\";i:9;s:11:\"is_in_stock\";i:10;s:15:\"is_out_of_stock\";i:11;s:6:\"is_new\";i:12;s:7:\"variant\";}s:19:\"\0*\0dispatchesEvents\";a:0:{}s:14:\"\0*\0observables\";a:0:{}s:12:\"\0*\0relations\";a:4:{s:12:\"translations\";O:39:\"Illuminate\\Database\\Eloquent\\Collection\":2:{s:8:\"\0*\0items\";a:1:{i:0;O:43:\"Modules\\Product\\Entities\\ProductTranslation\":30:{s:13:\"\0*\0connection\";s:5:\"mysql\";s:8:\"\0*\0table\";s:20:\"product_translations\";s:13:\"\0*\0primaryKey\";s:2:\"id\";s:10:\"\0*\0keyType\";s:3:\"int\";s:12:\"incrementing\";b:1;s:7:\"\0*\0with\";a:0:{}s:12:\"\0*\0withCount\";a:0:{}s:19:\"preventsLazyLoading\";b:0;s:10:\"\0*\0perPage\";i:15;s:6:\"exists\";b:1;s:18:\"wasRecentlyCreated\";b:0;s:28:\"\0*\0escapeWhenCastingToString\";b:0;s:13:\"\0*\0attributes\";a:6:{s:2:\"id\";i:26;s:10:\"product_id\";i:26;s:6:\"locale\";s:2:\"es\";s:4:\"name\";s:69:\"Chaqueta impermeable para hombre para acampar al aire libre y esquiar\";s:11:\"description\";s:5045:\"<div id=\"PicturePanel\" class=\"pp-c\">\n<h1 align=\"center\"><strong>Men\'s Winter Hooded Windproof Solid Long Sleeve Soft Coat Shell Jacket</strong></h1>\n<p align=\"center\">&nbsp;</p>\n<p align=\"center\">Please check the&nbsp;Size Chart&nbsp;before order. If you are not sure the size, please send message to us.</p>\n</div>\n<p align=\"center\"><img src=\"/storage/media/R07bNrPjKrPAREhv1jXO2hbLeG7RQwEhmAunr4LU.jpg\" loading=\"lazy\" /></p>\n<h2 align=\"left\"><img src=\"/storage/media/0grz5fQEhEYaFul5sA9rFsYhKhhQqviKvYV1FPIW.jpg\" loading=\"lazy\" /></h2>\n<p><span class=\"a-list-item\"><img src=\"/storage/media/ZsgmBeeg0zmDCYF81iUrquVexs2sZUu41x1orJ4k.jpeg\" alt=\"\" width=\"1024\" loading=\"lazy\" /></span></p>\n<p><img src=\"/storage/media/SqLNDtJyaI6vgWgIfU2aB5J1Hi800wq37OzbYXEs.jpg\" loading=\"lazy\" /></p>\n<p><span class=\"a-list-item\"><img src=\"/storage/media/XYsU0i0HGtpkPfSaFDDpb5i1bl4VCtPNAZK5Zrg9.jpeg\" alt=\"\" width=\"1024\" loading=\"lazy\" /></span></p>\n<p><img src=\"/storage/media/SHHxrZ7LpOVsU72rdD6hUpgqyfPekaEEf7bQPoLP.jpg\" loading=\"lazy\" /></p>\n<p><span class=\"a-list-item\"><img src=\"/storage/media/crFNW8CtCp3y3lRYwxj4pal1dFJ5uBkSfMW2aSnh.jpeg\" alt=\"\" width=\"1024\" loading=\"lazy\" /></span></p>\n<p><img src=\"/storage/media/2l8ww5IgvfqElW4lfKPytc2U0dOu1IMtTICPE3jS.jpg\" loading=\"lazy\" /></p>\n<p><span class=\"a-list-item\"><img src=\"/storage/media/S78AKGDnEkjCaiY6YdcufFO2fSA3tE9l1iZ8u189.jpeg\" alt=\"\" loading=\"lazy\" /></span></p>\n<p><img src=\"/storage/media/peQcCcJsVnXSlFGzkXRn5QmWlJ0nozCBUKlT8BnU.jpg\" loading=\"lazy\" /></p>\n<p><span class=\"a-list-item\"><img src=\"/storage/media/l8SDDnoxs7a8JyyOfoD5GIflzAeY1xXi2uhQg5oS.jpeg\" alt=\"\" width=\"1024\" loading=\"lazy\" /></span></p>\n<p>&nbsp;</p>\n<p><span class=\"a-list-item\"><img src=\"/storage/media/BCkBIYoMwKF1kPTr8tUFdYYAz5uuumx5ZKgVevtf.jpeg\" alt=\"\" width=\"1000\" loading=\"lazy\" /></span></p>\n<p>&nbsp;</p>\n<h2 align=\"left\"><span class=\"a-list-item\">Features:</span></h2>\n<p align=\"left\"><span class=\"a-list-item\">1.It is made of high quality materials,durable enought for your daily wearing</span></p>\n<p align=\"left\"><span class=\"a-list-item\">2.Stylish and fashion design make you more attractive,It contains elements of national style</span></p>\n<p align=\"left\"><span class=\"a-list-item\">3.Perfect Match with your favorite shorts,leggings, black slacks, denim jeans, etc</span></p>\n<p align=\"left\"><span class=\"a-list-item\">4.Great for Daily,Casual,I am sure you will like it!</span></p>\n<p align=\"left\"><span class=\"a-list-item\">5.100% Brand new and high quality.</span></p>\n<h2 align=\"left\">&nbsp;</h2>\n<h2 align=\"left\">Product information:</h2>\n<p align=\"left\">Season:Autumn,Winter</p>\n<p align=\"left\">Gender:Men</p>\n<p align=\"left\">Sport Type:Camping Hiking</p>\n<p align=\"left\">Occasion:Daily,Casual</p>\n<p align=\"left\">Material:Polyester</p>\n<p align=\"left\">Outerwear Type:Jackets</p>\n<p align=\"left\">Feature:Waterproof</p>\n<p align=\"left\">Material Technology:Gore-Tex</p>\n<p align=\"left\">Sleeve length:Long Sleeve</p>\n<p align=\"left\">collar:Hooded</p>\n<p align=\"left\">Fit:Fits ture to size</p>\n<p align=\"left\">Thickness:Standard</p>\n<p align=\"left\">How to wash:Hand wash Cold,Hang or Line Dry</p>\n<p data-spm-anchor-id=\"a2g0o.detail.1000023.i2.5680632aimCteZ\">What you get:1 PC Men Coat</p>\n<p data-spm-anchor-id=\"a2g0o.detail.1000023.i2.5680632aimCteZ\">&nbsp;</p>\n<p data-spm-anchor-id=\"a2g0o.detail.1000023.i2.5680632aimCteZ\">&nbsp;</p>\n<h2 data-spm-anchor-id=\"a2g0o.detail.1000023.i2.5680632aimCteZ\">Specifications:</h2>\n<ul class=\"product-specs-list util-clearfix\">\n<li class=\"product-prop line-limit-length\"><span class=\"property-title\">Brand Name:&nbsp;</span><span class=\"property-desc line-limit-length\" title=\"KLV\">KLV</span></li>\n<li class=\"product-prop line-limit-length\"><span class=\"property-title\">Gender:&nbsp;</span><span class=\"property-desc line-limit-length\" title=\"MEN\">MEN</span></li>\n<li class=\"product-prop line-limit-length\"><span class=\"property-title\">Material:&nbsp;</span><span class=\"property-desc line-limit-length\" title=\"Polyester\">Polyester</span></li>\n<li class=\"product-prop line-limit-length\"><span class=\"property-title\">Fit:&nbsp;</span><span class=\"property-desc line-limit-length\" title=\"Fits true to size, take your normal size\">Fits true to size, take your normal size</span></li>\n<li class=\"product-prop line-limit-length\"><span class=\"property-title\">Collar:&nbsp;</span><span class=\"property-desc line-limit-length\" title=\"Turn-down Collar\">Turn-down Collar</span></li>\n<li class=\"product-prop line-limit-length\"><span class=\"property-title\">Feature:&nbsp;</span><span class=\"property-desc line-limit-length\" title=\"Waterproof\">Waterproof</span></li>\n<li class=\"product-prop line-limit-length\"><span class=\"property-title\">Feature:&nbsp;</span><span class=\"property-desc line-limit-length\" title=\"Windproof\">Windproof</span></li>\n<li class=\"product-prop line-limit-length\" data-spm-anchor-id=\"a2g0o.detail.0.i9.5680632aimCteZ\"><span class=\"property-title\">Model Number:&nbsp;</span><span class=\"property-desc line-limit-length\" title=\"X93\">X93</span></li>\n</ul>\";s:17:\"short_description\";s:425:\"Características: 1. Está hecho de materiales de alta calidad, lo suficientemente duraderos para su uso diario 2. El diseño elegante y de moda te hace más atractivo, contiene elementos de estilo nacional 3. Combina perfectamente con tus pantalones cortos favoritos, leggings, pantalones negros, jeans de mezclilla, etc. 4. Ideal para uso diario, informal, ¡estoy seguro de que te gustará! 5.100% nuevo y de alta calidad.\";}s:11:\"\0*\0original\";a:6:{s:2:\"id\";i:26;s:10:\"product_id\";i:26;s:6:\"locale\";s:2:\"es\";s:4:\"name\";s:69:\"Chaqueta impermeable para hombre para acampar al aire libre y esquiar\";s:11:\"description\";s:5045:\"<div id=\"PicturePanel\" class=\"pp-c\">\n<h1 align=\"center\"><strong>Men\'s Winter Hooded Windproof Solid Long Sleeve Soft Coat Shell Jacket</strong></h1>\n<p align=\"center\">&nbsp;</p>\n<p align=\"center\">Please check the&nbsp;Size Chart&nbsp;before order. If you are not sure the size, please send message to us.</p>\n</div>\n<p align=\"center\"><img src=\"/storage/media/R07bNrPjKrPAREhv1jXO2hbLeG7RQwEhmAunr4LU.jpg\" loading=\"lazy\" /></p>\n<h2 align=\"left\"><img src=\"/storage/media/0grz5fQEhEYaFul5sA9rFsYhKhhQqviKvYV1FPIW.jpg\" loading=\"lazy\" /></h2>\n<p><span class=\"a-list-item\"><img src=\"/storage/media/ZsgmBeeg0zmDCYF81iUrquVexs2sZUu41x1orJ4k.jpeg\" alt=\"\" width=\"1024\" loading=\"lazy\" /></span></p>\n<p><img src=\"/storage/media/SqLNDtJyaI6vgWgIfU2aB5J1Hi800wq37OzbYXEs.jpg\" loading=\"lazy\" /></p>\n<p><span class=\"a-list-item\"><img src=\"/storage/media/XYsU0i0HGtpkPfSaFDDpb5i1bl4VCtPNAZK5Zrg9.jpeg\" alt=\"\" width=\"1024\" loading=\"lazy\" /></span></p>\n<p><img src=\"/storage/media/SHHxrZ7LpOVsU72rdD6hUpgqyfPekaEEf7bQPoLP.jpg\" loading=\"lazy\" /></p>\n<p><span class=\"a-list-item\"><img src=\"/storage/media/crFNW8CtCp3y3lRYwxj4pal1dFJ5uBkSfMW2aSnh.jpeg\" alt=\"\" width=\"1024\" loading=\"lazy\" /></span></p>\n<p><img src=\"/storage/media/2l8ww5IgvfqElW4lfKPytc2U0dOu1IMtTICPE3jS.jpg\" loading=\"lazy\" /></p>\n<p><span class=\"a-list-item\"><img src=\"/storage/media/S78AKGDnEkjCaiY6YdcufFO2fSA3tE9l1iZ8u189.jpeg\" alt=\"\" loading=\"lazy\" /></span></p>\n<p><img src=\"/storage/media/peQcCcJsVnXSlFGzkXRn5QmWlJ0nozCBUKlT8BnU.jpg\" loading=\"lazy\" /></p>\n<p><span class=\"a-list-item\"><img src=\"/storage/media/l8SDDnoxs7a8JyyOfoD5GIflzAeY1xXi2uhQg5oS.jpeg\" alt=\"\" width=\"1024\" loading=\"lazy\" /></span></p>\n<p>&nbsp;</p>\n<p><span class=\"a-list-item\"><img src=\"/storage/media/BCkBIYoMwKF1kPTr8tUFdYYAz5uuumx5ZKgVevtf.jpeg\" alt=\"\" width=\"1000\" loading=\"lazy\" /></span></p>\n<p>&nbsp;</p>\n<h2 align=\"left\"><span class=\"a-list-item\">Features:</span></h2>\n<p align=\"left\"><span class=\"a-list-item\">1.It is made of high quality materials,durable enought for your daily wearing</span></p>\n<p align=\"left\"><span class=\"a-list-item\">2.Stylish and fashion design make you more attractive,It contains elements of national style</span></p>\n<p align=\"left\"><span class=\"a-list-item\">3.Perfect Match with your favorite shorts,leggings, black slacks, denim jeans, etc</span></p>\n<p align=\"left\"><span class=\"a-list-item\">4.Great for Daily,Casual,I am sure you will like it!</span></p>\n<p align=\"left\"><span class=\"a-list-item\">5.100% Brand new and high quality.</span></p>\n<h2 align=\"left\">&nbsp;</h2>\n<h2 align=\"left\">Product information:</h2>\n<p align=\"left\">Season:Autumn,Winter</p>\n<p align=\"left\">Gender:Men</p>\n<p align=\"left\">Sport Type:Camping Hiking</p>\n<p align=\"left\">Occasion:Daily,Casual</p>\n<p align=\"left\">Material:Polyester</p>\n<p align=\"left\">Outerwear Type:Jackets</p>\n<p align=\"left\">Feature:Waterproof</p>\n<p align=\"left\">Material Technology:Gore-Tex</p>\n<p align=\"left\">Sleeve length:Long Sleeve</p>\n<p align=\"left\">collar:Hooded</p>\n<p align=\"left\">Fit:Fits ture to size</p>\n<p align=\"left\">Thickness:Standard</p>\n<p align=\"left\">How to wash:Hand wash Cold,Hang or Line Dry</p>\n<p data-spm-anchor-id=\"a2g0o.detail.1000023.i2.5680632aimCteZ\">What you get:1 PC Men Coat</p>\n<p data-spm-anchor-id=\"a2g0o.detail.1000023.i2.5680632aimCteZ\">&nbsp;</p>\n<p data-spm-anchor-id=\"a2g0o.detail.1000023.i2.5680632aimCteZ\">&nbsp;</p>\n<h2 data-spm-anchor-id=\"a2g0o.detail.1000023.i2.5680632aimCteZ\">Specifications:</h2>\n<ul class=\"product-specs-list util-clearfix\">\n<li class=\"product-prop line-limit-length\"><span class=\"property-title\">Brand Name:&nbsp;</span><span class=\"property-desc line-limit-length\" title=\"KLV\">KLV</span></li>\n<li class=\"product-prop line-limit-length\"><span class=\"property-title\">Gender:&nbsp;</span><span class=\"property-desc line-limit-length\" title=\"MEN\">MEN</span></li>\n<li class=\"product-prop line-limit-length\"><span class=\"property-title\">Material:&nbsp;</span><span class=\"property-desc line-limit-length\" title=\"Polyester\">Polyester</span></li>\n<li class=\"product-prop line-limit-length\"><span class=\"property-title\">Fit:&nbsp;</span><span class=\"property-desc line-limit-length\" title=\"Fits true to size, take your normal size\">Fits true to size, take your normal size</span></li>\n<li class=\"product-prop line-limit-length\"><span class=\"property-title\">Collar:&nbsp;</span><span class=\"property-desc line-limit-length\" title=\"Turn-down Collar\">Turn-down Collar</span></li>\n<li class=\"product-prop line-limit-length\"><span class=\"property-title\">Feature:&nbsp;</span><span class=\"property-desc line-limit-length\" title=\"Waterproof\">Waterproof</span></li>\n<li class=\"product-prop line-limit-length\"><span class=\"property-title\">Feature:&nbsp;</span><span class=\"property-desc line-limit-length\" title=\"Windproof\">Windproof</span></li>\n<li class=\"product-prop line-limit-length\" data-spm-anchor-id=\"a2g0o.detail.0.i9.5680632aimCteZ\"><span class=\"property-title\">Model Number:&nbsp;</span><span class=\"property-desc line-limit-length\" title=\"X93\">X93</span></li>\n</ul>\";s:17:\"short_description\";s:425:\"Características: 1. Está hecho de materiales de alta calidad, lo suficientemente duraderos para su uso diario 2. El diseño elegante y de moda te hace más atractivo, contiene elementos de estilo nacional 3. Combina perfectamente con tus pantalones cortos favoritos, leggings, pantalones negros, jeans de mezclilla, etc. 4. Ideal para uso diario, informal, ¡estoy seguro de que te gustará! 5.100% nuevo y de alta calidad.\";}s:10:\"\0*\0changes\";a:0:{}s:8:\"\0*\0casts\";a:0:{}s:17:\"\0*\0classCastCache\";a:0:{}s:21:\"\0*\0attributeCastCache\";a:0:{}s:13:\"\0*\0dateFormat\";N;s:10:\"\0*\0appends\";a:0:{}s:19:\"\0*\0dispatchesEvents\";a:0:{}s:14:\"\0*\0observables\";a:0:{}s:12:\"\0*\0relations\";a:0:{}s:10:\"\0*\0touches\";a:0:{}s:10:\"timestamps\";b:0;s:13:\"usesUniqueIds\";b:0;s:9:\"\0*\0hidden\";a:0:{}s:10:\"\0*\0visible\";a:0:{}s:11:\"\0*\0fillable\";a:3:{i:0;s:4:\"name\";i:1;s:11:\"description\";i:2;s:17:\"short_description\";}s:10:\"\0*\0guarded\";a:1:{i:0;s:1:\"*\";}}}s:28:\"\0*\0escapeWhenCastingToString\";b:0;}s:5:\"files\";O:39:\"Illuminate\\Database\\Eloquent\\Collection\":2:{s:8:\"\0*\0items\";a:6:{i:0;O:27:\"Modules\\Media\\Entities\\File\":30:{s:13:\"\0*\0connection\";s:5:\"mysql\";s:8:\"\0*\0table\";s:5:\"files\";s:13:\"\0*\0primaryKey\";s:2:\"id\";s:10:\"\0*\0keyType\";s:3:\"int\";s:12:\"incrementing\";b:1;s:7:\"\0*\0with\";a:0:{}s:12:\"\0*\0withCount\";a:0:{}s:19:\"preventsLazyLoading\";b:0;s:10:\"\0*\0perPage\";i:15;s:6:\"exists\";b:1;s:18:\"wasRecentlyCreated\";b:0;s:28:\"\0*\0escapeWhenCastingToString\";b:0;s:13:\"\0*\0attributes\";a:10:{s:2:\"id\";i:282;s:7:\"user_id\";i:1;s:8:\"filename\";s:45:\"SyMOtxislbFiVcjobzA4QQhC8kfwXefQoFI7JakA.jpeg\";s:4:\"disk\";s:14:\"public_storage\";s:4:\"path\";s:50:\"media/xBoH8MNuSO9P0sW9g8Zy0kNQHIdt7M8N0HQiGUOM.jpg\";s:9:\"extension\";s:3:\"jpg\";s:4:\"mime\";s:10:\"image/jpeg\";s:4:\"size\";s:5:\"93804\";s:10:\"created_at\";s:19:\"2024-12-19 07:35:58\";s:10:\"updated_at\";s:19:\"2024-12-19 07:35:58\";}s:11:\"\0*\0original\";a:17:{s:2:\"id\";i:282;s:7:\"user_id\";i:1;s:8:\"filename\";s:45:\"SyMOtxislbFiVcjobzA4QQhC8kfwXefQoFI7JakA.jpeg\";s:4:\"disk\";s:14:\"public_storage\";s:4:\"path\";s:50:\"media/xBoH8MNuSO9P0sW9g8Zy0kNQHIdt7M8N0HQiGUOM.jpg\";s:9:\"extension\";s:3:\"jpg\";s:4:\"mime\";s:10:\"image/jpeg\";s:4:\"size\";s:5:\"93804\";s:10:\"created_at\";s:19:\"2024-12-19 07:35:58\";s:10:\"updated_at\";s:19:\"2024-12-19 07:35:58\";s:15:\"pivot_entity_id\";i:26;s:13:\"pivot_file_id\";i:282;s:17:\"pivot_entity_type\";s:32:\"Modules\\Product\\Entities\\Product\";s:8:\"pivot_id\";i:710;s:10:\"pivot_zone\";s:10:\"base_image\";s:16:\"pivot_created_at\";s:19:\"2024-12-19 09:43:19\";s:16:\"pivot_updated_at\";s:19:\"2024-12-19 09:43:19\";}s:10:\"\0*\0changes\";a:0:{}s:8:\"\0*\0casts\";a:0:{}s:17:\"\0*\0classCastCache\";a:0:{}s:21:\"\0*\0attributeCastCache\";a:0:{}s:13:\"\0*\0dateFormat\";N;s:10:\"\0*\0appends\";a:0:{}s:19:\"\0*\0dispatchesEvents\";a:0:{}s:14:\"\0*\0observables\";a:0:{}s:12:\"\0*\0relations\";a:1:{s:5:\"pivot\";O:49:\"Illuminate\\Database\\Eloquent\\Relations\\MorphPivot\":35:{s:13:\"\0*\0connection\";N;s:8:\"\0*\0table\";s:12:\"entity_files\";s:13:\"\0*\0primaryKey\";s:2:\"id\";s:10:\"\0*\0keyType\";s:3:\"int\";s:12:\"incrementing\";b:0;s:7:\"\0*\0with\";a:0:{}s:12:\"\0*\0withCount\";a:0:{}s:19:\"preventsLazyLoading\";b:0;s:10:\"\0*\0perPage\";i:15;s:6:\"exists\";b:1;s:18:\"wasRecentlyCreated\";b:0;s:28:\"\0*\0escapeWhenCastingToString\";b:0;s:13:\"\0*\0attributes\";a:7:{s:11:\"entity_type\";s:32:\"Modules\\Product\\Entities\\Product\";s:9:\"entity_id\";i:26;s:7:\"file_id\";i:282;s:2:\"id\";i:710;s:4:\"zone\";s:10:\"base_image\";s:10:\"created_at\";s:19:\"2024-12-19 09:43:19\";s:10:\"updated_at\";s:19:\"2024-12-19 09:43:19\";}s:11:\"\0*\0original\";a:7:{s:11:\"entity_type\";s:32:\"Modules\\Product\\Entities\\Product\";s:9:\"entity_id\";i:26;s:7:\"file_id\";i:282;s:2:\"id\";i:710;s:4:\"zone\";s:10:\"base_image\";s:10:\"created_at\";s:19:\"2024-12-19 09:43:19\";s:10:\"updated_at\";s:19:\"2024-12-19 09:43:19\";}s:10:\"\0*\0changes\";a:0:{}s:8:\"\0*\0casts\";a:0:{}s:17:\"\0*\0classCastCache\";a:0:{}s:21:\"\0*\0attributeCastCache\";a:0:{}s:13:\"\0*\0dateFormat\";N;s:10:\"\0*\0appends\";a:0:{}s:19:\"\0*\0dispatchesEvents\";a:0:{}s:14:\"\0*\0observables\";a:0:{}s:12:\"\0*\0relations\";a:0:{}s:10:\"\0*\0touches\";a:0:{}s:10:\"timestamps\";b:1;s:13:\"usesUniqueIds\";b:0;s:9:\"\0*\0hidden\";a:0:{}s:10:\"\0*\0visible\";a:0:{}s:11:\"\0*\0fillable\";a:0:{}s:10:\"\0*\0guarded\";a:0:{}s:11:\"pivotParent\";O:32:\"Modules\\Product\\Entities\\Product\":35:{s:13:\"\0*\0connection\";N;s:8:\"\0*\0table\";s:8:\"products\";s:13:\"\0*\0primaryKey\";s:2:\"id\";s:10:\"\0*\0keyType\";s:3:\"int\";s:12:\"incrementing\";b:1;s:7:\"\0*\0with\";a:1:{i:0;s:12:\"translations\";}s:12:\"\0*\0withCount\";a:0:{}s:19:\"preventsLazyLoading\";b:0;s:10:\"\0*\0perPage\";i:15;s:6:\"exists\";b:0;s:18:\"wasRecentlyCreated\";b:0;s:28:\"\0*\0escapeWhenCastingToString\";b:0;s:13:\"\0*\0attributes\";a:0:{}s:11:\"\0*\0original\";a:0:{}s:10:\"\0*\0changes\";a:0:{}s:8:\"\0*\0casts\";a:9:{s:10:\"is_virtual\";s:7:\"boolean\";s:9:\"is_active\";s:7:\"boolean\";s:19:\"special_price_start\";s:8:\"datetime\";s:17:\"special_price_end\";s:8:\"datetime\";s:8:\"new_from\";s:8:\"datetime\";s:6:\"new_to\";s:8:\"datetime\";s:10:\"start_date\";s:8:\"datetime\";s:8:\"end_date\";s:8:\"datetime\";s:10:\"deleted_at\";s:8:\"datetime\";}s:17:\"\0*\0classCastCache\";a:0:{}s:21:\"\0*\0attributeCastCache\";a:0:{}s:13:\"\0*\0dateFormat\";N;s:10:\"\0*\0appends\";a:13:{i:0;s:10:\"base_image\";i:1;s:17:\"additional_images\";i:2;s:5:\"media\";i:3;s:15:\"formatted_price\";i:4;s:21:\"formatted_price_range\";i:5;s:28:\"has_percentage_special_price\";i:6;s:21:\"special_price_percent\";i:7;s:14:\"rating_percent\";i:8;s:17:\"does_manage_stock\";i:9;s:11:\"is_in_stock\";i:10;s:15:\"is_out_of_stock\";i:11;s:6:\"is_new\";i:12;s:7:\"variant\";}s:19:\"\0*\0dispatchesEvents\";a:0:{}s:14:\"\0*\0observables\";a:0:{}s:12:\"\0*\0relations\";a:0:{}s:10:\"\0*\0touches\";a:0:{}s:10:\"timestamps\";b:1;s:13:\"usesUniqueIds\";b:0;s:9:\"\0*\0hidden\";a:0:{}s:10:\"\0*\0visible\";a:0:{}s:11:\"\0*\0fillable\";a:17:{i:0;s:8:\"brand_id\";i:1;s:12:\"tax_class_id\";i:2;s:4:\"slug\";i:3;s:3:\"sku\";i:4;s:5:\"price\";i:5;s:13:\"special_price\";i:6;s:18:\"special_price_type\";i:7;s:19:\"special_price_start\";i:8;s:17:\"special_price_end\";i:9;s:13:\"selling_price\";i:10;s:12:\"manage_stock\";i:11;s:3:\"qty\";i:12;s:8:\"in_stock\";i:13;s:10:\"is_virtual\";i:14;s:9:\"is_active\";i:15;s:8:\"new_from\";i:16;s:6:\"new_to\";}s:10:\"\0*\0guarded\";a:1:{i:0;s:1:\"*\";}s:23:\"\0*\0translatedAttributes\";a:3:{i:0;s:4:\"name\";i:1;s:11:\"description\";i:2;s:17:\"short_description\";}s:16:\"\0*\0slugAttribute\";s:4:\"name\";s:16:\"\0*\0defaultLocale\";N;s:16:\"\0*\0scoutMetadata\";a:0:{}s:16:\"\0*\0forceDeleting\";b:0;}s:13:\"\0*\0foreignKey\";s:9:\"entity_id\";s:13:\"\0*\0relatedKey\";s:7:\"file_id\";s:12:\"\0*\0morphType\";s:11:\"entity_type\";s:13:\"\0*\0morphClass\";s:32:\"Modules\\Product\\Entities\\Product\";}}s:10:\"\0*\0touches\";a:0:{}s:10:\"timestamps\";b:1;s:13:\"usesUniqueIds\";b:0;s:9:\"\0*\0hidden\";a:0:{}s:10:\"\0*\0visible\";a:3:{i:0;s:2:\"id\";i:1;s:8:\"filename\";i:2;s:4:\"path\";}s:11:\"\0*\0fillable\";a:0:{}s:10:\"\0*\0guarded\";a:0:{}}i:1;O:27:\"Modules\\Media\\Entities\\File\":30:{s:13:\"\0*\0connection\";s:5:\"mysql\";s:8:\"\0*\0table\";s:5:\"files\";s:13:\"\0*\0primaryKey\";s:2:\"id\";s:10:\"\0*\0keyType\";s:3:\"int\";s:12:\"incrementing\";b:1;s:7:\"\0*\0with\";a:0:{}s:12:\"\0*\0withCount\";a:0:{}s:19:\"preventsLazyLoading\";b:0;s:10:\"\0*\0perPage\";i:15;s:6:\"exists\";b:1;s:18:\"wasRecentlyCreated\";b:0;s:28:\"\0*\0escapeWhenCastingToString\";b:0;s:13:\"\0*\0attributes\";a:10:{s:2:\"id\";i:280;s:7:\"user_id\";i:1;s:8:\"filename\";s:45:\"N0EGTcVa5bSdGhmGoES8SCrK68ms2EuFb54MRMai.jpeg\";s:4:\"disk\";s:14:\"public_storage\";s:4:\"path\";s:50:\"media/4n9UiY4vaYsYdOqLvbTqTAqZlxRbu6buDCXa4JtD.jpg\";s:9:\"extension\";s:3:\"jpg\";s:4:\"mime\";s:10:\"image/jpeg\";s:4:\"size\";s:6:\"111516\";s:10:\"created_at\";s:19:\"2024-12-19 07:35:57\";s:10:\"updated_at\";s:19:\"2024-12-19 07:35:57\";}s:11:\"\0*\0original\";a:17:{s:2:\"id\";i:280;s:7:\"user_id\";i:1;s:8:\"filename\";s:45:\"N0EGTcVa5bSdGhmGoES8SCrK68ms2EuFb54MRMai.jpeg\";s:4:\"disk\";s:14:\"public_storage\";s:4:\"path\";s:50:\"media/4n9UiY4vaYsYdOqLvbTqTAqZlxRbu6buDCXa4JtD.jpg\";s:9:\"extension\";s:3:\"jpg\";s:4:\"mime\";s:10:\"image/jpeg\";s:4:\"size\";s:6:\"111516\";s:10:\"created_at\";s:19:\"2024-12-19 07:35:57\";s:10:\"updated_at\";s:19:\"2024-12-19 07:35:57\";s:15:\"pivot_entity_id\";i:26;s:13:\"pivot_file_id\";i:280;s:17:\"pivot_entity_type\";s:32:\"Modules\\Product\\Entities\\Product\";s:8:\"pivot_id\";i:711;s:10:\"pivot_zone\";s:17:\"additional_images\";s:16:\"pivot_created_at\";s:19:\"2024-12-19 09:43:19\";s:16:\"pivot_updated_at\";s:19:\"2024-12-19 09:43:19\";}s:10:\"\0*\0changes\";a:0:{}s:8:\"\0*\0casts\";a:0:{}s:17:\"\0*\0classCastCache\";a:0:{}s:21:\"\0*\0attributeCastCache\";a:0:{}s:13:\"\0*\0dateFormat\";N;s:10:\"\0*\0appends\";a:0:{}s:19:\"\0*\0dispatchesEvents\";a:0:{}s:14:\"\0*\0observables\";a:0:{}s:12:\"\0*\0relations\";a:1:{s:5:\"pivot\";O:49:\"Illuminate\\Database\\Eloquent\\Relations\\MorphPivot\":35:{s:13:\"\0*\0connection\";N;s:8:\"\0*\0table\";s:12:\"entity_files\";s:13:\"\0*\0primaryKey\";s:2:\"id\";s:10:\"\0*\0keyType\";s:3:\"int\";s:12:\"incrementing\";b:0;s:7:\"\0*\0with\";a:0:{}s:12:\"\0*\0withCount\";a:0:{}s:19:\"preventsLazyLoading\";b:0;s:10:\"\0*\0perPage\";i:15;s:6:\"exists\";b:1;s:18:\"wasRecentlyCreated\";b:0;s:28:\"\0*\0escapeWhenCastingToString\";b:0;s:13:\"\0*\0attributes\";a:7:{s:11:\"entity_type\";s:32:\"Modules\\Product\\Entities\\Product\";s:9:\"entity_id\";i:26;s:7:\"file_id\";i:280;s:2:\"id\";i:711;s:4:\"zone\";s:17:\"additional_images\";s:10:\"created_at\";s:19:\"2024-12-19 09:43:19\";s:10:\"updated_at\";s:19:\"2024-12-19 09:43:19\";}s:11:\"\0*\0original\";a:7:{s:11:\"entity_type\";s:32:\"Modules\\Product\\Entities\\Product\";s:9:\"entity_id\";i:26;s:7:\"file_id\";i:280;s:2:\"id\";i:711;s:4:\"zone\";s:17:\"additional_images\";s:10:\"created_at\";s:19:\"2024-12-19 09:43:19\";s:10:\"updated_at\";s:19:\"2024-12-19 09:43:19\";}s:10:\"\0*\0changes\";a:0:{}s:8:\"\0*\0casts\";a:0:{}s:17:\"\0*\0classCastCache\";a:0:{}s:21:\"\0*\0attributeCastCache\";a:0:{}s:13:\"\0*\0dateFormat\";N;s:10:\"\0*\0appends\";a:0:{}s:19:\"\0*\0dispatchesEvents\";a:0:{}s:14:\"\0*\0observables\";a:0:{}s:12:\"\0*\0relations\";a:0:{}s:10:\"\0*\0touches\";a:0:{}s:10:\"timestamps\";b:1;s:13:\"usesUniqueIds\";b:0;s:9:\"\0*\0hidden\";a:0:{}s:10:\"\0*\0visible\";a:0:{}s:11:\"\0*\0fillable\";a:0:{}s:10:\"\0*\0guarded\";a:0:{}s:11:\"pivotParent\";r:1361;s:13:\"\0*\0foreignKey\";s:9:\"entity_id\";s:13:\"\0*\0relatedKey\";s:7:\"file_id\";s:12:\"\0*\0morphType\";s:11:\"entity_type\";s:13:\"\0*\0morphClass\";s:32:\"Modules\\Product\\Entities\\Product\";}}s:10:\"\0*\0touches\";a:0:{}s:10:\"timestamps\";b:1;s:13:\"usesUniqueIds\";b:0;s:9:\"\0*\0hidden\";a:0:{}s:10:\"\0*\0visible\";a:3:{i:0;s:2:\"id\";i:1;s:8:\"filename\";i:2;s:4:\"path\";}s:11:\"\0*\0fillable\";a:0:{}s:10:\"\0*\0guarded\";a:0:{}}i:2;O:27:\"Modules\\Media\\Entities\\File\":30:{s:13:\"\0*\0connection\";s:5:\"mysql\";s:8:\"\0*\0table\";s:5:\"files\";s:13:\"\0*\0primaryKey\";s:2:\"id\";s:10:\"\0*\0keyType\";s:3:\"int\";s:12:\"incrementing\";b:1;s:7:\"\0*\0with\";a:0:{}s:12:\"\0*\0withCount\";a:0:{}s:19:\"preventsLazyLoading\";b:0;s:10:\"\0*\0perPage\";i:15;s:6:\"exists\";b:1;s:18:\"wasRecentlyCreated\";b:0;s:28:\"\0*\0escapeWhenCastingToString\";b:0;s:13:\"\0*\0attributes\";a:10:{s:2:\"id\";i:277;s:7:\"user_id\";i:1;s:8:\"filename\";s:45:\"8j1xm9CnJ3ZtqtBisByDkx08evyspPTIFLC9VrVH.jpeg\";s:4:\"disk\";s:14:\"public_storage\";s:4:\"path\";s:50:\"media/Bj1YS7PmXhvCryc8X6aH7uCRHzOWJyN2nSt8QdlU.jpg\";s:9:\"extension\";s:3:\"jpg\";s:4:\"mime\";s:10:\"image/jpeg\";s:4:\"size\";s:5:\"70221\";s:10:\"created_at\";s:19:\"2024-12-19 07:35:56\";s:10:\"updated_at\";s:19:\"2024-12-19 07:35:56\";}s:11:\"\0*\0original\";a:17:{s:2:\"id\";i:277;s:7:\"user_id\";i:1;s:8:\"filename\";s:45:\"8j1xm9CnJ3ZtqtBisByDkx08evyspPTIFLC9VrVH.jpeg\";s:4:\"disk\";s:14:\"public_storage\";s:4:\"path\";s:50:\"media/Bj1YS7PmXhvCryc8X6aH7uCRHzOWJyN2nSt8QdlU.jpg\";s:9:\"extension\";s:3:\"jpg\";s:4:\"mime\";s:10:\"image/jpeg\";s:4:\"size\";s:5:\"70221\";s:10:\"created_at\";s:19:\"2024-12-19 07:35:56\";s:10:\"updated_at\";s:19:\"2024-12-19 07:35:56\";s:15:\"pivot_entity_id\";i:26;s:13:\"pivot_file_id\";i:277;s:17:\"pivot_entity_type\";s:32:\"Modules\\Product\\Entities\\Product\";s:8:\"pivot_id\";i:712;s:10:\"pivot_zone\";s:17:\"additional_images\";s:16:\"pivot_created_at\";s:19:\"2024-12-19 09:43:19\";s:16:\"pivot_updated_at\";s:19:\"2024-12-19 09:43:19\";}s:10:\"\0*\0changes\";a:0:{}s:8:\"\0*\0casts\";a:0:{}s:17:\"\0*\0classCastCache\";a:0:{}s:21:\"\0*\0attributeCastCache\";a:0:{}s:13:\"\0*\0dateFormat\";N;s:10:\"\0*\0appends\";a:0:{}s:19:\"\0*\0dispatchesEvents\";a:0:{}s:14:\"\0*\0observables\";a:0:{}s:12:\"\0*\0relations\";a:1:{s:5:\"pivot\";O:49:\"Illuminate\\Database\\Eloquent\\Relations\\MorphPivot\":35:{s:13:\"\0*\0connection\";N;s:8:\"\0*\0table\";s:12:\"entity_files\";s:13:\"\0*\0primaryKey\";s:2:\"id\";s:10:\"\0*\0keyType\";s:3:\"int\";s:12:\"incrementing\";b:0;s:7:\"\0*\0with\";a:0:{}s:12:\"\0*\0withCount\";a:0:{}s:19:\"preventsLazyLoading\";b:0;s:10:\"\0*\0perPage\";i:15;s:6:\"exists\";b:1;s:18:\"wasRecentlyCreated\";b:0;s:28:\"\0*\0escapeWhenCastingToString\";b:0;s:13:\"\0*\0attributes\";a:7:{s:11:\"entity_type\";s:32:\"Modules\\Product\\Entities\\Product\";s:9:\"entity_id\";i:26;s:7:\"file_id\";i:277;s:2:\"id\";i:712;s:4:\"zone\";s:17:\"additional_images\";s:10:\"created_at\";s:19:\"2024-12-19 09:43:19\";s:10:\"updated_at\";s:19:\"2024-12-19 09:43:19\";}s:11:\"\0*\0original\";a:7:{s:11:\"entity_type\";s:32:\"Modules\\Product\\Entities\\Product\";s:9:\"entity_id\";i:26;s:7:\"file_id\";i:277;s:2:\"id\";i:712;s:4:\"zone\";s:17:\"additional_images\";s:10:\"created_at\";s:19:\"2024-12-19 09:43:19\";s:10:\"updated_at\";s:19:\"2024-12-19 09:43:19\";}s:10:\"\0*\0changes\";a:0:{}s:8:\"\0*\0casts\";a:0:{}s:17:\"\0*\0classCastCache\";a:0:{}s:21:\"\0*\0attributeCastCache\";a:0:{}s:13:\"\0*\0dateFormat\";N;s:10:\"\0*\0appends\";a:0:{}s:19:\"\0*\0dispatchesEvents\";a:0:{}s:14:\"\0*\0observables\";a:0:{}s:12:\"\0*\0relations\";a:0:{}s:10:\"\0*\0touches\";a:0:{}s:10:\"timestamps\";b:1;s:13:\"usesUniqueIds\";b:0;s:9:\"\0*\0hidden\";a:0:{}s:10:\"\0*\0visible\";a:0:{}s:11:\"\0*\0fillable\";a:0:{}s:10:\"\0*\0guarded\";a:0:{}s:11:\"pivotParent\";r:1361;s:13:\"\0*\0foreignKey\";s:9:\"entity_id\";s:13:\"\0*\0relatedKey\";s:7:\"file_id\";s:12:\"\0*\0morphType\";s:11:\"entity_type\";s:13:\"\0*\0morphClass\";s:32:\"Modules\\Product\\Entities\\Product\";}}s:10:\"\0*\0touches\";a:0:{}s:10:\"timestamps\";b:1;s:13:\"usesUniqueIds\";b:0;s:9:\"\0*\0hidden\";a:0:{}s:10:\"\0*\0visible\";a:3:{i:0;s:2:\"id\";i:1;s:8:\"filename\";i:2;s:4:\"path\";}s:11:\"\0*\0fillable\";a:0:{}s:10:\"\0*\0guarded\";a:0:{}}i:3;O:27:\"Modules\\Media\\Entities\\File\":30:{s:13:\"\0*\0connection\";s:5:\"mysql\";s:8:\"\0*\0table\";s:5:\"files\";s:13:\"\0*\0primaryKey\";s:2:\"id\";s:10:\"\0*\0keyType\";s:3:\"int\";s:12:\"incrementing\";b:1;s:7:\"\0*\0with\";a:0:{}s:12:\"\0*\0withCount\";a:0:{}s:19:\"preventsLazyLoading\";b:0;s:10:\"\0*\0perPage\";i:15;s:6:\"exists\";b:1;s:18:\"wasRecentlyCreated\";b:0;s:28:\"\0*\0escapeWhenCastingToString\";b:0;s:13:\"\0*\0attributes\";a:10:{s:2:\"id\";i:279;s:7:\"user_id\";i:1;s:8:\"filename\";s:45:\"GcP1rMDcwQr7ZFrlITgq6qflXUYhqJw4zBSg9w3t.jpeg\";s:4:\"disk\";s:14:\"public_storage\";s:4:\"path\";s:50:\"media/HGq4ywjWb0yJX8SxVkDa1muko3is9m0Q78dTxC44.jpg\";s:9:\"extension\";s:3:\"jpg\";s:4:\"mime\";s:10:\"image/jpeg\";s:4:\"size\";s:6:\"164079\";s:10:\"created_at\";s:19:\"2024-12-19 07:35:57\";s:10:\"updated_at\";s:19:\"2024-12-19 07:35:57\";}s:11:\"\0*\0original\";a:17:{s:2:\"id\";i:279;s:7:\"user_id\";i:1;s:8:\"filename\";s:45:\"GcP1rMDcwQr7ZFrlITgq6qflXUYhqJw4zBSg9w3t.jpeg\";s:4:\"disk\";s:14:\"public_storage\";s:4:\"path\";s:50:\"media/HGq4ywjWb0yJX8SxVkDa1muko3is9m0Q78dTxC44.jpg\";s:9:\"extension\";s:3:\"jpg\";s:4:\"mime\";s:10:\"image/jpeg\";s:4:\"size\";s:6:\"164079\";s:10:\"created_at\";s:19:\"2024-12-19 07:35:57\";s:10:\"updated_at\";s:19:\"2024-12-19 07:35:57\";s:15:\"pivot_entity_id\";i:26;s:13:\"pivot_file_id\";i:279;s:17:\"pivot_entity_type\";s:32:\"Modules\\Product\\Entities\\Product\";s:8:\"pivot_id\";i:713;s:10:\"pivot_zone\";s:17:\"additional_images\";s:16:\"pivot_created_at\";s:19:\"2024-12-19 09:43:19\";s:16:\"pivot_updated_at\";s:19:\"2024-12-19 09:43:19\";}s:10:\"\0*\0changes\";a:0:{}s:8:\"\0*\0casts\";a:0:{}s:17:\"\0*\0classCastCache\";a:0:{}s:21:\"\0*\0attributeCastCache\";a:0:{}s:13:\"\0*\0dateFormat\";N;s:10:\"\0*\0appends\";a:0:{}s:19:\"\0*\0dispatchesEvents\";a:0:{}s:14:\"\0*\0observables\";a:0:{}s:12:\"\0*\0relations\";a:1:{s:5:\"pivot\";O:49:\"Illuminate\\Database\\Eloquent\\Relations\\MorphPivot\":35:{s:13:\"\0*\0connection\";N;s:8:\"\0*\0table\";s:12:\"entity_files\";s:13:\"\0*\0primaryKey\";s:2:\"id\";s:10:\"\0*\0keyType\";s:3:\"int\";s:12:\"incrementing\";b:0;s:7:\"\0*\0with\";a:0:{}s:12:\"\0*\0withCount\";a:0:{}s:19:\"preventsLazyLoading\";b:0;s:10:\"\0*\0perPage\";i:15;s:6:\"exists\";b:1;s:18:\"wasRecentlyCreated\";b:0;s:28:\"\0*\0escapeWhenCastingToString\";b:0;s:13:\"\0*\0attributes\";a:7:{s:11:\"entity_type\";s:32:\"Modules\\Product\\Entities\\Product\";s:9:\"entity_id\";i:26;s:7:\"file_id\";i:279;s:2:\"id\";i:713;s:4:\"zone\";s:17:\"additional_images\";s:10:\"created_at\";s:19:\"2024-12-19 09:43:19\";s:10:\"updated_at\";s:19:\"2024-12-19 09:43:19\";}s:11:\"\0*\0original\";a:7:{s:11:\"entity_type\";s:32:\"Modules\\Product\\Entities\\Product\";s:9:\"entity_id\";i:26;s:7:\"file_id\";i:279;s:2:\"id\";i:713;s:4:\"zone\";s:17:\"additional_images\";s:10:\"created_at\";s:19:\"2024-12-19 09:43:19\";s:10:\"updated_at\";s:19:\"2024-12-19 09:43:19\";}s:10:\"\0*\0changes\";a:0:{}s:8:\"\0*\0casts\";a:0:{}s:17:\"\0*\0classCastCache\";a:0:{}s:21:\"\0*\0attributeCastCache\";a:0:{}s:13:\"\0*\0dateFormat\";N;s:10:\"\0*\0appends\";a:0:{}s:19:\"\0*\0dispatchesEvents\";a:0:{}s:14:\"\0*\0observables\";a:0:{}s:12:\"\0*\0relations\";a:0:{}s:10:\"\0*\0touches\";a:0:{}s:10:\"timestamps\";b:1;s:13:\"usesUniqueIds\";b:0;s:9:\"\0*\0hidden\";a:0:{}s:10:\"\0*\0visible\";a:0:{}s:11:\"\0*\0fillable\";a:0:{}s:10:\"\0*\0guarded\";a:0:{}s:11:\"pivotParent\";r:1361;s:13:\"\0*\0foreignKey\";s:9:\"entity_id\";s:13:\"\0*\0relatedKey\";s:7:\"file_id\";s:12:\"\0*\0morphType\";s:11:\"entity_type\";s:13:\"\0*\0morphClass\";s:32:\"Modules\\Product\\Entities\\Product\";}}s:10:\"\0*\0touches\";a:0:{}s:10:\"timestamps\";b:1;s:13:\"usesUniqueIds\";b:0;s:9:\"\0*\0hidden\";a:0:{}s:10:\"\0*\0visible\";a:3:{i:0;s:2:\"id\";i:1;s:8:\"filename\";i:2;s:4:\"path\";}s:11:\"\0*\0fillable\";a:0:{}s:10:\"\0*\0guarded\";a:0:{}}i:4;O:27:\"Modules\\Media\\Entities\\File\":30:{s:13:\"\0*\0connection\";s:5:\"mysql\";s:8:\"\0*\0table\";s:5:\"files\";s:13:\"\0*\0primaryKey\";s:2:\"id\";s:10:\"\0*\0keyType\";s:3:\"int\";s:12:\"incrementing\";b:1;s:7:\"\0*\0with\";a:0:{}s:12:\"\0*\0withCount\";a:0:{}s:19:\"preventsLazyLoading\";b:0;s:10:\"\0*\0perPage\";i:15;s:6:\"exists\";b:1;s:18:\"wasRecentlyCreated\";b:0;s:28:\"\0*\0escapeWhenCastingToString\";b:0;s:13:\"\0*\0attributes\";a:10:{s:2:\"id\";i:283;s:7:\"user_id\";i:1;s:8:\"filename\";s:45:\"ziT8ehWy4pdnMElOf7HeHKB70STkQ7SXvdiaUpAE.jpeg\";s:4:\"disk\";s:14:\"public_storage\";s:4:\"path\";s:50:\"media/IseLC9wWMYmSklO9j662nsm58ldiEUE7soHwRsNu.jpg\";s:9:\"extension\";s:3:\"jpg\";s:4:\"mime\";s:10:\"image/jpeg\";s:4:\"size\";s:6:\"202748\";s:10:\"created_at\";s:19:\"2024-12-19 07:35:58\";s:10:\"updated_at\";s:19:\"2024-12-19 07:35:58\";}s:11:\"\0*\0original\";a:17:{s:2:\"id\";i:283;s:7:\"user_id\";i:1;s:8:\"filename\";s:45:\"ziT8ehWy4pdnMElOf7HeHKB70STkQ7SXvdiaUpAE.jpeg\";s:4:\"disk\";s:14:\"public_storage\";s:4:\"path\";s:50:\"media/IseLC9wWMYmSklO9j662nsm58ldiEUE7soHwRsNu.jpg\";s:9:\"extension\";s:3:\"jpg\";s:4:\"mime\";s:10:\"image/jpeg\";s:4:\"size\";s:6:\"202748\";s:10:\"created_at\";s:19:\"2024-12-19 07:35:58\";s:10:\"updated_at\";s:19:\"2024-12-19 07:35:58\";s:15:\"pivot_entity_id\";i:26;s:13:\"pivot_file_id\";i:283;s:17:\"pivot_entity_type\";s:32:\"Modules\\Product\\Entities\\Product\";s:8:\"pivot_id\";i:714;s:10:\"pivot_zone\";s:17:\"additional_images\";s:16:\"pivot_created_at\";s:19:\"2024-12-19 09:43:19\";s:16:\"pivot_updated_at\";s:19:\"2024-12-19 09:43:19\";}s:10:\"\0*\0changes\";a:0:{}s:8:\"\0*\0casts\";a:0:{}s:17:\"\0*\0classCastCache\";a:0:{}s:21:\"\0*\0attributeCastCache\";a:0:{}s:13:\"\0*\0dateFormat\";N;s:10:\"\0*\0appends\";a:0:{}s:19:\"\0*\0dispatchesEvents\";a:0:{}s:14:\"\0*\0observables\";a:0:{}s:12:\"\0*\0relations\";a:1:{s:5:\"pivot\";O:49:\"Illuminate\\Database\\Eloquent\\Relations\\MorphPivot\":35:{s:13:\"\0*\0connection\";N;s:8:\"\0*\0table\";s:12:\"entity_files\";s:13:\"\0*\0primaryKey\";s:2:\"id\";s:10:\"\0*\0keyType\";s:3:\"int\";s:12:\"incrementing\";b:0;s:7:\"\0*\0with\";a:0:{}s:12:\"\0*\0withCount\";a:0:{}s:19:\"preventsLazyLoading\";b:0;s:10:\"\0*\0perPage\";i:15;s:6:\"exists\";b:1;s:18:\"wasRecentlyCreated\";b:0;s:28:\"\0*\0escapeWhenCastingToString\";b:0;s:13:\"\0*\0attributes\";a:7:{s:11:\"entity_type\";s:32:\"Modules\\Product\\Entities\\Product\";s:9:\"entity_id\";i:26;s:7:\"file_id\";i:283;s:2:\"id\";i:714;s:4:\"zone\";s:17:\"additional_images\";s:10:\"created_at\";s:19:\"2024-12-19 09:43:19\";s:10:\"updated_at\";s:19:\"2024-12-19 09:43:19\";}s:11:\"\0*\0original\";a:7:{s:11:\"entity_type\";s:32:\"Modules\\Product\\Entities\\Product\";s:9:\"entity_id\";i:26;s:7:\"file_id\";i:283;s:2:\"id\";i:714;s:4:\"zone\";s:17:\"additional_images\";s:10:\"created_at\";s:19:\"2024-12-19 09:43:19\";s:10:\"updated_at\";s:19:\"2024-12-19 09:43:19\";}s:10:\"\0*\0changes\";a:0:{}s:8:\"\0*\0casts\";a:0:{}s:17:\"\0*\0classCastCache\";a:0:{}s:21:\"\0*\0attributeCastCache\";a:0:{}s:13:\"\0*\0dateFormat\";N;s:10:\"\0*\0appends\";a:0:{}s:19:\"\0*\0dispatchesEvents\";a:0:{}s:14:\"\0*\0observables\";a:0:{}s:12:\"\0*\0relations\";a:0:{}s:10:\"\0*\0touches\";a:0:{}s:10:\"timestamps\";b:1;s:13:\"usesUniqueIds\";b:0;s:9:\"\0*\0hidden\";a:0:{}s:10:\"\0*\0visible\";a:0:{}s:11:\"\0*\0fillable\";a:0:{}s:10:\"\0*\0guarded\";a:0:{}s:11:\"pivotParent\";r:1361;s:13:\"\0*\0foreignKey\";s:9:\"entity_id\";s:13:\"\0*\0relatedKey\";s:7:\"file_id\";s:12:\"\0*\0morphType\";s:11:\"entity_type\";s:13:\"\0*\0morphClass\";s:32:\"Modules\\Product\\Entities\\Product\";}}s:10:\"\0*\0touches\";a:0:{}s:10:\"timestamps\";b:1;s:13:\"usesUniqueIds\";b:0;s:9:\"\0*\0hidden\";a:0:{}s:10:\"\0*\0visible\";a:3:{i:0;s:2:\"id\";i:1;s:8:\"filename\";i:2;s:4:\"path\";}s:11:\"\0*\0fillable\";a:0:{}s:10:\"\0*\0guarded\";a:0:{}}i:5;O:27:\"Modules\\Media\\Entities\\File\":30:{s:13:\"\0*\0connection\";s:5:\"mysql\";s:8:\"\0*\0table\";s:5:\"files\";s:13:\"\0*\0primaryKey\";s:2:\"id\";s:10:\"\0*\0keyType\";s:3:\"int\";s:12:\"incrementing\";b:1;s:7:\"\0*\0with\";a:0:{}s:12:\"\0*\0withCount\";a:0:{}s:19:\"preventsLazyLoading\";b:0;s:10:\"\0*\0perPage\";i:15;s:6:\"exists\";b:1;s:18:\"wasRecentlyCreated\";b:0;s:28:\"\0*\0escapeWhenCastingToString\";b:0;s:13:\"\0*\0attributes\";a:10:{s:2:\"id\";i:278;s:7:\"user_id\";i:1;s:8:\"filename\";s:45:\"FqeOzTXj7N3YIKK5CuZ7rAtz0vcVSaoJkx9QzLy7.jpeg\";s:4:\"disk\";s:14:\"public_storage\";s:4:\"path\";s:50:\"media/SsXkoYTl7MpOZELzpVuRvXlfOBPl9njvXIWn7Jok.jpg\";s:9:\"extension\";s:3:\"jpg\";s:4:\"mime\";s:10:\"image/jpeg\";s:4:\"size\";s:6:\"198790\";s:10:\"created_at\";s:19:\"2024-12-19 07:35:56\";s:10:\"updated_at\";s:19:\"2024-12-19 07:35:56\";}s:11:\"\0*\0original\";a:17:{s:2:\"id\";i:278;s:7:\"user_id\";i:1;s:8:\"filename\";s:45:\"FqeOzTXj7N3YIKK5CuZ7rAtz0vcVSaoJkx9QzLy7.jpeg\";s:4:\"disk\";s:14:\"public_storage\";s:4:\"path\";s:50:\"media/SsXkoYTl7MpOZELzpVuRvXlfOBPl9njvXIWn7Jok.jpg\";s:9:\"extension\";s:3:\"jpg\";s:4:\"mime\";s:10:\"image/jpeg\";s:4:\"size\";s:6:\"198790\";s:10:\"created_at\";s:19:\"2024-12-19 07:35:56\";s:10:\"updated_at\";s:19:\"2024-12-19 07:35:56\";s:15:\"pivot_entity_id\";i:26;s:13:\"pivot_file_id\";i:278;s:17:\"pivot_entity_type\";s:32:\"Modules\\Product\\Entities\\Product\";s:8:\"pivot_id\";i:715;s:10:\"pivot_zone\";s:17:\"additional_images\";s:16:\"pivot_created_at\";s:19:\"2024-12-19 09:43:19\";s:16:\"pivot_updated_at\";s:19:\"2024-12-19 09:43:19\";}s:10:\"\0*\0changes\";a:0:{}s:8:\"\0*\0casts\";a:0:{}s:17:\"\0*\0classCastCache\";a:0:{}s:21:\"\0*\0attributeCastCache\";a:0:{}s:13:\"\0*\0dateFormat\";N;s:10:\"\0*\0appends\";a:0:{}s:19:\"\0*\0dispatchesEvents\";a:0:{}s:14:\"\0*\0observables\";a:0:{}s:12:\"\0*\0relations\";a:1:{s:5:\"pivot\";O:49:\"Illuminate\\Database\\Eloquent\\Relations\\MorphPivot\":35:{s:13:\"\0*\0connection\";N;s:8:\"\0*\0table\";s:12:\"entity_files\";s:13:\"\0*\0primaryKey\";s:2:\"id\";s:10:\"\0*\0keyType\";s:3:\"int\";s:12:\"incrementing\";b:0;s:7:\"\0*\0with\";a:0:{}s:12:\"\0*\0withCount\";a:0:{}s:19:\"preventsLazyLoading\";b:0;s:10:\"\0*\0perPage\";i:15;s:6:\"exists\";b:1;s:18:\"wasRecentlyCreated\";b:0;s:28:\"\0*\0escapeWhenCastingToString\";b:0;s:13:\"\0*\0attributes\";a:7:{s:11:\"entity_type\";s:32:\"Modules\\Product\\Entities\\Product\";s:9:\"entity_id\";i:26;s:7:\"file_id\";i:278;s:2:\"id\";i:715;s:4:\"zone\";s:17:\"additional_images\";s:10:\"created_at\";s:19:\"2024-12-19 09:43:19\";s:10:\"updated_at\";s:19:\"2024-12-19 09:43:19\";}s:11:\"\0*\0original\";a:7:{s:11:\"entity_type\";s:32:\"Modules\\Product\\Entities\\Product\";s:9:\"entity_id\";i:26;s:7:\"file_id\";i:278;s:2:\"id\";i:715;s:4:\"zone\";s:17:\"additional_images\";s:10:\"created_at\";s:19:\"2024-12-19 09:43:19\";s:10:\"updated_at\";s:19:\"2024-12-19 09:43:19\";}s:10:\"\0*\0changes\";a:0:{}s:8:\"\0*\0casts\";a:0:{}s:17:\"\0*\0classCastCache\";a:0:{}s:21:\"\0*\0attributeCastCache\";a:0:{}s:13:\"\0*\0dateFormat\";N;s:10:\"\0*\0appends\";a:0:{}s:19:\"\0*\0dispatchesEvents\";a:0:{}s:14:\"\0*\0observables\";a:0:{}s:12:\"\0*\0relations\";a:0:{}s:10:\"\0*\0touches\";a:0:{}s:10:\"timestamps\";b:1;s:13:\"usesUniqueIds\";b:0;s:9:\"\0*\0hidden\";a:0:{}s:10:\"\0*\0visible\";a:0:{}s:11:\"\0*\0fillable\";a:0:{}s:10:\"\0*\0guarded\";a:0:{}s:11:\"pivotParent\";r:1361;s:13:\"\0*\0foreignKey\";s:9:\"entity_id\";s:13:\"\0*\0relatedKey\";s:7:\"file_id\";s:12:\"\0*\0morphType\";s:11:\"entity_type\";s:13:\"\0*\0morphClass\";s:32:\"Modules\\Product\\Entities\\Product\";}}s:10:\"\0*\0touches\";a:0:{}s:10:\"timestamps\";b:1;s:13:\"usesUniqueIds\";b:0;s:9:\"\0*\0hidden\";a:0:{}s:10:\"\0*\0visible\";a:3:{i:0;s:2:\"id\";i:1;s:8:\"filename\";i:2;s:4:\"path\";}s:11:\"\0*\0fillable\";a:0:{}s:10:\"\0*\0guarded\";a:0:{}}}s:28:\"\0*\0escapeWhenCastingToString\";b:0;}s:10:\"categories\";O:26:\"TypiCMS\\NestableCollection\":8:{s:8:\"\0*\0items\";a:2:{i:0;O:34:\"Modules\\Category\\Entities\\Category\":33:{s:13:\"\0*\0connection\";s:5:\"mysql\";s:8:\"\0*\0table\";s:10:\"categories\";s:13:\"\0*\0primaryKey\";s:2:\"id\";s:10:\"\0*\0keyType\";s:3:\"int\";s:12:\"incrementing\";b:1;s:7:\"\0*\0with\";a:1:{i:0;s:12:\"translations\";}s:12:\"\0*\0withCount\";a:0:{}s:19:\"preventsLazyLoading\";b:0;s:10:\"\0*\0perPage\";i:15;s:6:\"exists\";b:1;s:18:\"wasRecentlyCreated\";b:0;s:28:\"\0*\0escapeWhenCastingToString\";b:0;s:13:\"\0*\0attributes\";a:8:{s:2:\"id\";i:2;s:9:\"parent_id\";N;s:4:\"slug\";s:7:\"relojes\";s:8:\"position\";i:16;s:13:\"is_searchable\";i:1;s:9:\"is_active\";i:1;s:10:\"created_at\";s:19:\"2024-12-13 08:50:13\";s:10:\"updated_at\";s:19:\"2024-12-14 19:12:15\";}s:11:\"\0*\0original\";a:10:{s:2:\"id\";i:2;s:9:\"parent_id\";N;s:4:\"slug\";s:7:\"relojes\";s:8:\"position\";i:16;s:13:\"is_searchable\";i:1;s:9:\"is_active\";i:1;s:10:\"created_at\";s:19:\"2024-12-13 08:50:13\";s:10:\"updated_at\";s:19:\"2024-12-14 19:12:15\";s:16:\"pivot_product_id\";i:26;s:17:\"pivot_category_id\";i:2;}s:10:\"\0*\0changes\";a:0:{}s:8:\"\0*\0casts\";a:2:{s:13:\"is_searchable\";s:7:\"boolean\";s:9:\"is_active\";s:7:\"boolean\";}s:17:\"\0*\0classCastCache\";a:0:{}s:21:\"\0*\0attributeCastCache\";a:0:{}s:13:\"\0*\0dateFormat\";N;s:10:\"\0*\0appends\";a:0:{}s:19:\"\0*\0dispatchesEvents\";a:0:{}s:14:\"\0*\0observables\";a:0:{}s:12:\"\0*\0relations\";a:2:{s:5:\"pivot\";O:44:\"Illuminate\\Database\\Eloquent\\Relations\\Pivot\":33:{s:13:\"\0*\0connection\";N;s:8:\"\0*\0table\";s:18:\"product_categories\";s:13:\"\0*\0primaryKey\";s:2:\"id\";s:10:\"\0*\0keyType\";s:3:\"int\";s:12:\"incrementing\";b:0;s:7:\"\0*\0with\";a:0:{}s:12:\"\0*\0withCount\";a:0:{}s:19:\"preventsLazyLoading\";b:0;s:10:\"\0*\0perPage\";i:15;s:6:\"exists\";b:1;s:18:\"wasRecentlyCreated\";b:0;s:28:\"\0*\0escapeWhenCastingToString\";b:0;s:13:\"\0*\0attributes\";a:2:{s:10:\"product_id\";i:26;s:11:\"category_id\";i:2;}s:11:\"\0*\0original\";a:2:{s:10:\"product_id\";i:26;s:11:\"category_id\";i:2;}s:10:\"\0*\0changes\";a:0:{}s:8:\"\0*\0casts\";a:0:{}s:17:\"\0*\0classCastCache\";a:0:{}s:21:\"\0*\0attributeCastCache\";a:0:{}s:13:\"\0*\0dateFormat\";N;s:10:\"\0*\0appends\";a:0:{}s:19:\"\0*\0dispatchesEvents\";a:0:{}s:14:\"\0*\0observables\";a:0:{}s:12:\"\0*\0relations\";a:0:{}s:10:\"\0*\0touches\";a:0:{}s:10:\"timestamps\";b:0;s:13:\"usesUniqueIds\";b:0;s:9:\"\0*\0hidden\";a:0:{}s:10:\"\0*\0visible\";a:0:{}s:11:\"\0*\0fillable\";a:0:{}s:10:\"\0*\0guarded\";a:0:{}s:11:\"pivotParent\";O:32:\"Modules\\Product\\Entities\\Product\":35:{s:13:\"\0*\0connection\";N;s:8:\"\0*\0table\";s:8:\"products\";s:13:\"\0*\0primaryKey\";s:2:\"id\";s:10:\"\0*\0keyType\";s:3:\"int\";s:12:\"incrementing\";b:1;s:7:\"\0*\0with\";a:1:{i:0;s:12:\"translations\";}s:12:\"\0*\0withCount\";a:0:{}s:19:\"preventsLazyLoading\";b:0;s:10:\"\0*\0perPage\";i:15;s:6:\"exists\";b:0;s:18:\"wasRecentlyCreated\";b:0;s:28:\"\0*\0escapeWhenCastingToString\";b:0;s:13:\"\0*\0attributes\";a:0:{}s:11:\"\0*\0original\";a:0:{}s:10:\"\0*\0changes\";a:0:{}s:8:\"\0*\0casts\";a:9:{s:10:\"is_virtual\";s:7:\"boolean\";s:9:\"is_active\";s:7:\"boolean\";s:19:\"special_price_start\";s:8:\"datetime\";s:17:\"special_price_end\";s:8:\"datetime\";s:8:\"new_from\";s:8:\"datetime\";s:6:\"new_to\";s:8:\"datetime\";s:10:\"start_date\";s:8:\"datetime\";s:8:\"end_date\";s:8:\"datetime\";s:10:\"deleted_at\";s:8:\"datetime\";}s:17:\"\0*\0classCastCache\";a:0:{}s:21:\"\0*\0attributeCastCache\";a:0:{}s:13:\"\0*\0dateFormat\";N;s:10:\"\0*\0appends\";a:13:{i:0;s:10:\"base_image\";i:1;s:17:\"additional_images\";i:2;s:5:\"media\";i:3;s:15:\"formatted_price\";i:4;s:21:\"formatted_price_range\";i:5;s:28:\"has_percentage_special_price\";i:6;s:21:\"special_price_percent\";i:7;s:14:\"rating_percent\";i:8;s:17:\"does_manage_stock\";i:9;s:11:\"is_in_stock\";i:10;s:15:\"is_out_of_stock\";i:11;s:6:\"is_new\";i:12;s:7:\"variant\";}s:19:\"\0*\0dispatchesEvents\";a:0:{}s:14:\"\0*\0observables\";a:0:{}s:12:\"\0*\0relations\";a:0:{}s:10:\"\0*\0touches\";a:0:{}s:10:\"timestamps\";b:1;s:13:\"usesUniqueIds\";b:0;s:9:\"\0*\0hidden\";a:0:{}s:10:\"\0*\0visible\";a:0:{}s:11:\"\0*\0fillable\";a:17:{i:0;s:8:\"brand_id\";i:1;s:12:\"tax_class_id\";i:2;s:4:\"slug\";i:3;s:3:\"sku\";i:4;s:5:\"price\";i:5;s:13:\"special_price\";i:6;s:18:\"special_price_type\";i:7;s:19:\"special_price_start\";i:8;s:17:\"special_price_end\";i:9;s:13:\"selling_price\";i:10;s:12:\"manage_stock\";i:11;s:3:\"qty\";i:12;s:8:\"in_stock\";i:13;s:10:\"is_virtual\";i:14;s:9:\"is_active\";i:15;s:8:\"new_from\";i:16;s:6:\"new_to\";}s:10:\"\0*\0guarded\";a:1:{i:0;s:1:\"*\";}s:23:\"\0*\0translatedAttributes\";a:3:{i:0;s:4:\"name\";i:1;s:11:\"description\";i:2;s:17:\"short_description\";}s:16:\"\0*\0slugAttribute\";s:4:\"name\";s:16:\"\0*\0defaultLocale\";N;s:16:\"\0*\0scoutMetadata\";a:0:{}s:16:\"\0*\0forceDeleting\";b:0;}s:13:\"\0*\0foreignKey\";s:10:\"product_id\";s:13:\"\0*\0relatedKey\";s:11:\"category_id\";}s:12:\"translations\";O:39:\"Illuminate\\Database\\Eloquent\\Collection\":2:{s:8:\"\0*\0items\";a:1:{i:0;O:45:\"Modules\\Category\\Entities\\CategoryTranslation\":30:{s:13:\"\0*\0connection\";s:5:\"mysql\";s:8:\"\0*\0table\";s:21:\"category_translations\";s:13:\"\0*\0primaryKey\";s:2:\"id\";s:10:\"\0*\0keyType\";s:3:\"int\";s:12:\"incrementing\";b:1;s:7:\"\0*\0with\";a:0:{}s:12:\"\0*\0withCount\";a:0:{}s:19:\"preventsLazyLoading\";b:0;s:10:\"\0*\0perPage\";i:15;s:6:\"exists\";b:1;s:18:\"wasRecentlyCreated\";b:0;s:28:\"\0*\0escapeWhenCastingToString\";b:0;s:13:\"\0*\0attributes\";a:4:{s:2:\"id\";i:2;s:11:\"category_id\";i:2;s:6:\"locale\";s:2:\"es\";s:4:\"name\";s:14:\"Moda Masculina\";}s:11:\"\0*\0original\";a:4:{s:2:\"id\";i:2;s:11:\"category_id\";i:2;s:6:\"locale\";s:2:\"es\";s:4:\"name\";s:14:\"Moda Masculina\";}s:10:\"\0*\0changes\";a:0:{}s:8:\"\0*\0casts\";a:0:{}s:17:\"\0*\0classCastCache\";a:0:{}s:21:\"\0*\0attributeCastCache\";a:0:{}s:13:\"\0*\0dateFormat\";N;s:10:\"\0*\0appends\";a:0:{}s:19:\"\0*\0dispatchesEvents\";a:0:{}s:14:\"\0*\0observables\";a:0:{}s:12:\"\0*\0relations\";a:0:{}s:10:\"\0*\0touches\";a:0:{}s:10:\"timestamps\";b:0;s:13:\"usesUniqueIds\";b:0;s:9:\"\0*\0hidden\";a:0:{}s:10:\"\0*\0visible\";a:0:{}s:11:\"\0*\0fillable\";a:1:{i:0;s:4:\"name\";}s:10:\"\0*\0guarded\";a:1:{i:0;s:1:\"*\";}}}s:28:\"\0*\0escapeWhenCastingToString\";b:0;}}s:10:\"\0*\0touches\";a:0:{}s:10:\"timestamps\";b:1;s:13:\"usesUniqueIds\";b:0;s:9:\"\0*\0hidden\";a:1:{i:0;s:12:\"translations\";}s:10:\"\0*\0visible\";a:0:{}s:11:\"\0*\0fillable\";a:5:{i:0;s:9:\"parent_id\";i:1;s:4:\"slug\";i:2;s:8:\"position\";i:3;s:13:\"is_searchable\";i:4;s:9:\"is_active\";}s:10:\"\0*\0guarded\";a:1:{i:0;s:1:\"*\";}s:23:\"\0*\0translatedAttributes\";a:1:{i:0;s:4:\"name\";}s:16:\"\0*\0slugAttribute\";s:4:\"name\";s:16:\"\0*\0defaultLocale\";N;}i:1;O:34:\"Modules\\Category\\Entities\\Category\":33:{s:13:\"\0*\0connection\";s:5:\"mysql\";s:8:\"\0*\0table\";s:10:\"categories\";s:13:\"\0*\0primaryKey\";s:2:\"id\";s:10:\"\0*\0keyType\";s:3:\"int\";s:12:\"incrementing\";b:1;s:7:\"\0*\0with\";a:1:{i:0;s:12:\"translations\";}s:12:\"\0*\0withCount\";a:0:{}s:19:\"preventsLazyLoading\";b:0;s:10:\"\0*\0perPage\";i:15;s:6:\"exists\";b:1;s:18:\"wasRecentlyCreated\";b:0;s:28:\"\0*\0escapeWhenCastingToString\";b:0;s:13:\"\0*\0attributes\";a:8:{s:2:\"id\";i:14;s:9:\"parent_id\";i:2;s:4:\"slug\";s:4:\"ropa\";s:8:\"position\";i:18;s:13:\"is_searchable\";i:0;s:9:\"is_active\";i:1;s:10:\"created_at\";s:19:\"2024-12-13 09:15:52\";s:10:\"updated_at\";s:19:\"2024-12-13 09:19:49\";}s:11:\"\0*\0original\";a:10:{s:2:\"id\";i:14;s:9:\"parent_id\";i:2;s:4:\"slug\";s:4:\"ropa\";s:8:\"position\";i:18;s:13:\"is_searchable\";i:0;s:9:\"is_active\";i:1;s:10:\"created_at\";s:19:\"2024-12-13 09:15:52\";s:10:\"updated_at\";s:19:\"2024-12-13 09:19:49\";s:16:\"pivot_product_id\";i:26;s:17:\"pivot_category_id\";i:14;}s:10:\"\0*\0changes\";a:0:{}s:8:\"\0*\0casts\";a:2:{s:13:\"is_searchable\";s:7:\"boolean\";s:9:\"is_active\";s:7:\"boolean\";}s:17:\"\0*\0classCastCache\";a:0:{}s:21:\"\0*\0attributeCastCache\";a:0:{}s:13:\"\0*\0dateFormat\";N;s:10:\"\0*\0appends\";a:0:{}s:19:\"\0*\0dispatchesEvents\";a:0:{}s:14:\"\0*\0observables\";a:0:{}s:12:\"\0*\0relations\";a:2:{s:5:\"pivot\";O:44:\"Illuminate\\Database\\Eloquent\\Relations\\Pivot\":33:{s:13:\"\0*\0connection\";N;s:8:\"\0*\0table\";s:18:\"product_categories\";s:13:\"\0*\0primaryKey\";s:2:\"id\";s:10:\"\0*\0keyType\";s:3:\"int\";s:12:\"incrementing\";b:0;s:7:\"\0*\0with\";a:0:{}s:12:\"\0*\0withCount\";a:0:{}s:19:\"preventsLazyLoading\";b:0;s:10:\"\0*\0perPage\";i:15;s:6:\"exists\";b:1;s:18:\"wasRecentlyCreated\";b:0;s:28:\"\0*\0escapeWhenCastingToString\";b:0;s:13:\"\0*\0attributes\";a:2:{s:10:\"product_id\";i:26;s:11:\"category_id\";i:14;}s:11:\"\0*\0original\";a:2:{s:10:\"product_id\";i:26;s:11:\"category_id\";i:14;}s:10:\"\0*\0changes\";a:0:{}s:8:\"\0*\0casts\";a:0:{}s:17:\"\0*\0classCastCache\";a:0:{}s:21:\"\0*\0attributeCastCache\";a:0:{}s:13:\"\0*\0dateFormat\";N;s:10:\"\0*\0appends\";a:0:{}s:19:\"\0*\0dispatchesEvents\";a:0:{}s:14:\"\0*\0observables\";a:0:{}s:12:\"\0*\0relations\";a:0:{}s:10:\"\0*\0touches\";a:0:{}s:10:\"timestamps\";b:0;s:13:\"usesUniqueIds\";b:0;s:9:\"\0*\0hidden\";a:0:{}s:10:\"\0*\0visible\";a:0:{}s:11:\"\0*\0fillable\";a:0:{}s:10:\"\0*\0guarded\";a:0:{}s:11:\"pivotParent\";r:2093;s:13:\"\0*\0foreignKey\";s:10:\"product_id\";s:13:\"\0*\0relatedKey\";s:11:\"category_id\";}s:12:\"translations\";O:39:\"Illuminate\\Database\\Eloquent\\Collection\":2:{s:8:\"\0*\0items\";a:1:{i:0;O:45:\"Modules\\Category\\Entities\\CategoryTranslation\":30:{s:13:\"\0*\0connection\";s:5:\"mysql\";s:8:\"\0*\0table\";s:21:\"category_translations\";s:13:\"\0*\0primaryKey\";s:2:\"id\";s:10:\"\0*\0keyType\";s:3:\"int\";s:12:\"incrementing\";b:1;s:7:\"\0*\0with\";a:0:{}s:12:\"\0*\0withCount\";a:0:{}s:19:\"preventsLazyLoading\";b:0;s:10:\"\0*\0perPage\";i:15;s:6:\"exists\";b:1;s:18:\"wasRecentlyCreated\";b:0;s:28:\"\0*\0escapeWhenCastingToString\";b:0;s:13:\"\0*\0attributes\";a:4:{s:2:\"id\";i:14;s:11:\"category_id\";i:14;s:6:\"locale\";s:2:\"es\";s:4:\"name\";s:4:\"Ropa\";}s:11:\"\0*\0original\";a:4:{s:2:\"id\";i:14;s:11:\"category_id\";i:14;s:6:\"locale\";s:2:\"es\";s:4:\"name\";s:4:\"Ropa\";}s:10:\"\0*\0changes\";a:0:{}s:8:\"\0*\0casts\";a:0:{}s:17:\"\0*\0classCastCache\";a:0:{}s:21:\"\0*\0attributeCastCache\";a:0:{}s:13:\"\0*\0dateFormat\";N;s:10:\"\0*\0appends\";a:0:{}s:19:\"\0*\0dispatchesEvents\";a:0:{}s:14:\"\0*\0observables\";a:0:{}s:12:\"\0*\0relations\";a:0:{}s:10:\"\0*\0touches\";a:0:{}s:10:\"timestamps\";b:0;s:13:\"usesUniqueIds\";b:0;s:9:\"\0*\0hidden\";a:0:{}s:10:\"\0*\0visible\";a:0:{}s:11:\"\0*\0fillable\";a:1:{i:0;s:4:\"name\";}s:10:\"\0*\0guarded\";a:1:{i:0;s:1:\"*\";}}}s:28:\"\0*\0escapeWhenCastingToString\";b:0;}}s:10:\"\0*\0touches\";a:0:{}s:10:\"timestamps\";b:1;s:13:\"usesUniqueIds\";b:0;s:9:\"\0*\0hidden\";a:1:{i:0;s:12:\"translations\";}s:10:\"\0*\0visible\";a:0:{}s:11:\"\0*\0fillable\";a:5:{i:0;s:9:\"parent_id\";i:1;s:4:\"slug\";i:2;s:8:\"position\";i:3;s:13:\"is_searchable\";i:4;s:9:\"is_active\";}s:10:\"\0*\0guarded\";a:1:{i:0;s:1:\"*\";}s:23:\"\0*\0translatedAttributes\";a:1:{i:0;s:4:\"name\";}s:16:\"\0*\0slugAttribute\";s:4:\"name\";s:16:\"\0*\0defaultLocale\";N;}}s:28:\"\0*\0escapeWhenCastingToString\";b:0;s:8:\"\0*\0total\";i:2;s:15:\"\0*\0parentColumn\";s:9:\"parent_id\";s:33:\"\0*\0removeItemsWithMissingAncestor\";b:1;s:14:\"\0*\0indentChars\";s:8:\"    \";s:15:\"\0*\0childrenName\";s:5:\"items\";s:17:\"\0*\0parentRelation\";s:6:\"parent\";}s:8:\"taxClass\";O:29:\"Modules\\Tax\\Entities\\TaxClass\":33:{s:13:\"\0*\0connection\";N;s:8:\"\0*\0table\";s:11:\"tax_classes\";s:13:\"\0*\0primaryKey\";s:2:\"id\";s:10:\"\0*\0keyType\";s:3:\"int\";s:12:\"incrementing\";b:1;s:7:\"\0*\0with\";a:1:{i:0;s:12:\"translations\";}s:12:\"\0*\0withCount\";a:0:{}s:19:\"preventsLazyLoading\";b:0;s:10:\"\0*\0perPage\";i:15;s:6:\"exists\";b:0;s:18:\"wasRecentlyCreated\";b:0;s:28:\"\0*\0escapeWhenCastingToString\";b:0;s:13:\"\0*\0attributes\";a:0:{}s:11:\"\0*\0original\";a:0:{}s:10:\"\0*\0changes\";a:0:{}s:8:\"\0*\0casts\";a:3:{s:10:\"start_date\";s:8:\"datetime\";s:8:\"end_date\";s:8:\"datetime\";s:10:\"deleted_at\";s:8:\"datetime\";}s:17:\"\0*\0classCastCache\";a:0:{}s:21:\"\0*\0attributeCastCache\";a:0:{}s:13:\"\0*\0dateFormat\";N;s:10:\"\0*\0appends\";a:0:{}s:19:\"\0*\0dispatchesEvents\";a:0:{}s:14:\"\0*\0observables\";a:0:{}s:12:\"\0*\0relations\";a:0:{}s:10:\"\0*\0touches\";a:0:{}s:10:\"timestamps\";b:1;s:13:\"usesUniqueIds\";b:0;s:9:\"\0*\0hidden\";a:0:{}s:10:\"\0*\0visible\";a:0:{}s:11:\"\0*\0fillable\";a:1:{i:0;s:8:\"based_on\";}s:10:\"\0*\0guarded\";a:1:{i:0;s:1:\"*\";}s:20:\"translatedAttributes\";a:1:{i:0;s:5:\"label\";}s:16:\"\0*\0defaultLocale\";N;s:16:\"\0*\0forceDeleting\";b:0;}}s:10:\"\0*\0touches\";a:0:{}s:10:\"timestamps\";b:1;s:13:\"usesUniqueIds\";b:0;s:9:\"\0*\0hidden\";a:0:{}s:10:\"\0*\0visible\";a:0:{}s:11:\"\0*\0fillable\";a:17:{i:0;s:8:\"brand_id\";i:1;s:12:\"tax_class_id\";i:2;s:4:\"slug\";i:3;s:3:\"sku\";i:4;s:5:\"price\";i:5;s:13:\"special_price\";i:6;s:18:\"special_price_type\";i:7;s:19:\"special_price_start\";i:8;s:17:\"special_price_end\";i:9;s:13:\"selling_price\";i:10;s:12:\"manage_stock\";i:11;s:3:\"qty\";i:12;s:8:\"in_stock\";i:13;s:10:\"is_virtual\";i:14;s:9:\"is_active\";i:15;s:8:\"new_from\";i:16;s:6:\"new_to\";}s:10:\"\0*\0guarded\";a:1:{i:0;s:1:\"*\";}s:23:\"\0*\0translatedAttributes\";a:3:{i:0;s:4:\"name\";i:1;s:11:\"description\";i:2;s:17:\"short_description\";}s:16:\"\0*\0slugAttribute\";s:4:\"name\";s:16:\"\0*\0defaultLocale\";N;s:16:\"\0*\0scoutMetadata\";a:0:{}s:16:\"\0*\0forceDeleting\";b:0;}s:7:\"variant\";N;s:4:\"item\";r:1122;s:10:\"variations\";O:39:\"Illuminate\\Database\\Eloquent\\Collection\":2:{s:8:\"\0*\0items\";a:0:{}s:28:\"\0*\0escapeWhenCastingToString\";b:0;}s:7:\"options\";O:29:\"Illuminate\\Support\\Collection\":2:{s:8:\"\0*\0items\";a:0:{}s:28:\"\0*\0escapeWhenCastingToString\";b:0;}s:10:\"created_at\";i:1746504590;}s:28:\"\0*\0escapeWhenCastingToString\";b:0;}s:10:\"conditions\";a:0:{}}s:28:\"\0*\0escapeWhenCastingToString\";b:0;s:9:\"\0*\0config\";a:5:{s:14:\"format_numbers\";b:0;s:8:\"decimals\";i:0;s:9:\"dec_point\";s:1:\".\";s:13:\"thousands_sep\";s:1:\",\";s:6:\"events\";N;}}s:32:\"74119e063b28c3f10e3842c86c93b67b\";O:32:\"Darryldecode\\Cart\\ItemCollection\":3:{s:8:\"\0*\0items\";a:6:{s:2:\"id\";s:32:\"74119e063b28c3f10e3842c86c93b67b\";s:4:\"name\";s:96:\"Camisa de hombre de algodón de marca de talla grande 5XL, ropa para hombre, camisa lisa y suave\";s:5:\"price\";d:120;s:8:\"quantity\";i:1;s:10:\"attributes\";O:41:\"Darryldecode\\Cart\\ItemAttributeCollection\":2:{s:8:\"\0*\0items\";a:6:{s:7:\"product\";O:32:\"Modules\\Product\\Entities\\Product\":35:{s:13:\"\0*\0connection\";s:5:\"mysql\";s:8:\"\0*\0table\";s:8:\"products\";s:13:\"\0*\0primaryKey\";s:2:\"id\";s:10:\"\0*\0keyType\";s:3:\"int\";s:12:\"incrementing\";b:1;s:7:\"\0*\0with\";a:1:{i:0;s:12:\"translations\";}s:12:\"\0*\0withCount\";a:0:{}s:19:\"preventsLazyLoading\";b:0;s:10:\"\0*\0perPage\";i:15;s:6:\"exists\";b:1;s:18:\"wasRecentlyCreated\";b:0;s:28:\"\0*\0escapeWhenCastingToString\";b:0;s:13:\"\0*\0attributes\";a:22:{s:2:\"id\";i:28;s:8:\"brand_id\";N;s:12:\"tax_class_id\";N;s:4:\"slug\";s:93:\"camisa-de-hombre-de-algodon-de-marca-de-talla-grande-5xl-ropa-para-hombre-camisa-lisa-y-suave\";s:5:\"price\";s:8:\"120.0000\";s:13:\"special_price\";N;s:18:\"special_price_type\";s:5:\"fixed\";s:19:\"special_price_start\";N;s:17:\"special_price_end\";N;s:13:\"selling_price\";s:8:\"120.0000\";s:3:\"sku\";N;s:12:\"manage_stock\";i:0;s:3:\"qty\";N;s:8:\"in_stock\";i:1;s:6:\"viewed\";i:2;s:9:\"is_active\";i:1;s:8:\"new_from\";N;s:6:\"new_to\";N;s:10:\"deleted_at\";N;s:10:\"created_at\";s:19:\"2024-12-19 08:18:09\";s:10:\"updated_at\";s:19:\"2024-12-19 09:40:55\";s:10:\"is_virtual\";i:0;}s:11:\"\0*\0original\";a:22:{s:2:\"id\";i:28;s:8:\"brand_id\";N;s:12:\"tax_class_id\";N;s:4:\"slug\";s:93:\"camisa-de-hombre-de-algodon-de-marca-de-talla-grande-5xl-ropa-para-hombre-camisa-lisa-y-suave\";s:5:\"price\";s:8:\"120.0000\";s:13:\"special_price\";N;s:18:\"special_price_type\";s:5:\"fixed\";s:19:\"special_price_start\";N;s:17:\"special_price_end\";N;s:13:\"selling_price\";s:8:\"120.0000\";s:3:\"sku\";N;s:12:\"manage_stock\";i:0;s:3:\"qty\";N;s:8:\"in_stock\";i:1;s:6:\"viewed\";i:2;s:9:\"is_active\";i:1;s:8:\"new_from\";N;s:6:\"new_to\";N;s:10:\"deleted_at\";N;s:10:\"created_at\";s:19:\"2024-12-19 08:18:09\";s:10:\"updated_at\";s:19:\"2024-12-19 09:40:55\";s:10:\"is_virtual\";i:0;}s:10:\"\0*\0changes\";a:0:{}s:8:\"\0*\0casts\";a:9:{s:10:\"is_virtual\";s:7:\"boolean\";s:9:\"is_active\";s:7:\"boolean\";s:19:\"special_price_start\";s:8:\"datetime\";s:17:\"special_price_end\";s:8:\"datetime\";s:8:\"new_from\";s:8:\"datetime\";s:6:\"new_to\";s:8:\"datetime\";s:10:\"start_date\";s:8:\"datetime\";s:8:\"end_date\";s:8:\"datetime\";s:10:\"deleted_at\";s:8:\"datetime\";}s:17:\"\0*\0classCastCache\";a:0:{}s:21:\"\0*\0attributeCastCache\";a:0:{}s:13:\"\0*\0dateFormat\";N;s:10:\"\0*\0appends\";a:13:{i:0;s:10:\"base_image\";i:1;s:17:\"additional_images\";i:2;s:5:\"media\";i:3;s:15:\"formatted_price\";i:4;s:21:\"formatted_price_range\";i:5;s:28:\"has_percentage_special_price\";i:6;s:21:\"special_price_percent\";i:7;s:14:\"rating_percent\";i:8;s:17:\"does_manage_stock\";i:9;s:11:\"is_in_stock\";i:10;s:15:\"is_out_of_stock\";i:11;s:6:\"is_new\";i:12;s:7:\"variant\";}s:19:\"\0*\0dispatchesEvents\";a:0:{}s:14:\"\0*\0observables\";a:0:{}s:12:\"\0*\0relations\";a:4:{s:12:\"translations\";O:39:\"Illuminate\\Database\\Eloquent\\Collection\":2:{s:8:\"\0*\0items\";a:1:{i:0;O:43:\"Modules\\Product\\Entities\\ProductTranslation\":30:{s:13:\"\0*\0connection\";s:5:\"mysql\";s:8:\"\0*\0table\";s:20:\"product_translations\";s:13:\"\0*\0primaryKey\";s:2:\"id\";s:10:\"\0*\0keyType\";s:3:\"int\";s:12:\"incrementing\";b:1;s:7:\"\0*\0with\";a:0:{}s:12:\"\0*\0withCount\";a:0:{}s:19:\"preventsLazyLoading\";b:0;s:10:\"\0*\0perPage\";i:15;s:6:\"exists\";b:1;s:18:\"wasRecentlyCreated\";b:0;s:28:\"\0*\0escapeWhenCastingToString\";b:0;s:13:\"\0*\0attributes\";a:6:{s:2:\"id\";i:28;s:10:\"product_id\";i:28;s:6:\"locale\";s:2:\"es\";s:4:\"name\";s:96:\"Camisa de hombre de algodón de marca de talla grande 5XL, ropa para hombre, camisa lisa y suave\";s:11:\"description\";s:4345:\"<h1 style=\"text-align: center;\">5XL Plus Size Mens Clothing Solid Soft Men Shirt</h1>\n<p>&nbsp;</p>\n<p>&nbsp;</p>\n<p><img src=\"/storage/media/UfdhhWqfD0ezOWNGLd4cFu5srxIYJg2SRc0gzMXK.jpg\" loading=\"lazy\" /></p>\n<h3><strong><img src=\"/storage/media/PXJmBdw8KExRxQQVTxbJwlgFTlxI8H6kLoc61oi9.jpg\" loading=\"lazy\" /></strong></h3>\n<h3><strong><img src=\"/storage/media/KqQeifdM6dyeGxzfc4iabmTUIVhHVOrtbuuy9rNp.webp\" loading=\"lazy\" /></strong></h3>\n<h3><strong><img src=\"/storage/media/UQ47HMtg8AVQ01rejeOnBoUZeguwFBPxKxYDHmQX.webp\" loading=\"lazy\" /></strong></h3>\n<h3><strong>Specifications:</strong></h3>\n<ul class=\"product-specs-list util-clearfix\">\n<li class=\"product-prop line-limit-length\"><span class=\"property-title\">Gender:&nbsp;</span><span class=\"property-desc line-limit-length\" title=\"MEN\">MEN</span></li>\n<li class=\"product-prop line-limit-length\"><span class=\"property-title\">Item Type:&nbsp;</span><span class=\"property-desc line-limit-length\" title=\"Shirts\">Shirts</span></li>\n<li class=\"product-prop line-limit-length\"><span class=\"property-title\">Shirts Type:&nbsp;</span><span class=\"property-desc line-limit-length\" title=\"Tuxedo Shirts\">Tuxedo Shirts</span></li>\n<li class=\"product-prop line-limit-length\"><span class=\"property-title\">Material:&nbsp;</span><span class=\"property-desc line-limit-length\" title=\"COTTON\">COTTON</span></li>\n<li class=\"product-prop line-limit-length\"><span class=\"property-title\">Material:&nbsp;</span><span class=\"property-desc line-limit-length\" title=\"Polyester\">Polyester</span></li>\n<li class=\"product-prop line-limit-length\"><span class=\"property-title\">Sleeve Length(cm):&nbsp;</span><span class=\"property-desc line-limit-length\" title=\"Full\">Full</span></li>\n<li class=\"product-prop line-limit-length\"><span class=\"property-title\">Collar:&nbsp;</span><span class=\"property-desc line-limit-length\" title=\"MANDARIN COLLAR\">MANDARIN COLLAR</span></li>\n<li class=\"product-prop line-limit-length\"><span class=\"property-title\">Style:&nbsp;</span><span class=\"property-desc line-limit-length\" title=\"Casual\">Casual</span></li>\n<li class=\"product-prop line-limit-length\"><span class=\"property-title\">Fabric Type:&nbsp;</span><span class=\"property-desc line-limit-length\" title=\"Broadcloth\">Broadcloth</span></li>\n<li class=\"product-prop line-limit-length\"><span class=\"property-title\">Model Number:&nbsp;</span><span class=\"property-desc line-limit-length\" title=\"M-5XL\">M-5XL</span></li>\n<li class=\"product-prop line-limit-length\"><span class=\"property-title\">Sleeve Style:&nbsp;</span><span class=\"property-desc line-limit-length\" title=\"REGULAR\">REGULAR</span></li>\n<li class=\"product-prop line-limit-length\"><span class=\"property-title\">Pattern Type:&nbsp;</span><span class=\"property-desc line-limit-length\" title=\"Plaid\">Plaid</span></li>\n<li class=\"product-prop line-limit-length\"><span class=\"property-title\">Closure Type:&nbsp;</span><span class=\"property-desc line-limit-length\" title=\"Single Breasted\">Single Breasted</span></li>\n<li class=\"product-prop line-limit-length\"><span class=\"property-title\">Brand Name:&nbsp;</span><span class=\"property-desc line-limit-length\" title=\"CW\">CW</span></li>\n<li class=\"product-prop line-limit-length\"><span class=\"property-title\">pointy collar (routine):&nbsp;</span><span class=\"property-desc line-limit-length\" title=\"Collar type:\">Collar type:</span></li>\n<li class=\"product-prop line-limit-length\"><span class=\"property-title\">long sleeve:&nbsp;</span><span class=\"property-desc line-limit-length\" title=\"Sleeve length:\">Sleeve length:</span></li>\n<li class=\"product-prop line-limit-length\"><span class=\"property-title\">gender:&nbsp;</span><span class=\"property-desc line-limit-length\" title=\"Men\">Men</span></li>\n<li class=\"product-prop line-limit-length\"><span class=\"property-title\">four seasons.:&nbsp;</span><span class=\"property-desc line-limit-length\" title=\"Applicable season:\">Applicable season:</span></li>\n<li class=\"product-prop line-limit-length\"><span class=\"property-title\">item type:&nbsp;</span><span class=\"property-desc line-limit-length\" title=\"Shirts\">Shirts</span></li>\n<li class=\"product-prop line-limit-length\" data-spm-anchor-id=\"a2g0o.detail.0.i11.1b7570bb7aRaXK\"><span class=\"property-title\">youth is popular.:&nbsp;</span><span class=\"property-desc line-limit-length\" title=\"Basic style:\">Basic style:</span></li>\n</ul>\";s:17:\"short_description\";s:175:\"Género: HOMBRES Tipo de artículo: Camisas Tipo de camisas: Camisas de esmoquin Material: ALGODÓN Material: Poliéster Largo de manga (cm): Completo Cuello: CUELLO MANDARÍN\";}s:11:\"\0*\0original\";a:6:{s:2:\"id\";i:28;s:10:\"product_id\";i:28;s:6:\"locale\";s:2:\"es\";s:4:\"name\";s:96:\"Camisa de hombre de algodón de marca de talla grande 5XL, ropa para hombre, camisa lisa y suave\";s:11:\"description\";s:4345:\"<h1 style=\"text-align: center;\">5XL Plus Size Mens Clothing Solid Soft Men Shirt</h1>\n<p>&nbsp;</p>\n<p>&nbsp;</p>\n<p><img src=\"/storage/media/UfdhhWqfD0ezOWNGLd4cFu5srxIYJg2SRc0gzMXK.jpg\" loading=\"lazy\" /></p>\n<h3><strong><img src=\"/storage/media/PXJmBdw8KExRxQQVTxbJwlgFTlxI8H6kLoc61oi9.jpg\" loading=\"lazy\" /></strong></h3>\n<h3><strong><img src=\"/storage/media/KqQeifdM6dyeGxzfc4iabmTUIVhHVOrtbuuy9rNp.webp\" loading=\"lazy\" /></strong></h3>\n<h3><strong><img src=\"/storage/media/UQ47HMtg8AVQ01rejeOnBoUZeguwFBPxKxYDHmQX.webp\" loading=\"lazy\" /></strong></h3>\n<h3><strong>Specifications:</strong></h3>\n<ul class=\"product-specs-list util-clearfix\">\n<li class=\"product-prop line-limit-length\"><span class=\"property-title\">Gender:&nbsp;</span><span class=\"property-desc line-limit-length\" title=\"MEN\">MEN</span></li>\n<li class=\"product-prop line-limit-length\"><span class=\"property-title\">Item Type:&nbsp;</span><span class=\"property-desc line-limit-length\" title=\"Shirts\">Shirts</span></li>\n<li class=\"product-prop line-limit-length\"><span class=\"property-title\">Shirts Type:&nbsp;</span><span class=\"property-desc line-limit-length\" title=\"Tuxedo Shirts\">Tuxedo Shirts</span></li>\n<li class=\"product-prop line-limit-length\"><span class=\"property-title\">Material:&nbsp;</span><span class=\"property-desc line-limit-length\" title=\"COTTON\">COTTON</span></li>\n<li class=\"product-prop line-limit-length\"><span class=\"property-title\">Material:&nbsp;</span><span class=\"property-desc line-limit-length\" title=\"Polyester\">Polyester</span></li>\n<li class=\"product-prop line-limit-length\"><span class=\"property-title\">Sleeve Length(cm):&nbsp;</span><span class=\"property-desc line-limit-length\" title=\"Full\">Full</span></li>\n<li class=\"product-prop line-limit-length\"><span class=\"property-title\">Collar:&nbsp;</span><span class=\"property-desc line-limit-length\" title=\"MANDARIN COLLAR\">MANDARIN COLLAR</span></li>\n<li class=\"product-prop line-limit-length\"><span class=\"property-title\">Style:&nbsp;</span><span class=\"property-desc line-limit-length\" title=\"Casual\">Casual</span></li>\n<li class=\"product-prop line-limit-length\"><span class=\"property-title\">Fabric Type:&nbsp;</span><span class=\"property-desc line-limit-length\" title=\"Broadcloth\">Broadcloth</span></li>\n<li class=\"product-prop line-limit-length\"><span class=\"property-title\">Model Number:&nbsp;</span><span class=\"property-desc line-limit-length\" title=\"M-5XL\">M-5XL</span></li>\n<li class=\"product-prop line-limit-length\"><span class=\"property-title\">Sleeve Style:&nbsp;</span><span class=\"property-desc line-limit-length\" title=\"REGULAR\">REGULAR</span></li>\n<li class=\"product-prop line-limit-length\"><span class=\"property-title\">Pattern Type:&nbsp;</span><span class=\"property-desc line-limit-length\" title=\"Plaid\">Plaid</span></li>\n<li class=\"product-prop line-limit-length\"><span class=\"property-title\">Closure Type:&nbsp;</span><span class=\"property-desc line-limit-length\" title=\"Single Breasted\">Single Breasted</span></li>\n<li class=\"product-prop line-limit-length\"><span class=\"property-title\">Brand Name:&nbsp;</span><span class=\"property-desc line-limit-length\" title=\"CW\">CW</span></li>\n<li class=\"product-prop line-limit-length\"><span class=\"property-title\">pointy collar (routine):&nbsp;</span><span class=\"property-desc line-limit-length\" title=\"Collar type:\">Collar type:</span></li>\n<li class=\"product-prop line-limit-length\"><span class=\"property-title\">long sleeve:&nbsp;</span><span class=\"property-desc line-limit-length\" title=\"Sleeve length:\">Sleeve length:</span></li>\n<li class=\"product-prop line-limit-length\"><span class=\"property-title\">gender:&nbsp;</span><span class=\"property-desc line-limit-length\" title=\"Men\">Men</span></li>\n<li class=\"product-prop line-limit-length\"><span class=\"property-title\">four seasons.:&nbsp;</span><span class=\"property-desc line-limit-length\" title=\"Applicable season:\">Applicable season:</span></li>\n<li class=\"product-prop line-limit-length\"><span class=\"property-title\">item type:&nbsp;</span><span class=\"property-desc line-limit-length\" title=\"Shirts\">Shirts</span></li>\n<li class=\"product-prop line-limit-length\" data-spm-anchor-id=\"a2g0o.detail.0.i11.1b7570bb7aRaXK\"><span class=\"property-title\">youth is popular.:&nbsp;</span><span class=\"property-desc line-limit-length\" title=\"Basic style:\">Basic style:</span></li>\n</ul>\";s:17:\"short_description\";s:175:\"Género: HOMBRES Tipo de artículo: Camisas Tipo de camisas: Camisas de esmoquin Material: ALGODÓN Material: Poliéster Largo de manga (cm): Completo Cuello: CUELLO MANDARÍN\";}s:10:\"\0*\0changes\";a:0:{}s:8:\"\0*\0casts\";a:0:{}s:17:\"\0*\0classCastCache\";a:0:{}s:21:\"\0*\0attributeCastCache\";a:0:{}s:13:\"\0*\0dateFormat\";N;s:10:\"\0*\0appends\";a:0:{}s:19:\"\0*\0dispatchesEvents\";a:0:{}s:14:\"\0*\0observables\";a:0:{}s:12:\"\0*\0relations\";a:0:{}s:10:\"\0*\0touches\";a:0:{}s:10:\"timestamps\";b:0;s:13:\"usesUniqueIds\";b:0;s:9:\"\0*\0hidden\";a:0:{}s:10:\"\0*\0visible\";a:0:{}s:11:\"\0*\0fillable\";a:3:{i:0;s:4:\"name\";i:1;s:11:\"description\";i:2;s:17:\"short_description\";}s:10:\"\0*\0guarded\";a:1:{i:0;s:1:\"*\";}}}s:28:\"\0*\0escapeWhenCastingToString\";b:0;}s:5:\"files\";O:39:\"Illuminate\\Database\\Eloquent\\Collection\":2:{s:8:\"\0*\0items\";a:6:{i:0;O:27:\"Modules\\Media\\Entities\\File\":30:{s:13:\"\0*\0connection\";s:5:\"mysql\";s:8:\"\0*\0table\";s:5:\"files\";s:13:\"\0*\0primaryKey\";s:2:\"id\";s:10:\"\0*\0keyType\";s:3:\"int\";s:12:\"incrementing\";b:1;s:7:\"\0*\0with\";a:0:{}s:12:\"\0*\0withCount\";a:0:{}s:19:\"preventsLazyLoading\";b:0;s:10:\"\0*\0perPage\";i:15;s:6:\"exists\";b:1;s:18:\"wasRecentlyCreated\";b:0;s:28:\"\0*\0escapeWhenCastingToString\";b:0;s:13:\"\0*\0attributes\";a:10:{s:2:\"id\";i:303;s:7:\"user_id\";i:1;s:8:\"filename\";s:45:\"UDC1UdfVESfsrcBjMjwqDG3FgCk6Xosuf1XGbG60.jpeg\";s:4:\"disk\";s:14:\"public_storage\";s:4:\"path\";s:50:\"media/Pksgkt4IOGJoi85fZXl1JL8sv0A8RzM72yYUPz0I.jpg\";s:9:\"extension\";s:3:\"jpg\";s:4:\"mime\";s:10:\"image/jpeg\";s:4:\"size\";s:5:\"43362\";s:10:\"created_at\";s:19:\"2024-12-19 08:15:59\";s:10:\"updated_at\";s:19:\"2024-12-19 08:15:59\";}s:11:\"\0*\0original\";a:17:{s:2:\"id\";i:303;s:7:\"user_id\";i:1;s:8:\"filename\";s:45:\"UDC1UdfVESfsrcBjMjwqDG3FgCk6Xosuf1XGbG60.jpeg\";s:4:\"disk\";s:14:\"public_storage\";s:4:\"path\";s:50:\"media/Pksgkt4IOGJoi85fZXl1JL8sv0A8RzM72yYUPz0I.jpg\";s:9:\"extension\";s:3:\"jpg\";s:4:\"mime\";s:10:\"image/jpeg\";s:4:\"size\";s:5:\"43362\";s:10:\"created_at\";s:19:\"2024-12-19 08:15:59\";s:10:\"updated_at\";s:19:\"2024-12-19 08:15:59\";s:15:\"pivot_entity_id\";i:28;s:13:\"pivot_file_id\";i:303;s:17:\"pivot_entity_type\";s:32:\"Modules\\Product\\Entities\\Product\";s:8:\"pivot_id\";i:704;s:10:\"pivot_zone\";s:10:\"base_image\";s:16:\"pivot_created_at\";s:19:\"2024-12-19 09:40:55\";s:16:\"pivot_updated_at\";s:19:\"2024-12-19 09:40:55\";}s:10:\"\0*\0changes\";a:0:{}s:8:\"\0*\0casts\";a:0:{}s:17:\"\0*\0classCastCache\";a:0:{}s:21:\"\0*\0attributeCastCache\";a:0:{}s:13:\"\0*\0dateFormat\";N;s:10:\"\0*\0appends\";a:0:{}s:19:\"\0*\0dispatchesEvents\";a:0:{}s:14:\"\0*\0observables\";a:0:{}s:12:\"\0*\0relations\";a:1:{s:5:\"pivot\";O:49:\"Illuminate\\Database\\Eloquent\\Relations\\MorphPivot\":35:{s:13:\"\0*\0connection\";N;s:8:\"\0*\0table\";s:12:\"entity_files\";s:13:\"\0*\0primaryKey\";s:2:\"id\";s:10:\"\0*\0keyType\";s:3:\"int\";s:12:\"incrementing\";b:0;s:7:\"\0*\0with\";a:0:{}s:12:\"\0*\0withCount\";a:0:{}s:19:\"preventsLazyLoading\";b:0;s:10:\"\0*\0perPage\";i:15;s:6:\"exists\";b:1;s:18:\"wasRecentlyCreated\";b:0;s:28:\"\0*\0escapeWhenCastingToString\";b:0;s:13:\"\0*\0attributes\";a:7:{s:11:\"entity_type\";s:32:\"Modules\\Product\\Entities\\Product\";s:9:\"entity_id\";i:28;s:7:\"file_id\";i:303;s:2:\"id\";i:704;s:4:\"zone\";s:10:\"base_image\";s:10:\"created_at\";s:19:\"2024-12-19 09:40:55\";s:10:\"updated_at\";s:19:\"2024-12-19 09:40:55\";}s:11:\"\0*\0original\";a:7:{s:11:\"entity_type\";s:32:\"Modules\\Product\\Entities\\Product\";s:9:\"entity_id\";i:28;s:7:\"file_id\";i:303;s:2:\"id\";i:704;s:4:\"zone\";s:10:\"base_image\";s:10:\"created_at\";s:19:\"2024-12-19 09:40:55\";s:10:\"updated_at\";s:19:\"2024-12-19 09:40:55\";}s:10:\"\0*\0changes\";a:0:{}s:8:\"\0*\0casts\";a:0:{}s:17:\"\0*\0classCastCache\";a:0:{}s:21:\"\0*\0attributeCastCache\";a:0:{}s:13:\"\0*\0dateFormat\";N;s:10:\"\0*\0appends\";a:0:{}s:19:\"\0*\0dispatchesEvents\";a:0:{}s:14:\"\0*\0observables\";a:0:{}s:12:\"\0*\0relations\";a:0:{}s:10:\"\0*\0touches\";a:0:{}s:10:\"timestamps\";b:1;s:13:\"usesUniqueIds\";b:0;s:9:\"\0*\0hidden\";a:0:{}s:10:\"\0*\0visible\";a:0:{}s:11:\"\0*\0fillable\";a:0:{}s:10:\"\0*\0guarded\";a:0:{}s:11:\"pivotParent\";O:32:\"Modules\\Product\\Entities\\Product\":35:{s:13:\"\0*\0connection\";N;s:8:\"\0*\0table\";s:8:\"products\";s:13:\"\0*\0primaryKey\";s:2:\"id\";s:10:\"\0*\0keyType\";s:3:\"int\";s:12:\"incrementing\";b:1;s:7:\"\0*\0with\";a:1:{i:0;s:12:\"translations\";}s:12:\"\0*\0withCount\";a:0:{}s:19:\"preventsLazyLoading\";b:0;s:10:\"\0*\0perPage\";i:15;s:6:\"exists\";b:0;s:18:\"wasRecentlyCreated\";b:0;s:28:\"\0*\0escapeWhenCastingToString\";b:0;s:13:\"\0*\0attributes\";a:0:{}s:11:\"\0*\0original\";a:0:{}s:10:\"\0*\0changes\";a:0:{}s:8:\"\0*\0casts\";a:9:{s:10:\"is_virtual\";s:7:\"boolean\";s:9:\"is_active\";s:7:\"boolean\";s:19:\"special_price_start\";s:8:\"datetime\";s:17:\"special_price_end\";s:8:\"datetime\";s:8:\"new_from\";s:8:\"datetime\";s:6:\"new_to\";s:8:\"datetime\";s:10:\"start_date\";s:8:\"datetime\";s:8:\"end_date\";s:8:\"datetime\";s:10:\"deleted_at\";s:8:\"datetime\";}s:17:\"\0*\0classCastCache\";a:0:{}s:21:\"\0*\0attributeCastCache\";a:0:{}s:13:\"\0*\0dateFormat\";N;s:10:\"\0*\0appends\";a:13:{i:0;s:10:\"base_image\";i:1;s:17:\"additional_images\";i:2;s:5:\"media\";i:3;s:15:\"formatted_price\";i:4;s:21:\"formatted_price_range\";i:5;s:28:\"has_percentage_special_price\";i:6;s:21:\"special_price_percent\";i:7;s:14:\"rating_percent\";i:8;s:17:\"does_manage_stock\";i:9;s:11:\"is_in_stock\";i:10;s:15:\"is_out_of_stock\";i:11;s:6:\"is_new\";i:12;s:7:\"variant\";}s:19:\"\0*\0dispatchesEvents\";a:0:{}s:14:\"\0*\0observables\";a:0:{}s:12:\"\0*\0relations\";a:0:{}s:10:\"\0*\0touches\";a:0:{}s:10:\"timestamps\";b:1;s:13:\"usesUniqueIds\";b:0;s:9:\"\0*\0hidden\";a:0:{}s:10:\"\0*\0visible\";a:0:{}s:11:\"\0*\0fillable\";a:17:{i:0;s:8:\"brand_id\";i:1;s:12:\"tax_class_id\";i:2;s:4:\"slug\";i:3;s:3:\"sku\";i:4;s:5:\"price\";i:5;s:13:\"special_price\";i:6;s:18:\"special_price_type\";i:7;s:19:\"special_price_start\";i:8;s:17:\"special_price_end\";i:9;s:13:\"selling_price\";i:10;s:12:\"manage_stock\";i:11;s:3:\"qty\";i:12;s:8:\"in_stock\";i:13;s:10:\"is_virtual\";i:14;s:9:\"is_active\";i:15;s:8:\"new_from\";i:16;s:6:\"new_to\";}s:10:\"\0*\0guarded\";a:1:{i:0;s:1:\"*\";}s:23:\"\0*\0translatedAttributes\";a:3:{i:0;s:4:\"name\";i:1;s:11:\"description\";i:2;s:17:\"short_description\";}s:16:\"\0*\0slugAttribute\";s:4:\"name\";s:16:\"\0*\0defaultLocale\";N;s:16:\"\0*\0scoutMetadata\";a:0:{}s:16:\"\0*\0forceDeleting\";b:0;}s:13:\"\0*\0foreignKey\";s:9:\"entity_id\";s:13:\"\0*\0relatedKey\";s:7:\"file_id\";s:12:\"\0*\0morphType\";s:11:\"entity_type\";s:13:\"\0*\0morphClass\";s:32:\"Modules\\Product\\Entities\\Product\";}}s:10:\"\0*\0touches\";a:0:{}s:10:\"timestamps\";b:1;s:13:\"usesUniqueIds\";b:0;s:9:\"\0*\0hidden\";a:0:{}s:10:\"\0*\0visible\";a:3:{i:0;s:2:\"id\";i:1;s:8:\"filename\";i:2;s:4:\"path\";}s:11:\"\0*\0fillable\";a:0:{}s:10:\"\0*\0guarded\";a:0:{}}i:1;O:27:\"Modules\\Media\\Entities\\File\":30:{s:13:\"\0*\0connection\";s:5:\"mysql\";s:8:\"\0*\0table\";s:5:\"files\";s:13:\"\0*\0primaryKey\";s:2:\"id\";s:10:\"\0*\0keyType\";s:3:\"int\";s:12:\"incrementing\";b:1;s:7:\"\0*\0with\";a:0:{}s:12:\"\0*\0withCount\";a:0:{}s:19:\"preventsLazyLoading\";b:0;s:10:\"\0*\0perPage\";i:15;s:6:\"exists\";b:1;s:18:\"wasRecentlyCreated\";b:0;s:28:\"\0*\0escapeWhenCastingToString\";b:0;s:13:\"\0*\0attributes\";a:10:{s:2:\"id\";i:301;s:7:\"user_id\";i:1;s:8:\"filename\";s:45:\"KE1O5euA4t61bDFfmBqmExCpVjItdf9MQF2EnAtV.webp\";s:4:\"disk\";s:14:\"public_storage\";s:4:\"path\";s:51:\"media/0p3omgySsXzdbtQhFVcRkBmiCmjjyy93s8ABTezj.webp\";s:9:\"extension\";s:4:\"webp\";s:4:\"mime\";s:10:\"image/webp\";s:4:\"size\";s:5:\"43754\";s:10:\"created_at\";s:19:\"2024-12-19 08:15:57\";s:10:\"updated_at\";s:19:\"2024-12-19 08:15:57\";}s:11:\"\0*\0original\";a:17:{s:2:\"id\";i:301;s:7:\"user_id\";i:1;s:8:\"filename\";s:45:\"KE1O5euA4t61bDFfmBqmExCpVjItdf9MQF2EnAtV.webp\";s:4:\"disk\";s:14:\"public_storage\";s:4:\"path\";s:51:\"media/0p3omgySsXzdbtQhFVcRkBmiCmjjyy93s8ABTezj.webp\";s:9:\"extension\";s:4:\"webp\";s:4:\"mime\";s:10:\"image/webp\";s:4:\"size\";s:5:\"43754\";s:10:\"created_at\";s:19:\"2024-12-19 08:15:57\";s:10:\"updated_at\";s:19:\"2024-12-19 08:15:57\";s:15:\"pivot_entity_id\";i:28;s:13:\"pivot_file_id\";i:301;s:17:\"pivot_entity_type\";s:32:\"Modules\\Product\\Entities\\Product\";s:8:\"pivot_id\";i:705;s:10:\"pivot_zone\";s:17:\"additional_images\";s:16:\"pivot_created_at\";s:19:\"2024-12-19 09:40:55\";s:16:\"pivot_updated_at\";s:19:\"2024-12-19 09:40:55\";}s:10:\"\0*\0changes\";a:0:{}s:8:\"\0*\0casts\";a:0:{}s:17:\"\0*\0classCastCache\";a:0:{}s:21:\"\0*\0attributeCastCache\";a:0:{}s:13:\"\0*\0dateFormat\";N;s:10:\"\0*\0appends\";a:0:{}s:19:\"\0*\0dispatchesEvents\";a:0:{}s:14:\"\0*\0observables\";a:0:{}s:12:\"\0*\0relations\";a:1:{s:5:\"pivot\";O:49:\"Illuminate\\Database\\Eloquent\\Relations\\MorphPivot\":35:{s:13:\"\0*\0connection\";N;s:8:\"\0*\0table\";s:12:\"entity_files\";s:13:\"\0*\0primaryKey\";s:2:\"id\";s:10:\"\0*\0keyType\";s:3:\"int\";s:12:\"incrementing\";b:0;s:7:\"\0*\0with\";a:0:{}s:12:\"\0*\0withCount\";a:0:{}s:19:\"preventsLazyLoading\";b:0;s:10:\"\0*\0perPage\";i:15;s:6:\"exists\";b:1;s:18:\"wasRecentlyCreated\";b:0;s:28:\"\0*\0escapeWhenCastingToString\";b:0;s:13:\"\0*\0attributes\";a:7:{s:11:\"entity_type\";s:32:\"Modules\\Product\\Entities\\Product\";s:9:\"entity_id\";i:28;s:7:\"file_id\";i:301;s:2:\"id\";i:705;s:4:\"zone\";s:17:\"additional_images\";s:10:\"created_at\";s:19:\"2024-12-19 09:40:55\";s:10:\"updated_at\";s:19:\"2024-12-19 09:40:55\";}s:11:\"\0*\0original\";a:7:{s:11:\"entity_type\";s:32:\"Modules\\Product\\Entities\\Product\";s:9:\"entity_id\";i:28;s:7:\"file_id\";i:301;s:2:\"id\";i:705;s:4:\"zone\";s:17:\"additional_images\";s:10:\"created_at\";s:19:\"2024-12-19 09:40:55\";s:10:\"updated_at\";s:19:\"2024-12-19 09:40:55\";}s:10:\"\0*\0changes\";a:0:{}s:8:\"\0*\0casts\";a:0:{}s:17:\"\0*\0classCastCache\";a:0:{}s:21:\"\0*\0attributeCastCache\";a:0:{}s:13:\"\0*\0dateFormat\";N;s:10:\"\0*\0appends\";a:0:{}s:19:\"\0*\0dispatchesEvents\";a:0:{}s:14:\"\0*\0observables\";a:0:{}s:12:\"\0*\0relations\";a:0:{}s:10:\"\0*\0touches\";a:0:{}s:10:\"timestamps\";b:1;s:13:\"usesUniqueIds\";b:0;s:9:\"\0*\0hidden\";a:0:{}s:10:\"\0*\0visible\";a:0:{}s:11:\"\0*\0fillable\";a:0:{}s:10:\"\0*\0guarded\";a:0:{}s:11:\"pivotParent\";r:2728;s:13:\"\0*\0foreignKey\";s:9:\"entity_id\";s:13:\"\0*\0relatedKey\";s:7:\"file_id\";s:12:\"\0*\0morphType\";s:11:\"entity_type\";s:13:\"\0*\0morphClass\";s:32:\"Modules\\Product\\Entities\\Product\";}}s:10:\"\0*\0touches\";a:0:{}s:10:\"timestamps\";b:1;s:13:\"usesUniqueIds\";b:0;s:9:\"\0*\0hidden\";a:0:{}s:10:\"\0*\0visible\";a:3:{i:0;s:2:\"id\";i:1;s:8:\"filename\";i:2;s:4:\"path\";}s:11:\"\0*\0fillable\";a:0:{}s:10:\"\0*\0guarded\";a:0:{}}i:2;O:27:\"Modules\\Media\\Entities\\File\":30:{s:13:\"\0*\0connection\";s:5:\"mysql\";s:8:\"\0*\0table\";s:5:\"files\";s:13:\"\0*\0primaryKey\";s:2:\"id\";s:10:\"\0*\0keyType\";s:3:\"int\";s:12:\"incrementing\";b:1;s:7:\"\0*\0with\";a:0:{}s:12:\"\0*\0withCount\";a:0:{}s:19:\"preventsLazyLoading\";b:0;s:10:\"\0*\0perPage\";i:15;s:6:\"exists\";b:1;s:18:\"wasRecentlyCreated\";b:0;s:28:\"\0*\0escapeWhenCastingToString\";b:0;s:13:\"\0*\0attributes\";a:10:{s:2:\"id\";i:302;s:7:\"user_id\";i:1;s:8:\"filename\";s:45:\"u6b7bclsuHxSVD9Uwn1405neSBqyJLFThQbK10l4.webp\";s:4:\"disk\";s:14:\"public_storage\";s:4:\"path\";s:51:\"media/zBy2jKqNq0A4fPIpM89uWQl6yet4qqNuAU6jCKSK.webp\";s:9:\"extension\";s:4:\"webp\";s:4:\"mime\";s:10:\"image/webp\";s:4:\"size\";s:5:\"23928\";s:10:\"created_at\";s:19:\"2024-12-19 08:15:58\";s:10:\"updated_at\";s:19:\"2024-12-19 08:15:58\";}s:11:\"\0*\0original\";a:17:{s:2:\"id\";i:302;s:7:\"user_id\";i:1;s:8:\"filename\";s:45:\"u6b7bclsuHxSVD9Uwn1405neSBqyJLFThQbK10l4.webp\";s:4:\"disk\";s:14:\"public_storage\";s:4:\"path\";s:51:\"media/zBy2jKqNq0A4fPIpM89uWQl6yet4qqNuAU6jCKSK.webp\";s:9:\"extension\";s:4:\"webp\";s:4:\"mime\";s:10:\"image/webp\";s:4:\"size\";s:5:\"23928\";s:10:\"created_at\";s:19:\"2024-12-19 08:15:58\";s:10:\"updated_at\";s:19:\"2024-12-19 08:15:58\";s:15:\"pivot_entity_id\";i:28;s:13:\"pivot_file_id\";i:302;s:17:\"pivot_entity_type\";s:32:\"Modules\\Product\\Entities\\Product\";s:8:\"pivot_id\";i:706;s:10:\"pivot_zone\";s:17:\"additional_images\";s:16:\"pivot_created_at\";s:19:\"2024-12-19 09:40:55\";s:16:\"pivot_updated_at\";s:19:\"2024-12-19 09:40:55\";}s:10:\"\0*\0changes\";a:0:{}s:8:\"\0*\0casts\";a:0:{}s:17:\"\0*\0classCastCache\";a:0:{}s:21:\"\0*\0attributeCastCache\";a:0:{}s:13:\"\0*\0dateFormat\";N;s:10:\"\0*\0appends\";a:0:{}s:19:\"\0*\0dispatchesEvents\";a:0:{}s:14:\"\0*\0observables\";a:0:{}s:12:\"\0*\0relations\";a:1:{s:5:\"pivot\";O:49:\"Illuminate\\Database\\Eloquent\\Relations\\MorphPivot\":35:{s:13:\"\0*\0connection\";N;s:8:\"\0*\0table\";s:12:\"entity_files\";s:13:\"\0*\0primaryKey\";s:2:\"id\";s:10:\"\0*\0keyType\";s:3:\"int\";s:12:\"incrementing\";b:0;s:7:\"\0*\0with\";a:0:{}s:12:\"\0*\0withCount\";a:0:{}s:19:\"preventsLazyLoading\";b:0;s:10:\"\0*\0perPage\";i:15;s:6:\"exists\";b:1;s:18:\"wasRecentlyCreated\";b:0;s:28:\"\0*\0escapeWhenCastingToString\";b:0;s:13:\"\0*\0attributes\";a:7:{s:11:\"entity_type\";s:32:\"Modules\\Product\\Entities\\Product\";s:9:\"entity_id\";i:28;s:7:\"file_id\";i:302;s:2:\"id\";i:706;s:4:\"zone\";s:17:\"additional_images\";s:10:\"created_at\";s:19:\"2024-12-19 09:40:55\";s:10:\"updated_at\";s:19:\"2024-12-19 09:40:55\";}s:11:\"\0*\0original\";a:7:{s:11:\"entity_type\";s:32:\"Modules\\Product\\Entities\\Product\";s:9:\"entity_id\";i:28;s:7:\"file_id\";i:302;s:2:\"id\";i:706;s:4:\"zone\";s:17:\"additional_images\";s:10:\"created_at\";s:19:\"2024-12-19 09:40:55\";s:10:\"updated_at\";s:19:\"2024-12-19 09:40:55\";}s:10:\"\0*\0changes\";a:0:{}s:8:\"\0*\0casts\";a:0:{}s:17:\"\0*\0classCastCache\";a:0:{}s:21:\"\0*\0attributeCastCache\";a:0:{}s:13:\"\0*\0dateFormat\";N;s:10:\"\0*\0appends\";a:0:{}s:19:\"\0*\0dispatchesEvents\";a:0:{}s:14:\"\0*\0observables\";a:0:{}s:12:\"\0*\0relations\";a:0:{}s:10:\"\0*\0touches\";a:0:{}s:10:\"timestamps\";b:1;s:13:\"usesUniqueIds\";b:0;s:9:\"\0*\0hidden\";a:0:{}s:10:\"\0*\0visible\";a:0:{}s:11:\"\0*\0fillable\";a:0:{}s:10:\"\0*\0guarded\";a:0:{}s:11:\"pivotParent\";r:2728;s:13:\"\0*\0foreignKey\";s:9:\"entity_id\";s:13:\"\0*\0relatedKey\";s:7:\"file_id\";s:12:\"\0*\0morphType\";s:11:\"entity_type\";s:13:\"\0*\0morphClass\";s:32:\"Modules\\Product\\Entities\\Product\";}}s:10:\"\0*\0touches\";a:0:{}s:10:\"timestamps\";b:1;s:13:\"usesUniqueIds\";b:0;s:9:\"\0*\0hidden\";a:0:{}s:10:\"\0*\0visible\";a:3:{i:0;s:2:\"id\";i:1;s:8:\"filename\";i:2;s:4:\"path\";}s:11:\"\0*\0fillable\";a:0:{}s:10:\"\0*\0guarded\";a:0:{}}i:3;O:27:\"Modules\\Media\\Entities\\File\":30:{s:13:\"\0*\0connection\";s:5:\"mysql\";s:8:\"\0*\0table\";s:5:\"files\";s:13:\"\0*\0primaryKey\";s:2:\"id\";s:10:\"\0*\0keyType\";s:3:\"int\";s:12:\"incrementing\";b:1;s:7:\"\0*\0with\";a:0:{}s:12:\"\0*\0withCount\";a:0:{}s:19:\"preventsLazyLoading\";b:0;s:10:\"\0*\0perPage\";i:15;s:6:\"exists\";b:1;s:18:\"wasRecentlyCreated\";b:0;s:28:\"\0*\0escapeWhenCastingToString\";b:0;s:13:\"\0*\0attributes\";a:10:{s:2:\"id\";i:300;s:7:\"user_id\";i:1;s:8:\"filename\";s:45:\"ExWTDzhcVr0sEzUqT5rMdP3PMqxK6A4vftEW7sWd.webp\";s:4:\"disk\";s:14:\"public_storage\";s:4:\"path\";s:51:\"media/7PlG7FqQoWLKr1zOOQA0JdFxp9tuq5jbAvgEznN8.webp\";s:9:\"extension\";s:4:\"webp\";s:4:\"mime\";s:10:\"image/webp\";s:4:\"size\";s:5:\"33540\";s:10:\"created_at\";s:19:\"2024-12-19 08:15:49\";s:10:\"updated_at\";s:19:\"2024-12-19 08:15:49\";}s:11:\"\0*\0original\";a:17:{s:2:\"id\";i:300;s:7:\"user_id\";i:1;s:8:\"filename\";s:45:\"ExWTDzhcVr0sEzUqT5rMdP3PMqxK6A4vftEW7sWd.webp\";s:4:\"disk\";s:14:\"public_storage\";s:4:\"path\";s:51:\"media/7PlG7FqQoWLKr1zOOQA0JdFxp9tuq5jbAvgEznN8.webp\";s:9:\"extension\";s:4:\"webp\";s:4:\"mime\";s:10:\"image/webp\";s:4:\"size\";s:5:\"33540\";s:10:\"created_at\";s:19:\"2024-12-19 08:15:49\";s:10:\"updated_at\";s:19:\"2024-12-19 08:15:49\";s:15:\"pivot_entity_id\";i:28;s:13:\"pivot_file_id\";i:300;s:17:\"pivot_entity_type\";s:32:\"Modules\\Product\\Entities\\Product\";s:8:\"pivot_id\";i:707;s:10:\"pivot_zone\";s:17:\"additional_images\";s:16:\"pivot_created_at\";s:19:\"2024-12-19 09:40:55\";s:16:\"pivot_updated_at\";s:19:\"2024-12-19 09:40:55\";}s:10:\"\0*\0changes\";a:0:{}s:8:\"\0*\0casts\";a:0:{}s:17:\"\0*\0classCastCache\";a:0:{}s:21:\"\0*\0attributeCastCache\";a:0:{}s:13:\"\0*\0dateFormat\";N;s:10:\"\0*\0appends\";a:0:{}s:19:\"\0*\0dispatchesEvents\";a:0:{}s:14:\"\0*\0observables\";a:0:{}s:12:\"\0*\0relations\";a:1:{s:5:\"pivot\";O:49:\"Illuminate\\Database\\Eloquent\\Relations\\MorphPivot\":35:{s:13:\"\0*\0connection\";N;s:8:\"\0*\0table\";s:12:\"entity_files\";s:13:\"\0*\0primaryKey\";s:2:\"id\";s:10:\"\0*\0keyType\";s:3:\"int\";s:12:\"incrementing\";b:0;s:7:\"\0*\0with\";a:0:{}s:12:\"\0*\0withCount\";a:0:{}s:19:\"preventsLazyLoading\";b:0;s:10:\"\0*\0perPage\";i:15;s:6:\"exists\";b:1;s:18:\"wasRecentlyCreated\";b:0;s:28:\"\0*\0escapeWhenCastingToString\";b:0;s:13:\"\0*\0attributes\";a:7:{s:11:\"entity_type\";s:32:\"Modules\\Product\\Entities\\Product\";s:9:\"entity_id\";i:28;s:7:\"file_id\";i:300;s:2:\"id\";i:707;s:4:\"zone\";s:17:\"additional_images\";s:10:\"created_at\";s:19:\"2024-12-19 09:40:55\";s:10:\"updated_at\";s:19:\"2024-12-19 09:40:55\";}s:11:\"\0*\0original\";a:7:{s:11:\"entity_type\";s:32:\"Modules\\Product\\Entities\\Product\";s:9:\"entity_id\";i:28;s:7:\"file_id\";i:300;s:2:\"id\";i:707;s:4:\"zone\";s:17:\"additional_images\";s:10:\"created_at\";s:19:\"2024-12-19 09:40:55\";s:10:\"updated_at\";s:19:\"2024-12-19 09:40:55\";}s:10:\"\0*\0changes\";a:0:{}s:8:\"\0*\0casts\";a:0:{}s:17:\"\0*\0classCastCache\";a:0:{}s:21:\"\0*\0attributeCastCache\";a:0:{}s:13:\"\0*\0dateFormat\";N;s:10:\"\0*\0appends\";a:0:{}s:19:\"\0*\0dispatchesEvents\";a:0:{}s:14:\"\0*\0observables\";a:0:{}s:12:\"\0*\0relations\";a:0:{}s:10:\"\0*\0touches\";a:0:{}s:10:\"timestamps\";b:1;s:13:\"usesUniqueIds\";b:0;s:9:\"\0*\0hidden\";a:0:{}s:10:\"\0*\0visible\";a:0:{}s:11:\"\0*\0fillable\";a:0:{}s:10:\"\0*\0guarded\";a:0:{}s:11:\"pivotParent\";r:2728;s:13:\"\0*\0foreignKey\";s:9:\"entity_id\";s:13:\"\0*\0relatedKey\";s:7:\"file_id\";s:12:\"\0*\0morphType\";s:11:\"entity_type\";s:13:\"\0*\0morphClass\";s:32:\"Modules\\Product\\Entities\\Product\";}}s:10:\"\0*\0touches\";a:0:{}s:10:\"timestamps\";b:1;s:13:\"usesUniqueIds\";b:0;s:9:\"\0*\0hidden\";a:0:{}s:10:\"\0*\0visible\";a:3:{i:0;s:2:\"id\";i:1;s:8:\"filename\";i:2;s:4:\"path\";}s:11:\"\0*\0fillable\";a:0:{}s:10:\"\0*\0guarded\";a:0:{}}i:4;O:27:\"Modules\\Media\\Entities\\File\":30:{s:13:\"\0*\0connection\";s:5:\"mysql\";s:8:\"\0*\0table\";s:5:\"files\";s:13:\"\0*\0primaryKey\";s:2:\"id\";s:10:\"\0*\0keyType\";s:3:\"int\";s:12:\"incrementing\";b:1;s:7:\"\0*\0with\";a:0:{}s:12:\"\0*\0withCount\";a:0:{}s:19:\"preventsLazyLoading\";b:0;s:10:\"\0*\0perPage\";i:15;s:6:\"exists\";b:1;s:18:\"wasRecentlyCreated\";b:0;s:28:\"\0*\0escapeWhenCastingToString\";b:0;s:13:\"\0*\0attributes\";a:10:{s:2:\"id\";i:299;s:7:\"user_id\";i:1;s:8:\"filename\";s:45:\"0ToGvCqLwEoobsNxQWlsIaiSrWH6Azcbw1K8xBzj.jpeg\";s:4:\"disk\";s:14:\"public_storage\";s:4:\"path\";s:50:\"media/rGqtZ9ewkgI2SYTXpZB1Pw0JpvvBWoVwAREm9bAI.jpg\";s:9:\"extension\";s:3:\"jpg\";s:4:\"mime\";s:10:\"image/jpeg\";s:4:\"size\";s:5:\"96858\";s:10:\"created_at\";s:19:\"2024-12-19 08:15:48\";s:10:\"updated_at\";s:19:\"2024-12-19 08:15:48\";}s:11:\"\0*\0original\";a:17:{s:2:\"id\";i:299;s:7:\"user_id\";i:1;s:8:\"filename\";s:45:\"0ToGvCqLwEoobsNxQWlsIaiSrWH6Azcbw1K8xBzj.jpeg\";s:4:\"disk\";s:14:\"public_storage\";s:4:\"path\";s:50:\"media/rGqtZ9ewkgI2SYTXpZB1Pw0JpvvBWoVwAREm9bAI.jpg\";s:9:\"extension\";s:3:\"jpg\";s:4:\"mime\";s:10:\"image/jpeg\";s:4:\"size\";s:5:\"96858\";s:10:\"created_at\";s:19:\"2024-12-19 08:15:48\";s:10:\"updated_at\";s:19:\"2024-12-19 08:15:48\";s:15:\"pivot_entity_id\";i:28;s:13:\"pivot_file_id\";i:299;s:17:\"pivot_entity_type\";s:32:\"Modules\\Product\\Entities\\Product\";s:8:\"pivot_id\";i:708;s:10:\"pivot_zone\";s:17:\"additional_images\";s:16:\"pivot_created_at\";s:19:\"2024-12-19 09:40:55\";s:16:\"pivot_updated_at\";s:19:\"2024-12-19 09:40:55\";}s:10:\"\0*\0changes\";a:0:{}s:8:\"\0*\0casts\";a:0:{}s:17:\"\0*\0classCastCache\";a:0:{}s:21:\"\0*\0attributeCastCache\";a:0:{}s:13:\"\0*\0dateFormat\";N;s:10:\"\0*\0appends\";a:0:{}s:19:\"\0*\0dispatchesEvents\";a:0:{}s:14:\"\0*\0observables\";a:0:{}s:12:\"\0*\0relations\";a:1:{s:5:\"pivot\";O:49:\"Illuminate\\Database\\Eloquent\\Relations\\MorphPivot\":35:{s:13:\"\0*\0connection\";N;s:8:\"\0*\0table\";s:12:\"entity_files\";s:13:\"\0*\0primaryKey\";s:2:\"id\";s:10:\"\0*\0keyType\";s:3:\"int\";s:12:\"incrementing\";b:0;s:7:\"\0*\0with\";a:0:{}s:12:\"\0*\0withCount\";a:0:{}s:19:\"preventsLazyLoading\";b:0;s:10:\"\0*\0perPage\";i:15;s:6:\"exists\";b:1;s:18:\"wasRecentlyCreated\";b:0;s:28:\"\0*\0escapeWhenCastingToString\";b:0;s:13:\"\0*\0attributes\";a:7:{s:11:\"entity_type\";s:32:\"Modules\\Product\\Entities\\Product\";s:9:\"entity_id\";i:28;s:7:\"file_id\";i:299;s:2:\"id\";i:708;s:4:\"zone\";s:17:\"additional_images\";s:10:\"created_at\";s:19:\"2024-12-19 09:40:55\";s:10:\"updated_at\";s:19:\"2024-12-19 09:40:55\";}s:11:\"\0*\0original\";a:7:{s:11:\"entity_type\";s:32:\"Modules\\Product\\Entities\\Product\";s:9:\"entity_id\";i:28;s:7:\"file_id\";i:299;s:2:\"id\";i:708;s:4:\"zone\";s:17:\"additional_images\";s:10:\"created_at\";s:19:\"2024-12-19 09:40:55\";s:10:\"updated_at\";s:19:\"2024-12-19 09:40:55\";}s:10:\"\0*\0changes\";a:0:{}s:8:\"\0*\0casts\";a:0:{}s:17:\"\0*\0classCastCache\";a:0:{}s:21:\"\0*\0attributeCastCache\";a:0:{}s:13:\"\0*\0dateFormat\";N;s:10:\"\0*\0appends\";a:0:{}s:19:\"\0*\0dispatchesEvents\";a:0:{}s:14:\"\0*\0observables\";a:0:{}s:12:\"\0*\0relations\";a:0:{}s:10:\"\0*\0touches\";a:0:{}s:10:\"timestamps\";b:1;s:13:\"usesUniqueIds\";b:0;s:9:\"\0*\0hidden\";a:0:{}s:10:\"\0*\0visible\";a:0:{}s:11:\"\0*\0fillable\";a:0:{}s:10:\"\0*\0guarded\";a:0:{}s:11:\"pivotParent\";r:2728;s:13:\"\0*\0foreignKey\";s:9:\"entity_id\";s:13:\"\0*\0relatedKey\";s:7:\"file_id\";s:12:\"\0*\0morphType\";s:11:\"entity_type\";s:13:\"\0*\0morphClass\";s:32:\"Modules\\Product\\Entities\\Product\";}}s:10:\"\0*\0touches\";a:0:{}s:10:\"timestamps\";b:1;s:13:\"usesUniqueIds\";b:0;s:9:\"\0*\0hidden\";a:0:{}s:10:\"\0*\0visible\";a:3:{i:0;s:2:\"id\";i:1;s:8:\"filename\";i:2;s:4:\"path\";}s:11:\"\0*\0fillable\";a:0:{}s:10:\"\0*\0guarded\";a:0:{}}i:5;O:27:\"Modules\\Media\\Entities\\File\":30:{s:13:\"\0*\0connection\";s:5:\"mysql\";s:8:\"\0*\0table\";s:5:\"files\";s:13:\"\0*\0primaryKey\";s:2:\"id\";s:10:\"\0*\0keyType\";s:3:\"int\";s:12:\"incrementing\";b:1;s:7:\"\0*\0with\";a:0:{}s:12:\"\0*\0withCount\";a:0:{}s:19:\"preventsLazyLoading\";b:0;s:10:\"\0*\0perPage\";i:15;s:6:\"exists\";b:1;s:18:\"wasRecentlyCreated\";b:0;s:28:\"\0*\0escapeWhenCastingToString\";b:0;s:13:\"\0*\0attributes\";a:10:{s:2:\"id\";i:298;s:7:\"user_id\";i:1;s:8:\"filename\";s:45:\"BMfJWpzzwaAR0OX7JJKS0jx45tU08f5QB7K2F8od.webp\";s:4:\"disk\";s:14:\"public_storage\";s:4:\"path\";s:51:\"media/5nNx6zo1345TmHQ9Qij5QdJVxD1D66QF7wSgt7nr.webp\";s:9:\"extension\";s:4:\"webp\";s:4:\"mime\";s:10:\"image/webp\";s:4:\"size\";s:5:\"52912\";s:10:\"created_at\";s:19:\"2024-12-19 08:15:45\";s:10:\"updated_at\";s:19:\"2024-12-19 08:15:45\";}s:11:\"\0*\0original\";a:17:{s:2:\"id\";i:298;s:7:\"user_id\";i:1;s:8:\"filename\";s:45:\"BMfJWpzzwaAR0OX7JJKS0jx45tU08f5QB7K2F8od.webp\";s:4:\"disk\";s:14:\"public_storage\";s:4:\"path\";s:51:\"media/5nNx6zo1345TmHQ9Qij5QdJVxD1D66QF7wSgt7nr.webp\";s:9:\"extension\";s:4:\"webp\";s:4:\"mime\";s:10:\"image/webp\";s:4:\"size\";s:5:\"52912\";s:10:\"created_at\";s:19:\"2024-12-19 08:15:45\";s:10:\"updated_at\";s:19:\"2024-12-19 08:15:45\";s:15:\"pivot_entity_id\";i:28;s:13:\"pivot_file_id\";i:298;s:17:\"pivot_entity_type\";s:32:\"Modules\\Product\\Entities\\Product\";s:8:\"pivot_id\";i:709;s:10:\"pivot_zone\";s:17:\"additional_images\";s:16:\"pivot_created_at\";s:19:\"2024-12-19 09:40:55\";s:16:\"pivot_updated_at\";s:19:\"2024-12-19 09:40:55\";}s:10:\"\0*\0changes\";a:0:{}s:8:\"\0*\0casts\";a:0:{}s:17:\"\0*\0classCastCache\";a:0:{}s:21:\"\0*\0attributeCastCache\";a:0:{}s:13:\"\0*\0dateFormat\";N;s:10:\"\0*\0appends\";a:0:{}s:19:\"\0*\0dispatchesEvents\";a:0:{}s:14:\"\0*\0observables\";a:0:{}s:12:\"\0*\0relations\";a:1:{s:5:\"pivot\";O:49:\"Illuminate\\Database\\Eloquent\\Relations\\MorphPivot\":35:{s:13:\"\0*\0connection\";N;s:8:\"\0*\0table\";s:12:\"entity_files\";s:13:\"\0*\0primaryKey\";s:2:\"id\";s:10:\"\0*\0keyType\";s:3:\"int\";s:12:\"incrementing\";b:0;s:7:\"\0*\0with\";a:0:{}s:12:\"\0*\0withCount\";a:0:{}s:19:\"preventsLazyLoading\";b:0;s:10:\"\0*\0perPage\";i:15;s:6:\"exists\";b:1;s:18:\"wasRecentlyCreated\";b:0;s:28:\"\0*\0escapeWhenCastingToString\";b:0;s:13:\"\0*\0attributes\";a:7:{s:11:\"entity_type\";s:32:\"Modules\\Product\\Entities\\Product\";s:9:\"entity_id\";i:28;s:7:\"file_id\";i:298;s:2:\"id\";i:709;s:4:\"zone\";s:17:\"additional_images\";s:10:\"created_at\";s:19:\"2024-12-19 09:40:55\";s:10:\"updated_at\";s:19:\"2024-12-19 09:40:55\";}s:11:\"\0*\0original\";a:7:{s:11:\"entity_type\";s:32:\"Modules\\Product\\Entities\\Product\";s:9:\"entity_id\";i:28;s:7:\"file_id\";i:298;s:2:\"id\";i:709;s:4:\"zone\";s:17:\"additional_images\";s:10:\"created_at\";s:19:\"2024-12-19 09:40:55\";s:10:\"updated_at\";s:19:\"2024-12-19 09:40:55\";}s:10:\"\0*\0changes\";a:0:{}s:8:\"\0*\0casts\";a:0:{}s:17:\"\0*\0classCastCache\";a:0:{}s:21:\"\0*\0attributeCastCache\";a:0:{}s:13:\"\0*\0dateFormat\";N;s:10:\"\0*\0appends\";a:0:{}s:19:\"\0*\0dispatchesEvents\";a:0:{}s:14:\"\0*\0observables\";a:0:{}s:12:\"\0*\0relations\";a:0:{}s:10:\"\0*\0touches\";a:0:{}s:10:\"timestamps\";b:1;s:13:\"usesUniqueIds\";b:0;s:9:\"\0*\0hidden\";a:0:{}s:10:\"\0*\0visible\";a:0:{}s:11:\"\0*\0fillable\";a:0:{}s:10:\"\0*\0guarded\";a:0:{}s:11:\"pivotParent\";r:2728;s:13:\"\0*\0foreignKey\";s:9:\"entity_id\";s:13:\"\0*\0relatedKey\";s:7:\"file_id\";s:12:\"\0*\0morphType\";s:11:\"entity_type\";s:13:\"\0*\0morphClass\";s:32:\"Modules\\Product\\Entities\\Product\";}}s:10:\"\0*\0touches\";a:0:{}s:10:\"timestamps\";b:1;s:13:\"usesUniqueIds\";b:0;s:9:\"\0*\0hidden\";a:0:{}s:10:\"\0*\0visible\";a:3:{i:0;s:2:\"id\";i:1;s:8:\"filename\";i:2;s:4:\"path\";}s:11:\"\0*\0fillable\";a:0:{}s:10:\"\0*\0guarded\";a:0:{}}}s:28:\"\0*\0escapeWhenCastingToString\";b:0;}s:10:\"categories\";O:26:\"TypiCMS\\NestableCollection\":8:{s:8:\"\0*\0items\";a:2:{i:0;O:34:\"Modules\\Category\\Entities\\Category\":33:{s:13:\"\0*\0connection\";s:5:\"mysql\";s:8:\"\0*\0table\";s:10:\"categories\";s:13:\"\0*\0primaryKey\";s:2:\"id\";s:10:\"\0*\0keyType\";s:3:\"int\";s:12:\"incrementing\";b:1;s:7:\"\0*\0with\";a:1:{i:0;s:12:\"translations\";}s:12:\"\0*\0withCount\";a:0:{}s:19:\"preventsLazyLoading\";b:0;s:10:\"\0*\0perPage\";i:15;s:6:\"exists\";b:1;s:18:\"wasRecentlyCreated\";b:0;s:28:\"\0*\0escapeWhenCastingToString\";b:0;s:13:\"\0*\0attributes\";a:8:{s:2:\"id\";i:2;s:9:\"parent_id\";N;s:4:\"slug\";s:7:\"relojes\";s:8:\"position\";i:16;s:13:\"is_searchable\";i:1;s:9:\"is_active\";i:1;s:10:\"created_at\";s:19:\"2024-12-13 08:50:13\";s:10:\"updated_at\";s:19:\"2024-12-14 19:12:15\";}s:11:\"\0*\0original\";a:10:{s:2:\"id\";i:2;s:9:\"parent_id\";N;s:4:\"slug\";s:7:\"relojes\";s:8:\"position\";i:16;s:13:\"is_searchable\";i:1;s:9:\"is_active\";i:1;s:10:\"created_at\";s:19:\"2024-12-13 08:50:13\";s:10:\"updated_at\";s:19:\"2024-12-14 19:12:15\";s:16:\"pivot_product_id\";i:28;s:17:\"pivot_category_id\";i:2;}s:10:\"\0*\0changes\";a:0:{}s:8:\"\0*\0casts\";a:2:{s:13:\"is_searchable\";s:7:\"boolean\";s:9:\"is_active\";s:7:\"boolean\";}s:17:\"\0*\0classCastCache\";a:0:{}s:21:\"\0*\0attributeCastCache\";a:0:{}s:13:\"\0*\0dateFormat\";N;s:10:\"\0*\0appends\";a:0:{}s:19:\"\0*\0dispatchesEvents\";a:0:{}s:14:\"\0*\0observables\";a:0:{}s:12:\"\0*\0relations\";a:2:{s:5:\"pivot\";O:44:\"Illuminate\\Database\\Eloquent\\Relations\\Pivot\":33:{s:13:\"\0*\0connection\";N;s:8:\"\0*\0table\";s:18:\"product_categories\";s:13:\"\0*\0primaryKey\";s:2:\"id\";s:10:\"\0*\0keyType\";s:3:\"int\";s:12:\"incrementing\";b:0;s:7:\"\0*\0with\";a:0:{}s:12:\"\0*\0withCount\";a:0:{}s:19:\"preventsLazyLoading\";b:0;s:10:\"\0*\0perPage\";i:15;s:6:\"exists\";b:1;s:18:\"wasRecentlyCreated\";b:0;s:28:\"\0*\0escapeWhenCastingToString\";b:0;s:13:\"\0*\0attributes\";a:2:{s:10:\"product_id\";i:28;s:11:\"category_id\";i:2;}s:11:\"\0*\0original\";a:2:{s:10:\"product_id\";i:28;s:11:\"category_id\";i:2;}s:10:\"\0*\0changes\";a:0:{}s:8:\"\0*\0casts\";a:0:{}s:17:\"\0*\0classCastCache\";a:0:{}s:21:\"\0*\0attributeCastCache\";a:0:{}s:13:\"\0*\0dateFormat\";N;s:10:\"\0*\0appends\";a:0:{}s:19:\"\0*\0dispatchesEvents\";a:0:{}s:14:\"\0*\0observables\";a:0:{}s:12:\"\0*\0relations\";a:0:{}s:10:\"\0*\0touches\";a:0:{}s:10:\"timestamps\";b:0;s:13:\"usesUniqueIds\";b:0;s:9:\"\0*\0hidden\";a:0:{}s:10:\"\0*\0visible\";a:0:{}s:11:\"\0*\0fillable\";a:0:{}s:10:\"\0*\0guarded\";a:0:{}s:11:\"pivotParent\";O:32:\"Modules\\Product\\Entities\\Product\":35:{s:13:\"\0*\0connection\";N;s:8:\"\0*\0table\";s:8:\"products\";s:13:\"\0*\0primaryKey\";s:2:\"id\";s:10:\"\0*\0keyType\";s:3:\"int\";s:12:\"incrementing\";b:1;s:7:\"\0*\0with\";a:1:{i:0;s:12:\"translations\";}s:12:\"\0*\0withCount\";a:0:{}s:19:\"preventsLazyLoading\";b:0;s:10:\"\0*\0perPage\";i:15;s:6:\"exists\";b:0;s:18:\"wasRecentlyCreated\";b:0;s:28:\"\0*\0escapeWhenCastingToString\";b:0;s:13:\"\0*\0attributes\";a:0:{}s:11:\"\0*\0original\";a:0:{}s:10:\"\0*\0changes\";a:0:{}s:8:\"\0*\0casts\";a:9:{s:10:\"is_virtual\";s:7:\"boolean\";s:9:\"is_active\";s:7:\"boolean\";s:19:\"special_price_start\";s:8:\"datetime\";s:17:\"special_price_end\";s:8:\"datetime\";s:8:\"new_from\";s:8:\"datetime\";s:6:\"new_to\";s:8:\"datetime\";s:10:\"start_date\";s:8:\"datetime\";s:8:\"end_date\";s:8:\"datetime\";s:10:\"deleted_at\";s:8:\"datetime\";}s:17:\"\0*\0classCastCache\";a:0:{}s:21:\"\0*\0attributeCastCache\";a:0:{}s:13:\"\0*\0dateFormat\";N;s:10:\"\0*\0appends\";a:13:{i:0;s:10:\"base_image\";i:1;s:17:\"additional_images\";i:2;s:5:\"media\";i:3;s:15:\"formatted_price\";i:4;s:21:\"formatted_price_range\";i:5;s:28:\"has_percentage_special_price\";i:6;s:21:\"special_price_percent\";i:7;s:14:\"rating_percent\";i:8;s:17:\"does_manage_stock\";i:9;s:11:\"is_in_stock\";i:10;s:15:\"is_out_of_stock\";i:11;s:6:\"is_new\";i:12;s:7:\"variant\";}s:19:\"\0*\0dispatchesEvents\";a:0:{}s:14:\"\0*\0observables\";a:0:{}s:12:\"\0*\0relations\";a:0:{}s:10:\"\0*\0touches\";a:0:{}s:10:\"timestamps\";b:1;s:13:\"usesUniqueIds\";b:0;s:9:\"\0*\0hidden\";a:0:{}s:10:\"\0*\0visible\";a:0:{}s:11:\"\0*\0fillable\";a:17:{i:0;s:8:\"brand_id\";i:1;s:12:\"tax_class_id\";i:2;s:4:\"slug\";i:3;s:3:\"sku\";i:4;s:5:\"price\";i:5;s:13:\"special_price\";i:6;s:18:\"special_price_type\";i:7;s:19:\"special_price_start\";i:8;s:17:\"special_price_end\";i:9;s:13:\"selling_price\";i:10;s:12:\"manage_stock\";i:11;s:3:\"qty\";i:12;s:8:\"in_stock\";i:13;s:10:\"is_virtual\";i:14;s:9:\"is_active\";i:15;s:8:\"new_from\";i:16;s:6:\"new_to\";}s:10:\"\0*\0guarded\";a:1:{i:0;s:1:\"*\";}s:23:\"\0*\0translatedAttributes\";a:3:{i:0;s:4:\"name\";i:1;s:11:\"description\";i:2;s:17:\"short_description\";}s:16:\"\0*\0slugAttribute\";s:4:\"name\";s:16:\"\0*\0defaultLocale\";N;s:16:\"\0*\0scoutMetadata\";a:0:{}s:16:\"\0*\0forceDeleting\";b:0;}s:13:\"\0*\0foreignKey\";s:10:\"product_id\";s:13:\"\0*\0relatedKey\";s:11:\"category_id\";}s:12:\"translations\";O:39:\"Illuminate\\Database\\Eloquent\\Collection\":2:{s:8:\"\0*\0items\";a:1:{i:0;O:45:\"Modules\\Category\\Entities\\CategoryTranslation\":30:{s:13:\"\0*\0connection\";s:5:\"mysql\";s:8:\"\0*\0table\";s:21:\"category_translations\";s:13:\"\0*\0primaryKey\";s:2:\"id\";s:10:\"\0*\0keyType\";s:3:\"int\";s:12:\"incrementing\";b:1;s:7:\"\0*\0with\";a:0:{}s:12:\"\0*\0withCount\";a:0:{}s:19:\"preventsLazyLoading\";b:0;s:10:\"\0*\0perPage\";i:15;s:6:\"exists\";b:1;s:18:\"wasRecentlyCreated\";b:0;s:28:\"\0*\0escapeWhenCastingToString\";b:0;s:13:\"\0*\0attributes\";a:4:{s:2:\"id\";i:2;s:11:\"category_id\";i:2;s:6:\"locale\";s:2:\"es\";s:4:\"name\";s:14:\"Moda Masculina\";}s:11:\"\0*\0original\";a:4:{s:2:\"id\";i:2;s:11:\"category_id\";i:2;s:6:\"locale\";s:2:\"es\";s:4:\"name\";s:14:\"Moda Masculina\";}s:10:\"\0*\0changes\";a:0:{}s:8:\"\0*\0casts\";a:0:{}s:17:\"\0*\0classCastCache\";a:0:{}s:21:\"\0*\0attributeCastCache\";a:0:{}s:13:\"\0*\0dateFormat\";N;s:10:\"\0*\0appends\";a:0:{}s:19:\"\0*\0dispatchesEvents\";a:0:{}s:14:\"\0*\0observables\";a:0:{}s:12:\"\0*\0relations\";a:0:{}s:10:\"\0*\0touches\";a:0:{}s:10:\"timestamps\";b:0;s:13:\"usesUniqueIds\";b:0;s:9:\"\0*\0hidden\";a:0:{}s:10:\"\0*\0visible\";a:0:{}s:11:\"\0*\0fillable\";a:1:{i:0;s:4:\"name\";}s:10:\"\0*\0guarded\";a:1:{i:0;s:1:\"*\";}}}s:28:\"\0*\0escapeWhenCastingToString\";b:0;}}s:10:\"\0*\0touches\";a:0:{}s:10:\"timestamps\";b:1;s:13:\"usesUniqueIds\";b:0;s:9:\"\0*\0hidden\";a:1:{i:0;s:12:\"translations\";}s:10:\"\0*\0visible\";a:0:{}s:11:\"\0*\0fillable\";a:5:{i:0;s:9:\"parent_id\";i:1;s:4:\"slug\";i:2;s:8:\"position\";i:3;s:13:\"is_searchable\";i:4;s:9:\"is_active\";}s:10:\"\0*\0guarded\";a:1:{i:0;s:1:\"*\";}s:23:\"\0*\0translatedAttributes\";a:1:{i:0;s:4:\"name\";}s:16:\"\0*\0slugAttribute\";s:4:\"name\";s:16:\"\0*\0defaultLocale\";N;}i:1;O:34:\"Modules\\Category\\Entities\\Category\":33:{s:13:\"\0*\0connection\";s:5:\"mysql\";s:8:\"\0*\0table\";s:10:\"categories\";s:13:\"\0*\0primaryKey\";s:2:\"id\";s:10:\"\0*\0keyType\";s:3:\"int\";s:12:\"incrementing\";b:1;s:7:\"\0*\0with\";a:1:{i:0;s:12:\"translations\";}s:12:\"\0*\0withCount\";a:0:{}s:19:\"preventsLazyLoading\";b:0;s:10:\"\0*\0perPage\";i:15;s:6:\"exists\";b:1;s:18:\"wasRecentlyCreated\";b:0;s:28:\"\0*\0escapeWhenCastingToString\";b:0;s:13:\"\0*\0attributes\";a:8:{s:2:\"id\";i:14;s:9:\"parent_id\";i:2;s:4:\"slug\";s:4:\"ropa\";s:8:\"position\";i:18;s:13:\"is_searchable\";i:0;s:9:\"is_active\";i:1;s:10:\"created_at\";s:19:\"2024-12-13 09:15:52\";s:10:\"updated_at\";s:19:\"2024-12-13 09:19:49\";}s:11:\"\0*\0original\";a:10:{s:2:\"id\";i:14;s:9:\"parent_id\";i:2;s:4:\"slug\";s:4:\"ropa\";s:8:\"position\";i:18;s:13:\"is_searchable\";i:0;s:9:\"is_active\";i:1;s:10:\"created_at\";s:19:\"2024-12-13 09:15:52\";s:10:\"updated_at\";s:19:\"2024-12-13 09:19:49\";s:16:\"pivot_product_id\";i:28;s:17:\"pivot_category_id\";i:14;}s:10:\"\0*\0changes\";a:0:{}s:8:\"\0*\0casts\";a:2:{s:13:\"is_searchable\";s:7:\"boolean\";s:9:\"is_active\";s:7:\"boolean\";}s:17:\"\0*\0classCastCache\";a:0:{}s:21:\"\0*\0attributeCastCache\";a:0:{}s:13:\"\0*\0dateFormat\";N;s:10:\"\0*\0appends\";a:0:{}s:19:\"\0*\0dispatchesEvents\";a:0:{}s:14:\"\0*\0observables\";a:0:{}s:12:\"\0*\0relations\";a:2:{s:5:\"pivot\";O:44:\"Illuminate\\Database\\Eloquent\\Relations\\Pivot\":33:{s:13:\"\0*\0connection\";N;s:8:\"\0*\0table\";s:18:\"product_categories\";s:13:\"\0*\0primaryKey\";s:2:\"id\";s:10:\"\0*\0keyType\";s:3:\"int\";s:12:\"incrementing\";b:0;s:7:\"\0*\0with\";a:0:{}s:12:\"\0*\0withCount\";a:0:{}s:19:\"preventsLazyLoading\";b:0;s:10:\"\0*\0perPage\";i:15;s:6:\"exists\";b:1;s:18:\"wasRecentlyCreated\";b:0;s:28:\"\0*\0escapeWhenCastingToString\";b:0;s:13:\"\0*\0attributes\";a:2:{s:10:\"product_id\";i:28;s:11:\"category_id\";i:14;}s:11:\"\0*\0original\";a:2:{s:10:\"product_id\";i:28;s:11:\"category_id\";i:14;}s:10:\"\0*\0changes\";a:0:{}s:8:\"\0*\0casts\";a:0:{}s:17:\"\0*\0classCastCache\";a:0:{}s:21:\"\0*\0attributeCastCache\";a:0:{}s:13:\"\0*\0dateFormat\";N;s:10:\"\0*\0appends\";a:0:{}s:19:\"\0*\0dispatchesEvents\";a:0:{}s:14:\"\0*\0observables\";a:0:{}s:12:\"\0*\0relations\";a:0:{}s:10:\"\0*\0touches\";a:0:{}s:10:\"timestamps\";b:0;s:13:\"usesUniqueIds\";b:0;s:9:\"\0*\0hidden\";a:0:{}s:10:\"\0*\0visible\";a:0:{}s:11:\"\0*\0fillable\";a:0:{}s:10:\"\0*\0guarded\";a:0:{}s:11:\"pivotParent\";r:3460;s:13:\"\0*\0foreignKey\";s:10:\"product_id\";s:13:\"\0*\0relatedKey\";s:11:\"category_id\";}s:12:\"translations\";O:39:\"Illuminate\\Database\\Eloquent\\Collection\":2:{s:8:\"\0*\0items\";a:1:{i:0;O:45:\"Modules\\Category\\Entities\\CategoryTranslation\":30:{s:13:\"\0*\0connection\";s:5:\"mysql\";s:8:\"\0*\0table\";s:21:\"category_translations\";s:13:\"\0*\0primaryKey\";s:2:\"id\";s:10:\"\0*\0keyType\";s:3:\"int\";s:12:\"incrementing\";b:1;s:7:\"\0*\0with\";a:0:{}s:12:\"\0*\0withCount\";a:0:{}s:19:\"preventsLazyLoading\";b:0;s:10:\"\0*\0perPage\";i:15;s:6:\"exists\";b:1;s:18:\"wasRecentlyCreated\";b:0;s:28:\"\0*\0escapeWhenCastingToString\";b:0;s:13:\"\0*\0attributes\";a:4:{s:2:\"id\";i:14;s:11:\"category_id\";i:14;s:6:\"locale\";s:2:\"es\";s:4:\"name\";s:4:\"Ropa\";}s:11:\"\0*\0original\";a:4:{s:2:\"id\";i:14;s:11:\"category_id\";i:14;s:6:\"locale\";s:2:\"es\";s:4:\"name\";s:4:\"Ropa\";}s:10:\"\0*\0changes\";a:0:{}s:8:\"\0*\0casts\";a:0:{}s:17:\"\0*\0classCastCache\";a:0:{}s:21:\"\0*\0attributeCastCache\";a:0:{}s:13:\"\0*\0dateFormat\";N;s:10:\"\0*\0appends\";a:0:{}s:19:\"\0*\0dispatchesEvents\";a:0:{}s:14:\"\0*\0observables\";a:0:{}s:12:\"\0*\0relations\";a:0:{}s:10:\"\0*\0touches\";a:0:{}s:10:\"timestamps\";b:0;s:13:\"usesUniqueIds\";b:0;s:9:\"\0*\0hidden\";a:0:{}s:10:\"\0*\0visible\";a:0:{}s:11:\"\0*\0fillable\";a:1:{i:0;s:4:\"name\";}s:10:\"\0*\0guarded\";a:1:{i:0;s:1:\"*\";}}}s:28:\"\0*\0escapeWhenCastingToString\";b:0;}}s:10:\"\0*\0touches\";a:0:{}s:10:\"timestamps\";b:1;s:13:\"usesUniqueIds\";b:0;s:9:\"\0*\0hidden\";a:1:{i:0;s:12:\"translations\";}s:10:\"\0*\0visible\";a:0:{}s:11:\"\0*\0fillable\";a:5:{i:0;s:9:\"parent_id\";i:1;s:4:\"slug\";i:2;s:8:\"position\";i:3;s:13:\"is_searchable\";i:4;s:9:\"is_active\";}s:10:\"\0*\0guarded\";a:1:{i:0;s:1:\"*\";}s:23:\"\0*\0translatedAttributes\";a:1:{i:0;s:4:\"name\";}s:16:\"\0*\0slugAttribute\";s:4:\"name\";s:16:\"\0*\0defaultLocale\";N;}}s:28:\"\0*\0escapeWhenCastingToString\";b:0;s:8:\"\0*\0total\";i:2;s:15:\"\0*\0parentColumn\";s:9:\"parent_id\";s:33:\"\0*\0removeItemsWithMissingAncestor\";b:1;s:14:\"\0*\0indentChars\";s:8:\"    \";s:15:\"\0*\0childrenName\";s:5:\"items\";s:17:\"\0*\0parentRelation\";s:6:\"parent\";}s:8:\"taxClass\";O:29:\"Modules\\Tax\\Entities\\TaxClass\":33:{s:13:\"\0*\0connection\";N;s:8:\"\0*\0table\";s:11:\"tax_classes\";s:13:\"\0*\0primaryKey\";s:2:\"id\";s:10:\"\0*\0keyType\";s:3:\"int\";s:12:\"incrementing\";b:1;s:7:\"\0*\0with\";a:1:{i:0;s:12:\"translations\";}s:12:\"\0*\0withCount\";a:0:{}s:19:\"preventsLazyLoading\";b:0;s:10:\"\0*\0perPage\";i:15;s:6:\"exists\";b:0;s:18:\"wasRecentlyCreated\";b:0;s:28:\"\0*\0escapeWhenCastingToString\";b:0;s:13:\"\0*\0attributes\";a:0:{}s:11:\"\0*\0original\";a:0:{}s:10:\"\0*\0changes\";a:0:{}s:8:\"\0*\0casts\";a:3:{s:10:\"start_date\";s:8:\"datetime\";s:8:\"end_date\";s:8:\"datetime\";s:10:\"deleted_at\";s:8:\"datetime\";}s:17:\"\0*\0classCastCache\";a:0:{}s:21:\"\0*\0attributeCastCache\";a:0:{}s:13:\"\0*\0dateFormat\";N;s:10:\"\0*\0appends\";a:0:{}s:19:\"\0*\0dispatchesEvents\";a:0:{}s:14:\"\0*\0observables\";a:0:{}s:12:\"\0*\0relations\";a:0:{}s:10:\"\0*\0touches\";a:0:{}s:10:\"timestamps\";b:1;s:13:\"usesUniqueIds\";b:0;s:9:\"\0*\0hidden\";a:0:{}s:10:\"\0*\0visible\";a:0:{}s:11:\"\0*\0fillable\";a:1:{i:0;s:8:\"based_on\";}s:10:\"\0*\0guarded\";a:1:{i:0;s:1:\"*\";}s:20:\"translatedAttributes\";a:1:{i:0;s:5:\"label\";}s:16:\"\0*\0defaultLocale\";N;s:16:\"\0*\0forceDeleting\";b:0;}}s:10:\"\0*\0touches\";a:0:{}s:10:\"timestamps\";b:1;s:13:\"usesUniqueIds\";b:0;s:9:\"\0*\0hidden\";a:0:{}s:10:\"\0*\0visible\";a:0:{}s:11:\"\0*\0fillable\";a:17:{i:0;s:8:\"brand_id\";i:1;s:12:\"tax_class_id\";i:2;s:4:\"slug\";i:3;s:3:\"sku\";i:4;s:5:\"price\";i:5;s:13:\"special_price\";i:6;s:18:\"special_price_type\";i:7;s:19:\"special_price_start\";i:8;s:17:\"special_price_end\";i:9;s:13:\"selling_price\";i:10;s:12:\"manage_stock\";i:11;s:3:\"qty\";i:12;s:8:\"in_stock\";i:13;s:10:\"is_virtual\";i:14;s:9:\"is_active\";i:15;s:8:\"new_from\";i:16;s:6:\"new_to\";}s:10:\"\0*\0guarded\";a:1:{i:0;s:1:\"*\";}s:23:\"\0*\0translatedAttributes\";a:3:{i:0;s:4:\"name\";i:1;s:11:\"description\";i:2;s:17:\"short_description\";}s:16:\"\0*\0slugAttribute\";s:4:\"name\";s:16:\"\0*\0defaultLocale\";N;s:16:\"\0*\0scoutMetadata\";a:0:{}s:16:\"\0*\0forceDeleting\";b:0;}s:7:\"variant\";N;s:4:\"item\";r:2489;s:10:\"variations\";O:39:\"Illuminate\\Database\\Eloquent\\Collection\":2:{s:8:\"\0*\0items\";a:0:{}s:28:\"\0*\0escapeWhenCastingToString\";b:0;}s:7:\"options\";O:29:\"Illuminate\\Support\\Collection\":2:{s:8:\"\0*\0items\";a:0:{}s:28:\"\0*\0escapeWhenCastingToString\";b:0;}s:10:\"created_at\";i:1746504600;}s:28:\"\0*\0escapeWhenCastingToString\";b:0;}s:10:\"conditions\";a:0:{}}s:28:\"\0*\0escapeWhenCastingToString\";b:0;s:9:\"\0*\0config\";a:5:{s:14:\"format_numbers\";b:0;s:8:\"decimals\";i:0;s:9:\"dec_point\";s:1:\".\";s:13:\"thousands_sep\";s:1:\",\";s:6:\"events\";N;}}}s:28:\"\0*\0escapeWhenCastingToString\";b:0;}','2025-05-06 03:24:15','2025-05-06 04:10:00'),
('aIYgD5qVOe4inaTJ8tHF54mAN15fjzA2xUPWzEV5_cart_conditions','a:0:{}','2025-04-26 04:58:09','2025-04-26 04:58:09'),
('aIYgD5qVOe4inaTJ8tHF54mAN15fjzA2xUPWzEV5_cart_items','O:32:\"Darryldecode\\Cart\\CartCollection\":2:{s:8:\"\0*\0items\";a:1:{s:32:\"9198dd8a81670f628ab932546f924e82\";O:32:\"Darryldecode\\Cart\\ItemCollection\":3:{s:8:\"\0*\0items\";a:6:{s:2:\"id\";s:32:\"9198dd8a81670f628ab932546f924e82\";s:4:\"name\";s:83:\"Camisa Masculina de Manga Larga Camisa de Hombre Camisa Elegante para Club Público\";s:5:\"price\";d:23;s:8:\"quantity\";i:1;s:10:\"attributes\";O:41:\"Darryldecode\\Cart\\ItemAttributeCollection\":2:{s:8:\"\0*\0items\";a:6:{s:7:\"product\";O:32:\"Modules\\Product\\Entities\\Product\":35:{s:13:\"\0*\0connection\";s:5:\"mysql\";s:8:\"\0*\0table\";s:8:\"products\";s:13:\"\0*\0primaryKey\";s:2:\"id\";s:10:\"\0*\0keyType\";s:3:\"int\";s:12:\"incrementing\";b:1;s:7:\"\0*\0with\";a:1:{i:0;s:12:\"translations\";}s:12:\"\0*\0withCount\";a:0:{}s:19:\"preventsLazyLoading\";b:0;s:10:\"\0*\0perPage\";i:15;s:6:\"exists\";b:1;s:18:\"wasRecentlyCreated\";b:0;s:28:\"\0*\0escapeWhenCastingToString\";b:0;s:13:\"\0*\0attributes\";a:22:{s:2:\"id\";i:30;s:8:\"brand_id\";N;s:12:\"tax_class_id\";N;s:4:\"slug\";s:82:\"camisa-masculina-de-manga-larga-camisa-de-hombre-camisa-elegante-para-club-publico\";s:5:\"price\";s:7:\"20.0000\";s:13:\"special_price\";N;s:18:\"special_price_type\";s:5:\"fixed\";s:19:\"special_price_start\";N;s:17:\"special_price_end\";s:10:\"2024-12-26\";s:13:\"selling_price\";s:7:\"20.0000\";s:3:\"sku\";N;s:12:\"manage_stock\";i:0;s:3:\"qty\";N;s:8:\"in_stock\";i:1;s:6:\"viewed\";i:4;s:9:\"is_active\";i:1;s:8:\"new_from\";N;s:6:\"new_to\";N;s:10:\"deleted_at\";N;s:10:\"created_at\";s:19:\"2024-12-19 20:37:35\";s:10:\"updated_at\";s:19:\"2024-12-19 21:06:11\";s:10:\"is_virtual\";i:0;}s:11:\"\0*\0original\";a:22:{s:2:\"id\";i:30;s:8:\"brand_id\";N;s:12:\"tax_class_id\";N;s:4:\"slug\";s:82:\"camisa-masculina-de-manga-larga-camisa-de-hombre-camisa-elegante-para-club-publico\";s:5:\"price\";s:7:\"20.0000\";s:13:\"special_price\";N;s:18:\"special_price_type\";s:5:\"fixed\";s:19:\"special_price_start\";N;s:17:\"special_price_end\";s:10:\"2024-12-26\";s:13:\"selling_price\";s:7:\"20.0000\";s:3:\"sku\";N;s:12:\"manage_stock\";i:0;s:3:\"qty\";N;s:8:\"in_stock\";i:1;s:6:\"viewed\";i:4;s:9:\"is_active\";i:1;s:8:\"new_from\";N;s:6:\"new_to\";N;s:10:\"deleted_at\";N;s:10:\"created_at\";s:19:\"2024-12-19 20:37:35\";s:10:\"updated_at\";s:19:\"2024-12-19 21:06:11\";s:10:\"is_virtual\";i:0;}s:10:\"\0*\0changes\";a:0:{}s:8:\"\0*\0casts\";a:9:{s:10:\"is_virtual\";s:7:\"boolean\";s:9:\"is_active\";s:7:\"boolean\";s:19:\"special_price_start\";s:8:\"datetime\";s:17:\"special_price_end\";s:8:\"datetime\";s:8:\"new_from\";s:8:\"datetime\";s:6:\"new_to\";s:8:\"datetime\";s:10:\"start_date\";s:8:\"datetime\";s:8:\"end_date\";s:8:\"datetime\";s:10:\"deleted_at\";s:8:\"datetime\";}s:17:\"\0*\0classCastCache\";a:0:{}s:21:\"\0*\0attributeCastCache\";a:0:{}s:13:\"\0*\0dateFormat\";N;s:10:\"\0*\0appends\";a:13:{i:0;s:10:\"base_image\";i:1;s:17:\"additional_images\";i:2;s:5:\"media\";i:3;s:15:\"formatted_price\";i:4;s:21:\"formatted_price_range\";i:5;s:28:\"has_percentage_special_price\";i:6;s:21:\"special_price_percent\";i:7;s:14:\"rating_percent\";i:8;s:17:\"does_manage_stock\";i:9;s:11:\"is_in_stock\";i:10;s:15:\"is_out_of_stock\";i:11;s:6:\"is_new\";i:12;s:7:\"variant\";}s:19:\"\0*\0dispatchesEvents\";a:0:{}s:14:\"\0*\0observables\";a:0:{}s:12:\"\0*\0relations\";a:4:{s:12:\"translations\";O:39:\"Illuminate\\Database\\Eloquent\\Collection\":2:{s:8:\"\0*\0items\";a:1:{i:0;O:43:\"Modules\\Product\\Entities\\ProductTranslation\":30:{s:13:\"\0*\0connection\";s:5:\"mysql\";s:8:\"\0*\0table\";s:20:\"product_translations\";s:13:\"\0*\0primaryKey\";s:2:\"id\";s:10:\"\0*\0keyType\";s:3:\"int\";s:12:\"incrementing\";b:1;s:7:\"\0*\0with\";a:0:{}s:12:\"\0*\0withCount\";a:0:{}s:19:\"preventsLazyLoading\";b:0;s:10:\"\0*\0perPage\";i:15;s:6:\"exists\";b:1;s:18:\"wasRecentlyCreated\";b:0;s:28:\"\0*\0escapeWhenCastingToString\";b:0;s:13:\"\0*\0attributes\";a:6:{s:2:\"id\";i:30;s:10:\"product_id\";i:30;s:6:\"locale\";s:2:\"es\";s:4:\"name\";s:83:\"Camisa Masculina de Manga Larga Camisa de Hombre Camisa Elegante para Club Público\";s:11:\"description\";s:5289:\"<h1 style=\"text-align: center;\"><span style=\"vertical-align: inherit;\"><span style=\"vertical-align: inherit;\">Masculina Chemise Hombres Club P&uacute;blico Camisa de lujo</span></span></h1>\n<p><img src=\"/storage/media/Uw4UyjY2lKe0OC5JfRD1LkdwqJ8JN0kxOmkTApqU.jpg\" loading=\"lazy\" /></p>\n<h4>&nbsp;</h4>\n<h4>&nbsp;</h4>\n<h4><strong><span style=\"vertical-align: inherit;\"><span style=\"vertical-align: inherit;\"><img src=\"/storage/media/49HBMuPwgS1u5F5V7eQmxnRXBS5Ju5zi5bYGUyiN.jpg\" loading=\"lazy\" /></span></span></strong></h4>\n<h4><strong><span style=\"vertical-align: inherit;\"><span style=\"vertical-align: inherit;\">Presupuesto:</span></span></strong></h4>\n<ul class=\"product-specs-list util-clearfix\">\n<li class=\"product-prop line-limit-length\"><span class=\"property-title\"><span style=\"vertical-align: inherit;\"><span style=\"vertical-align: inherit;\">Tipo de camisas:&nbsp; </span></span></span><span class=\"property-desc line-limit-length\" title=\"Camisas de vestir\"><span style=\"vertical-align: inherit;\"><span style=\"vertical-align: inherit;\">Camisas de vestir</span></span></span></li>\n<li class=\"product-prop line-limit-length\"><span class=\"property-title\"><span style=\"vertical-align: inherit;\"><span style=\"vertical-align: inherit;\">Largo de manga (cm):&nbsp; </span></span></span><span class=\"property-desc line-limit-length\" title=\"Lleno\"><span style=\"vertical-align: inherit;\"><span style=\"vertical-align: inherit;\">Completo</span></span></span></li>\n<li class=\"product-prop line-limit-length\"><span class=\"property-title\"><span style=\"vertical-align: inherit;\"><span style=\"vertical-align: inherit;\">Material:&nbsp; </span></span></span><span class=\"property-desc line-limit-length\" title=\"ALGOD&Oacute;N\"><span style=\"vertical-align: inherit;\"><span style=\"vertical-align: inherit;\">ALGOD&Oacute;N</span></span></span></li>\n<li class=\"product-prop line-limit-length\"><span class=\"property-title\"><span style=\"vertical-align: inherit;\"><span style=\"vertical-align: inherit;\">Tipo de tela:&nbsp; </span></span></span><span class=\"property-desc line-limit-length\" title=\"Pa&ntilde;o fino\"><span style=\"vertical-align: inherit;\"><span style=\"vertical-align: inherit;\">pa&ntilde;o grueso y suave</span></span></span></li>\n<li class=\"product-prop line-limit-length\"><span class=\"property-title\"><span style=\"vertical-align: inherit;\"><span style=\"vertical-align: inherit;\">Tipo de patr&oacute;n:&nbsp; </span></span></span><span class=\"property-desc line-limit-length\" title=\"Imprimir\"><span style=\"vertical-align: inherit;\"><span style=\"vertical-align: inherit;\">Estampado</span></span></span></li>\n<li class=\"product-prop line-limit-length\"><span class=\"property-title\"><span style=\"vertical-align: inherit;\"><span style=\"vertical-align: inherit;\">Tipo de cierre:&nbsp; </span></span></span><span class=\"property-desc line-limit-length\" title=\"De un solo pecho\"><span style=\"vertical-align: inherit;\"><span style=\"vertical-align: inherit;\">Botonadura sencilla</span></span></span></li>\n<li class=\"product-prop line-limit-length\"><span class=\"property-title\"><span style=\"vertical-align: inherit;\"><span style=\"vertical-align: inherit;\">G&eacute;nero:&nbsp; </span></span></span><span class=\"property-desc line-limit-length\" title=\"HOMBRES\"><span style=\"vertical-align: inherit;\"><span style=\"vertical-align: inherit;\">HOMBRES</span></span></span></li>\n<li class=\"product-prop line-limit-length\"><span class=\"property-title\"><span style=\"vertical-align: inherit;\"><span style=\"vertical-align: inherit;\">Cuello:&nbsp; </span></span></span><span class=\"property-desc line-limit-length\" title=\"Pararse\"><span style=\"vertical-align: inherit;\"><span style=\"vertical-align: inherit;\">alto</span></span></span></li>\n<li class=\"product-prop line-limit-length\"><span class=\"property-title\"><span style=\"vertical-align: inherit;\"><span style=\"vertical-align: inherit;\">Estilo:&nbsp; </span></span></span><span class=\"property-desc line-limit-length\" title=\"Hip-hop\"><span style=\"vertical-align: inherit;\"><span style=\"vertical-align: inherit;\">Hip Hop</span></span></span></li>\n<li class=\"product-prop line-limit-length\"><span class=\"property-title\"><span style=\"vertical-align: inherit;\"><span style=\"vertical-align: inherit;\">Tipo de art&iacute;culo:&nbsp; </span></span></span><span class=\"property-desc line-limit-length\" title=\"Camisas\"><span style=\"vertical-align: inherit;\"><span style=\"vertical-align: inherit;\">Camisas</span></span></span></li>\n<li class=\"product-prop line-limit-length\"><span class=\"property-title\"><span style=\"vertical-align: inherit;\"><span style=\"vertical-align: inherit;\">Estilo de manga:&nbsp; </span></span></span><span class=\"property-desc line-limit-length\" title=\"REGULAR\"><span style=\"vertical-align: inherit;\"><span style=\"vertical-align: inherit;\">REGULAR</span></span></span></li>\n<li class=\"product-prop line-limit-length\" data-spm-anchor-id=\"a2g0o.detail.0.i10.7dba601b1BDo99\"><span class=\"property-title\"><span style=\"vertical-align: inherit;\"><span style=\"vertical-align: inherit;\">N&uacute;mero de modelo:&nbsp; </span></span></span><span class=\"property-desc line-limit-length\" title=\"Camisa de hombre\"><span style=\"vertical-align: inherit;\"><span style=\"vertical-align: inherit;\">Camisa para hombre</span></span></span></li>\n</ul>\n<p>&nbsp;</p>\";s:17:\"short_description\";s:133:\"Tipo de camisa: Camisas de vestir\nLargo de manga (cm): Largo\nMaterial: ALGODÓN\nTipo de tela: Paño fino\nTipo de estampado: Estampado\";}s:11:\"\0*\0original\";a:6:{s:2:\"id\";i:30;s:10:\"product_id\";i:30;s:6:\"locale\";s:2:\"es\";s:4:\"name\";s:83:\"Camisa Masculina de Manga Larga Camisa de Hombre Camisa Elegante para Club Público\";s:11:\"description\";s:5289:\"<h1 style=\"text-align: center;\"><span style=\"vertical-align: inherit;\"><span style=\"vertical-align: inherit;\">Masculina Chemise Hombres Club P&uacute;blico Camisa de lujo</span></span></h1>\n<p><img src=\"/storage/media/Uw4UyjY2lKe0OC5JfRD1LkdwqJ8JN0kxOmkTApqU.jpg\" loading=\"lazy\" /></p>\n<h4>&nbsp;</h4>\n<h4>&nbsp;</h4>\n<h4><strong><span style=\"vertical-align: inherit;\"><span style=\"vertical-align: inherit;\"><img src=\"/storage/media/49HBMuPwgS1u5F5V7eQmxnRXBS5Ju5zi5bYGUyiN.jpg\" loading=\"lazy\" /></span></span></strong></h4>\n<h4><strong><span style=\"vertical-align: inherit;\"><span style=\"vertical-align: inherit;\">Presupuesto:</span></span></strong></h4>\n<ul class=\"product-specs-list util-clearfix\">\n<li class=\"product-prop line-limit-length\"><span class=\"property-title\"><span style=\"vertical-align: inherit;\"><span style=\"vertical-align: inherit;\">Tipo de camisas:&nbsp; </span></span></span><span class=\"property-desc line-limit-length\" title=\"Camisas de vestir\"><span style=\"vertical-align: inherit;\"><span style=\"vertical-align: inherit;\">Camisas de vestir</span></span></span></li>\n<li class=\"product-prop line-limit-length\"><span class=\"property-title\"><span style=\"vertical-align: inherit;\"><span style=\"vertical-align: inherit;\">Largo de manga (cm):&nbsp; </span></span></span><span class=\"property-desc line-limit-length\" title=\"Lleno\"><span style=\"vertical-align: inherit;\"><span style=\"vertical-align: inherit;\">Completo</span></span></span></li>\n<li class=\"product-prop line-limit-length\"><span class=\"property-title\"><span style=\"vertical-align: inherit;\"><span style=\"vertical-align: inherit;\">Material:&nbsp; </span></span></span><span class=\"property-desc line-limit-length\" title=\"ALGOD&Oacute;N\"><span style=\"vertical-align: inherit;\"><span style=\"vertical-align: inherit;\">ALGOD&Oacute;N</span></span></span></li>\n<li class=\"product-prop line-limit-length\"><span class=\"property-title\"><span style=\"vertical-align: inherit;\"><span style=\"vertical-align: inherit;\">Tipo de tela:&nbsp; </span></span></span><span class=\"property-desc line-limit-length\" title=\"Pa&ntilde;o fino\"><span style=\"vertical-align: inherit;\"><span style=\"vertical-align: inherit;\">pa&ntilde;o grueso y suave</span></span></span></li>\n<li class=\"product-prop line-limit-length\"><span class=\"property-title\"><span style=\"vertical-align: inherit;\"><span style=\"vertical-align: inherit;\">Tipo de patr&oacute;n:&nbsp; </span></span></span><span class=\"property-desc line-limit-length\" title=\"Imprimir\"><span style=\"vertical-align: inherit;\"><span style=\"vertical-align: inherit;\">Estampado</span></span></span></li>\n<li class=\"product-prop line-limit-length\"><span class=\"property-title\"><span style=\"vertical-align: inherit;\"><span style=\"vertical-align: inherit;\">Tipo de cierre:&nbsp; </span></span></span><span class=\"property-desc line-limit-length\" title=\"De un solo pecho\"><span style=\"vertical-align: inherit;\"><span style=\"vertical-align: inherit;\">Botonadura sencilla</span></span></span></li>\n<li class=\"product-prop line-limit-length\"><span class=\"property-title\"><span style=\"vertical-align: inherit;\"><span style=\"vertical-align: inherit;\">G&eacute;nero:&nbsp; </span></span></span><span class=\"property-desc line-limit-length\" title=\"HOMBRES\"><span style=\"vertical-align: inherit;\"><span style=\"vertical-align: inherit;\">HOMBRES</span></span></span></li>\n<li class=\"product-prop line-limit-length\"><span class=\"property-title\"><span style=\"vertical-align: inherit;\"><span style=\"vertical-align: inherit;\">Cuello:&nbsp; </span></span></span><span class=\"property-desc line-limit-length\" title=\"Pararse\"><span style=\"vertical-align: inherit;\"><span style=\"vertical-align: inherit;\">alto</span></span></span></li>\n<li class=\"product-prop line-limit-length\"><span class=\"property-title\"><span style=\"vertical-align: inherit;\"><span style=\"vertical-align: inherit;\">Estilo:&nbsp; </span></span></span><span class=\"property-desc line-limit-length\" title=\"Hip-hop\"><span style=\"vertical-align: inherit;\"><span style=\"vertical-align: inherit;\">Hip Hop</span></span></span></li>\n<li class=\"product-prop line-limit-length\"><span class=\"property-title\"><span style=\"vertical-align: inherit;\"><span style=\"vertical-align: inherit;\">Tipo de art&iacute;culo:&nbsp; </span></span></span><span class=\"property-desc line-limit-length\" title=\"Camisas\"><span style=\"vertical-align: inherit;\"><span style=\"vertical-align: inherit;\">Camisas</span></span></span></li>\n<li class=\"product-prop line-limit-length\"><span class=\"property-title\"><span style=\"vertical-align: inherit;\"><span style=\"vertical-align: inherit;\">Estilo de manga:&nbsp; </span></span></span><span class=\"property-desc line-limit-length\" title=\"REGULAR\"><span style=\"vertical-align: inherit;\"><span style=\"vertical-align: inherit;\">REGULAR</span></span></span></li>\n<li class=\"product-prop line-limit-length\" data-spm-anchor-id=\"a2g0o.detail.0.i10.7dba601b1BDo99\"><span class=\"property-title\"><span style=\"vertical-align: inherit;\"><span style=\"vertical-align: inherit;\">N&uacute;mero de modelo:&nbsp; </span></span></span><span class=\"property-desc line-limit-length\" title=\"Camisa de hombre\"><span style=\"vertical-align: inherit;\"><span style=\"vertical-align: inherit;\">Camisa para hombre</span></span></span></li>\n</ul>\n<p>&nbsp;</p>\";s:17:\"short_description\";s:133:\"Tipo de camisa: Camisas de vestir\nLargo de manga (cm): Largo\nMaterial: ALGODÓN\nTipo de tela: Paño fino\nTipo de estampado: Estampado\";}s:10:\"\0*\0changes\";a:0:{}s:8:\"\0*\0casts\";a:0:{}s:17:\"\0*\0classCastCache\";a:0:{}s:21:\"\0*\0attributeCastCache\";a:0:{}s:13:\"\0*\0dateFormat\";N;s:10:\"\0*\0appends\";a:0:{}s:19:\"\0*\0dispatchesEvents\";a:0:{}s:14:\"\0*\0observables\";a:0:{}s:12:\"\0*\0relations\";a:0:{}s:10:\"\0*\0touches\";a:0:{}s:10:\"timestamps\";b:0;s:13:\"usesUniqueIds\";b:0;s:9:\"\0*\0hidden\";a:0:{}s:10:\"\0*\0visible\";a:0:{}s:11:\"\0*\0fillable\";a:3:{i:0;s:4:\"name\";i:1;s:11:\"description\";i:2;s:17:\"short_description\";}s:10:\"\0*\0guarded\";a:1:{i:0;s:1:\"*\";}}}s:28:\"\0*\0escapeWhenCastingToString\";b:0;}s:5:\"files\";O:39:\"Illuminate\\Database\\Eloquent\\Collection\":2:{s:8:\"\0*\0items\";a:4:{i:0;O:27:\"Modules\\Media\\Entities\\File\":30:{s:13:\"\0*\0connection\";s:5:\"mysql\";s:8:\"\0*\0table\";s:5:\"files\";s:13:\"\0*\0primaryKey\";s:2:\"id\";s:10:\"\0*\0keyType\";s:3:\"int\";s:12:\"incrementing\";b:1;s:7:\"\0*\0with\";a:0:{}s:12:\"\0*\0withCount\";a:0:{}s:19:\"preventsLazyLoading\";b:0;s:10:\"\0*\0perPage\";i:15;s:6:\"exists\";b:1;s:18:\"wasRecentlyCreated\";b:0;s:28:\"\0*\0escapeWhenCastingToString\";b:0;s:13:\"\0*\0attributes\";a:10:{s:2:\"id\";i:315;s:7:\"user_id\";i:1;s:8:\"filename\";s:45:\"irRFYu0fYf0al4jJNqWSbAk246gKgcfAXSBpDzS7.jpeg\";s:4:\"disk\";s:14:\"public_storage\";s:4:\"path\";s:50:\"media/QEK5XgwQM7wN7xhZl7dxw3MNyrxkAd2rZP0StF63.jpg\";s:9:\"extension\";s:3:\"jpg\";s:4:\"mime\";s:10:\"image/jpeg\";s:4:\"size\";s:6:\"361604\";s:10:\"created_at\";s:19:\"2024-12-19 20:35:23\";s:10:\"updated_at\";s:19:\"2024-12-19 20:35:23\";}s:11:\"\0*\0original\";a:17:{s:2:\"id\";i:315;s:7:\"user_id\";i:1;s:8:\"filename\";s:45:\"irRFYu0fYf0al4jJNqWSbAk246gKgcfAXSBpDzS7.jpeg\";s:4:\"disk\";s:14:\"public_storage\";s:4:\"path\";s:50:\"media/QEK5XgwQM7wN7xhZl7dxw3MNyrxkAd2rZP0StF63.jpg\";s:9:\"extension\";s:3:\"jpg\";s:4:\"mime\";s:10:\"image/jpeg\";s:4:\"size\";s:6:\"361604\";s:10:\"created_at\";s:19:\"2024-12-19 20:35:23\";s:10:\"updated_at\";s:19:\"2024-12-19 20:35:23\";s:15:\"pivot_entity_id\";i:30;s:13:\"pivot_file_id\";i:315;s:17:\"pivot_entity_type\";s:32:\"Modules\\Product\\Entities\\Product\";s:8:\"pivot_id\";i:683;s:10:\"pivot_zone\";s:10:\"base_image\";s:16:\"pivot_created_at\";s:19:\"2024-12-19 21:06:11\";s:16:\"pivot_updated_at\";s:19:\"2024-12-19 21:06:11\";}s:10:\"\0*\0changes\";a:0:{}s:8:\"\0*\0casts\";a:0:{}s:17:\"\0*\0classCastCache\";a:0:{}s:21:\"\0*\0attributeCastCache\";a:0:{}s:13:\"\0*\0dateFormat\";N;s:10:\"\0*\0appends\";a:0:{}s:19:\"\0*\0dispatchesEvents\";a:0:{}s:14:\"\0*\0observables\";a:0:{}s:12:\"\0*\0relations\";a:1:{s:5:\"pivot\";O:49:\"Illuminate\\Database\\Eloquent\\Relations\\MorphPivot\":35:{s:13:\"\0*\0connection\";N;s:8:\"\0*\0table\";s:12:\"entity_files\";s:13:\"\0*\0primaryKey\";s:2:\"id\";s:10:\"\0*\0keyType\";s:3:\"int\";s:12:\"incrementing\";b:0;s:7:\"\0*\0with\";a:0:{}s:12:\"\0*\0withCount\";a:0:{}s:19:\"preventsLazyLoading\";b:0;s:10:\"\0*\0perPage\";i:15;s:6:\"exists\";b:1;s:18:\"wasRecentlyCreated\";b:0;s:28:\"\0*\0escapeWhenCastingToString\";b:0;s:13:\"\0*\0attributes\";a:7:{s:11:\"entity_type\";s:32:\"Modules\\Product\\Entities\\Product\";s:9:\"entity_id\";i:30;s:7:\"file_id\";i:315;s:2:\"id\";i:683;s:4:\"zone\";s:10:\"base_image\";s:10:\"created_at\";s:19:\"2024-12-19 21:06:11\";s:10:\"updated_at\";s:19:\"2024-12-19 21:06:11\";}s:11:\"\0*\0original\";a:7:{s:11:\"entity_type\";s:32:\"Modules\\Product\\Entities\\Product\";s:9:\"entity_id\";i:30;s:7:\"file_id\";i:315;s:2:\"id\";i:683;s:4:\"zone\";s:10:\"base_image\";s:10:\"created_at\";s:19:\"2024-12-19 21:06:11\";s:10:\"updated_at\";s:19:\"2024-12-19 21:06:11\";}s:10:\"\0*\0changes\";a:0:{}s:8:\"\0*\0casts\";a:0:{}s:17:\"\0*\0classCastCache\";a:0:{}s:21:\"\0*\0attributeCastCache\";a:0:{}s:13:\"\0*\0dateFormat\";N;s:10:\"\0*\0appends\";a:0:{}s:19:\"\0*\0dispatchesEvents\";a:0:{}s:14:\"\0*\0observables\";a:0:{}s:12:\"\0*\0relations\";a:0:{}s:10:\"\0*\0touches\";a:0:{}s:10:\"timestamps\";b:1;s:13:\"usesUniqueIds\";b:0;s:9:\"\0*\0hidden\";a:0:{}s:10:\"\0*\0visible\";a:0:{}s:11:\"\0*\0fillable\";a:0:{}s:10:\"\0*\0guarded\";a:0:{}s:11:\"pivotParent\";O:32:\"Modules\\Product\\Entities\\Product\":35:{s:13:\"\0*\0connection\";N;s:8:\"\0*\0table\";s:8:\"products\";s:13:\"\0*\0primaryKey\";s:2:\"id\";s:10:\"\0*\0keyType\";s:3:\"int\";s:12:\"incrementing\";b:1;s:7:\"\0*\0with\";a:1:{i:0;s:12:\"translations\";}s:12:\"\0*\0withCount\";a:0:{}s:19:\"preventsLazyLoading\";b:0;s:10:\"\0*\0perPage\";i:15;s:6:\"exists\";b:0;s:18:\"wasRecentlyCreated\";b:0;s:28:\"\0*\0escapeWhenCastingToString\";b:0;s:13:\"\0*\0attributes\";a:0:{}s:11:\"\0*\0original\";a:0:{}s:10:\"\0*\0changes\";a:0:{}s:8:\"\0*\0casts\";a:9:{s:10:\"is_virtual\";s:7:\"boolean\";s:9:\"is_active\";s:7:\"boolean\";s:19:\"special_price_start\";s:8:\"datetime\";s:17:\"special_price_end\";s:8:\"datetime\";s:8:\"new_from\";s:8:\"datetime\";s:6:\"new_to\";s:8:\"datetime\";s:10:\"start_date\";s:8:\"datetime\";s:8:\"end_date\";s:8:\"datetime\";s:10:\"deleted_at\";s:8:\"datetime\";}s:17:\"\0*\0classCastCache\";a:0:{}s:21:\"\0*\0attributeCastCache\";a:0:{}s:13:\"\0*\0dateFormat\";N;s:10:\"\0*\0appends\";a:13:{i:0;s:10:\"base_image\";i:1;s:17:\"additional_images\";i:2;s:5:\"media\";i:3;s:15:\"formatted_price\";i:4;s:21:\"formatted_price_range\";i:5;s:28:\"has_percentage_special_price\";i:6;s:21:\"special_price_percent\";i:7;s:14:\"rating_percent\";i:8;s:17:\"does_manage_stock\";i:9;s:11:\"is_in_stock\";i:10;s:15:\"is_out_of_stock\";i:11;s:6:\"is_new\";i:12;s:7:\"variant\";}s:19:\"\0*\0dispatchesEvents\";a:0:{}s:14:\"\0*\0observables\";a:0:{}s:12:\"\0*\0relations\";a:0:{}s:10:\"\0*\0touches\";a:0:{}s:10:\"timestamps\";b:1;s:13:\"usesUniqueIds\";b:0;s:9:\"\0*\0hidden\";a:0:{}s:10:\"\0*\0visible\";a:0:{}s:11:\"\0*\0fillable\";a:17:{i:0;s:8:\"brand_id\";i:1;s:12:\"tax_class_id\";i:2;s:4:\"slug\";i:3;s:3:\"sku\";i:4;s:5:\"price\";i:5;s:13:\"special_price\";i:6;s:18:\"special_price_type\";i:7;s:19:\"special_price_start\";i:8;s:17:\"special_price_end\";i:9;s:13:\"selling_price\";i:10;s:12:\"manage_stock\";i:11;s:3:\"qty\";i:12;s:8:\"in_stock\";i:13;s:10:\"is_virtual\";i:14;s:9:\"is_active\";i:15;s:8:\"new_from\";i:16;s:6:\"new_to\";}s:10:\"\0*\0guarded\";a:1:{i:0;s:1:\"*\";}s:23:\"\0*\0translatedAttributes\";a:3:{i:0;s:4:\"name\";i:1;s:11:\"description\";i:2;s:17:\"short_description\";}s:16:\"\0*\0slugAttribute\";s:4:\"name\";s:16:\"\0*\0defaultLocale\";N;s:16:\"\0*\0scoutMetadata\";a:0:{}s:16:\"\0*\0forceDeleting\";b:0;}s:13:\"\0*\0foreignKey\";s:9:\"entity_id\";s:13:\"\0*\0relatedKey\";s:7:\"file_id\";s:12:\"\0*\0morphType\";s:11:\"entity_type\";s:13:\"\0*\0morphClass\";s:32:\"Modules\\Product\\Entities\\Product\";}}s:10:\"\0*\0touches\";a:0:{}s:10:\"timestamps\";b:1;s:13:\"usesUniqueIds\";b:0;s:9:\"\0*\0hidden\";a:0:{}s:10:\"\0*\0visible\";a:3:{i:0;s:2:\"id\";i:1;s:8:\"filename\";i:2;s:4:\"path\";}s:11:\"\0*\0fillable\";a:0:{}s:10:\"\0*\0guarded\";a:0:{}}i:1;O:27:\"Modules\\Media\\Entities\\File\":30:{s:13:\"\0*\0connection\";s:5:\"mysql\";s:8:\"\0*\0table\";s:5:\"files\";s:13:\"\0*\0primaryKey\";s:2:\"id\";s:10:\"\0*\0keyType\";s:3:\"int\";s:12:\"incrementing\";b:1;s:7:\"\0*\0with\";a:0:{}s:12:\"\0*\0withCount\";a:0:{}s:19:\"preventsLazyLoading\";b:0;s:10:\"\0*\0perPage\";i:15;s:6:\"exists\";b:1;s:18:\"wasRecentlyCreated\";b:0;s:28:\"\0*\0escapeWhenCastingToString\";b:0;s:13:\"\0*\0attributes\";a:10:{s:2:\"id\";i:314;s:7:\"user_id\";i:1;s:8:\"filename\";s:45:\"8YtWBRUVadeipL1QWgpaOZZnRsIV9zfE9BHCPtZo.webp\";s:4:\"disk\";s:14:\"public_storage\";s:4:\"path\";s:51:\"media/82OdOQCHnLZlnPAMASpmlIhjpxE6gJpeS1LvErkJ.webp\";s:9:\"extension\";s:4:\"webp\";s:4:\"mime\";s:10:\"image/webp\";s:4:\"size\";s:6:\"102170\";s:10:\"created_at\";s:19:\"2024-12-19 20:35:17\";s:10:\"updated_at\";s:19:\"2024-12-19 20:35:17\";}s:11:\"\0*\0original\";a:17:{s:2:\"id\";i:314;s:7:\"user_id\";i:1;s:8:\"filename\";s:45:\"8YtWBRUVadeipL1QWgpaOZZnRsIV9zfE9BHCPtZo.webp\";s:4:\"disk\";s:14:\"public_storage\";s:4:\"path\";s:51:\"media/82OdOQCHnLZlnPAMASpmlIhjpxE6gJpeS1LvErkJ.webp\";s:9:\"extension\";s:4:\"webp\";s:4:\"mime\";s:10:\"image/webp\";s:4:\"size\";s:6:\"102170\";s:10:\"created_at\";s:19:\"2024-12-19 20:35:17\";s:10:\"updated_at\";s:19:\"2024-12-19 20:35:17\";s:15:\"pivot_entity_id\";i:30;s:13:\"pivot_file_id\";i:314;s:17:\"pivot_entity_type\";s:32:\"Modules\\Product\\Entities\\Product\";s:8:\"pivot_id\";i:684;s:10:\"pivot_zone\";s:17:\"additional_images\";s:16:\"pivot_created_at\";s:19:\"2024-12-19 21:06:11\";s:16:\"pivot_updated_at\";s:19:\"2024-12-19 21:06:11\";}s:10:\"\0*\0changes\";a:0:{}s:8:\"\0*\0casts\";a:0:{}s:17:\"\0*\0classCastCache\";a:0:{}s:21:\"\0*\0attributeCastCache\";a:0:{}s:13:\"\0*\0dateFormat\";N;s:10:\"\0*\0appends\";a:0:{}s:19:\"\0*\0dispatchesEvents\";a:0:{}s:14:\"\0*\0observables\";a:0:{}s:12:\"\0*\0relations\";a:1:{s:5:\"pivot\";O:49:\"Illuminate\\Database\\Eloquent\\Relations\\MorphPivot\":35:{s:13:\"\0*\0connection\";N;s:8:\"\0*\0table\";s:12:\"entity_files\";s:13:\"\0*\0primaryKey\";s:2:\"id\";s:10:\"\0*\0keyType\";s:3:\"int\";s:12:\"incrementing\";b:0;s:7:\"\0*\0with\";a:0:{}s:12:\"\0*\0withCount\";a:0:{}s:19:\"preventsLazyLoading\";b:0;s:10:\"\0*\0perPage\";i:15;s:6:\"exists\";b:1;s:18:\"wasRecentlyCreated\";b:0;s:28:\"\0*\0escapeWhenCastingToString\";b:0;s:13:\"\0*\0attributes\";a:7:{s:11:\"entity_type\";s:32:\"Modules\\Product\\Entities\\Product\";s:9:\"entity_id\";i:30;s:7:\"file_id\";i:314;s:2:\"id\";i:684;s:4:\"zone\";s:17:\"additional_images\";s:10:\"created_at\";s:19:\"2024-12-19 21:06:11\";s:10:\"updated_at\";s:19:\"2024-12-19 21:06:11\";}s:11:\"\0*\0original\";a:7:{s:11:\"entity_type\";s:32:\"Modules\\Product\\Entities\\Product\";s:9:\"entity_id\";i:30;s:7:\"file_id\";i:314;s:2:\"id\";i:684;s:4:\"zone\";s:17:\"additional_images\";s:10:\"created_at\";s:19:\"2024-12-19 21:06:11\";s:10:\"updated_at\";s:19:\"2024-12-19 21:06:11\";}s:10:\"\0*\0changes\";a:0:{}s:8:\"\0*\0casts\";a:0:{}s:17:\"\0*\0classCastCache\";a:0:{}s:21:\"\0*\0attributeCastCache\";a:0:{}s:13:\"\0*\0dateFormat\";N;s:10:\"\0*\0appends\";a:0:{}s:19:\"\0*\0dispatchesEvents\";a:0:{}s:14:\"\0*\0observables\";a:0:{}s:12:\"\0*\0relations\";a:0:{}s:10:\"\0*\0touches\";a:0:{}s:10:\"timestamps\";b:1;s:13:\"usesUniqueIds\";b:0;s:9:\"\0*\0hidden\";a:0:{}s:10:\"\0*\0visible\";a:0:{}s:11:\"\0*\0fillable\";a:0:{}s:10:\"\0*\0guarded\";a:0:{}s:11:\"pivotParent\";r:250;s:13:\"\0*\0foreignKey\";s:9:\"entity_id\";s:13:\"\0*\0relatedKey\";s:7:\"file_id\";s:12:\"\0*\0morphType\";s:11:\"entity_type\";s:13:\"\0*\0morphClass\";s:32:\"Modules\\Product\\Entities\\Product\";}}s:10:\"\0*\0touches\";a:0:{}s:10:\"timestamps\";b:1;s:13:\"usesUniqueIds\";b:0;s:9:\"\0*\0hidden\";a:0:{}s:10:\"\0*\0visible\";a:3:{i:0;s:2:\"id\";i:1;s:8:\"filename\";i:2;s:4:\"path\";}s:11:\"\0*\0fillable\";a:0:{}s:10:\"\0*\0guarded\";a:0:{}}i:2;O:27:\"Modules\\Media\\Entities\\File\":30:{s:13:\"\0*\0connection\";s:5:\"mysql\";s:8:\"\0*\0table\";s:5:\"files\";s:13:\"\0*\0primaryKey\";s:2:\"id\";s:10:\"\0*\0keyType\";s:3:\"int\";s:12:\"incrementing\";b:1;s:7:\"\0*\0with\";a:0:{}s:12:\"\0*\0withCount\";a:0:{}s:19:\"preventsLazyLoading\";b:0;s:10:\"\0*\0perPage\";i:15;s:6:\"exists\";b:1;s:18:\"wasRecentlyCreated\";b:0;s:28:\"\0*\0escapeWhenCastingToString\";b:0;s:13:\"\0*\0attributes\";a:10:{s:2:\"id\";i:316;s:7:\"user_id\";i:1;s:8:\"filename\";s:45:\"R3ldoiQbuZ7yNUkYL70LNL8NksYSAu8mEHzbDS3Q.webp\";s:4:\"disk\";s:14:\"public_storage\";s:4:\"path\";s:51:\"media/xfuKLoQMuRMH9aRJxqcTMiIFFfEiQt28Yf0x0eGZ.webp\";s:9:\"extension\";s:4:\"webp\";s:4:\"mime\";s:10:\"image/webp\";s:4:\"size\";s:5:\"40764\";s:10:\"created_at\";s:19:\"2024-12-19 20:35:23\";s:10:\"updated_at\";s:19:\"2024-12-19 20:35:23\";}s:11:\"\0*\0original\";a:17:{s:2:\"id\";i:316;s:7:\"user_id\";i:1;s:8:\"filename\";s:45:\"R3ldoiQbuZ7yNUkYL70LNL8NksYSAu8mEHzbDS3Q.webp\";s:4:\"disk\";s:14:\"public_storage\";s:4:\"path\";s:51:\"media/xfuKLoQMuRMH9aRJxqcTMiIFFfEiQt28Yf0x0eGZ.webp\";s:9:\"extension\";s:4:\"webp\";s:4:\"mime\";s:10:\"image/webp\";s:4:\"size\";s:5:\"40764\";s:10:\"created_at\";s:19:\"2024-12-19 20:35:23\";s:10:\"updated_at\";s:19:\"2024-12-19 20:35:23\";s:15:\"pivot_entity_id\";i:30;s:13:\"pivot_file_id\";i:316;s:17:\"pivot_entity_type\";s:32:\"Modules\\Product\\Entities\\Product\";s:8:\"pivot_id\";i:685;s:10:\"pivot_zone\";s:17:\"additional_images\";s:16:\"pivot_created_at\";s:19:\"2024-12-19 21:06:11\";s:16:\"pivot_updated_at\";s:19:\"2024-12-19 21:06:11\";}s:10:\"\0*\0changes\";a:0:{}s:8:\"\0*\0casts\";a:0:{}s:17:\"\0*\0classCastCache\";a:0:{}s:21:\"\0*\0attributeCastCache\";a:0:{}s:13:\"\0*\0dateFormat\";N;s:10:\"\0*\0appends\";a:0:{}s:19:\"\0*\0dispatchesEvents\";a:0:{}s:14:\"\0*\0observables\";a:0:{}s:12:\"\0*\0relations\";a:1:{s:5:\"pivot\";O:49:\"Illuminate\\Database\\Eloquent\\Relations\\MorphPivot\":35:{s:13:\"\0*\0connection\";N;s:8:\"\0*\0table\";s:12:\"entity_files\";s:13:\"\0*\0primaryKey\";s:2:\"id\";s:10:\"\0*\0keyType\";s:3:\"int\";s:12:\"incrementing\";b:0;s:7:\"\0*\0with\";a:0:{}s:12:\"\0*\0withCount\";a:0:{}s:19:\"preventsLazyLoading\";b:0;s:10:\"\0*\0perPage\";i:15;s:6:\"exists\";b:1;s:18:\"wasRecentlyCreated\";b:0;s:28:\"\0*\0escapeWhenCastingToString\";b:0;s:13:\"\0*\0attributes\";a:7:{s:11:\"entity_type\";s:32:\"Modules\\Product\\Entities\\Product\";s:9:\"entity_id\";i:30;s:7:\"file_id\";i:316;s:2:\"id\";i:685;s:4:\"zone\";s:17:\"additional_images\";s:10:\"created_at\";s:19:\"2024-12-19 21:06:11\";s:10:\"updated_at\";s:19:\"2024-12-19 21:06:11\";}s:11:\"\0*\0original\";a:7:{s:11:\"entity_type\";s:32:\"Modules\\Product\\Entities\\Product\";s:9:\"entity_id\";i:30;s:7:\"file_id\";i:316;s:2:\"id\";i:685;s:4:\"zone\";s:17:\"additional_images\";s:10:\"created_at\";s:19:\"2024-12-19 21:06:11\";s:10:\"updated_at\";s:19:\"2024-12-19 21:06:11\";}s:10:\"\0*\0changes\";a:0:{}s:8:\"\0*\0casts\";a:0:{}s:17:\"\0*\0classCastCache\";a:0:{}s:21:\"\0*\0attributeCastCache\";a:0:{}s:13:\"\0*\0dateFormat\";N;s:10:\"\0*\0appends\";a:0:{}s:19:\"\0*\0dispatchesEvents\";a:0:{}s:14:\"\0*\0observables\";a:0:{}s:12:\"\0*\0relations\";a:0:{}s:10:\"\0*\0touches\";a:0:{}s:10:\"timestamps\";b:1;s:13:\"usesUniqueIds\";b:0;s:9:\"\0*\0hidden\";a:0:{}s:10:\"\0*\0visible\";a:0:{}s:11:\"\0*\0fillable\";a:0:{}s:10:\"\0*\0guarded\";a:0:{}s:11:\"pivotParent\";r:250;s:13:\"\0*\0foreignKey\";s:9:\"entity_id\";s:13:\"\0*\0relatedKey\";s:7:\"file_id\";s:12:\"\0*\0morphType\";s:11:\"entity_type\";s:13:\"\0*\0morphClass\";s:32:\"Modules\\Product\\Entities\\Product\";}}s:10:\"\0*\0touches\";a:0:{}s:10:\"timestamps\";b:1;s:13:\"usesUniqueIds\";b:0;s:9:\"\0*\0hidden\";a:0:{}s:10:\"\0*\0visible\";a:3:{i:0;s:2:\"id\";i:1;s:8:\"filename\";i:2;s:4:\"path\";}s:11:\"\0*\0fillable\";a:0:{}s:10:\"\0*\0guarded\";a:0:{}}i:3;O:27:\"Modules\\Media\\Entities\\File\":30:{s:13:\"\0*\0connection\";s:5:\"mysql\";s:8:\"\0*\0table\";s:5:\"files\";s:13:\"\0*\0primaryKey\";s:2:\"id\";s:10:\"\0*\0keyType\";s:3:\"int\";s:12:\"incrementing\";b:1;s:7:\"\0*\0with\";a:0:{}s:12:\"\0*\0withCount\";a:0:{}s:19:\"preventsLazyLoading\";b:0;s:10:\"\0*\0perPage\";i:15;s:6:\"exists\";b:1;s:18:\"wasRecentlyCreated\";b:0;s:28:\"\0*\0escapeWhenCastingToString\";b:0;s:13:\"\0*\0attributes\";a:10:{s:2:\"id\";i:317;s:7:\"user_id\";i:1;s:8:\"filename\";s:45:\"s4TBBMH3XlJ216w9oTOSRW20mcLsx09QHkS9IC6f.webp\";s:4:\"disk\";s:14:\"public_storage\";s:4:\"path\";s:51:\"media/CuXmblbAZUCXCxmLzvbP54SFcMBCRAuiE0dwaP21.webp\";s:9:\"extension\";s:4:\"webp\";s:4:\"mime\";s:10:\"image/webp\";s:4:\"size\";s:5:\"87528\";s:10:\"created_at\";s:19:\"2024-12-19 20:35:26\";s:10:\"updated_at\";s:19:\"2024-12-19 20:35:26\";}s:11:\"\0*\0original\";a:17:{s:2:\"id\";i:317;s:7:\"user_id\";i:1;s:8:\"filename\";s:45:\"s4TBBMH3XlJ216w9oTOSRW20mcLsx09QHkS9IC6f.webp\";s:4:\"disk\";s:14:\"public_storage\";s:4:\"path\";s:51:\"media/CuXmblbAZUCXCxmLzvbP54SFcMBCRAuiE0dwaP21.webp\";s:9:\"extension\";s:4:\"webp\";s:4:\"mime\";s:10:\"image/webp\";s:4:\"size\";s:5:\"87528\";s:10:\"created_at\";s:19:\"2024-12-19 20:35:26\";s:10:\"updated_at\";s:19:\"2024-12-19 20:35:26\";s:15:\"pivot_entity_id\";i:30;s:13:\"pivot_file_id\";i:317;s:17:\"pivot_entity_type\";s:32:\"Modules\\Product\\Entities\\Product\";s:8:\"pivot_id\";i:686;s:10:\"pivot_zone\";s:17:\"additional_images\";s:16:\"pivot_created_at\";s:19:\"2024-12-19 21:06:11\";s:16:\"pivot_updated_at\";s:19:\"2024-12-19 21:06:11\";}s:10:\"\0*\0changes\";a:0:{}s:8:\"\0*\0casts\";a:0:{}s:17:\"\0*\0classCastCache\";a:0:{}s:21:\"\0*\0attributeCastCache\";a:0:{}s:13:\"\0*\0dateFormat\";N;s:10:\"\0*\0appends\";a:0:{}s:19:\"\0*\0dispatchesEvents\";a:0:{}s:14:\"\0*\0observables\";a:0:{}s:12:\"\0*\0relations\";a:1:{s:5:\"pivot\";O:49:\"Illuminate\\Database\\Eloquent\\Relations\\MorphPivot\":35:{s:13:\"\0*\0connection\";N;s:8:\"\0*\0table\";s:12:\"entity_files\";s:13:\"\0*\0primaryKey\";s:2:\"id\";s:10:\"\0*\0keyType\";s:3:\"int\";s:12:\"incrementing\";b:0;s:7:\"\0*\0with\";a:0:{}s:12:\"\0*\0withCount\";a:0:{}s:19:\"preventsLazyLoading\";b:0;s:10:\"\0*\0perPage\";i:15;s:6:\"exists\";b:1;s:18:\"wasRecentlyCreated\";b:0;s:28:\"\0*\0escapeWhenCastingToString\";b:0;s:13:\"\0*\0attributes\";a:7:{s:11:\"entity_type\";s:32:\"Modules\\Product\\Entities\\Product\";s:9:\"entity_id\";i:30;s:7:\"file_id\";i:317;s:2:\"id\";i:686;s:4:\"zone\";s:17:\"additional_images\";s:10:\"created_at\";s:19:\"2024-12-19 21:06:11\";s:10:\"updated_at\";s:19:\"2024-12-19 21:06:11\";}s:11:\"\0*\0original\";a:7:{s:11:\"entity_type\";s:32:\"Modules\\Product\\Entities\\Product\";s:9:\"entity_id\";i:30;s:7:\"file_id\";i:317;s:2:\"id\";i:686;s:4:\"zone\";s:17:\"additional_images\";s:10:\"created_at\";s:19:\"2024-12-19 21:06:11\";s:10:\"updated_at\";s:19:\"2024-12-19 21:06:11\";}s:10:\"\0*\0changes\";a:0:{}s:8:\"\0*\0casts\";a:0:{}s:17:\"\0*\0classCastCache\";a:0:{}s:21:\"\0*\0attributeCastCache\";a:0:{}s:13:\"\0*\0dateFormat\";N;s:10:\"\0*\0appends\";a:0:{}s:19:\"\0*\0dispatchesEvents\";a:0:{}s:14:\"\0*\0observables\";a:0:{}s:12:\"\0*\0relations\";a:0:{}s:10:\"\0*\0touches\";a:0:{}s:10:\"timestamps\";b:1;s:13:\"usesUniqueIds\";b:0;s:9:\"\0*\0hidden\";a:0:{}s:10:\"\0*\0visible\";a:0:{}s:11:\"\0*\0fillable\";a:0:{}s:10:\"\0*\0guarded\";a:0:{}s:11:\"pivotParent\";r:250;s:13:\"\0*\0foreignKey\";s:9:\"entity_id\";s:13:\"\0*\0relatedKey\";s:7:\"file_id\";s:12:\"\0*\0morphType\";s:11:\"entity_type\";s:13:\"\0*\0morphClass\";s:32:\"Modules\\Product\\Entities\\Product\";}}s:10:\"\0*\0touches\";a:0:{}s:10:\"timestamps\";b:1;s:13:\"usesUniqueIds\";b:0;s:9:\"\0*\0hidden\";a:0:{}s:10:\"\0*\0visible\";a:3:{i:0;s:2:\"id\";i:1;s:8:\"filename\";i:2;s:4:\"path\";}s:11:\"\0*\0fillable\";a:0:{}s:10:\"\0*\0guarded\";a:0:{}}}s:28:\"\0*\0escapeWhenCastingToString\";b:0;}s:10:\"categories\";O:26:\"TypiCMS\\NestableCollection\":8:{s:8:\"\0*\0items\";a:2:{i:0;O:34:\"Modules\\Category\\Entities\\Category\":33:{s:13:\"\0*\0connection\";s:5:\"mysql\";s:8:\"\0*\0table\";s:10:\"categories\";s:13:\"\0*\0primaryKey\";s:2:\"id\";s:10:\"\0*\0keyType\";s:3:\"int\";s:12:\"incrementing\";b:1;s:7:\"\0*\0with\";a:1:{i:0;s:12:\"translations\";}s:12:\"\0*\0withCount\";a:0:{}s:19:\"preventsLazyLoading\";b:0;s:10:\"\0*\0perPage\";i:15;s:6:\"exists\";b:1;s:18:\"wasRecentlyCreated\";b:0;s:28:\"\0*\0escapeWhenCastingToString\";b:0;s:13:\"\0*\0attributes\";a:8:{s:2:\"id\";i:2;s:9:\"parent_id\";N;s:4:\"slug\";s:7:\"relojes\";s:8:\"position\";i:16;s:13:\"is_searchable\";i:1;s:9:\"is_active\";i:1;s:10:\"created_at\";s:19:\"2024-12-13 20:20:13\";s:10:\"updated_at\";s:19:\"2024-12-15 06:42:15\";}s:11:\"\0*\0original\";a:10:{s:2:\"id\";i:2;s:9:\"parent_id\";N;s:4:\"slug\";s:7:\"relojes\";s:8:\"position\";i:16;s:13:\"is_searchable\";i:1;s:9:\"is_active\";i:1;s:10:\"created_at\";s:19:\"2024-12-13 20:20:13\";s:10:\"updated_at\";s:19:\"2024-12-15 06:42:15\";s:16:\"pivot_product_id\";i:30;s:17:\"pivot_category_id\";i:2;}s:10:\"\0*\0changes\";a:0:{}s:8:\"\0*\0casts\";a:2:{s:13:\"is_searchable\";s:7:\"boolean\";s:9:\"is_active\";s:7:\"boolean\";}s:17:\"\0*\0classCastCache\";a:0:{}s:21:\"\0*\0attributeCastCache\";a:0:{}s:13:\"\0*\0dateFormat\";N;s:10:\"\0*\0appends\";a:0:{}s:19:\"\0*\0dispatchesEvents\";a:0:{}s:14:\"\0*\0observables\";a:0:{}s:12:\"\0*\0relations\";a:2:{s:5:\"pivot\";O:44:\"Illuminate\\Database\\Eloquent\\Relations\\Pivot\":33:{s:13:\"\0*\0connection\";N;s:8:\"\0*\0table\";s:18:\"product_categories\";s:13:\"\0*\0primaryKey\";s:2:\"id\";s:10:\"\0*\0keyType\";s:3:\"int\";s:12:\"incrementing\";b:0;s:7:\"\0*\0with\";a:0:{}s:12:\"\0*\0withCount\";a:0:{}s:19:\"preventsLazyLoading\";b:0;s:10:\"\0*\0perPage\";i:15;s:6:\"exists\";b:1;s:18:\"wasRecentlyCreated\";b:0;s:28:\"\0*\0escapeWhenCastingToString\";b:0;s:13:\"\0*\0attributes\";a:2:{s:10:\"product_id\";i:30;s:11:\"category_id\";i:2;}s:11:\"\0*\0original\";a:2:{s:10:\"product_id\";i:30;s:11:\"category_id\";i:2;}s:10:\"\0*\0changes\";a:0:{}s:8:\"\0*\0casts\";a:0:{}s:17:\"\0*\0classCastCache\";a:0:{}s:21:\"\0*\0attributeCastCache\";a:0:{}s:13:\"\0*\0dateFormat\";N;s:10:\"\0*\0appends\";a:0:{}s:19:\"\0*\0dispatchesEvents\";a:0:{}s:14:\"\0*\0observables\";a:0:{}s:12:\"\0*\0relations\";a:0:{}s:10:\"\0*\0touches\";a:0:{}s:10:\"timestamps\";b:0;s:13:\"usesUniqueIds\";b:0;s:9:\"\0*\0hidden\";a:0:{}s:10:\"\0*\0visible\";a:0:{}s:11:\"\0*\0fillable\";a:0:{}s:10:\"\0*\0guarded\";a:0:{}s:11:\"pivotParent\";O:32:\"Modules\\Product\\Entities\\Product\":35:{s:13:\"\0*\0connection\";N;s:8:\"\0*\0table\";s:8:\"products\";s:13:\"\0*\0primaryKey\";s:2:\"id\";s:10:\"\0*\0keyType\";s:3:\"int\";s:12:\"incrementing\";b:1;s:7:\"\0*\0with\";a:1:{i:0;s:12:\"translations\";}s:12:\"\0*\0withCount\";a:0:{}s:19:\"preventsLazyLoading\";b:0;s:10:\"\0*\0perPage\";i:15;s:6:\"exists\";b:0;s:18:\"wasRecentlyCreated\";b:0;s:28:\"\0*\0escapeWhenCastingToString\";b:0;s:13:\"\0*\0attributes\";a:0:{}s:11:\"\0*\0original\";a:0:{}s:10:\"\0*\0changes\";a:0:{}s:8:\"\0*\0casts\";a:9:{s:10:\"is_virtual\";s:7:\"boolean\";s:9:\"is_active\";s:7:\"boolean\";s:19:\"special_price_start\";s:8:\"datetime\";s:17:\"special_price_end\";s:8:\"datetime\";s:8:\"new_from\";s:8:\"datetime\";s:6:\"new_to\";s:8:\"datetime\";s:10:\"start_date\";s:8:\"datetime\";s:8:\"end_date\";s:8:\"datetime\";s:10:\"deleted_at\";s:8:\"datetime\";}s:17:\"\0*\0classCastCache\";a:0:{}s:21:\"\0*\0attributeCastCache\";a:0:{}s:13:\"\0*\0dateFormat\";N;s:10:\"\0*\0appends\";a:13:{i:0;s:10:\"base_image\";i:1;s:17:\"additional_images\";i:2;s:5:\"media\";i:3;s:15:\"formatted_price\";i:4;s:21:\"formatted_price_range\";i:5;s:28:\"has_percentage_special_price\";i:6;s:21:\"special_price_percent\";i:7;s:14:\"rating_percent\";i:8;s:17:\"does_manage_stock\";i:9;s:11:\"is_in_stock\";i:10;s:15:\"is_out_of_stock\";i:11;s:6:\"is_new\";i:12;s:7:\"variant\";}s:19:\"\0*\0dispatchesEvents\";a:0:{}s:14:\"\0*\0observables\";a:0:{}s:12:\"\0*\0relations\";a:0:{}s:10:\"\0*\0touches\";a:0:{}s:10:\"timestamps\";b:1;s:13:\"usesUniqueIds\";b:0;s:9:\"\0*\0hidden\";a:0:{}s:10:\"\0*\0visible\";a:0:{}s:11:\"\0*\0fillable\";a:17:{i:0;s:8:\"brand_id\";i:1;s:12:\"tax_class_id\";i:2;s:4:\"slug\";i:3;s:3:\"sku\";i:4;s:5:\"price\";i:5;s:13:\"special_price\";i:6;s:18:\"special_price_type\";i:7;s:19:\"special_price_start\";i:8;s:17:\"special_price_end\";i:9;s:13:\"selling_price\";i:10;s:12:\"manage_stock\";i:11;s:3:\"qty\";i:12;s:8:\"in_stock\";i:13;s:10:\"is_virtual\";i:14;s:9:\"is_active\";i:15;s:8:\"new_from\";i:16;s:6:\"new_to\";}s:10:\"\0*\0guarded\";a:1:{i:0;s:1:\"*\";}s:23:\"\0*\0translatedAttributes\";a:3:{i:0;s:4:\"name\";i:1;s:11:\"description\";i:2;s:17:\"short_description\";}s:16:\"\0*\0slugAttribute\";s:4:\"name\";s:16:\"\0*\0defaultLocale\";N;s:16:\"\0*\0scoutMetadata\";a:0:{}s:16:\"\0*\0forceDeleting\";b:0;}s:13:\"\0*\0foreignKey\";s:10:\"product_id\";s:13:\"\0*\0relatedKey\";s:11:\"category_id\";}s:12:\"translations\";O:39:\"Illuminate\\Database\\Eloquent\\Collection\":2:{s:8:\"\0*\0items\";a:1:{i:0;O:45:\"Modules\\Category\\Entities\\CategoryTranslation\":30:{s:13:\"\0*\0connection\";s:5:\"mysql\";s:8:\"\0*\0table\";s:21:\"category_translations\";s:13:\"\0*\0primaryKey\";s:2:\"id\";s:10:\"\0*\0keyType\";s:3:\"int\";s:12:\"incrementing\";b:1;s:7:\"\0*\0with\";a:0:{}s:12:\"\0*\0withCount\";a:0:{}s:19:\"preventsLazyLoading\";b:0;s:10:\"\0*\0perPage\";i:15;s:6:\"exists\";b:1;s:18:\"wasRecentlyCreated\";b:0;s:28:\"\0*\0escapeWhenCastingToString\";b:0;s:13:\"\0*\0attributes\";a:4:{s:2:\"id\";i:2;s:11:\"category_id\";i:2;s:6:\"locale\";s:2:\"es\";s:4:\"name\";s:14:\"Moda Masculina\";}s:11:\"\0*\0original\";a:4:{s:2:\"id\";i:2;s:11:\"category_id\";i:2;s:6:\"locale\";s:2:\"es\";s:4:\"name\";s:14:\"Moda Masculina\";}s:10:\"\0*\0changes\";a:0:{}s:8:\"\0*\0casts\";a:0:{}s:17:\"\0*\0classCastCache\";a:0:{}s:21:\"\0*\0attributeCastCache\";a:0:{}s:13:\"\0*\0dateFormat\";N;s:10:\"\0*\0appends\";a:0:{}s:19:\"\0*\0dispatchesEvents\";a:0:{}s:14:\"\0*\0observables\";a:0:{}s:12:\"\0*\0relations\";a:0:{}s:10:\"\0*\0touches\";a:0:{}s:10:\"timestamps\";b:0;s:13:\"usesUniqueIds\";b:0;s:9:\"\0*\0hidden\";a:0:{}s:10:\"\0*\0visible\";a:0:{}s:11:\"\0*\0fillable\";a:1:{i:0;s:4:\"name\";}s:10:\"\0*\0guarded\";a:1:{i:0;s:1:\"*\";}}}s:28:\"\0*\0escapeWhenCastingToString\";b:0;}}s:10:\"\0*\0touches\";a:0:{}s:10:\"timestamps\";b:1;s:13:\"usesUniqueIds\";b:0;s:9:\"\0*\0hidden\";a:1:{i:0;s:12:\"translations\";}s:10:\"\0*\0visible\";a:0:{}s:11:\"\0*\0fillable\";a:5:{i:0;s:9:\"parent_id\";i:1;s:4:\"slug\";i:2;s:8:\"position\";i:3;s:13:\"is_searchable\";i:4;s:9:\"is_active\";}s:10:\"\0*\0guarded\";a:1:{i:0;s:1:\"*\";}s:23:\"\0*\0translatedAttributes\";a:1:{i:0;s:4:\"name\";}s:16:\"\0*\0slugAttribute\";s:4:\"name\";s:16:\"\0*\0defaultLocale\";N;}i:1;O:34:\"Modules\\Category\\Entities\\Category\":33:{s:13:\"\0*\0connection\";s:5:\"mysql\";s:8:\"\0*\0table\";s:10:\"categories\";s:13:\"\0*\0primaryKey\";s:2:\"id\";s:10:\"\0*\0keyType\";s:3:\"int\";s:12:\"incrementing\";b:1;s:7:\"\0*\0with\";a:1:{i:0;s:12:\"translations\";}s:12:\"\0*\0withCount\";a:0:{}s:19:\"preventsLazyLoading\";b:0;s:10:\"\0*\0perPage\";i:15;s:6:\"exists\";b:1;s:18:\"wasRecentlyCreated\";b:0;s:28:\"\0*\0escapeWhenCastingToString\";b:0;s:13:\"\0*\0attributes\";a:8:{s:2:\"id\";i:14;s:9:\"parent_id\";i:2;s:4:\"slug\";s:4:\"ropa\";s:8:\"position\";i:18;s:13:\"is_searchable\";i:0;s:9:\"is_active\";i:1;s:10:\"created_at\";s:19:\"2024-12-13 20:45:52\";s:10:\"updated_at\";s:19:\"2024-12-13 20:49:49\";}s:11:\"\0*\0original\";a:10:{s:2:\"id\";i:14;s:9:\"parent_id\";i:2;s:4:\"slug\";s:4:\"ropa\";s:8:\"position\";i:18;s:13:\"is_searchable\";i:0;s:9:\"is_active\";i:1;s:10:\"created_at\";s:19:\"2024-12-13 20:45:52\";s:10:\"updated_at\";s:19:\"2024-12-13 20:49:49\";s:16:\"pivot_product_id\";i:30;s:17:\"pivot_category_id\";i:14;}s:10:\"\0*\0changes\";a:0:{}s:8:\"\0*\0casts\";a:2:{s:13:\"is_searchable\";s:7:\"boolean\";s:9:\"is_active\";s:7:\"boolean\";}s:17:\"\0*\0classCastCache\";a:0:{}s:21:\"\0*\0attributeCastCache\";a:0:{}s:13:\"\0*\0dateFormat\";N;s:10:\"\0*\0appends\";a:0:{}s:19:\"\0*\0dispatchesEvents\";a:0:{}s:14:\"\0*\0observables\";a:0:{}s:12:\"\0*\0relations\";a:2:{s:5:\"pivot\";O:44:\"Illuminate\\Database\\Eloquent\\Relations\\Pivot\":33:{s:13:\"\0*\0connection\";N;s:8:\"\0*\0table\";s:18:\"product_categories\";s:13:\"\0*\0primaryKey\";s:2:\"id\";s:10:\"\0*\0keyType\";s:3:\"int\";s:12:\"incrementing\";b:0;s:7:\"\0*\0with\";a:0:{}s:12:\"\0*\0withCount\";a:0:{}s:19:\"preventsLazyLoading\";b:0;s:10:\"\0*\0perPage\";i:15;s:6:\"exists\";b:1;s:18:\"wasRecentlyCreated\";b:0;s:28:\"\0*\0escapeWhenCastingToString\";b:0;s:13:\"\0*\0attributes\";a:2:{s:10:\"product_id\";i:30;s:11:\"category_id\";i:14;}s:11:\"\0*\0original\";a:2:{s:10:\"product_id\";i:30;s:11:\"category_id\";i:14;}s:10:\"\0*\0changes\";a:0:{}s:8:\"\0*\0casts\";a:0:{}s:17:\"\0*\0classCastCache\";a:0:{}s:21:\"\0*\0attributeCastCache\";a:0:{}s:13:\"\0*\0dateFormat\";N;s:10:\"\0*\0appends\";a:0:{}s:19:\"\0*\0dispatchesEvents\";a:0:{}s:14:\"\0*\0observables\";a:0:{}s:12:\"\0*\0relations\";a:0:{}s:10:\"\0*\0touches\";a:0:{}s:10:\"timestamps\";b:0;s:13:\"usesUniqueIds\";b:0;s:9:\"\0*\0hidden\";a:0:{}s:10:\"\0*\0visible\";a:0:{}s:11:\"\0*\0fillable\";a:0:{}s:10:\"\0*\0guarded\";a:0:{}s:11:\"pivotParent\";r:760;s:13:\"\0*\0foreignKey\";s:10:\"product_id\";s:13:\"\0*\0relatedKey\";s:11:\"category_id\";}s:12:\"translations\";O:39:\"Illuminate\\Database\\Eloquent\\Collection\":2:{s:8:\"\0*\0items\";a:1:{i:0;O:45:\"Modules\\Category\\Entities\\CategoryTranslation\":30:{s:13:\"\0*\0connection\";s:5:\"mysql\";s:8:\"\0*\0table\";s:21:\"category_translations\";s:13:\"\0*\0primaryKey\";s:2:\"id\";s:10:\"\0*\0keyType\";s:3:\"int\";s:12:\"incrementing\";b:1;s:7:\"\0*\0with\";a:0:{}s:12:\"\0*\0withCount\";a:0:{}s:19:\"preventsLazyLoading\";b:0;s:10:\"\0*\0perPage\";i:15;s:6:\"exists\";b:1;s:18:\"wasRecentlyCreated\";b:0;s:28:\"\0*\0escapeWhenCastingToString\";b:0;s:13:\"\0*\0attributes\";a:4:{s:2:\"id\";i:14;s:11:\"category_id\";i:14;s:6:\"locale\";s:2:\"es\";s:4:\"name\";s:4:\"Ropa\";}s:11:\"\0*\0original\";a:4:{s:2:\"id\";i:14;s:11:\"category_id\";i:14;s:6:\"locale\";s:2:\"es\";s:4:\"name\";s:4:\"Ropa\";}s:10:\"\0*\0changes\";a:0:{}s:8:\"\0*\0casts\";a:0:{}s:17:\"\0*\0classCastCache\";a:0:{}s:21:\"\0*\0attributeCastCache\";a:0:{}s:13:\"\0*\0dateFormat\";N;s:10:\"\0*\0appends\";a:0:{}s:19:\"\0*\0dispatchesEvents\";a:0:{}s:14:\"\0*\0observables\";a:0:{}s:12:\"\0*\0relations\";a:0:{}s:10:\"\0*\0touches\";a:0:{}s:10:\"timestamps\";b:0;s:13:\"usesUniqueIds\";b:0;s:9:\"\0*\0hidden\";a:0:{}s:10:\"\0*\0visible\";a:0:{}s:11:\"\0*\0fillable\";a:1:{i:0;s:4:\"name\";}s:10:\"\0*\0guarded\";a:1:{i:0;s:1:\"*\";}}}s:28:\"\0*\0escapeWhenCastingToString\";b:0;}}s:10:\"\0*\0touches\";a:0:{}s:10:\"timestamps\";b:1;s:13:\"usesUniqueIds\";b:0;s:9:\"\0*\0hidden\";a:1:{i:0;s:12:\"translations\";}s:10:\"\0*\0visible\";a:0:{}s:11:\"\0*\0fillable\";a:5:{i:0;s:9:\"parent_id\";i:1;s:4:\"slug\";i:2;s:8:\"position\";i:3;s:13:\"is_searchable\";i:4;s:9:\"is_active\";}s:10:\"\0*\0guarded\";a:1:{i:0;s:1:\"*\";}s:23:\"\0*\0translatedAttributes\";a:1:{i:0;s:4:\"name\";}s:16:\"\0*\0slugAttribute\";s:4:\"name\";s:16:\"\0*\0defaultLocale\";N;}}s:28:\"\0*\0escapeWhenCastingToString\";b:0;s:8:\"\0*\0total\";i:2;s:15:\"\0*\0parentColumn\";s:9:\"parent_id\";s:33:\"\0*\0removeItemsWithMissingAncestor\";b:1;s:14:\"\0*\0indentChars\";s:8:\"    \";s:15:\"\0*\0childrenName\";s:5:\"items\";s:17:\"\0*\0parentRelation\";s:6:\"parent\";}s:8:\"taxClass\";O:29:\"Modules\\Tax\\Entities\\TaxClass\":33:{s:13:\"\0*\0connection\";N;s:8:\"\0*\0table\";s:11:\"tax_classes\";s:13:\"\0*\0primaryKey\";s:2:\"id\";s:10:\"\0*\0keyType\";s:3:\"int\";s:12:\"incrementing\";b:1;s:7:\"\0*\0with\";a:1:{i:0;s:12:\"translations\";}s:12:\"\0*\0withCount\";a:0:{}s:19:\"preventsLazyLoading\";b:0;s:10:\"\0*\0perPage\";i:15;s:6:\"exists\";b:0;s:18:\"wasRecentlyCreated\";b:0;s:28:\"\0*\0escapeWhenCastingToString\";b:0;s:13:\"\0*\0attributes\";a:0:{}s:11:\"\0*\0original\";a:0:{}s:10:\"\0*\0changes\";a:0:{}s:8:\"\0*\0casts\";a:3:{s:10:\"start_date\";s:8:\"datetime\";s:8:\"end_date\";s:8:\"datetime\";s:10:\"deleted_at\";s:8:\"datetime\";}s:17:\"\0*\0classCastCache\";a:0:{}s:21:\"\0*\0attributeCastCache\";a:0:{}s:13:\"\0*\0dateFormat\";N;s:10:\"\0*\0appends\";a:0:{}s:19:\"\0*\0dispatchesEvents\";a:0:{}s:14:\"\0*\0observables\";a:0:{}s:12:\"\0*\0relations\";a:0:{}s:10:\"\0*\0touches\";a:0:{}s:10:\"timestamps\";b:1;s:13:\"usesUniqueIds\";b:0;s:9:\"\0*\0hidden\";a:0:{}s:10:\"\0*\0visible\";a:0:{}s:11:\"\0*\0fillable\";a:1:{i:0;s:8:\"based_on\";}s:10:\"\0*\0guarded\";a:1:{i:0;s:1:\"*\";}s:20:\"translatedAttributes\";a:1:{i:0;s:5:\"label\";}s:16:\"\0*\0defaultLocale\";N;s:16:\"\0*\0forceDeleting\";b:0;}}s:10:\"\0*\0touches\";a:0:{}s:10:\"timestamps\";b:1;s:13:\"usesUniqueIds\";b:0;s:9:\"\0*\0hidden\";a:0:{}s:10:\"\0*\0visible\";a:0:{}s:11:\"\0*\0fillable\";a:17:{i:0;s:8:\"brand_id\";i:1;s:12:\"tax_class_id\";i:2;s:4:\"slug\";i:3;s:3:\"sku\";i:4;s:5:\"price\";i:5;s:13:\"special_price\";i:6;s:18:\"special_price_type\";i:7;s:19:\"special_price_start\";i:8;s:17:\"special_price_end\";i:9;s:13:\"selling_price\";i:10;s:12:\"manage_stock\";i:11;s:3:\"qty\";i:12;s:8:\"in_stock\";i:13;s:10:\"is_virtual\";i:14;s:9:\"is_active\";i:15;s:8:\"new_from\";i:16;s:6:\"new_to\";}s:10:\"\0*\0guarded\";a:1:{i:0;s:1:\"*\";}s:23:\"\0*\0translatedAttributes\";a:3:{i:0;s:4:\"name\";i:1;s:11:\"description\";i:2;s:17:\"short_description\";}s:16:\"\0*\0slugAttribute\";s:4:\"name\";s:16:\"\0*\0defaultLocale\";N;s:16:\"\0*\0scoutMetadata\";a:0:{}s:16:\"\0*\0forceDeleting\";b:0;}s:7:\"variant\";N;s:4:\"item\";r:11;s:10:\"variations\";O:39:\"Illuminate\\Database\\Eloquent\\Collection\":2:{s:8:\"\0*\0items\";a:0:{}s:28:\"\0*\0escapeWhenCastingToString\";b:0;}s:7:\"options\";O:29:\"Illuminate\\Support\\Collection\":2:{s:8:\"\0*\0items\";a:0:{}s:28:\"\0*\0escapeWhenCastingToString\";b:0;}s:10:\"created_at\";i:1745684886;}s:28:\"\0*\0escapeWhenCastingToString\";b:0;}s:10:\"conditions\";a:0:{}}s:28:\"\0*\0escapeWhenCastingToString\";b:0;s:9:\"\0*\0config\";a:5:{s:14:\"format_numbers\";b:0;s:8:\"decimals\";i:0;s:9:\"dec_point\";s:1:\".\";s:13:\"thousands_sep\";s:1:\",\";s:6:\"events\";N;}}}s:28:\"\0*\0escapeWhenCastingToString\";b:0;}','2025-04-26 04:58:06','2025-04-26 04:58:06'),
('DBNkv7p1gXkbJIkJxP5Bpm8wbXOl3NmSsqmtYQS5_cart_conditions','a:0:{}','2024-12-13 09:31:52','2024-12-13 09:31:52'),
('DBNkv7p1gXkbJIkJxP5Bpm8wbXOl3NmSsqmtYQS5_cart_items','O:32:\"Darryldecode\\Cart\\CartCollection\":2:{s:8:\"\0*\0items\";a:1:{s:32:\"09b3b836ea3feec4fd5445ffdddeb999\";O:32:\"Darryldecode\\Cart\\ItemCollection\":3:{s:8:\"\0*\0items\";a:6:{s:2:\"id\";s:32:\"09b3b836ea3feec4fd5445ffdddeb999\";s:4:\"name\";s:79:\"Huawei P30 Pro 128GB+8GB RAM (VOG-L29) 40MP LTE Factory Unlocked GSM Smartphone\";s:5:\"price\";d:639.990000000000009094947017729282379150390625;s:8:\"quantity\";i:1;s:10:\"attributes\";O:41:\"Darryldecode\\Cart\\ItemAttributeCollection\":2:{s:8:\"\0*\0items\";a:6:{s:7:\"product\";O:32:\"Modules\\Product\\Entities\\Product\":35:{s:13:\"\0*\0connection\";s:5:\"mysql\";s:8:\"\0*\0table\";s:8:\"products\";s:13:\"\0*\0primaryKey\";s:2:\"id\";s:10:\"\0*\0keyType\";s:3:\"int\";s:12:\"incrementing\";b:1;s:7:\"\0*\0with\";a:1:{i:0;s:12:\"translations\";}s:12:\"\0*\0withCount\";a:0:{}s:19:\"preventsLazyLoading\";b:0;s:10:\"\0*\0perPage\";i:15;s:6:\"exists\";b:1;s:18:\"wasRecentlyCreated\";b:0;s:28:\"\0*\0escapeWhenCastingToString\";b:0;s:13:\"\0*\0attributes\";a:22:{s:2:\"id\";i:1;s:8:\"brand_id\";N;s:12:\"tax_class_id\";N;s:4:\"slug\";s:76:\"huawei-p30-pro-128gb8gb-ram-vog-l29-40mp-lte-factory-unlocked-gsm-smartphone\";s:5:\"price\";s:8:\"639.9900\";s:13:\"special_price\";N;s:18:\"special_price_type\";s:5:\"fixed\";s:19:\"special_price_start\";N;s:17:\"special_price_end\";N;s:13:\"selling_price\";s:8:\"639.9900\";s:3:\"sku\";s:8:\"QPRU2UNF\";s:12:\"manage_stock\";i:0;s:3:\"qty\";N;s:8:\"in_stock\";i:1;s:6:\"viewed\";i:1;s:9:\"is_active\";i:1;s:8:\"new_from\";N;s:6:\"new_to\";N;s:10:\"deleted_at\";N;s:10:\"created_at\";s:19:\"2024-12-13 15:27:30\";s:10:\"updated_at\";s:19:\"2024-12-13 15:27:30\";s:10:\"is_virtual\";i:0;}s:11:\"\0*\0original\";a:22:{s:2:\"id\";i:1;s:8:\"brand_id\";N;s:12:\"tax_class_id\";N;s:4:\"slug\";s:76:\"huawei-p30-pro-128gb8gb-ram-vog-l29-40mp-lte-factory-unlocked-gsm-smartphone\";s:5:\"price\";s:8:\"639.9900\";s:13:\"special_price\";N;s:18:\"special_price_type\";s:5:\"fixed\";s:19:\"special_price_start\";N;s:17:\"special_price_end\";N;s:13:\"selling_price\";s:8:\"639.9900\";s:3:\"sku\";s:8:\"QPRU2UNF\";s:12:\"manage_stock\";i:0;s:3:\"qty\";N;s:8:\"in_stock\";i:1;s:6:\"viewed\";i:1;s:9:\"is_active\";i:1;s:8:\"new_from\";N;s:6:\"new_to\";N;s:10:\"deleted_at\";N;s:10:\"created_at\";s:19:\"2024-12-13 15:27:30\";s:10:\"updated_at\";s:19:\"2024-12-13 15:27:30\";s:10:\"is_virtual\";i:0;}s:10:\"\0*\0changes\";a:0:{}s:8:\"\0*\0casts\";a:9:{s:10:\"is_virtual\";s:7:\"boolean\";s:9:\"is_active\";s:7:\"boolean\";s:19:\"special_price_start\";s:8:\"datetime\";s:17:\"special_price_end\";s:8:\"datetime\";s:8:\"new_from\";s:8:\"datetime\";s:6:\"new_to\";s:8:\"datetime\";s:10:\"start_date\";s:8:\"datetime\";s:8:\"end_date\";s:8:\"datetime\";s:10:\"deleted_at\";s:8:\"datetime\";}s:17:\"\0*\0classCastCache\";a:0:{}s:21:\"\0*\0attributeCastCache\";a:0:{}s:13:\"\0*\0dateFormat\";N;s:10:\"\0*\0appends\";a:13:{i:0;s:10:\"base_image\";i:1;s:17:\"additional_images\";i:2;s:5:\"media\";i:3;s:15:\"formatted_price\";i:4;s:21:\"formatted_price_range\";i:5;s:28:\"has_percentage_special_price\";i:6;s:21:\"special_price_percent\";i:7;s:14:\"rating_percent\";i:8;s:17:\"does_manage_stock\";i:9;s:11:\"is_in_stock\";i:10;s:15:\"is_out_of_stock\";i:11;s:6:\"is_new\";i:12;s:7:\"variant\";}s:19:\"\0*\0dispatchesEvents\";a:0:{}s:14:\"\0*\0observables\";a:0:{}s:12:\"\0*\0relations\";a:4:{s:12:\"translations\";O:39:\"Illuminate\\Database\\Eloquent\\Collection\":2:{s:8:\"\0*\0items\";a:1:{i:0;O:43:\"Modules\\Product\\Entities\\ProductTranslation\":30:{s:13:\"\0*\0connection\";s:5:\"mysql\";s:8:\"\0*\0table\";s:20:\"product_translations\";s:13:\"\0*\0primaryKey\";s:2:\"id\";s:10:\"\0*\0keyType\";s:3:\"int\";s:12:\"incrementing\";b:1;s:7:\"\0*\0with\";a:0:{}s:12:\"\0*\0withCount\";a:0:{}s:19:\"preventsLazyLoading\";b:0;s:10:\"\0*\0perPage\";i:15;s:6:\"exists\";b:1;s:18:\"wasRecentlyCreated\";b:0;s:28:\"\0*\0escapeWhenCastingToString\";b:0;s:13:\"\0*\0attributes\";a:6:{s:2:\"id\";i:1;s:10:\"product_id\";i:1;s:6:\"locale\";s:2:\"es\";s:4:\"name\";s:79:\"Huawei P30 Pro 128GB+8GB RAM (VOG-L29) 40MP LTE Factory Unlocked GSM Smartphone\";s:11:\"description\";s:6531:\"<p><span class=\"a-list-item\"><span style=\"vertical-align: inherit;\"><span style=\"vertical-align: inherit;\">6,47 pulgadas 1080 x 2340 p&iacute;xeles, relaci&oacute;n de aspecto 19,5:9 (densidad de ~398 ppp) - Android 9.0 + EMUI 9.0 - Resistente al agua y al polvo IP68 - Cristal frontal y trasero, marco de aluminio</span></span></span></p>\n<p><span class=\"a-list-item\"><span style=\"vertical-align: inherit;\"><span style=\"vertical-align: inherit;\">128GB + 8GB RAM - NM (Nano Memory), hasta 256GB (usa SIM 2) - Bater&iacute;a Li-Po 4200 mAh no extra&iacute;ble - Hisilicon Kirin 980 Octa-core 2.6GHz</span></span></span></p>\n<p><span class=\"a-list-item\"><span style=\"vertical-align: inherit;\"><span style=\"vertical-align: inherit;\">C&aacute;mara trasera: 40 MP, f/1.6, 27 mm (gran angular) + 20 MP, f/2.2, 16 mm (ultra gran angular) + Periscopio 8 MP, f/3.4, 125 mm (telefoto) - C&aacute;mara frontal: 32 MP, f/2.0, (gran angular) - V&iacute;deo: </span></span><a href=\"mailto:2160p@30fps\"><span style=\"vertical-align: inherit;\"><span style=\"vertical-align: inherit;\">2160p a 30 fps</span></span></a></span></p>\n<p>&nbsp;</p>\n<p><span class=\"a-list-item\"><span style=\"vertical-align: inherit;\"><span style=\"vertical-align: inherit;\">Los tel&eacute;fonos celulares desbloqueados son compatibles con la mayor&iacute;a de los operadores GSM (como T-Mobile o AT&amp;T), pero tenga en cuenta que no son compatibles con los operadores CDMA (como Sprint o Verizon Wireless, por ejemplo).</span></span></span></p>\n<p><span class=\"a-list-item\"><span style=\"vertical-align: inherit;\"><span style=\"vertical-align: inherit;\">3G HSDPA 800 / 850 / 900 / 1700(AWS) / 1900 / 2100 - Banda 4G LTE 1(2100), 2(1900), 3(1800), 4(1700/2100), 5(850), 6(900), 7(2600), 8(900), 9(1800), 12(700), 17(700), 18(800), 19(800), 20(800), 26(850), 28(700), 32(1500), 34(2000), 38(2600), 39(1900), 40(2300) - SIM dual h&iacute;brida (Nano-SIM, modo de espera dual) &gt; (garantizar para comprobar la compatibilidad con su operador antes de la compra)6.47 pulgadas 1080 x 2340 p&iacute;xeles, relaci&oacute;n 19.5:9 (densidad de ~398 ppi) - Android 9.0 + EMUI 9.0 - Resistente al agua y al polvo IP68 - Cristal frontal/trasero, marco de aluminio128 GB + 8 GB de RAM - NM (Nano Memory), hasta 256 GB (usa SIM 2) - Bater&iacute;a Li-Po 4200 mAh no extra&iacute;ble - Hisilicon Kirin 980 Octa-core 2.6GHzC&aacute;mara trasera: 40 MP, f/1.6, 27 mm (gran angular) + 20 MP, f/2.2, 16 mm (ultra gran angular) + Periscopio 8 MP, f/3.4, 125 mm (telefoto) - C&aacute;mara frontal: 32 MP, f/2.0, (gran angular) - V&iacute;deo: 2160p a 30 fpsLos tel&eacute;fonos m&oacute;viles desbloqueados son compatibles con la mayor&iacute;a del operador GSM (como T-Mobile o AT&amp;T), pero tenga en cuenta que no son compatibles con operadores CDMA (como Sprint o Verizon Wireless, por ejemplo)</span></span><br /></span></p>\n<p>&nbsp;</p>\n<p><span class=\"a-list-item\"><span style=\"vertical-align: inherit;\"><span style=\"vertical-align: inherit;\">Este tel&eacute;fono funcionar&aacute; con tarjetas SIM GSM como AT&amp;T o T-Mobile o cualquier otro proveedor de red de tarjetas SIM GSM, pero NO funcionar&aacute; con CDMA como Sprint, Verizon o US Cellular o Boost Mobile o cualquier otra red CDMA.</span></span></span></p>\n<p>&nbsp;</p>\n<p><span style=\"text-decoration: underline;\"><strong><span class=\"a-list-item\"><span style=\"vertical-align: inherit;\"><span style=\"vertical-align: inherit;\">Presupuesto:</span></span></span></strong></span></p>\n<p>&nbsp;</p>\n<table id=\"productDetails_detailBullets_sections1\" class=\"a-keyvalue prodDetTable\" style=\"height: 126px;\" role=\"presentation\">\n<tbody>\n<tr style=\"height: 21px;\">\n<th class=\"a-color-secondary a-size-base prodDetSectionEntry\" style=\"height: 21px; width: 154.219px; text-align: left;\"><span style=\"vertical-align: inherit;\"><span style=\"vertical-align: inherit;\">Dimensiones del producto</span></span></th>\n<td class=\"a-size-base\" style=\"height: 21px; width: 330.219px; text-align: right;\"><span style=\"vertical-align: inherit;\"><span style=\"vertical-align: inherit;\">2,6 x 1,6 x 0,6 pulgadas</span></span></td>\n</tr>\n<tr style=\"height: 21px;\">\n<th class=\"a-color-secondary a-size-base prodDetSectionEntry\" style=\"height: 21px; width: 154.219px; text-align: left;\"><span style=\"vertical-align: inherit;\"><span style=\"vertical-align: inherit;\">Peso del art&iacute;culo</span></span></th>\n<td class=\"a-size-base\" style=\"height: 21px; width: 330.219px; text-align: right;\"><span style=\"vertical-align: inherit;\"><span style=\"vertical-align: inherit;\">1,1 libras</span></span></td>\n</tr>\n<tr style=\"height: 21px;\">\n<th class=\"a-color-secondary a-size-base prodDetSectionEntry\" style=\"height: 21px; width: 154.219px; text-align: left;\"><span style=\"vertical-align: inherit;\"><span style=\"vertical-align: inherit;\">Peso del env&iacute;o</span></span></th>\n<td class=\"a-size-base\" style=\"height: 21px; width: 330.219px; text-align: right;\"><span style=\"vertical-align: inherit;\"><span style=\"vertical-align: inherit;\">1,19 libras</span></span></td>\n</tr>\n<tr style=\"height: 21px;\">\n<th class=\"a-color-secondary a-size-base prodDetSectionEntry\" style=\"height: 21px; width: 154.219px; text-align: left;\"><span style=\"vertical-align: inherit;\"><span style=\"vertical-align: inherit;\">ASIN</span></span></th>\n<td class=\"a-size-base\" style=\"height: 21px; width: 330.219px; text-align: right;\"><span style=\"vertical-align: inherit;\"><span style=\"vertical-align: inherit;\">B07PX3ZRJ6</span></span></td>\n</tr>\n<tr style=\"height: 21px;\">\n<th class=\"a-color-secondary a-size-base prodDetSectionEntry\" style=\"height: 21px; width: 154.219px; text-align: left;\"><span style=\"vertical-align: inherit;\"><span style=\"vertical-align: inherit;\">N&uacute;mero de modelo del art&iacute;culo</span></span></th>\n<td class=\"a-size-base\" style=\"height: 21px; width: 330.219px; text-align: right;\"><span style=\"vertical-align: inherit;\"><span style=\"vertical-align: inherit;\">6901443293186</span></span></td>\n</tr>\n<tr style=\"height: 21px;\">\n<th class=\"a-color-secondary a-size-base prodDetSectionEntry\" style=\"height: 21px; width: 154.219px; text-align: left;\"><span style=\"vertical-align: inherit;\"><span style=\"vertical-align: inherit;\">Bater&iacute;as</span></span></th>\n<td class=\"a-size-base\" style=\"height: 21px; width: 330.219px; text-align: right;\"><span style=\"vertical-align: inherit;\"><span style=\"vertical-align: inherit;\">Se requieren 1 bater&iacute;a de pol&iacute;mero de litio (incluida).</span></span></td>\n</tr>\n</tbody>\n</table>\n<p>&nbsp;</p>\";s:17:\"short_description\";s:290:\"6.47 inches 1080 x 2340 pixels, 19.5:9 ratio (~398 ppi density) - Android 9.0 + EMUI 9.0 - IP68 dust/water resistant - Front/back glass, aluminum frame\n128GB + 8GB RAM - NM (Nano Memory), up to 256GB (uses SIM 2) - Non-removable Li-Po 4200 mAh battery - Hisilicon Kirin 980 Octa-core 2.6GHz\";}s:11:\"\0*\0original\";a:6:{s:2:\"id\";i:1;s:10:\"product_id\";i:1;s:6:\"locale\";s:2:\"es\";s:4:\"name\";s:79:\"Huawei P30 Pro 128GB+8GB RAM (VOG-L29) 40MP LTE Factory Unlocked GSM Smartphone\";s:11:\"description\";s:6531:\"<p><span class=\"a-list-item\"><span style=\"vertical-align: inherit;\"><span style=\"vertical-align: inherit;\">6,47 pulgadas 1080 x 2340 p&iacute;xeles, relaci&oacute;n de aspecto 19,5:9 (densidad de ~398 ppp) - Android 9.0 + EMUI 9.0 - Resistente al agua y al polvo IP68 - Cristal frontal y trasero, marco de aluminio</span></span></span></p>\n<p><span class=\"a-list-item\"><span style=\"vertical-align: inherit;\"><span style=\"vertical-align: inherit;\">128GB + 8GB RAM - NM (Nano Memory), hasta 256GB (usa SIM 2) - Bater&iacute;a Li-Po 4200 mAh no extra&iacute;ble - Hisilicon Kirin 980 Octa-core 2.6GHz</span></span></span></p>\n<p><span class=\"a-list-item\"><span style=\"vertical-align: inherit;\"><span style=\"vertical-align: inherit;\">C&aacute;mara trasera: 40 MP, f/1.6, 27 mm (gran angular) + 20 MP, f/2.2, 16 mm (ultra gran angular) + Periscopio 8 MP, f/3.4, 125 mm (telefoto) - C&aacute;mara frontal: 32 MP, f/2.0, (gran angular) - V&iacute;deo: </span></span><a href=\"mailto:2160p@30fps\"><span style=\"vertical-align: inherit;\"><span style=\"vertical-align: inherit;\">2160p a 30 fps</span></span></a></span></p>\n<p>&nbsp;</p>\n<p><span class=\"a-list-item\"><span style=\"vertical-align: inherit;\"><span style=\"vertical-align: inherit;\">Los tel&eacute;fonos celulares desbloqueados son compatibles con la mayor&iacute;a de los operadores GSM (como T-Mobile o AT&amp;T), pero tenga en cuenta que no son compatibles con los operadores CDMA (como Sprint o Verizon Wireless, por ejemplo).</span></span></span></p>\n<p><span class=\"a-list-item\"><span style=\"vertical-align: inherit;\"><span style=\"vertical-align: inherit;\">3G HSDPA 800 / 850 / 900 / 1700(AWS) / 1900 / 2100 - Banda 4G LTE 1(2100), 2(1900), 3(1800), 4(1700/2100), 5(850), 6(900), 7(2600), 8(900), 9(1800), 12(700), 17(700), 18(800), 19(800), 20(800), 26(850), 28(700), 32(1500), 34(2000), 38(2600), 39(1900), 40(2300) - SIM dual h&iacute;brida (Nano-SIM, modo de espera dual) &gt; (garantizar para comprobar la compatibilidad con su operador antes de la compra)6.47 pulgadas 1080 x 2340 p&iacute;xeles, relaci&oacute;n 19.5:9 (densidad de ~398 ppi) - Android 9.0 + EMUI 9.0 - Resistente al agua y al polvo IP68 - Cristal frontal/trasero, marco de aluminio128 GB + 8 GB de RAM - NM (Nano Memory), hasta 256 GB (usa SIM 2) - Bater&iacute;a Li-Po 4200 mAh no extra&iacute;ble - Hisilicon Kirin 980 Octa-core 2.6GHzC&aacute;mara trasera: 40 MP, f/1.6, 27 mm (gran angular) + 20 MP, f/2.2, 16 mm (ultra gran angular) + Periscopio 8 MP, f/3.4, 125 mm (telefoto) - C&aacute;mara frontal: 32 MP, f/2.0, (gran angular) - V&iacute;deo: 2160p a 30 fpsLos tel&eacute;fonos m&oacute;viles desbloqueados son compatibles con la mayor&iacute;a del operador GSM (como T-Mobile o AT&amp;T), pero tenga en cuenta que no son compatibles con operadores CDMA (como Sprint o Verizon Wireless, por ejemplo)</span></span><br /></span></p>\n<p>&nbsp;</p>\n<p><span class=\"a-list-item\"><span style=\"vertical-align: inherit;\"><span style=\"vertical-align: inherit;\">Este tel&eacute;fono funcionar&aacute; con tarjetas SIM GSM como AT&amp;T o T-Mobile o cualquier otro proveedor de red de tarjetas SIM GSM, pero NO funcionar&aacute; con CDMA como Sprint, Verizon o US Cellular o Boost Mobile o cualquier otra red CDMA.</span></span></span></p>\n<p>&nbsp;</p>\n<p><span style=\"text-decoration: underline;\"><strong><span class=\"a-list-item\"><span style=\"vertical-align: inherit;\"><span style=\"vertical-align: inherit;\">Presupuesto:</span></span></span></strong></span></p>\n<p>&nbsp;</p>\n<table id=\"productDetails_detailBullets_sections1\" class=\"a-keyvalue prodDetTable\" style=\"height: 126px;\" role=\"presentation\">\n<tbody>\n<tr style=\"height: 21px;\">\n<th class=\"a-color-secondary a-size-base prodDetSectionEntry\" style=\"height: 21px; width: 154.219px; text-align: left;\"><span style=\"vertical-align: inherit;\"><span style=\"vertical-align: inherit;\">Dimensiones del producto</span></span></th>\n<td class=\"a-size-base\" style=\"height: 21px; width: 330.219px; text-align: right;\"><span style=\"vertical-align: inherit;\"><span style=\"vertical-align: inherit;\">2,6 x 1,6 x 0,6 pulgadas</span></span></td>\n</tr>\n<tr style=\"height: 21px;\">\n<th class=\"a-color-secondary a-size-base prodDetSectionEntry\" style=\"height: 21px; width: 154.219px; text-align: left;\"><span style=\"vertical-align: inherit;\"><span style=\"vertical-align: inherit;\">Peso del art&iacute;culo</span></span></th>\n<td class=\"a-size-base\" style=\"height: 21px; width: 330.219px; text-align: right;\"><span style=\"vertical-align: inherit;\"><span style=\"vertical-align: inherit;\">1,1 libras</span></span></td>\n</tr>\n<tr style=\"height: 21px;\">\n<th class=\"a-color-secondary a-size-base prodDetSectionEntry\" style=\"height: 21px; width: 154.219px; text-align: left;\"><span style=\"vertical-align: inherit;\"><span style=\"vertical-align: inherit;\">Peso del env&iacute;o</span></span></th>\n<td class=\"a-size-base\" style=\"height: 21px; width: 330.219px; text-align: right;\"><span style=\"vertical-align: inherit;\"><span style=\"vertical-align: inherit;\">1,19 libras</span></span></td>\n</tr>\n<tr style=\"height: 21px;\">\n<th class=\"a-color-secondary a-size-base prodDetSectionEntry\" style=\"height: 21px; width: 154.219px; text-align: left;\"><span style=\"vertical-align: inherit;\"><span style=\"vertical-align: inherit;\">ASIN</span></span></th>\n<td class=\"a-size-base\" style=\"height: 21px; width: 330.219px; text-align: right;\"><span style=\"vertical-align: inherit;\"><span style=\"vertical-align: inherit;\">B07PX3ZRJ6</span></span></td>\n</tr>\n<tr style=\"height: 21px;\">\n<th class=\"a-color-secondary a-size-base prodDetSectionEntry\" style=\"height: 21px; width: 154.219px; text-align: left;\"><span style=\"vertical-align: inherit;\"><span style=\"vertical-align: inherit;\">N&uacute;mero de modelo del art&iacute;culo</span></span></th>\n<td class=\"a-size-base\" style=\"height: 21px; width: 330.219px; text-align: right;\"><span style=\"vertical-align: inherit;\"><span style=\"vertical-align: inherit;\">6901443293186</span></span></td>\n</tr>\n<tr style=\"height: 21px;\">\n<th class=\"a-color-secondary a-size-base prodDetSectionEntry\" style=\"height: 21px; width: 154.219px; text-align: left;\"><span style=\"vertical-align: inherit;\"><span style=\"vertical-align: inherit;\">Bater&iacute;as</span></span></th>\n<td class=\"a-size-base\" style=\"height: 21px; width: 330.219px; text-align: right;\"><span style=\"vertical-align: inherit;\"><span style=\"vertical-align: inherit;\">Se requieren 1 bater&iacute;a de pol&iacute;mero de litio (incluida).</span></span></td>\n</tr>\n</tbody>\n</table>\n<p>&nbsp;</p>\";s:17:\"short_description\";s:290:\"6.47 inches 1080 x 2340 pixels, 19.5:9 ratio (~398 ppi density) - Android 9.0 + EMUI 9.0 - IP68 dust/water resistant - Front/back glass, aluminum frame\n128GB + 8GB RAM - NM (Nano Memory), up to 256GB (uses SIM 2) - Non-removable Li-Po 4200 mAh battery - Hisilicon Kirin 980 Octa-core 2.6GHz\";}s:10:\"\0*\0changes\";a:0:{}s:8:\"\0*\0casts\";a:0:{}s:17:\"\0*\0classCastCache\";a:0:{}s:21:\"\0*\0attributeCastCache\";a:0:{}s:13:\"\0*\0dateFormat\";N;s:10:\"\0*\0appends\";a:0:{}s:19:\"\0*\0dispatchesEvents\";a:0:{}s:14:\"\0*\0observables\";a:0:{}s:12:\"\0*\0relations\";a:0:{}s:10:\"\0*\0touches\";a:0:{}s:10:\"timestamps\";b:0;s:13:\"usesUniqueIds\";b:0;s:9:\"\0*\0hidden\";a:0:{}s:10:\"\0*\0visible\";a:0:{}s:11:\"\0*\0fillable\";a:3:{i:0;s:4:\"name\";i:1;s:11:\"description\";i:2;s:17:\"short_description\";}s:10:\"\0*\0guarded\";a:1:{i:0;s:1:\"*\";}}}s:28:\"\0*\0escapeWhenCastingToString\";b:0;}s:5:\"files\";O:39:\"Illuminate\\Database\\Eloquent\\Collection\":2:{s:8:\"\0*\0items\";a:6:{i:0;O:27:\"Modules\\Media\\Entities\\File\":30:{s:13:\"\0*\0connection\";s:5:\"mysql\";s:8:\"\0*\0table\";s:5:\"files\";s:13:\"\0*\0primaryKey\";s:2:\"id\";s:10:\"\0*\0keyType\";s:3:\"int\";s:12:\"incrementing\";b:1;s:7:\"\0*\0with\";a:0:{}s:12:\"\0*\0withCount\";a:0:{}s:19:\"preventsLazyLoading\";b:0;s:10:\"\0*\0perPage\";i:15;s:6:\"exists\";b:1;s:18:\"wasRecentlyCreated\";b:0;s:28:\"\0*\0escapeWhenCastingToString\";b:0;s:13:\"\0*\0attributes\";a:10:{s:2:\"id\";i:1;s:7:\"user_id\";i:1;s:8:\"filename\";s:45:\"c9W1i3VQjtKZuZKZ2eubO8hv1AGzQYYX1NmhbaYk.jpeg\";s:4:\"disk\";s:14:\"public_storage\";s:4:\"path\";s:50:\"media/SOHLJyRWOl4LSlAXkSFRgoDAzsQ67DXsUIwbYKSi.jpg\";s:9:\"extension\";s:3:\"jpg\";s:4:\"mime\";s:10:\"image/jpeg\";s:4:\"size\";s:4:\"8147\";s:10:\"created_at\";s:19:\"2024-12-13 15:24:59\";s:10:\"updated_at\";s:19:\"2024-12-13 15:24:59\";}s:11:\"\0*\0original\";a:17:{s:2:\"id\";i:1;s:7:\"user_id\";i:1;s:8:\"filename\";s:45:\"c9W1i3VQjtKZuZKZ2eubO8hv1AGzQYYX1NmhbaYk.jpeg\";s:4:\"disk\";s:14:\"public_storage\";s:4:\"path\";s:50:\"media/SOHLJyRWOl4LSlAXkSFRgoDAzsQ67DXsUIwbYKSi.jpg\";s:9:\"extension\";s:3:\"jpg\";s:4:\"mime\";s:10:\"image/jpeg\";s:4:\"size\";s:4:\"8147\";s:10:\"created_at\";s:19:\"2024-12-13 15:24:59\";s:10:\"updated_at\";s:19:\"2024-12-13 15:24:59\";s:15:\"pivot_entity_id\";i:1;s:13:\"pivot_file_id\";i:1;s:17:\"pivot_entity_type\";s:32:\"Modules\\Product\\Entities\\Product\";s:8:\"pivot_id\";i:2;s:10:\"pivot_zone\";s:17:\"additional_images\";s:16:\"pivot_created_at\";s:19:\"2024-12-13 15:27:30\";s:16:\"pivot_updated_at\";s:19:\"2024-12-13 15:27:30\";}s:10:\"\0*\0changes\";a:0:{}s:8:\"\0*\0casts\";a:0:{}s:17:\"\0*\0classCastCache\";a:0:{}s:21:\"\0*\0attributeCastCache\";a:0:{}s:13:\"\0*\0dateFormat\";N;s:10:\"\0*\0appends\";a:0:{}s:19:\"\0*\0dispatchesEvents\";a:0:{}s:14:\"\0*\0observables\";a:0:{}s:12:\"\0*\0relations\";a:1:{s:5:\"pivot\";O:49:\"Illuminate\\Database\\Eloquent\\Relations\\MorphPivot\":35:{s:13:\"\0*\0connection\";N;s:8:\"\0*\0table\";s:12:\"entity_files\";s:13:\"\0*\0primaryKey\";s:2:\"id\";s:10:\"\0*\0keyType\";s:3:\"int\";s:12:\"incrementing\";b:0;s:7:\"\0*\0with\";a:0:{}s:12:\"\0*\0withCount\";a:0:{}s:19:\"preventsLazyLoading\";b:0;s:10:\"\0*\0perPage\";i:15;s:6:\"exists\";b:1;s:18:\"wasRecentlyCreated\";b:0;s:28:\"\0*\0escapeWhenCastingToString\";b:0;s:13:\"\0*\0attributes\";a:7:{s:11:\"entity_type\";s:32:\"Modules\\Product\\Entities\\Product\";s:9:\"entity_id\";i:1;s:7:\"file_id\";i:1;s:2:\"id\";i:2;s:4:\"zone\";s:17:\"additional_images\";s:10:\"created_at\";s:19:\"2024-12-13 15:27:30\";s:10:\"updated_at\";s:19:\"2024-12-13 15:27:30\";}s:11:\"\0*\0original\";a:7:{s:11:\"entity_type\";s:32:\"Modules\\Product\\Entities\\Product\";s:9:\"entity_id\";i:1;s:7:\"file_id\";i:1;s:2:\"id\";i:2;s:4:\"zone\";s:17:\"additional_images\";s:10:\"created_at\";s:19:\"2024-12-13 15:27:30\";s:10:\"updated_at\";s:19:\"2024-12-13 15:27:30\";}s:10:\"\0*\0changes\";a:0:{}s:8:\"\0*\0casts\";a:0:{}s:17:\"\0*\0classCastCache\";a:0:{}s:21:\"\0*\0attributeCastCache\";a:0:{}s:13:\"\0*\0dateFormat\";N;s:10:\"\0*\0appends\";a:0:{}s:19:\"\0*\0dispatchesEvents\";a:0:{}s:14:\"\0*\0observables\";a:0:{}s:12:\"\0*\0relations\";a:0:{}s:10:\"\0*\0touches\";a:0:{}s:10:\"timestamps\";b:1;s:13:\"usesUniqueIds\";b:0;s:9:\"\0*\0hidden\";a:0:{}s:10:\"\0*\0visible\";a:0:{}s:11:\"\0*\0fillable\";a:0:{}s:10:\"\0*\0guarded\";a:0:{}s:11:\"pivotParent\";O:32:\"Modules\\Product\\Entities\\Product\":35:{s:13:\"\0*\0connection\";N;s:8:\"\0*\0table\";s:8:\"products\";s:13:\"\0*\0primaryKey\";s:2:\"id\";s:10:\"\0*\0keyType\";s:3:\"int\";s:12:\"incrementing\";b:1;s:7:\"\0*\0with\";a:1:{i:0;s:12:\"translations\";}s:12:\"\0*\0withCount\";a:0:{}s:19:\"preventsLazyLoading\";b:0;s:10:\"\0*\0perPage\";i:15;s:6:\"exists\";b:0;s:18:\"wasRecentlyCreated\";b:0;s:28:\"\0*\0escapeWhenCastingToString\";b:0;s:13:\"\0*\0attributes\";a:0:{}s:11:\"\0*\0original\";a:0:{}s:10:\"\0*\0changes\";a:0:{}s:8:\"\0*\0casts\";a:9:{s:10:\"is_virtual\";s:7:\"boolean\";s:9:\"is_active\";s:7:\"boolean\";s:19:\"special_price_start\";s:8:\"datetime\";s:17:\"special_price_end\";s:8:\"datetime\";s:8:\"new_from\";s:8:\"datetime\";s:6:\"new_to\";s:8:\"datetime\";s:10:\"start_date\";s:8:\"datetime\";s:8:\"end_date\";s:8:\"datetime\";s:10:\"deleted_at\";s:8:\"datetime\";}s:17:\"\0*\0classCastCache\";a:0:{}s:21:\"\0*\0attributeCastCache\";a:0:{}s:13:\"\0*\0dateFormat\";N;s:10:\"\0*\0appends\";a:13:{i:0;s:10:\"base_image\";i:1;s:17:\"additional_images\";i:2;s:5:\"media\";i:3;s:15:\"formatted_price\";i:4;s:21:\"formatted_price_range\";i:5;s:28:\"has_percentage_special_price\";i:6;s:21:\"special_price_percent\";i:7;s:14:\"rating_percent\";i:8;s:17:\"does_manage_stock\";i:9;s:11:\"is_in_stock\";i:10;s:15:\"is_out_of_stock\";i:11;s:6:\"is_new\";i:12;s:7:\"variant\";}s:19:\"\0*\0dispatchesEvents\";a:0:{}s:14:\"\0*\0observables\";a:0:{}s:12:\"\0*\0relations\";a:0:{}s:10:\"\0*\0touches\";a:0:{}s:10:\"timestamps\";b:1;s:13:\"usesUniqueIds\";b:0;s:9:\"\0*\0hidden\";a:0:{}s:10:\"\0*\0visible\";a:0:{}s:11:\"\0*\0fillable\";a:17:{i:0;s:8:\"brand_id\";i:1;s:12:\"tax_class_id\";i:2;s:4:\"slug\";i:3;s:3:\"sku\";i:4;s:5:\"price\";i:5;s:13:\"special_price\";i:6;s:18:\"special_price_type\";i:7;s:19:\"special_price_start\";i:8;s:17:\"special_price_end\";i:9;s:13:\"selling_price\";i:10;s:12:\"manage_stock\";i:11;s:3:\"qty\";i:12;s:8:\"in_stock\";i:13;s:10:\"is_virtual\";i:14;s:9:\"is_active\";i:15;s:8:\"new_from\";i:16;s:6:\"new_to\";}s:10:\"\0*\0guarded\";a:1:{i:0;s:1:\"*\";}s:23:\"\0*\0translatedAttributes\";a:3:{i:0;s:4:\"name\";i:1;s:11:\"description\";i:2;s:17:\"short_description\";}s:16:\"\0*\0slugAttribute\";s:4:\"name\";s:16:\"\0*\0defaultLocale\";N;s:16:\"\0*\0scoutMetadata\";a:0:{}s:16:\"\0*\0forceDeleting\";b:0;}s:13:\"\0*\0foreignKey\";s:9:\"entity_id\";s:13:\"\0*\0relatedKey\";s:7:\"file_id\";s:12:\"\0*\0morphType\";s:11:\"entity_type\";s:13:\"\0*\0morphClass\";s:32:\"Modules\\Product\\Entities\\Product\";}}s:10:\"\0*\0touches\";a:0:{}s:10:\"timestamps\";b:1;s:13:\"usesUniqueIds\";b:0;s:9:\"\0*\0hidden\";a:0:{}s:10:\"\0*\0visible\";a:3:{i:0;s:2:\"id\";i:1;s:8:\"filename\";i:2;s:4:\"path\";}s:11:\"\0*\0fillable\";a:0:{}s:10:\"\0*\0guarded\";a:0:{}}i:1;O:27:\"Modules\\Media\\Entities\\File\":30:{s:13:\"\0*\0connection\";s:5:\"mysql\";s:8:\"\0*\0table\";s:5:\"files\";s:13:\"\0*\0primaryKey\";s:2:\"id\";s:10:\"\0*\0keyType\";s:3:\"int\";s:12:\"incrementing\";b:1;s:7:\"\0*\0with\";a:0:{}s:12:\"\0*\0withCount\";a:0:{}s:19:\"preventsLazyLoading\";b:0;s:10:\"\0*\0perPage\";i:15;s:6:\"exists\";b:1;s:18:\"wasRecentlyCreated\";b:0;s:28:\"\0*\0escapeWhenCastingToString\";b:0;s:13:\"\0*\0attributes\";a:10:{s:2:\"id\";i:2;s:7:\"user_id\";i:1;s:8:\"filename\";s:45:\"Cqt1ix1WCSqlxDru8abz96kyRe72WA3hU1GIOHNX.jpeg\";s:4:\"disk\";s:14:\"public_storage\";s:4:\"path\";s:50:\"media/roKqwUrDH2dqWnpShJQ18B4ikpGyMcyWUY4HHuf1.jpg\";s:9:\"extension\";s:3:\"jpg\";s:4:\"mime\";s:10:\"image/jpeg\";s:4:\"size\";s:5:\"19020\";s:10:\"created_at\";s:19:\"2024-12-13 15:24:59\";s:10:\"updated_at\";s:19:\"2024-12-13 15:24:59\";}s:11:\"\0*\0original\";a:17:{s:2:\"id\";i:2;s:7:\"user_id\";i:1;s:8:\"filename\";s:45:\"Cqt1ix1WCSqlxDru8abz96kyRe72WA3hU1GIOHNX.jpeg\";s:4:\"disk\";s:14:\"public_storage\";s:4:\"path\";s:50:\"media/roKqwUrDH2dqWnpShJQ18B4ikpGyMcyWUY4HHuf1.jpg\";s:9:\"extension\";s:3:\"jpg\";s:4:\"mime\";s:10:\"image/jpeg\";s:4:\"size\";s:5:\"19020\";s:10:\"created_at\";s:19:\"2024-12-13 15:24:59\";s:10:\"updated_at\";s:19:\"2024-12-13 15:24:59\";s:15:\"pivot_entity_id\";i:1;s:13:\"pivot_file_id\";i:2;s:17:\"pivot_entity_type\";s:32:\"Modules\\Product\\Entities\\Product\";s:8:\"pivot_id\";i:1;s:10:\"pivot_zone\";s:10:\"base_image\";s:16:\"pivot_created_at\";s:19:\"2024-12-13 15:27:30\";s:16:\"pivot_updated_at\";s:19:\"2024-12-13 15:27:30\";}s:10:\"\0*\0changes\";a:0:{}s:8:\"\0*\0casts\";a:0:{}s:17:\"\0*\0classCastCache\";a:0:{}s:21:\"\0*\0attributeCastCache\";a:0:{}s:13:\"\0*\0dateFormat\";N;s:10:\"\0*\0appends\";a:0:{}s:19:\"\0*\0dispatchesEvents\";a:0:{}s:14:\"\0*\0observables\";a:0:{}s:12:\"\0*\0relations\";a:1:{s:5:\"pivot\";O:49:\"Illuminate\\Database\\Eloquent\\Relations\\MorphPivot\":35:{s:13:\"\0*\0connection\";N;s:8:\"\0*\0table\";s:12:\"entity_files\";s:13:\"\0*\0primaryKey\";s:2:\"id\";s:10:\"\0*\0keyType\";s:3:\"int\";s:12:\"incrementing\";b:0;s:7:\"\0*\0with\";a:0:{}s:12:\"\0*\0withCount\";a:0:{}s:19:\"preventsLazyLoading\";b:0;s:10:\"\0*\0perPage\";i:15;s:6:\"exists\";b:1;s:18:\"wasRecentlyCreated\";b:0;s:28:\"\0*\0escapeWhenCastingToString\";b:0;s:13:\"\0*\0attributes\";a:7:{s:11:\"entity_type\";s:32:\"Modules\\Product\\Entities\\Product\";s:9:\"entity_id\";i:1;s:7:\"file_id\";i:2;s:2:\"id\";i:1;s:4:\"zone\";s:10:\"base_image\";s:10:\"created_at\";s:19:\"2024-12-13 15:27:30\";s:10:\"updated_at\";s:19:\"2024-12-13 15:27:30\";}s:11:\"\0*\0original\";a:7:{s:11:\"entity_type\";s:32:\"Modules\\Product\\Entities\\Product\";s:9:\"entity_id\";i:1;s:7:\"file_id\";i:2;s:2:\"id\";i:1;s:4:\"zone\";s:10:\"base_image\";s:10:\"created_at\";s:19:\"2024-12-13 15:27:30\";s:10:\"updated_at\";s:19:\"2024-12-13 15:27:30\";}s:10:\"\0*\0changes\";a:0:{}s:8:\"\0*\0casts\";a:0:{}s:17:\"\0*\0classCastCache\";a:0:{}s:21:\"\0*\0attributeCastCache\";a:0:{}s:13:\"\0*\0dateFormat\";N;s:10:\"\0*\0appends\";a:0:{}s:19:\"\0*\0dispatchesEvents\";a:0:{}s:14:\"\0*\0observables\";a:0:{}s:12:\"\0*\0relations\";a:0:{}s:10:\"\0*\0touches\";a:0:{}s:10:\"timestamps\";b:1;s:13:\"usesUniqueIds\";b:0;s:9:\"\0*\0hidden\";a:0:{}s:10:\"\0*\0visible\";a:0:{}s:11:\"\0*\0fillable\";a:0:{}s:10:\"\0*\0guarded\";a:0:{}s:11:\"pivotParent\";r:250;s:13:\"\0*\0foreignKey\";s:9:\"entity_id\";s:13:\"\0*\0relatedKey\";s:7:\"file_id\";s:12:\"\0*\0morphType\";s:11:\"entity_type\";s:13:\"\0*\0morphClass\";s:32:\"Modules\\Product\\Entities\\Product\";}}s:10:\"\0*\0touches\";a:0:{}s:10:\"timestamps\";b:1;s:13:\"usesUniqueIds\";b:0;s:9:\"\0*\0hidden\";a:0:{}s:10:\"\0*\0visible\";a:3:{i:0;s:2:\"id\";i:1;s:8:\"filename\";i:2;s:4:\"path\";}s:11:\"\0*\0fillable\";a:0:{}s:10:\"\0*\0guarded\";a:0:{}}i:2;O:27:\"Modules\\Media\\Entities\\File\":30:{s:13:\"\0*\0connection\";s:5:\"mysql\";s:8:\"\0*\0table\";s:5:\"files\";s:13:\"\0*\0primaryKey\";s:2:\"id\";s:10:\"\0*\0keyType\";s:3:\"int\";s:12:\"incrementing\";b:1;s:7:\"\0*\0with\";a:0:{}s:12:\"\0*\0withCount\";a:0:{}s:19:\"preventsLazyLoading\";b:0;s:10:\"\0*\0perPage\";i:15;s:6:\"exists\";b:1;s:18:\"wasRecentlyCreated\";b:0;s:28:\"\0*\0escapeWhenCastingToString\";b:0;s:13:\"\0*\0attributes\";a:10:{s:2:\"id\";i:3;s:7:\"user_id\";i:1;s:8:\"filename\";s:45:\"HaBTtKvIcsL4Pu3M8UXjcM7UfhPn2SbrYfcTGwWp.jpeg\";s:4:\"disk\";s:14:\"public_storage\";s:4:\"path\";s:50:\"media/AAHcqQdIcKkVfjh3FqUZivLTOp32BBzG5zky9YS5.jpg\";s:9:\"extension\";s:3:\"jpg\";s:4:\"mime\";s:10:\"image/jpeg\";s:4:\"size\";s:5:\"15357\";s:10:\"created_at\";s:19:\"2024-12-13 15:25:00\";s:10:\"updated_at\";s:19:\"2024-12-13 15:25:00\";}s:11:\"\0*\0original\";a:17:{s:2:\"id\";i:3;s:7:\"user_id\";i:1;s:8:\"filename\";s:45:\"HaBTtKvIcsL4Pu3M8UXjcM7UfhPn2SbrYfcTGwWp.jpeg\";s:4:\"disk\";s:14:\"public_storage\";s:4:\"path\";s:50:\"media/AAHcqQdIcKkVfjh3FqUZivLTOp32BBzG5zky9YS5.jpg\";s:9:\"extension\";s:3:\"jpg\";s:4:\"mime\";s:10:\"image/jpeg\";s:4:\"size\";s:5:\"15357\";s:10:\"created_at\";s:19:\"2024-12-13 15:25:00\";s:10:\"updated_at\";s:19:\"2024-12-13 15:25:00\";s:15:\"pivot_entity_id\";i:1;s:13:\"pivot_file_id\";i:3;s:17:\"pivot_entity_type\";s:32:\"Modules\\Product\\Entities\\Product\";s:8:\"pivot_id\";i:3;s:10:\"pivot_zone\";s:17:\"additional_images\";s:16:\"pivot_created_at\";s:19:\"2024-12-13 15:27:30\";s:16:\"pivot_updated_at\";s:19:\"2024-12-13 15:27:30\";}s:10:\"\0*\0changes\";a:0:{}s:8:\"\0*\0casts\";a:0:{}s:17:\"\0*\0classCastCache\";a:0:{}s:21:\"\0*\0attributeCastCache\";a:0:{}s:13:\"\0*\0dateFormat\";N;s:10:\"\0*\0appends\";a:0:{}s:19:\"\0*\0dispatchesEvents\";a:0:{}s:14:\"\0*\0observables\";a:0:{}s:12:\"\0*\0relations\";a:1:{s:5:\"pivot\";O:49:\"Illuminate\\Database\\Eloquent\\Relations\\MorphPivot\":35:{s:13:\"\0*\0connection\";N;s:8:\"\0*\0table\";s:12:\"entity_files\";s:13:\"\0*\0primaryKey\";s:2:\"id\";s:10:\"\0*\0keyType\";s:3:\"int\";s:12:\"incrementing\";b:0;s:7:\"\0*\0with\";a:0:{}s:12:\"\0*\0withCount\";a:0:{}s:19:\"preventsLazyLoading\";b:0;s:10:\"\0*\0perPage\";i:15;s:6:\"exists\";b:1;s:18:\"wasRecentlyCreated\";b:0;s:28:\"\0*\0escapeWhenCastingToString\";b:0;s:13:\"\0*\0attributes\";a:7:{s:11:\"entity_type\";s:32:\"Modules\\Product\\Entities\\Product\";s:9:\"entity_id\";i:1;s:7:\"file_id\";i:3;s:2:\"id\";i:3;s:4:\"zone\";s:17:\"additional_images\";s:10:\"created_at\";s:19:\"2024-12-13 15:27:30\";s:10:\"updated_at\";s:19:\"2024-12-13 15:27:30\";}s:11:\"\0*\0original\";a:7:{s:11:\"entity_type\";s:32:\"Modules\\Product\\Entities\\Product\";s:9:\"entity_id\";i:1;s:7:\"file_id\";i:3;s:2:\"id\";i:3;s:4:\"zone\";s:17:\"additional_images\";s:10:\"created_at\";s:19:\"2024-12-13 15:27:30\";s:10:\"updated_at\";s:19:\"2024-12-13 15:27:30\";}s:10:\"\0*\0changes\";a:0:{}s:8:\"\0*\0casts\";a:0:{}s:17:\"\0*\0classCastCache\";a:0:{}s:21:\"\0*\0attributeCastCache\";a:0:{}s:13:\"\0*\0dateFormat\";N;s:10:\"\0*\0appends\";a:0:{}s:19:\"\0*\0dispatchesEvents\";a:0:{}s:14:\"\0*\0observables\";a:0:{}s:12:\"\0*\0relations\";a:0:{}s:10:\"\0*\0touches\";a:0:{}s:10:\"timestamps\";b:1;s:13:\"usesUniqueIds\";b:0;s:9:\"\0*\0hidden\";a:0:{}s:10:\"\0*\0visible\";a:0:{}s:11:\"\0*\0fillable\";a:0:{}s:10:\"\0*\0guarded\";a:0:{}s:11:\"pivotParent\";r:250;s:13:\"\0*\0foreignKey\";s:9:\"entity_id\";s:13:\"\0*\0relatedKey\";s:7:\"file_id\";s:12:\"\0*\0morphType\";s:11:\"entity_type\";s:13:\"\0*\0morphClass\";s:32:\"Modules\\Product\\Entities\\Product\";}}s:10:\"\0*\0touches\";a:0:{}s:10:\"timestamps\";b:1;s:13:\"usesUniqueIds\";b:0;s:9:\"\0*\0hidden\";a:0:{}s:10:\"\0*\0visible\";a:3:{i:0;s:2:\"id\";i:1;s:8:\"filename\";i:2;s:4:\"path\";}s:11:\"\0*\0fillable\";a:0:{}s:10:\"\0*\0guarded\";a:0:{}}i:3;O:27:\"Modules\\Media\\Entities\\File\":30:{s:13:\"\0*\0connection\";s:5:\"mysql\";s:8:\"\0*\0table\";s:5:\"files\";s:13:\"\0*\0primaryKey\";s:2:\"id\";s:10:\"\0*\0keyType\";s:3:\"int\";s:12:\"incrementing\";b:1;s:7:\"\0*\0with\";a:0:{}s:12:\"\0*\0withCount\";a:0:{}s:19:\"preventsLazyLoading\";b:0;s:10:\"\0*\0perPage\";i:15;s:6:\"exists\";b:1;s:18:\"wasRecentlyCreated\";b:0;s:28:\"\0*\0escapeWhenCastingToString\";b:0;s:13:\"\0*\0attributes\";a:10:{s:2:\"id\";i:4;s:7:\"user_id\";i:1;s:8:\"filename\";s:49:\"LeJ49jY4NuqA4hXRxOHdJQhctUbE0JfiliM5W8KQ (1).jpeg\";s:4:\"disk\";s:14:\"public_storage\";s:4:\"path\";s:50:\"media/7khTrvGVpJKcSKODhh41s0f6smUQTs5XSiyboNdM.jpg\";s:9:\"extension\";s:3:\"jpg\";s:4:\"mime\";s:10:\"image/jpeg\";s:4:\"size\";s:5:\"40083\";s:10:\"created_at\";s:19:\"2024-12-13 15:25:01\";s:10:\"updated_at\";s:19:\"2024-12-13 15:25:01\";}s:11:\"\0*\0original\";a:17:{s:2:\"id\";i:4;s:7:\"user_id\";i:1;s:8:\"filename\";s:49:\"LeJ49jY4NuqA4hXRxOHdJQhctUbE0JfiliM5W8KQ (1).jpeg\";s:4:\"disk\";s:14:\"public_storage\";s:4:\"path\";s:50:\"media/7khTrvGVpJKcSKODhh41s0f6smUQTs5XSiyboNdM.jpg\";s:9:\"extension\";s:3:\"jpg\";s:4:\"mime\";s:10:\"image/jpeg\";s:4:\"size\";s:5:\"40083\";s:10:\"created_at\";s:19:\"2024-12-13 15:25:01\";s:10:\"updated_at\";s:19:\"2024-12-13 15:25:01\";s:15:\"pivot_entity_id\";i:1;s:13:\"pivot_file_id\";i:4;s:17:\"pivot_entity_type\";s:32:\"Modules\\Product\\Entities\\Product\";s:8:\"pivot_id\";i:4;s:10:\"pivot_zone\";s:17:\"additional_images\";s:16:\"pivot_created_at\";s:19:\"2024-12-13 15:27:30\";s:16:\"pivot_updated_at\";s:19:\"2024-12-13 15:27:30\";}s:10:\"\0*\0changes\";a:0:{}s:8:\"\0*\0casts\";a:0:{}s:17:\"\0*\0classCastCache\";a:0:{}s:21:\"\0*\0attributeCastCache\";a:0:{}s:13:\"\0*\0dateFormat\";N;s:10:\"\0*\0appends\";a:0:{}s:19:\"\0*\0dispatchesEvents\";a:0:{}s:14:\"\0*\0observables\";a:0:{}s:12:\"\0*\0relations\";a:1:{s:5:\"pivot\";O:49:\"Illuminate\\Database\\Eloquent\\Relations\\MorphPivot\":35:{s:13:\"\0*\0connection\";N;s:8:\"\0*\0table\";s:12:\"entity_files\";s:13:\"\0*\0primaryKey\";s:2:\"id\";s:10:\"\0*\0keyType\";s:3:\"int\";s:12:\"incrementing\";b:0;s:7:\"\0*\0with\";a:0:{}s:12:\"\0*\0withCount\";a:0:{}s:19:\"preventsLazyLoading\";b:0;s:10:\"\0*\0perPage\";i:15;s:6:\"exists\";b:1;s:18:\"wasRecentlyCreated\";b:0;s:28:\"\0*\0escapeWhenCastingToString\";b:0;s:13:\"\0*\0attributes\";a:7:{s:11:\"entity_type\";s:32:\"Modules\\Product\\Entities\\Product\";s:9:\"entity_id\";i:1;s:7:\"file_id\";i:4;s:2:\"id\";i:4;s:4:\"zone\";s:17:\"additional_images\";s:10:\"created_at\";s:19:\"2024-12-13 15:27:30\";s:10:\"updated_at\";s:19:\"2024-12-13 15:27:30\";}s:11:\"\0*\0original\";a:7:{s:11:\"entity_type\";s:32:\"Modules\\Product\\Entities\\Product\";s:9:\"entity_id\";i:1;s:7:\"file_id\";i:4;s:2:\"id\";i:4;s:4:\"zone\";s:17:\"additional_images\";s:10:\"created_at\";s:19:\"2024-12-13 15:27:30\";s:10:\"updated_at\";s:19:\"2024-12-13 15:27:30\";}s:10:\"\0*\0changes\";a:0:{}s:8:\"\0*\0casts\";a:0:{}s:17:\"\0*\0classCastCache\";a:0:{}s:21:\"\0*\0attributeCastCache\";a:0:{}s:13:\"\0*\0dateFormat\";N;s:10:\"\0*\0appends\";a:0:{}s:19:\"\0*\0dispatchesEvents\";a:0:{}s:14:\"\0*\0observables\";a:0:{}s:12:\"\0*\0relations\";a:0:{}s:10:\"\0*\0touches\";a:0:{}s:10:\"timestamps\";b:1;s:13:\"usesUniqueIds\";b:0;s:9:\"\0*\0hidden\";a:0:{}s:10:\"\0*\0visible\";a:0:{}s:11:\"\0*\0fillable\";a:0:{}s:10:\"\0*\0guarded\";a:0:{}s:11:\"pivotParent\";r:250;s:13:\"\0*\0foreignKey\";s:9:\"entity_id\";s:13:\"\0*\0relatedKey\";s:7:\"file_id\";s:12:\"\0*\0morphType\";s:11:\"entity_type\";s:13:\"\0*\0morphClass\";s:32:\"Modules\\Product\\Entities\\Product\";}}s:10:\"\0*\0touches\";a:0:{}s:10:\"timestamps\";b:1;s:13:\"usesUniqueIds\";b:0;s:9:\"\0*\0hidden\";a:0:{}s:10:\"\0*\0visible\";a:3:{i:0;s:2:\"id\";i:1;s:8:\"filename\";i:2;s:4:\"path\";}s:11:\"\0*\0fillable\";a:0:{}s:10:\"\0*\0guarded\";a:0:{}}i:4;O:27:\"Modules\\Media\\Entities\\File\":30:{s:13:\"\0*\0connection\";s:5:\"mysql\";s:8:\"\0*\0table\";s:5:\"files\";s:13:\"\0*\0primaryKey\";s:2:\"id\";s:10:\"\0*\0keyType\";s:3:\"int\";s:12:\"incrementing\";b:1;s:7:\"\0*\0with\";a:0:{}s:12:\"\0*\0withCount\";a:0:{}s:19:\"preventsLazyLoading\";b:0;s:10:\"\0*\0perPage\";i:15;s:6:\"exists\";b:1;s:18:\"wasRecentlyCreated\";b:0;s:28:\"\0*\0escapeWhenCastingToString\";b:0;s:13:\"\0*\0attributes\";a:10:{s:2:\"id\";i:5;s:7:\"user_id\";i:1;s:8:\"filename\";s:45:\"LeJ49jY4NuqA4hXRxOHdJQhctUbE0JfiliM5W8KQ.jpeg\";s:4:\"disk\";s:14:\"public_storage\";s:4:\"path\";s:50:\"media/QaFhG08XUHwITA6CKkxnt4LdgDm9mpvOR8A9GPJd.jpg\";s:9:\"extension\";s:3:\"jpg\";s:4:\"mime\";s:10:\"image/jpeg\";s:4:\"size\";s:5:\"40083\";s:10:\"created_at\";s:19:\"2024-12-13 15:25:01\";s:10:\"updated_at\";s:19:\"2024-12-13 15:25:01\";}s:11:\"\0*\0original\";a:17:{s:2:\"id\";i:5;s:7:\"user_id\";i:1;s:8:\"filename\";s:45:\"LeJ49jY4NuqA4hXRxOHdJQhctUbE0JfiliM5W8KQ.jpeg\";s:4:\"disk\";s:14:\"public_storage\";s:4:\"path\";s:50:\"media/QaFhG08XUHwITA6CKkxnt4LdgDm9mpvOR8A9GPJd.jpg\";s:9:\"extension\";s:3:\"jpg\";s:4:\"mime\";s:10:\"image/jpeg\";s:4:\"size\";s:5:\"40083\";s:10:\"created_at\";s:19:\"2024-12-13 15:25:01\";s:10:\"updated_at\";s:19:\"2024-12-13 15:25:01\";s:15:\"pivot_entity_id\";i:1;s:13:\"pivot_file_id\";i:5;s:17:\"pivot_entity_type\";s:32:\"Modules\\Product\\Entities\\Product\";s:8:\"pivot_id\";i:6;s:10:\"pivot_zone\";s:17:\"additional_images\";s:16:\"pivot_created_at\";s:19:\"2024-12-13 15:27:30\";s:16:\"pivot_updated_at\";s:19:\"2024-12-13 15:27:30\";}s:10:\"\0*\0changes\";a:0:{}s:8:\"\0*\0casts\";a:0:{}s:17:\"\0*\0classCastCache\";a:0:{}s:21:\"\0*\0attributeCastCache\";a:0:{}s:13:\"\0*\0dateFormat\";N;s:10:\"\0*\0appends\";a:0:{}s:19:\"\0*\0dispatchesEvents\";a:0:{}s:14:\"\0*\0observables\";a:0:{}s:12:\"\0*\0relations\";a:1:{s:5:\"pivot\";O:49:\"Illuminate\\Database\\Eloquent\\Relations\\MorphPivot\":35:{s:13:\"\0*\0connection\";N;s:8:\"\0*\0table\";s:12:\"entity_files\";s:13:\"\0*\0primaryKey\";s:2:\"id\";s:10:\"\0*\0keyType\";s:3:\"int\";s:12:\"incrementing\";b:0;s:7:\"\0*\0with\";a:0:{}s:12:\"\0*\0withCount\";a:0:{}s:19:\"preventsLazyLoading\";b:0;s:10:\"\0*\0perPage\";i:15;s:6:\"exists\";b:1;s:18:\"wasRecentlyCreated\";b:0;s:28:\"\0*\0escapeWhenCastingToString\";b:0;s:13:\"\0*\0attributes\";a:7:{s:11:\"entity_type\";s:32:\"Modules\\Product\\Entities\\Product\";s:9:\"entity_id\";i:1;s:7:\"file_id\";i:5;s:2:\"id\";i:6;s:4:\"zone\";s:17:\"additional_images\";s:10:\"created_at\";s:19:\"2024-12-13 15:27:30\";s:10:\"updated_at\";s:19:\"2024-12-13 15:27:30\";}s:11:\"\0*\0original\";a:7:{s:11:\"entity_type\";s:32:\"Modules\\Product\\Entities\\Product\";s:9:\"entity_id\";i:1;s:7:\"file_id\";i:5;s:2:\"id\";i:6;s:4:\"zone\";s:17:\"additional_images\";s:10:\"created_at\";s:19:\"2024-12-13 15:27:30\";s:10:\"updated_at\";s:19:\"2024-12-13 15:27:30\";}s:10:\"\0*\0changes\";a:0:{}s:8:\"\0*\0casts\";a:0:{}s:17:\"\0*\0classCastCache\";a:0:{}s:21:\"\0*\0attributeCastCache\";a:0:{}s:13:\"\0*\0dateFormat\";N;s:10:\"\0*\0appends\";a:0:{}s:19:\"\0*\0dispatchesEvents\";a:0:{}s:14:\"\0*\0observables\";a:0:{}s:12:\"\0*\0relations\";a:0:{}s:10:\"\0*\0touches\";a:0:{}s:10:\"timestamps\";b:1;s:13:\"usesUniqueIds\";b:0;s:9:\"\0*\0hidden\";a:0:{}s:10:\"\0*\0visible\";a:0:{}s:11:\"\0*\0fillable\";a:0:{}s:10:\"\0*\0guarded\";a:0:{}s:11:\"pivotParent\";r:250;s:13:\"\0*\0foreignKey\";s:9:\"entity_id\";s:13:\"\0*\0relatedKey\";s:7:\"file_id\";s:12:\"\0*\0morphType\";s:11:\"entity_type\";s:13:\"\0*\0morphClass\";s:32:\"Modules\\Product\\Entities\\Product\";}}s:10:\"\0*\0touches\";a:0:{}s:10:\"timestamps\";b:1;s:13:\"usesUniqueIds\";b:0;s:9:\"\0*\0hidden\";a:0:{}s:10:\"\0*\0visible\";a:3:{i:0;s:2:\"id\";i:1;s:8:\"filename\";i:2;s:4:\"path\";}s:11:\"\0*\0fillable\";a:0:{}s:10:\"\0*\0guarded\";a:0:{}}i:5;O:27:\"Modules\\Media\\Entities\\File\":30:{s:13:\"\0*\0connection\";s:5:\"mysql\";s:8:\"\0*\0table\";s:5:\"files\";s:13:\"\0*\0primaryKey\";s:2:\"id\";s:10:\"\0*\0keyType\";s:3:\"int\";s:12:\"incrementing\";b:1;s:7:\"\0*\0with\";a:0:{}s:12:\"\0*\0withCount\";a:0:{}s:19:\"preventsLazyLoading\";b:0;s:10:\"\0*\0perPage\";i:15;s:6:\"exists\";b:1;s:18:\"wasRecentlyCreated\";b:0;s:28:\"\0*\0escapeWhenCastingToString\";b:0;s:13:\"\0*\0attributes\";a:10:{s:2:\"id\";i:6;s:7:\"user_id\";i:1;s:8:\"filename\";s:45:\"OLQSBT4PnWk9Qup4kc7rAyhjpy3G7YT31dGHfOxU.jpeg\";s:4:\"disk\";s:14:\"public_storage\";s:4:\"path\";s:50:\"media/XOZ5zcn1gKPiWu9cstI3MX8VWdp8vAYj2PP3BSAl.jpg\";s:9:\"extension\";s:3:\"jpg\";s:4:\"mime\";s:10:\"image/jpeg\";s:4:\"size\";s:5:\"39426\";s:10:\"created_at\";s:19:\"2024-12-13 15:25:02\";s:10:\"updated_at\";s:19:\"2024-12-13 15:25:02\";}s:11:\"\0*\0original\";a:17:{s:2:\"id\";i:6;s:7:\"user_id\";i:1;s:8:\"filename\";s:45:\"OLQSBT4PnWk9Qup4kc7rAyhjpy3G7YT31dGHfOxU.jpeg\";s:4:\"disk\";s:14:\"public_storage\";s:4:\"path\";s:50:\"media/XOZ5zcn1gKPiWu9cstI3MX8VWdp8vAYj2PP3BSAl.jpg\";s:9:\"extension\";s:3:\"jpg\";s:4:\"mime\";s:10:\"image/jpeg\";s:4:\"size\";s:5:\"39426\";s:10:\"created_at\";s:19:\"2024-12-13 15:25:02\";s:10:\"updated_at\";s:19:\"2024-12-13 15:25:02\";s:15:\"pivot_entity_id\";i:1;s:13:\"pivot_file_id\";i:6;s:17:\"pivot_entity_type\";s:32:\"Modules\\Product\\Entities\\Product\";s:8:\"pivot_id\";i:5;s:10:\"pivot_zone\";s:17:\"additional_images\";s:16:\"pivot_created_at\";s:19:\"2024-12-13 15:27:30\";s:16:\"pivot_updated_at\";s:19:\"2024-12-13 15:27:30\";}s:10:\"\0*\0changes\";a:0:{}s:8:\"\0*\0casts\";a:0:{}s:17:\"\0*\0classCastCache\";a:0:{}s:21:\"\0*\0attributeCastCache\";a:0:{}s:13:\"\0*\0dateFormat\";N;s:10:\"\0*\0appends\";a:0:{}s:19:\"\0*\0dispatchesEvents\";a:0:{}s:14:\"\0*\0observables\";a:0:{}s:12:\"\0*\0relations\";a:1:{s:5:\"pivot\";O:49:\"Illuminate\\Database\\Eloquent\\Relations\\MorphPivot\":35:{s:13:\"\0*\0connection\";N;s:8:\"\0*\0table\";s:12:\"entity_files\";s:13:\"\0*\0primaryKey\";s:2:\"id\";s:10:\"\0*\0keyType\";s:3:\"int\";s:12:\"incrementing\";b:0;s:7:\"\0*\0with\";a:0:{}s:12:\"\0*\0withCount\";a:0:{}s:19:\"preventsLazyLoading\";b:0;s:10:\"\0*\0perPage\";i:15;s:6:\"exists\";b:1;s:18:\"wasRecentlyCreated\";b:0;s:28:\"\0*\0escapeWhenCastingToString\";b:0;s:13:\"\0*\0attributes\";a:7:{s:11:\"entity_type\";s:32:\"Modules\\Product\\Entities\\Product\";s:9:\"entity_id\";i:1;s:7:\"file_id\";i:6;s:2:\"id\";i:5;s:4:\"zone\";s:17:\"additional_images\";s:10:\"created_at\";s:19:\"2024-12-13 15:27:30\";s:10:\"updated_at\";s:19:\"2024-12-13 15:27:30\";}s:11:\"\0*\0original\";a:7:{s:11:\"entity_type\";s:32:\"Modules\\Product\\Entities\\Product\";s:9:\"entity_id\";i:1;s:7:\"file_id\";i:6;s:2:\"id\";i:5;s:4:\"zone\";s:17:\"additional_images\";s:10:\"created_at\";s:19:\"2024-12-13 15:27:30\";s:10:\"updated_at\";s:19:\"2024-12-13 15:27:30\";}s:10:\"\0*\0changes\";a:0:{}s:8:\"\0*\0casts\";a:0:{}s:17:\"\0*\0classCastCache\";a:0:{}s:21:\"\0*\0attributeCastCache\";a:0:{}s:13:\"\0*\0dateFormat\";N;s:10:\"\0*\0appends\";a:0:{}s:19:\"\0*\0dispatchesEvents\";a:0:{}s:14:\"\0*\0observables\";a:0:{}s:12:\"\0*\0relations\";a:0:{}s:10:\"\0*\0touches\";a:0:{}s:10:\"timestamps\";b:1;s:13:\"usesUniqueIds\";b:0;s:9:\"\0*\0hidden\";a:0:{}s:10:\"\0*\0visible\";a:0:{}s:11:\"\0*\0fillable\";a:0:{}s:10:\"\0*\0guarded\";a:0:{}s:11:\"pivotParent\";r:250;s:13:\"\0*\0foreignKey\";s:9:\"entity_id\";s:13:\"\0*\0relatedKey\";s:7:\"file_id\";s:12:\"\0*\0morphType\";s:11:\"entity_type\";s:13:\"\0*\0morphClass\";s:32:\"Modules\\Product\\Entities\\Product\";}}s:10:\"\0*\0touches\";a:0:{}s:10:\"timestamps\";b:1;s:13:\"usesUniqueIds\";b:0;s:9:\"\0*\0hidden\";a:0:{}s:10:\"\0*\0visible\";a:3:{i:0;s:2:\"id\";i:1;s:8:\"filename\";i:2;s:4:\"path\";}s:11:\"\0*\0fillable\";a:0:{}s:10:\"\0*\0guarded\";a:0:{}}}s:28:\"\0*\0escapeWhenCastingToString\";b:0;}s:10:\"categories\";O:26:\"TypiCMS\\NestableCollection\":8:{s:8:\"\0*\0items\";a:3:{i:0;O:34:\"Modules\\Category\\Entities\\Category\":33:{s:13:\"\0*\0connection\";s:5:\"mysql\";s:8:\"\0*\0table\";s:10:\"categories\";s:13:\"\0*\0primaryKey\";s:2:\"id\";s:10:\"\0*\0keyType\";s:3:\"int\";s:12:\"incrementing\";b:1;s:7:\"\0*\0with\";a:1:{i:0;s:12:\"translations\";}s:12:\"\0*\0withCount\";a:0:{}s:19:\"preventsLazyLoading\";b:0;s:10:\"\0*\0perPage\";i:15;s:6:\"exists\";b:1;s:18:\"wasRecentlyCreated\";b:0;s:28:\"\0*\0escapeWhenCastingToString\";b:0;s:13:\"\0*\0attributes\";a:8:{s:2:\"id\";i:1;s:9:\"parent_id\";N;s:4:\"slug\";s:10:\"eletronica\";s:8:\"position\";i:2;s:13:\"is_searchable\";i:1;s:9:\"is_active\";i:1;s:10:\"created_at\";s:19:\"2024-12-13 14:49:17\";s:10:\"updated_at\";s:19:\"2024-12-13 15:29:46\";}s:11:\"\0*\0original\";a:10:{s:2:\"id\";i:1;s:9:\"parent_id\";N;s:4:\"slug\";s:10:\"eletronica\";s:8:\"position\";i:2;s:13:\"is_searchable\";i:1;s:9:\"is_active\";i:1;s:10:\"created_at\";s:19:\"2024-12-13 14:49:17\";s:10:\"updated_at\";s:19:\"2024-12-13 15:29:46\";s:16:\"pivot_product_id\";i:1;s:17:\"pivot_category_id\";i:1;}s:10:\"\0*\0changes\";a:0:{}s:8:\"\0*\0casts\";a:2:{s:13:\"is_searchable\";s:7:\"boolean\";s:9:\"is_active\";s:7:\"boolean\";}s:17:\"\0*\0classCastCache\";a:0:{}s:21:\"\0*\0attributeCastCache\";a:0:{}s:13:\"\0*\0dateFormat\";N;s:10:\"\0*\0appends\";a:0:{}s:19:\"\0*\0dispatchesEvents\";a:0:{}s:14:\"\0*\0observables\";a:0:{}s:12:\"\0*\0relations\";a:2:{s:5:\"pivot\";O:44:\"Illuminate\\Database\\Eloquent\\Relations\\Pivot\":33:{s:13:\"\0*\0connection\";N;s:8:\"\0*\0table\";s:18:\"product_categories\";s:13:\"\0*\0primaryKey\";s:2:\"id\";s:10:\"\0*\0keyType\";s:3:\"int\";s:12:\"incrementing\";b:0;s:7:\"\0*\0with\";a:0:{}s:12:\"\0*\0withCount\";a:0:{}s:19:\"preventsLazyLoading\";b:0;s:10:\"\0*\0perPage\";i:15;s:6:\"exists\";b:1;s:18:\"wasRecentlyCreated\";b:0;s:28:\"\0*\0escapeWhenCastingToString\";b:0;s:13:\"\0*\0attributes\";a:2:{s:10:\"product_id\";i:1;s:11:\"category_id\";i:1;}s:11:\"\0*\0original\";a:2:{s:10:\"product_id\";i:1;s:11:\"category_id\";i:1;}s:10:\"\0*\0changes\";a:0:{}s:8:\"\0*\0casts\";a:0:{}s:17:\"\0*\0classCastCache\";a:0:{}s:21:\"\0*\0attributeCastCache\";a:0:{}s:13:\"\0*\0dateFormat\";N;s:10:\"\0*\0appends\";a:0:{}s:19:\"\0*\0dispatchesEvents\";a:0:{}s:14:\"\0*\0observables\";a:0:{}s:12:\"\0*\0relations\";a:0:{}s:10:\"\0*\0touches\";a:0:{}s:10:\"timestamps\";b:0;s:13:\"usesUniqueIds\";b:0;s:9:\"\0*\0hidden\";a:0:{}s:10:\"\0*\0visible\";a:0:{}s:11:\"\0*\0fillable\";a:0:{}s:10:\"\0*\0guarded\";a:0:{}s:11:\"pivotParent\";O:32:\"Modules\\Product\\Entities\\Product\":35:{s:13:\"\0*\0connection\";N;s:8:\"\0*\0table\";s:8:\"products\";s:13:\"\0*\0primaryKey\";s:2:\"id\";s:10:\"\0*\0keyType\";s:3:\"int\";s:12:\"incrementing\";b:1;s:7:\"\0*\0with\";a:1:{i:0;s:12:\"translations\";}s:12:\"\0*\0withCount\";a:0:{}s:19:\"preventsLazyLoading\";b:0;s:10:\"\0*\0perPage\";i:15;s:6:\"exists\";b:0;s:18:\"wasRecentlyCreated\";b:0;s:28:\"\0*\0escapeWhenCastingToString\";b:0;s:13:\"\0*\0attributes\";a:0:{}s:11:\"\0*\0original\";a:0:{}s:10:\"\0*\0changes\";a:0:{}s:8:\"\0*\0casts\";a:9:{s:10:\"is_virtual\";s:7:\"boolean\";s:9:\"is_active\";s:7:\"boolean\";s:19:\"special_price_start\";s:8:\"datetime\";s:17:\"special_price_end\";s:8:\"datetime\";s:8:\"new_from\";s:8:\"datetime\";s:6:\"new_to\";s:8:\"datetime\";s:10:\"start_date\";s:8:\"datetime\";s:8:\"end_date\";s:8:\"datetime\";s:10:\"deleted_at\";s:8:\"datetime\";}s:17:\"\0*\0classCastCache\";a:0:{}s:21:\"\0*\0attributeCastCache\";a:0:{}s:13:\"\0*\0dateFormat\";N;s:10:\"\0*\0appends\";a:13:{i:0;s:10:\"base_image\";i:1;s:17:\"additional_images\";i:2;s:5:\"media\";i:3;s:15:\"formatted_price\";i:4;s:21:\"formatted_price_range\";i:5;s:28:\"has_percentage_special_price\";i:6;s:21:\"special_price_percent\";i:7;s:14:\"rating_percent\";i:8;s:17:\"does_manage_stock\";i:9;s:11:\"is_in_stock\";i:10;s:15:\"is_out_of_stock\";i:11;s:6:\"is_new\";i:12;s:7:\"variant\";}s:19:\"\0*\0dispatchesEvents\";a:0:{}s:14:\"\0*\0observables\";a:0:{}s:12:\"\0*\0relations\";a:0:{}s:10:\"\0*\0touches\";a:0:{}s:10:\"timestamps\";b:1;s:13:\"usesUniqueIds\";b:0;s:9:\"\0*\0hidden\";a:0:{}s:10:\"\0*\0visible\";a:0:{}s:11:\"\0*\0fillable\";a:17:{i:0;s:8:\"brand_id\";i:1;s:12:\"tax_class_id\";i:2;s:4:\"slug\";i:3;s:3:\"sku\";i:4;s:5:\"price\";i:5;s:13:\"special_price\";i:6;s:18:\"special_price_type\";i:7;s:19:\"special_price_start\";i:8;s:17:\"special_price_end\";i:9;s:13:\"selling_price\";i:10;s:12:\"manage_stock\";i:11;s:3:\"qty\";i:12;s:8:\"in_stock\";i:13;s:10:\"is_virtual\";i:14;s:9:\"is_active\";i:15;s:8:\"new_from\";i:16;s:6:\"new_to\";}s:10:\"\0*\0guarded\";a:1:{i:0;s:1:\"*\";}s:23:\"\0*\0translatedAttributes\";a:3:{i:0;s:4:\"name\";i:1;s:11:\"description\";i:2;s:17:\"short_description\";}s:16:\"\0*\0slugAttribute\";s:4:\"name\";s:16:\"\0*\0defaultLocale\";N;s:16:\"\0*\0scoutMetadata\";a:0:{}s:16:\"\0*\0forceDeleting\";b:0;}s:13:\"\0*\0foreignKey\";s:10:\"product_id\";s:13:\"\0*\0relatedKey\";s:11:\"category_id\";}s:12:\"translations\";O:39:\"Illuminate\\Database\\Eloquent\\Collection\":2:{s:8:\"\0*\0items\";a:1:{i:0;O:45:\"Modules\\Category\\Entities\\CategoryTranslation\":30:{s:13:\"\0*\0connection\";s:5:\"mysql\";s:8:\"\0*\0table\";s:21:\"category_translations\";s:13:\"\0*\0primaryKey\";s:2:\"id\";s:10:\"\0*\0keyType\";s:3:\"int\";s:12:\"incrementing\";b:1;s:7:\"\0*\0with\";a:0:{}s:12:\"\0*\0withCount\";a:0:{}s:19:\"preventsLazyLoading\";b:0;s:10:\"\0*\0perPage\";i:15;s:6:\"exists\";b:1;s:18:\"wasRecentlyCreated\";b:0;s:28:\"\0*\0escapeWhenCastingToString\";b:0;s:13:\"\0*\0attributes\";a:4:{s:2:\"id\";i:1;s:11:\"category_id\";i:1;s:6:\"locale\";s:2:\"es\";s:4:\"name\";s:11:\"Electronica\";}s:11:\"\0*\0original\";a:4:{s:2:\"id\";i:1;s:11:\"category_id\";i:1;s:6:\"locale\";s:2:\"es\";s:4:\"name\";s:11:\"Electronica\";}s:10:\"\0*\0changes\";a:0:{}s:8:\"\0*\0casts\";a:0:{}s:17:\"\0*\0classCastCache\";a:0:{}s:21:\"\0*\0attributeCastCache\";a:0:{}s:13:\"\0*\0dateFormat\";N;s:10:\"\0*\0appends\";a:0:{}s:19:\"\0*\0dispatchesEvents\";a:0:{}s:14:\"\0*\0observables\";a:0:{}s:12:\"\0*\0relations\";a:0:{}s:10:\"\0*\0touches\";a:0:{}s:10:\"timestamps\";b:0;s:13:\"usesUniqueIds\";b:0;s:9:\"\0*\0hidden\";a:0:{}s:10:\"\0*\0visible\";a:0:{}s:11:\"\0*\0fillable\";a:1:{i:0;s:4:\"name\";}s:10:\"\0*\0guarded\";a:1:{i:0;s:1:\"*\";}}}s:28:\"\0*\0escapeWhenCastingToString\";b:0;}}s:10:\"\0*\0touches\";a:0:{}s:10:\"timestamps\";b:1;s:13:\"usesUniqueIds\";b:0;s:9:\"\0*\0hidden\";a:1:{i:0;s:12:\"translations\";}s:10:\"\0*\0visible\";a:0:{}s:11:\"\0*\0fillable\";a:5:{i:0;s:9:\"parent_id\";i:1;s:4:\"slug\";i:2;s:8:\"position\";i:3;s:13:\"is_searchable\";i:4;s:9:\"is_active\";}s:10:\"\0*\0guarded\";a:1:{i:0;s:1:\"*\";}s:23:\"\0*\0translatedAttributes\";a:1:{i:0;s:4:\"name\";}s:16:\"\0*\0slugAttribute\";s:4:\"name\";s:16:\"\0*\0defaultLocale\";N;}i:1;O:34:\"Modules\\Category\\Entities\\Category\":33:{s:13:\"\0*\0connection\";s:5:\"mysql\";s:8:\"\0*\0table\";s:10:\"categories\";s:13:\"\0*\0primaryKey\";s:2:\"id\";s:10:\"\0*\0keyType\";s:3:\"int\";s:12:\"incrementing\";b:1;s:7:\"\0*\0with\";a:1:{i:0;s:12:\"translations\";}s:12:\"\0*\0withCount\";a:0:{}s:19:\"preventsLazyLoading\";b:0;s:10:\"\0*\0perPage\";i:15;s:6:\"exists\";b:1;s:18:\"wasRecentlyCreated\";b:0;s:28:\"\0*\0escapeWhenCastingToString\";b:0;s:13:\"\0*\0attributes\";a:8:{s:2:\"id\";i:7;s:9:\"parent_id\";i:1;s:4:\"slug\";s:7:\"moviles\";s:8:\"position\";i:6;s:13:\"is_searchable\";i:0;s:9:\"is_active\";i:1;s:10:\"created_at\";s:19:\"2024-12-13 14:58:41\";s:10:\"updated_at\";s:19:\"2024-12-13 15:19:49\";}s:11:\"\0*\0original\";a:10:{s:2:\"id\";i:7;s:9:\"parent_id\";i:1;s:4:\"slug\";s:7:\"moviles\";s:8:\"position\";i:6;s:13:\"is_searchable\";i:0;s:9:\"is_active\";i:1;s:10:\"created_at\";s:19:\"2024-12-13 14:58:41\";s:10:\"updated_at\";s:19:\"2024-12-13 15:19:49\";s:16:\"pivot_product_id\";i:1;s:17:\"pivot_category_id\";i:7;}s:10:\"\0*\0changes\";a:0:{}s:8:\"\0*\0casts\";a:2:{s:13:\"is_searchable\";s:7:\"boolean\";s:9:\"is_active\";s:7:\"boolean\";}s:17:\"\0*\0classCastCache\";a:0:{}s:21:\"\0*\0attributeCastCache\";a:0:{}s:13:\"\0*\0dateFormat\";N;s:10:\"\0*\0appends\";a:0:{}s:19:\"\0*\0dispatchesEvents\";a:0:{}s:14:\"\0*\0observables\";a:0:{}s:12:\"\0*\0relations\";a:2:{s:5:\"pivot\";O:44:\"Illuminate\\Database\\Eloquent\\Relations\\Pivot\":33:{s:13:\"\0*\0connection\";N;s:8:\"\0*\0table\";s:18:\"product_categories\";s:13:\"\0*\0primaryKey\";s:2:\"id\";s:10:\"\0*\0keyType\";s:3:\"int\";s:12:\"incrementing\";b:0;s:7:\"\0*\0with\";a:0:{}s:12:\"\0*\0withCount\";a:0:{}s:19:\"preventsLazyLoading\";b:0;s:10:\"\0*\0perPage\";i:15;s:6:\"exists\";b:1;s:18:\"wasRecentlyCreated\";b:0;s:28:\"\0*\0escapeWhenCastingToString\";b:0;s:13:\"\0*\0attributes\";a:2:{s:10:\"product_id\";i:1;s:11:\"category_id\";i:7;}s:11:\"\0*\0original\";a:2:{s:10:\"product_id\";i:1;s:11:\"category_id\";i:7;}s:10:\"\0*\0changes\";a:0:{}s:8:\"\0*\0casts\";a:0:{}s:17:\"\0*\0classCastCache\";a:0:{}s:21:\"\0*\0attributeCastCache\";a:0:{}s:13:\"\0*\0dateFormat\";N;s:10:\"\0*\0appends\";a:0:{}s:19:\"\0*\0dispatchesEvents\";a:0:{}s:14:\"\0*\0observables\";a:0:{}s:12:\"\0*\0relations\";a:0:{}s:10:\"\0*\0touches\";a:0:{}s:10:\"timestamps\";b:0;s:13:\"usesUniqueIds\";b:0;s:9:\"\0*\0hidden\";a:0:{}s:10:\"\0*\0visible\";a:0:{}s:11:\"\0*\0fillable\";a:0:{}s:10:\"\0*\0guarded\";a:0:{}s:11:\"pivotParent\";r:982;s:13:\"\0*\0foreignKey\";s:10:\"product_id\";s:13:\"\0*\0relatedKey\";s:11:\"category_id\";}s:12:\"translations\";O:39:\"Illuminate\\Database\\Eloquent\\Collection\":2:{s:8:\"\0*\0items\";a:1:{i:0;O:45:\"Modules\\Category\\Entities\\CategoryTranslation\":30:{s:13:\"\0*\0connection\";s:5:\"mysql\";s:8:\"\0*\0table\";s:21:\"category_translations\";s:13:\"\0*\0primaryKey\";s:2:\"id\";s:10:\"\0*\0keyType\";s:3:\"int\";s:12:\"incrementing\";b:1;s:7:\"\0*\0with\";a:0:{}s:12:\"\0*\0withCount\";a:0:{}s:19:\"preventsLazyLoading\";b:0;s:10:\"\0*\0perPage\";i:15;s:6:\"exists\";b:1;s:18:\"wasRecentlyCreated\";b:0;s:28:\"\0*\0escapeWhenCastingToString\";b:0;s:13:\"\0*\0attributes\";a:4:{s:2:\"id\";i:7;s:11:\"category_id\";i:7;s:6:\"locale\";s:2:\"es\";s:4:\"name\";s:7:\"Moviles\";}s:11:\"\0*\0original\";a:4:{s:2:\"id\";i:7;s:11:\"category_id\";i:7;s:6:\"locale\";s:2:\"es\";s:4:\"name\";s:7:\"Moviles\";}s:10:\"\0*\0changes\";a:0:{}s:8:\"\0*\0casts\";a:0:{}s:17:\"\0*\0classCastCache\";a:0:{}s:21:\"\0*\0attributeCastCache\";a:0:{}s:13:\"\0*\0dateFormat\";N;s:10:\"\0*\0appends\";a:0:{}s:19:\"\0*\0dispatchesEvents\";a:0:{}s:14:\"\0*\0observables\";a:0:{}s:12:\"\0*\0relations\";a:0:{}s:10:\"\0*\0touches\";a:0:{}s:10:\"timestamps\";b:0;s:13:\"usesUniqueIds\";b:0;s:9:\"\0*\0hidden\";a:0:{}s:10:\"\0*\0visible\";a:0:{}s:11:\"\0*\0fillable\";a:1:{i:0;s:4:\"name\";}s:10:\"\0*\0guarded\";a:1:{i:0;s:1:\"*\";}}}s:28:\"\0*\0escapeWhenCastingToString\";b:0;}}s:10:\"\0*\0touches\";a:0:{}s:10:\"timestamps\";b:1;s:13:\"usesUniqueIds\";b:0;s:9:\"\0*\0hidden\";a:1:{i:0;s:12:\"translations\";}s:10:\"\0*\0visible\";a:0:{}s:11:\"\0*\0fillable\";a:5:{i:0;s:9:\"parent_id\";i:1;s:4:\"slug\";i:2;s:8:\"position\";i:3;s:13:\"is_searchable\";i:4;s:9:\"is_active\";}s:10:\"\0*\0guarded\";a:1:{i:0;s:1:\"*\";}s:23:\"\0*\0translatedAttributes\";a:1:{i:0;s:4:\"name\";}s:16:\"\0*\0slugAttribute\";s:4:\"name\";s:16:\"\0*\0defaultLocale\";N;}i:2;O:34:\"Modules\\Category\\Entities\\Category\":33:{s:13:\"\0*\0connection\";s:5:\"mysql\";s:8:\"\0*\0table\";s:10:\"categories\";s:13:\"\0*\0primaryKey\";s:2:\"id\";s:10:\"\0*\0keyType\";s:3:\"int\";s:12:\"incrementing\";b:1;s:7:\"\0*\0with\";a:1:{i:0;s:12:\"translations\";}s:12:\"\0*\0withCount\";a:0:{}s:19:\"preventsLazyLoading\";b:0;s:10:\"\0*\0perPage\";i:15;s:6:\"exists\";b:1;s:18:\"wasRecentlyCreated\";b:0;s:28:\"\0*\0escapeWhenCastingToString\";b:0;s:13:\"\0*\0attributes\";a:8:{s:2:\"id\";i:8;s:9:\"parent_id\";i:7;s:4:\"slug\";s:7:\"android\";s:8:\"position\";i:8;s:13:\"is_searchable\";i:0;s:9:\"is_active\";i:1;s:10:\"created_at\";s:19:\"2024-12-13 14:59:02\";s:10:\"updated_at\";s:19:\"2024-12-13 15:19:49\";}s:11:\"\0*\0original\";a:10:{s:2:\"id\";i:8;s:9:\"parent_id\";i:7;s:4:\"slug\";s:7:\"android\";s:8:\"position\";i:8;s:13:\"is_searchable\";i:0;s:9:\"is_active\";i:1;s:10:\"created_at\";s:19:\"2024-12-13 14:59:02\";s:10:\"updated_at\";s:19:\"2024-12-13 15:19:49\";s:16:\"pivot_product_id\";i:1;s:17:\"pivot_category_id\";i:8;}s:10:\"\0*\0changes\";a:0:{}s:8:\"\0*\0casts\";a:2:{s:13:\"is_searchable\";s:7:\"boolean\";s:9:\"is_active\";s:7:\"boolean\";}s:17:\"\0*\0classCastCache\";a:0:{}s:21:\"\0*\0attributeCastCache\";a:0:{}s:13:\"\0*\0dateFormat\";N;s:10:\"\0*\0appends\";a:0:{}s:19:\"\0*\0dispatchesEvents\";a:0:{}s:14:\"\0*\0observables\";a:0:{}s:12:\"\0*\0relations\";a:2:{s:5:\"pivot\";O:44:\"Illuminate\\Database\\Eloquent\\Relations\\Pivot\":33:{s:13:\"\0*\0connection\";N;s:8:\"\0*\0table\";s:18:\"product_categories\";s:13:\"\0*\0primaryKey\";s:2:\"id\";s:10:\"\0*\0keyType\";s:3:\"int\";s:12:\"incrementing\";b:0;s:7:\"\0*\0with\";a:0:{}s:12:\"\0*\0withCount\";a:0:{}s:19:\"preventsLazyLoading\";b:0;s:10:\"\0*\0perPage\";i:15;s:6:\"exists\";b:1;s:18:\"wasRecentlyCreated\";b:0;s:28:\"\0*\0escapeWhenCastingToString\";b:0;s:13:\"\0*\0attributes\";a:2:{s:10:\"product_id\";i:1;s:11:\"category_id\";i:8;}s:11:\"\0*\0original\";a:2:{s:10:\"product_id\";i:1;s:11:\"category_id\";i:8;}s:10:\"\0*\0changes\";a:0:{}s:8:\"\0*\0casts\";a:0:{}s:17:\"\0*\0classCastCache\";a:0:{}s:21:\"\0*\0attributeCastCache\";a:0:{}s:13:\"\0*\0dateFormat\";N;s:10:\"\0*\0appends\";a:0:{}s:19:\"\0*\0dispatchesEvents\";a:0:{}s:14:\"\0*\0observables\";a:0:{}s:12:\"\0*\0relations\";a:0:{}s:10:\"\0*\0touches\";a:0:{}s:10:\"timestamps\";b:0;s:13:\"usesUniqueIds\";b:0;s:9:\"\0*\0hidden\";a:0:{}s:10:\"\0*\0visible\";a:0:{}s:11:\"\0*\0fillable\";a:0:{}s:10:\"\0*\0guarded\";a:0:{}s:11:\"pivotParent\";r:982;s:13:\"\0*\0foreignKey\";s:10:\"product_id\";s:13:\"\0*\0relatedKey\";s:11:\"category_id\";}s:12:\"translations\";O:39:\"Illuminate\\Database\\Eloquent\\Collection\":2:{s:8:\"\0*\0items\";a:1:{i:0;O:45:\"Modules\\Category\\Entities\\CategoryTranslation\":30:{s:13:\"\0*\0connection\";s:5:\"mysql\";s:8:\"\0*\0table\";s:21:\"category_translations\";s:13:\"\0*\0primaryKey\";s:2:\"id\";s:10:\"\0*\0keyType\";s:3:\"int\";s:12:\"incrementing\";b:1;s:7:\"\0*\0with\";a:0:{}s:12:\"\0*\0withCount\";a:0:{}s:19:\"preventsLazyLoading\";b:0;s:10:\"\0*\0perPage\";i:15;s:6:\"exists\";b:1;s:18:\"wasRecentlyCreated\";b:0;s:28:\"\0*\0escapeWhenCastingToString\";b:0;s:13:\"\0*\0attributes\";a:4:{s:2:\"id\";i:8;s:11:\"category_id\";i:8;s:6:\"locale\";s:2:\"es\";s:4:\"name\";s:7:\"Android\";}s:11:\"\0*\0original\";a:4:{s:2:\"id\";i:8;s:11:\"category_id\";i:8;s:6:\"locale\";s:2:\"es\";s:4:\"name\";s:7:\"Android\";}s:10:\"\0*\0changes\";a:0:{}s:8:\"\0*\0casts\";a:0:{}s:17:\"\0*\0classCastCache\";a:0:{}s:21:\"\0*\0attributeCastCache\";a:0:{}s:13:\"\0*\0dateFormat\";N;s:10:\"\0*\0appends\";a:0:{}s:19:\"\0*\0dispatchesEvents\";a:0:{}s:14:\"\0*\0observables\";a:0:{}s:12:\"\0*\0relations\";a:0:{}s:10:\"\0*\0touches\";a:0:{}s:10:\"timestamps\";b:0;s:13:\"usesUniqueIds\";b:0;s:9:\"\0*\0hidden\";a:0:{}s:10:\"\0*\0visible\";a:0:{}s:11:\"\0*\0fillable\";a:1:{i:0;s:4:\"name\";}s:10:\"\0*\0guarded\";a:1:{i:0;s:1:\"*\";}}}s:28:\"\0*\0escapeWhenCastingToString\";b:0;}}s:10:\"\0*\0touches\";a:0:{}s:10:\"timestamps\";b:1;s:13:\"usesUniqueIds\";b:0;s:9:\"\0*\0hidden\";a:1:{i:0;s:12:\"translations\";}s:10:\"\0*\0visible\";a:0:{}s:11:\"\0*\0fillable\";a:5:{i:0;s:9:\"parent_id\";i:1;s:4:\"slug\";i:2;s:8:\"position\";i:3;s:13:\"is_searchable\";i:4;s:9:\"is_active\";}s:10:\"\0*\0guarded\";a:1:{i:0;s:1:\"*\";}s:23:\"\0*\0translatedAttributes\";a:1:{i:0;s:4:\"name\";}s:16:\"\0*\0slugAttribute\";s:4:\"name\";s:16:\"\0*\0defaultLocale\";N;}}s:28:\"\0*\0escapeWhenCastingToString\";b:0;s:8:\"\0*\0total\";i:3;s:15:\"\0*\0parentColumn\";s:9:\"parent_id\";s:33:\"\0*\0removeItemsWithMissingAncestor\";b:1;s:14:\"\0*\0indentChars\";s:8:\"    \";s:15:\"\0*\0childrenName\";s:5:\"items\";s:17:\"\0*\0parentRelation\";s:6:\"parent\";}s:8:\"taxClass\";O:29:\"Modules\\Tax\\Entities\\TaxClass\":33:{s:13:\"\0*\0connection\";N;s:8:\"\0*\0table\";s:11:\"tax_classes\";s:13:\"\0*\0primaryKey\";s:2:\"id\";s:10:\"\0*\0keyType\";s:3:\"int\";s:12:\"incrementing\";b:1;s:7:\"\0*\0with\";a:1:{i:0;s:12:\"translations\";}s:12:\"\0*\0withCount\";a:0:{}s:19:\"preventsLazyLoading\";b:0;s:10:\"\0*\0perPage\";i:15;s:6:\"exists\";b:0;s:18:\"wasRecentlyCreated\";b:0;s:28:\"\0*\0escapeWhenCastingToString\";b:0;s:13:\"\0*\0attributes\";a:0:{}s:11:\"\0*\0original\";a:0:{}s:10:\"\0*\0changes\";a:0:{}s:8:\"\0*\0casts\";a:3:{s:10:\"start_date\";s:8:\"datetime\";s:8:\"end_date\";s:8:\"datetime\";s:10:\"deleted_at\";s:8:\"datetime\";}s:17:\"\0*\0classCastCache\";a:0:{}s:21:\"\0*\0attributeCastCache\";a:0:{}s:13:\"\0*\0dateFormat\";N;s:10:\"\0*\0appends\";a:0:{}s:19:\"\0*\0dispatchesEvents\";a:0:{}s:14:\"\0*\0observables\";a:0:{}s:12:\"\0*\0relations\";a:0:{}s:10:\"\0*\0touches\";a:0:{}s:10:\"timestamps\";b:1;s:13:\"usesUniqueIds\";b:0;s:9:\"\0*\0hidden\";a:0:{}s:10:\"\0*\0visible\";a:0:{}s:11:\"\0*\0fillable\";a:1:{i:0;s:8:\"based_on\";}s:10:\"\0*\0guarded\";a:1:{i:0;s:1:\"*\";}s:20:\"translatedAttributes\";a:1:{i:0;s:5:\"label\";}s:16:\"\0*\0defaultLocale\";N;s:16:\"\0*\0forceDeleting\";b:0;}}s:10:\"\0*\0touches\";a:0:{}s:10:\"timestamps\";b:1;s:13:\"usesUniqueIds\";b:0;s:9:\"\0*\0hidden\";a:0:{}s:10:\"\0*\0visible\";a:0:{}s:11:\"\0*\0fillable\";a:17:{i:0;s:8:\"brand_id\";i:1;s:12:\"tax_class_id\";i:2;s:4:\"slug\";i:3;s:3:\"sku\";i:4;s:5:\"price\";i:5;s:13:\"special_price\";i:6;s:18:\"special_price_type\";i:7;s:19:\"special_price_start\";i:8;s:17:\"special_price_end\";i:9;s:13:\"selling_price\";i:10;s:12:\"manage_stock\";i:11;s:3:\"qty\";i:12;s:8:\"in_stock\";i:13;s:10:\"is_virtual\";i:14;s:9:\"is_active\";i:15;s:8:\"new_from\";i:16;s:6:\"new_to\";}s:10:\"\0*\0guarded\";a:1:{i:0;s:1:\"*\";}s:23:\"\0*\0translatedAttributes\";a:3:{i:0;s:4:\"name\";i:1;s:11:\"description\";i:2;s:17:\"short_description\";}s:16:\"\0*\0slugAttribute\";s:4:\"name\";s:16:\"\0*\0defaultLocale\";N;s:16:\"\0*\0scoutMetadata\";a:0:{}s:16:\"\0*\0forceDeleting\";b:0;}s:7:\"variant\";N;s:4:\"item\";r:11;s:10:\"variations\";O:39:\"Illuminate\\Database\\Eloquent\\Collection\":2:{s:8:\"\0*\0items\";a:0:{}s:28:\"\0*\0escapeWhenCastingToString\";b:0;}s:7:\"options\";O:29:\"Illuminate\\Support\\Collection\":2:{s:8:\"\0*\0items\";a:0:{}s:28:\"\0*\0escapeWhenCastingToString\";b:0;}s:10:\"created_at\";i:1734103909;}s:28:\"\0*\0escapeWhenCastingToString\";b:0;}s:10:\"conditions\";a:0:{}}s:28:\"\0*\0escapeWhenCastingToString\";b:0;s:9:\"\0*\0config\";a:5:{s:14:\"format_numbers\";b:0;s:8:\"decimals\";i:0;s:9:\"dec_point\";s:1:\".\";s:13:\"thousands_sep\";s:1:\",\";s:6:\"events\";N;}}}s:28:\"\0*\0escapeWhenCastingToString\";b:0;}','2024-12-13 09:31:49','2024-12-13 09:31:49'),
('ElIohJSmErQIdsf45uS5dTJsSRNbVMGz90OPO6VH_cart_conditions','a:0:{}','2024-12-20 05:42:56','2024-12-20 05:42:56'),
('ElIohJSmErQIdsf45uS5dTJsSRNbVMGz90OPO6VH_cart_items','O:32:\"Darryldecode\\Cart\\CartCollection\":2:{s:8:\"\0*\0items\";a:1:{s:32:\"32e3d1ece3309a2662dc4fb6c612a1f0\";O:32:\"Darryldecode\\Cart\\ItemCollection\":3:{s:8:\"\0*\0items\";a:6:{s:2:\"id\";s:32:\"32e3d1ece3309a2662dc4fb6c612a1f0\";s:4:\"name\";s:116:\"Pantalones vaqueros rectos ajustados de tiro medio informales clásicos para hombre, pantalones largos para jóvenes\";s:5:\"price\";d:34;s:8:\"quantity\";i:1;s:10:\"attributes\";O:41:\"Darryldecode\\Cart\\ItemAttributeCollection\":2:{s:8:\"\0*\0items\";a:6:{s:7:\"product\";O:32:\"Modules\\Product\\Entities\\Product\":35:{s:13:\"\0*\0connection\";s:5:\"mysql\";s:8:\"\0*\0table\";s:8:\"products\";s:13:\"\0*\0primaryKey\";s:2:\"id\";s:10:\"\0*\0keyType\";s:3:\"int\";s:12:\"incrementing\";b:1;s:7:\"\0*\0with\";a:1:{i:0;s:12:\"translations\";}s:12:\"\0*\0withCount\";a:0:{}s:19:\"preventsLazyLoading\";b:0;s:10:\"\0*\0perPage\";i:15;s:6:\"exists\";b:1;s:18:\"wasRecentlyCreated\";b:0;s:28:\"\0*\0escapeWhenCastingToString\";b:0;s:13:\"\0*\0attributes\";a:22:{s:2:\"id\";i:33;s:8:\"brand_id\";N;s:12:\"tax_class_id\";N;s:4:\"slug\";s:113:\"pantalones-vaqueros-rectos-ajustados-de-tiro-medio-informales-clasicos-para-hombre-pantalones-largos-para-jovenes\";s:5:\"price\";s:7:\"34.0000\";s:13:\"special_price\";N;s:18:\"special_price_type\";s:5:\"fixed\";s:19:\"special_price_start\";s:10:\"2024-12-19\";s:17:\"special_price_end\";s:10:\"2024-12-31\";s:13:\"selling_price\";s:7:\"34.0000\";s:3:\"sku\";N;s:12:\"manage_stock\";i:0;s:3:\"qty\";N;s:8:\"in_stock\";i:1;s:6:\"viewed\";i:3;s:9:\"is_active\";i:1;s:8:\"new_from\";s:19:\"2024-12-19 12:00:00\";s:6:\"new_to\";s:19:\"2024-12-31 12:00:00\";s:10:\"deleted_at\";N;s:10:\"created_at\";s:19:\"2024-12-19 17:31:47\";s:10:\"updated_at\";s:19:\"2024-12-19 17:31:47\";s:10:\"is_virtual\";i:0;}s:11:\"\0*\0original\";a:22:{s:2:\"id\";i:33;s:8:\"brand_id\";N;s:12:\"tax_class_id\";N;s:4:\"slug\";s:113:\"pantalones-vaqueros-rectos-ajustados-de-tiro-medio-informales-clasicos-para-hombre-pantalones-largos-para-jovenes\";s:5:\"price\";s:7:\"34.0000\";s:13:\"special_price\";N;s:18:\"special_price_type\";s:5:\"fixed\";s:19:\"special_price_start\";s:10:\"2024-12-19\";s:17:\"special_price_end\";s:10:\"2024-12-31\";s:13:\"selling_price\";s:7:\"34.0000\";s:3:\"sku\";N;s:12:\"manage_stock\";i:0;s:3:\"qty\";N;s:8:\"in_stock\";i:1;s:6:\"viewed\";i:3;s:9:\"is_active\";i:1;s:8:\"new_from\";s:19:\"2024-12-19 12:00:00\";s:6:\"new_to\";s:19:\"2024-12-31 12:00:00\";s:10:\"deleted_at\";N;s:10:\"created_at\";s:19:\"2024-12-19 17:31:47\";s:10:\"updated_at\";s:19:\"2024-12-19 17:31:47\";s:10:\"is_virtual\";i:0;}s:10:\"\0*\0changes\";a:0:{}s:8:\"\0*\0casts\";a:9:{s:10:\"is_virtual\";s:7:\"boolean\";s:9:\"is_active\";s:7:\"boolean\";s:19:\"special_price_start\";s:8:\"datetime\";s:17:\"special_price_end\";s:8:\"datetime\";s:8:\"new_from\";s:8:\"datetime\";s:6:\"new_to\";s:8:\"datetime\";s:10:\"start_date\";s:8:\"datetime\";s:8:\"end_date\";s:8:\"datetime\";s:10:\"deleted_at\";s:8:\"datetime\";}s:17:\"\0*\0classCastCache\";a:0:{}s:21:\"\0*\0attributeCastCache\";a:0:{}s:13:\"\0*\0dateFormat\";N;s:10:\"\0*\0appends\";a:13:{i:0;s:10:\"base_image\";i:1;s:17:\"additional_images\";i:2;s:5:\"media\";i:3;s:15:\"formatted_price\";i:4;s:21:\"formatted_price_range\";i:5;s:28:\"has_percentage_special_price\";i:6;s:21:\"special_price_percent\";i:7;s:14:\"rating_percent\";i:8;s:17:\"does_manage_stock\";i:9;s:11:\"is_in_stock\";i:10;s:15:\"is_out_of_stock\";i:11;s:6:\"is_new\";i:12;s:7:\"variant\";}s:19:\"\0*\0dispatchesEvents\";a:0:{}s:14:\"\0*\0observables\";a:0:{}s:12:\"\0*\0relations\";a:4:{s:12:\"translations\";O:39:\"Illuminate\\Database\\Eloquent\\Collection\":2:{s:8:\"\0*\0items\";a:1:{i:0;O:43:\"Modules\\Product\\Entities\\ProductTranslation\":30:{s:13:\"\0*\0connection\";s:5:\"mysql\";s:8:\"\0*\0table\";s:20:\"product_translations\";s:13:\"\0*\0primaryKey\";s:2:\"id\";s:10:\"\0*\0keyType\";s:3:\"int\";s:12:\"incrementing\";b:1;s:7:\"\0*\0with\";a:0:{}s:12:\"\0*\0withCount\";a:0:{}s:19:\"preventsLazyLoading\";b:0;s:10:\"\0*\0perPage\";i:15;s:6:\"exists\";b:1;s:18:\"wasRecentlyCreated\";b:0;s:28:\"\0*\0escapeWhenCastingToString\";b:0;s:13:\"\0*\0attributes\";a:6:{s:2:\"id\";i:33;s:10:\"product_id\";i:33;s:6:\"locale\";s:2:\"es\";s:4:\"name\";s:116:\"Pantalones vaqueros rectos ajustados de tiro medio informales clásicos para hombre, pantalones largos para jóvenes\";s:11:\"description\";s:6113:\"<h1 style=\"text-align: center;\"><span style=\"vertical-align: inherit;\"><span style=\"vertical-align: inherit;\">Pantalones vaqueros rectos ajustados de tiro medio informales para hombre</span></span></h1>\n<p><img src=\"/storage/media/T77Kga2D2vcksesF2jx7TPNFWJ3yR8X6wb2jW9lx.webp\" loading=\"lazy\" /></p>\n<p><img src=\"/storage/media/awjitXpb64nPkWBKhVXDF8ShhZHS3QJoyDdXO2o3.webp\" loading=\"lazy\" /></p>\n<p><img src=\"/storage/media/BDaPUJrsEZ8fbafT8HC60OdwFINxENLKTCQ6jq4W.webp\" alt=\"\" width=\"1001\" loading=\"lazy\" /></p>\n<p><img src=\"/storage/media/W2dc5TDbZdOr3lKqcwKIGiixRXLt6H3lO0Y9j4uS.webp\" loading=\"lazy\" /></p>\n<p><img src=\"/storage/media/KDO8uBmA26UT4mplG44UcD648CaRGY0klIEeEXi0.webp\" alt=\"\" width=\"1001\" loading=\"lazy\" /></p>\n<p><img src=\"/storage/media/XbuTM8YsZoJpf2D15KwuWKZq3wlNYeBVuVNDuSnp.webp\" loading=\"lazy\" /><img src=\"/storage/media/3ll70n7JEuwS9Ic6opJJNtaRil94h9i2ufdhzwFN.webp\" alt=\"\" width=\"1001\" loading=\"lazy\" /></p>\n<h4><span style=\"vertical-align: inherit;\"><span style=\"vertical-align: inherit;\">Descripci&oacute;n del Producto:</span></span></h4>\n<ul class=\"product-specs-list util-clearfix\">\n<li class=\"product-prop line-limit-length\"><span class=\"property-title\"><span style=\"vertical-align: inherit;\"><span style=\"vertical-align: inherit;\">Marca:&nbsp; </span></span></span><span class=\"property-desc line-limit-length\" title=\"MADERA SANADA\"><span style=\"vertical-align: inherit;\"><span style=\"vertical-align: inherit;\">SANWOOD</span></span></span></li>\n<li class=\"product-prop line-limit-length\"><span class=\"property-title\"><span style=\"vertical-align: inherit;\"><span style=\"vertical-align: inherit;\">Tipo de cierre:&nbsp; </span></span></span><span class=\"property-desc line-limit-length\" title=\"Bragueta con cremallera\"><span style=\"vertical-align: inherit;\"><span style=\"vertical-align: inherit;\">bragueta con cremallera</span></span></span></li>\n<li class=\"product-prop line-limit-length\"><span class=\"property-title\"><span style=\"vertical-align: inherit;\"><span style=\"vertical-align: inherit;\">Tipo de cintura:&nbsp; </span></span></span><span class=\"property-desc line-limit-length\" title=\"Bajo\"><span style=\"vertical-align: inherit;\"><span style=\"vertical-align: inherit;\">Baja</span></span></span></li>\n<li class=\"product-prop line-limit-length\"><span class=\"property-title\"><span style=\"vertical-align: inherit;\"><span style=\"vertical-align: inherit;\">Decoraci&oacute;n:&nbsp; </span></span></span><span class=\"property-desc line-limit-length\" title=\"Bolsillos\"><span style=\"vertical-align: inherit;\"><span style=\"vertical-align: inherit;\">Bolsillos</span></span></span></li>\n<li class=\"product-prop line-limit-length\"><span class=\"property-title\"><span style=\"vertical-align: inherit;\"><span style=\"vertical-align: inherit;\">Tipo de patr&oacute;n:&nbsp; </span></span></span><span class=\"property-desc line-limit-length\" title=\"S&oacute;lido\"><span style=\"vertical-align: inherit;\"><span style=\"vertical-align: inherit;\">s&oacute;lido</span></span></span></li>\n<li class=\"product-prop line-limit-length\"><span class=\"property-title\"><span style=\"vertical-align: inherit;\"><span style=\"vertical-align: inherit;\">N&uacute;mero de modelo:&nbsp; </span></span></span><span class=\"property-desc line-limit-length\" title=\"36918\"><span style=\"vertical-align: inherit;\"><span style=\"vertical-align: inherit;\">36918</span></span></span></li>\n<li class=\"product-prop line-limit-length\"><span class=\"property-title\"><span style=\"vertical-align: inherit;\"><span style=\"vertical-align: inherit;\">Estilo de jeans:&nbsp; </span></span></span><span class=\"property-desc line-limit-length\" title=\"Derecho\"><span style=\"vertical-align: inherit;\"><span style=\"vertical-align: inherit;\">recto</span></span></span></li>\n<li class=\"product-prop line-limit-length\"><span class=\"property-title\"><span style=\"vertical-align: inherit;\"><span style=\"vertical-align: inherit;\">Lavado:&nbsp; </span></span></span><span class=\"property-desc line-limit-length\" title=\"Luz\"><span style=\"vertical-align: inherit;\"><span style=\"vertical-align: inherit;\">Ligero</span></span></span></li>\n<li class=\"product-prop line-limit-length\"><span class=\"property-title\"><span style=\"vertical-align: inherit;\"><span style=\"vertical-align: inherit;\">Tipo de ajuste:&nbsp; </span></span></span><span class=\"property-desc line-limit-length\" title=\"Delgado\"><span style=\"vertical-align: inherit;\"><span style=\"vertical-align: inherit;\">ajustado</span></span></span></li>\n<li class=\"product-prop line-limit-length\"><span class=\"property-title\"><span style=\"vertical-align: inherit;\"><span style=\"vertical-align: inherit;\">Estilo:&nbsp; </span></span></span><span class=\"property-desc line-limit-length\" title=\"Casual\"><span style=\"vertical-align: inherit;\"><span style=\"vertical-align: inherit;\">Casual</span></span></span></li>\n<li class=\"product-prop line-limit-length\" data-spm-anchor-id=\"a2g0o.detail.0.i11.6bac3098wzQQJU\"><span class=\"property-title\"><span style=\"vertical-align: inherit;\"><span style=\"vertical-align: inherit;\">Grosor:&nbsp; </span></span></span><span class=\"property-desc line-limit-length\" title=\"Peso medio\"><span style=\"vertical-align: inherit;\"><span style=\"vertical-align: inherit;\">Peso medio</span></span></span></li>\n<li class=\"product-prop line-limit-length\" data-spm-anchor-id=\"a2g0o.detail.0.i10.6bac3098wzQQJU\"><span class=\"property-title\"><span style=\"vertical-align: inherit;\"><span style=\"vertical-align: inherit;\">Longitud:&nbsp; </span></span></span><span class=\"property-desc line-limit-length\" title=\"Longitud total\"><span style=\"vertical-align: inherit;\"><span style=\"vertical-align: inherit;\">Longitud total</span></span></span></li>\n<li class=\"product-prop line-limit-length\" data-spm-anchor-id=\"a2g0o.detail.0.i12.6bac3098wzQQJU\"><span class=\"property-title\"><span style=\"vertical-align: inherit;\"><span style=\"vertical-align: inherit;\">Tipo de tejido:&nbsp; </span></span></span><span class=\"property-desc line-limit-length\" title=\"Suavizante\"><span style=\"vertical-align: inherit;\"><span style=\"vertical-align: inherit;\">Suavizante</span></span></span></li>\n</ul>\n<p>&nbsp;</p>\";s:17:\"short_description\";s:99:\"Marca: SANWOOD\nTipo de cierre: Bragueta con cremallera\nTipo de cintura: Baja\nDecoración: Bolsillos\";}s:11:\"\0*\0original\";a:6:{s:2:\"id\";i:33;s:10:\"product_id\";i:33;s:6:\"locale\";s:2:\"es\";s:4:\"name\";s:116:\"Pantalones vaqueros rectos ajustados de tiro medio informales clásicos para hombre, pantalones largos para jóvenes\";s:11:\"description\";s:6113:\"<h1 style=\"text-align: center;\"><span style=\"vertical-align: inherit;\"><span style=\"vertical-align: inherit;\">Pantalones vaqueros rectos ajustados de tiro medio informales para hombre</span></span></h1>\n<p><img src=\"/storage/media/T77Kga2D2vcksesF2jx7TPNFWJ3yR8X6wb2jW9lx.webp\" loading=\"lazy\" /></p>\n<p><img src=\"/storage/media/awjitXpb64nPkWBKhVXDF8ShhZHS3QJoyDdXO2o3.webp\" loading=\"lazy\" /></p>\n<p><img src=\"/storage/media/BDaPUJrsEZ8fbafT8HC60OdwFINxENLKTCQ6jq4W.webp\" alt=\"\" width=\"1001\" loading=\"lazy\" /></p>\n<p><img src=\"/storage/media/W2dc5TDbZdOr3lKqcwKIGiixRXLt6H3lO0Y9j4uS.webp\" loading=\"lazy\" /></p>\n<p><img src=\"/storage/media/KDO8uBmA26UT4mplG44UcD648CaRGY0klIEeEXi0.webp\" alt=\"\" width=\"1001\" loading=\"lazy\" /></p>\n<p><img src=\"/storage/media/XbuTM8YsZoJpf2D15KwuWKZq3wlNYeBVuVNDuSnp.webp\" loading=\"lazy\" /><img src=\"/storage/media/3ll70n7JEuwS9Ic6opJJNtaRil94h9i2ufdhzwFN.webp\" alt=\"\" width=\"1001\" loading=\"lazy\" /></p>\n<h4><span style=\"vertical-align: inherit;\"><span style=\"vertical-align: inherit;\">Descripci&oacute;n del Producto:</span></span></h4>\n<ul class=\"product-specs-list util-clearfix\">\n<li class=\"product-prop line-limit-length\"><span class=\"property-title\"><span style=\"vertical-align: inherit;\"><span style=\"vertical-align: inherit;\">Marca:&nbsp; </span></span></span><span class=\"property-desc line-limit-length\" title=\"MADERA SANADA\"><span style=\"vertical-align: inherit;\"><span style=\"vertical-align: inherit;\">SANWOOD</span></span></span></li>\n<li class=\"product-prop line-limit-length\"><span class=\"property-title\"><span style=\"vertical-align: inherit;\"><span style=\"vertical-align: inherit;\">Tipo de cierre:&nbsp; </span></span></span><span class=\"property-desc line-limit-length\" title=\"Bragueta con cremallera\"><span style=\"vertical-align: inherit;\"><span style=\"vertical-align: inherit;\">bragueta con cremallera</span></span></span></li>\n<li class=\"product-prop line-limit-length\"><span class=\"property-title\"><span style=\"vertical-align: inherit;\"><span style=\"vertical-align: inherit;\">Tipo de cintura:&nbsp; </span></span></span><span class=\"property-desc line-limit-length\" title=\"Bajo\"><span style=\"vertical-align: inherit;\"><span style=\"vertical-align: inherit;\">Baja</span></span></span></li>\n<li class=\"product-prop line-limit-length\"><span class=\"property-title\"><span style=\"vertical-align: inherit;\"><span style=\"vertical-align: inherit;\">Decoraci&oacute;n:&nbsp; </span></span></span><span class=\"property-desc line-limit-length\" title=\"Bolsillos\"><span style=\"vertical-align: inherit;\"><span style=\"vertical-align: inherit;\">Bolsillos</span></span></span></li>\n<li class=\"product-prop line-limit-length\"><span class=\"property-title\"><span style=\"vertical-align: inherit;\"><span style=\"vertical-align: inherit;\">Tipo de patr&oacute;n:&nbsp; </span></span></span><span class=\"property-desc line-limit-length\" title=\"S&oacute;lido\"><span style=\"vertical-align: inherit;\"><span style=\"vertical-align: inherit;\">s&oacute;lido</span></span></span></li>\n<li class=\"product-prop line-limit-length\"><span class=\"property-title\"><span style=\"vertical-align: inherit;\"><span style=\"vertical-align: inherit;\">N&uacute;mero de modelo:&nbsp; </span></span></span><span class=\"property-desc line-limit-length\" title=\"36918\"><span style=\"vertical-align: inherit;\"><span style=\"vertical-align: inherit;\">36918</span></span></span></li>\n<li class=\"product-prop line-limit-length\"><span class=\"property-title\"><span style=\"vertical-align: inherit;\"><span style=\"vertical-align: inherit;\">Estilo de jeans:&nbsp; </span></span></span><span class=\"property-desc line-limit-length\" title=\"Derecho\"><span style=\"vertical-align: inherit;\"><span style=\"vertical-align: inherit;\">recto</span></span></span></li>\n<li class=\"product-prop line-limit-length\"><span class=\"property-title\"><span style=\"vertical-align: inherit;\"><span style=\"vertical-align: inherit;\">Lavado:&nbsp; </span></span></span><span class=\"property-desc line-limit-length\" title=\"Luz\"><span style=\"vertical-align: inherit;\"><span style=\"vertical-align: inherit;\">Ligero</span></span></span></li>\n<li class=\"product-prop line-limit-length\"><span class=\"property-title\"><span style=\"vertical-align: inherit;\"><span style=\"vertical-align: inherit;\">Tipo de ajuste:&nbsp; </span></span></span><span class=\"property-desc line-limit-length\" title=\"Delgado\"><span style=\"vertical-align: inherit;\"><span style=\"vertical-align: inherit;\">ajustado</span></span></span></li>\n<li class=\"product-prop line-limit-length\"><span class=\"property-title\"><span style=\"vertical-align: inherit;\"><span style=\"vertical-align: inherit;\">Estilo:&nbsp; </span></span></span><span class=\"property-desc line-limit-length\" title=\"Casual\"><span style=\"vertical-align: inherit;\"><span style=\"vertical-align: inherit;\">Casual</span></span></span></li>\n<li class=\"product-prop line-limit-length\" data-spm-anchor-id=\"a2g0o.detail.0.i11.6bac3098wzQQJU\"><span class=\"property-title\"><span style=\"vertical-align: inherit;\"><span style=\"vertical-align: inherit;\">Grosor:&nbsp; </span></span></span><span class=\"property-desc line-limit-length\" title=\"Peso medio\"><span style=\"vertical-align: inherit;\"><span style=\"vertical-align: inherit;\">Peso medio</span></span></span></li>\n<li class=\"product-prop line-limit-length\" data-spm-anchor-id=\"a2g0o.detail.0.i10.6bac3098wzQQJU\"><span class=\"property-title\"><span style=\"vertical-align: inherit;\"><span style=\"vertical-align: inherit;\">Longitud:&nbsp; </span></span></span><span class=\"property-desc line-limit-length\" title=\"Longitud total\"><span style=\"vertical-align: inherit;\"><span style=\"vertical-align: inherit;\">Longitud total</span></span></span></li>\n<li class=\"product-prop line-limit-length\" data-spm-anchor-id=\"a2g0o.detail.0.i12.6bac3098wzQQJU\"><span class=\"property-title\"><span style=\"vertical-align: inherit;\"><span style=\"vertical-align: inherit;\">Tipo de tejido:&nbsp; </span></span></span><span class=\"property-desc line-limit-length\" title=\"Suavizante\"><span style=\"vertical-align: inherit;\"><span style=\"vertical-align: inherit;\">Suavizante</span></span></span></li>\n</ul>\n<p>&nbsp;</p>\";s:17:\"short_description\";s:99:\"Marca: SANWOOD\nTipo de cierre: Bragueta con cremallera\nTipo de cintura: Baja\nDecoración: Bolsillos\";}s:10:\"\0*\0changes\";a:0:{}s:8:\"\0*\0casts\";a:0:{}s:17:\"\0*\0classCastCache\";a:0:{}s:21:\"\0*\0attributeCastCache\";a:0:{}s:13:\"\0*\0dateFormat\";N;s:10:\"\0*\0appends\";a:0:{}s:19:\"\0*\0dispatchesEvents\";a:0:{}s:14:\"\0*\0observables\";a:0:{}s:12:\"\0*\0relations\";a:0:{}s:10:\"\0*\0touches\";a:0:{}s:10:\"timestamps\";b:0;s:13:\"usesUniqueIds\";b:0;s:9:\"\0*\0hidden\";a:0:{}s:10:\"\0*\0visible\";a:0:{}s:11:\"\0*\0fillable\";a:3:{i:0;s:4:\"name\";i:1;s:11:\"description\";i:2;s:17:\"short_description\";}s:10:\"\0*\0guarded\";a:1:{i:0;s:1:\"*\";}}}s:28:\"\0*\0escapeWhenCastingToString\";b:0;}s:5:\"files\";O:39:\"Illuminate\\Database\\Eloquent\\Collection\":2:{s:8:\"\0*\0items\";a:6:{i:0;O:27:\"Modules\\Media\\Entities\\File\":30:{s:13:\"\0*\0connection\";s:5:\"mysql\";s:8:\"\0*\0table\";s:5:\"files\";s:13:\"\0*\0primaryKey\";s:2:\"id\";s:10:\"\0*\0keyType\";s:3:\"int\";s:12:\"incrementing\";b:1;s:7:\"\0*\0with\";a:0:{}s:12:\"\0*\0withCount\";a:0:{}s:19:\"preventsLazyLoading\";b:0;s:10:\"\0*\0perPage\";i:15;s:6:\"exists\";b:1;s:18:\"wasRecentlyCreated\";b:0;s:28:\"\0*\0escapeWhenCastingToString\";b:0;s:13:\"\0*\0attributes\";a:10:{s:2:\"id\";i:348;s:7:\"user_id\";i:1;s:8:\"filename\";s:45:\"ze48XWCHuPGNjxawHJsdGjLxjwLkp8J8k2akf0xr.webp\";s:4:\"disk\";s:14:\"public_storage\";s:4:\"path\";s:51:\"media/KMNzhTG6w4BUHPDJZOqSvJ9a51rBaOh8ZN9W0bHF.webp\";s:9:\"extension\";s:4:\"webp\";s:4:\"mime\";s:10:\"image/webp\";s:4:\"size\";s:5:\"46650\";s:10:\"created_at\";s:19:\"2024-12-19 17:31:00\";s:10:\"updated_at\";s:19:\"2024-12-19 17:31:00\";}s:11:\"\0*\0original\";a:17:{s:2:\"id\";i:348;s:7:\"user_id\";i:1;s:8:\"filename\";s:45:\"ze48XWCHuPGNjxawHJsdGjLxjwLkp8J8k2akf0xr.webp\";s:4:\"disk\";s:14:\"public_storage\";s:4:\"path\";s:51:\"media/KMNzhTG6w4BUHPDJZOqSvJ9a51rBaOh8ZN9W0bHF.webp\";s:9:\"extension\";s:4:\"webp\";s:4:\"mime\";s:10:\"image/webp\";s:4:\"size\";s:5:\"46650\";s:10:\"created_at\";s:19:\"2024-12-19 17:31:00\";s:10:\"updated_at\";s:19:\"2024-12-19 17:31:00\";s:15:\"pivot_entity_id\";i:33;s:13:\"pivot_file_id\";i:348;s:17:\"pivot_entity_type\";s:32:\"Modules\\Product\\Entities\\Product\";s:8:\"pivot_id\";i:821;s:10:\"pivot_zone\";s:10:\"base_image\";s:16:\"pivot_created_at\";s:19:\"2024-12-19 17:31:48\";s:16:\"pivot_updated_at\";s:19:\"2024-12-19 17:31:48\";}s:10:\"\0*\0changes\";a:0:{}s:8:\"\0*\0casts\";a:0:{}s:17:\"\0*\0classCastCache\";a:0:{}s:21:\"\0*\0attributeCastCache\";a:0:{}s:13:\"\0*\0dateFormat\";N;s:10:\"\0*\0appends\";a:0:{}s:19:\"\0*\0dispatchesEvents\";a:0:{}s:14:\"\0*\0observables\";a:0:{}s:12:\"\0*\0relations\";a:1:{s:5:\"pivot\";O:49:\"Illuminate\\Database\\Eloquent\\Relations\\MorphPivot\":35:{s:13:\"\0*\0connection\";N;s:8:\"\0*\0table\";s:12:\"entity_files\";s:13:\"\0*\0primaryKey\";s:2:\"id\";s:10:\"\0*\0keyType\";s:3:\"int\";s:12:\"incrementing\";b:0;s:7:\"\0*\0with\";a:0:{}s:12:\"\0*\0withCount\";a:0:{}s:19:\"preventsLazyLoading\";b:0;s:10:\"\0*\0perPage\";i:15;s:6:\"exists\";b:1;s:18:\"wasRecentlyCreated\";b:0;s:28:\"\0*\0escapeWhenCastingToString\";b:0;s:13:\"\0*\0attributes\";a:7:{s:11:\"entity_type\";s:32:\"Modules\\Product\\Entities\\Product\";s:9:\"entity_id\";i:33;s:7:\"file_id\";i:348;s:2:\"id\";i:821;s:4:\"zone\";s:10:\"base_image\";s:10:\"created_at\";s:19:\"2024-12-19 17:31:48\";s:10:\"updated_at\";s:19:\"2024-12-19 17:31:48\";}s:11:\"\0*\0original\";a:7:{s:11:\"entity_type\";s:32:\"Modules\\Product\\Entities\\Product\";s:9:\"entity_id\";i:33;s:7:\"file_id\";i:348;s:2:\"id\";i:821;s:4:\"zone\";s:10:\"base_image\";s:10:\"created_at\";s:19:\"2024-12-19 17:31:48\";s:10:\"updated_at\";s:19:\"2024-12-19 17:31:48\";}s:10:\"\0*\0changes\";a:0:{}s:8:\"\0*\0casts\";a:0:{}s:17:\"\0*\0classCastCache\";a:0:{}s:21:\"\0*\0attributeCastCache\";a:0:{}s:13:\"\0*\0dateFormat\";N;s:10:\"\0*\0appends\";a:0:{}s:19:\"\0*\0dispatchesEvents\";a:0:{}s:14:\"\0*\0observables\";a:0:{}s:12:\"\0*\0relations\";a:0:{}s:10:\"\0*\0touches\";a:0:{}s:10:\"timestamps\";b:1;s:13:\"usesUniqueIds\";b:0;s:9:\"\0*\0hidden\";a:0:{}s:10:\"\0*\0visible\";a:0:{}s:11:\"\0*\0fillable\";a:0:{}s:10:\"\0*\0guarded\";a:0:{}s:11:\"pivotParent\";O:32:\"Modules\\Product\\Entities\\Product\":35:{s:13:\"\0*\0connection\";N;s:8:\"\0*\0table\";s:8:\"products\";s:13:\"\0*\0primaryKey\";s:2:\"id\";s:10:\"\0*\0keyType\";s:3:\"int\";s:12:\"incrementing\";b:1;s:7:\"\0*\0with\";a:1:{i:0;s:12:\"translations\";}s:12:\"\0*\0withCount\";a:0:{}s:19:\"preventsLazyLoading\";b:0;s:10:\"\0*\0perPage\";i:15;s:6:\"exists\";b:0;s:18:\"wasRecentlyCreated\";b:0;s:28:\"\0*\0escapeWhenCastingToString\";b:0;s:13:\"\0*\0attributes\";a:0:{}s:11:\"\0*\0original\";a:0:{}s:10:\"\0*\0changes\";a:0:{}s:8:\"\0*\0casts\";a:9:{s:10:\"is_virtual\";s:7:\"boolean\";s:9:\"is_active\";s:7:\"boolean\";s:19:\"special_price_start\";s:8:\"datetime\";s:17:\"special_price_end\";s:8:\"datetime\";s:8:\"new_from\";s:8:\"datetime\";s:6:\"new_to\";s:8:\"datetime\";s:10:\"start_date\";s:8:\"datetime\";s:8:\"end_date\";s:8:\"datetime\";s:10:\"deleted_at\";s:8:\"datetime\";}s:17:\"\0*\0classCastCache\";a:0:{}s:21:\"\0*\0attributeCastCache\";a:0:{}s:13:\"\0*\0dateFormat\";N;s:10:\"\0*\0appends\";a:13:{i:0;s:10:\"base_image\";i:1;s:17:\"additional_images\";i:2;s:5:\"media\";i:3;s:15:\"formatted_price\";i:4;s:21:\"formatted_price_range\";i:5;s:28:\"has_percentage_special_price\";i:6;s:21:\"special_price_percent\";i:7;s:14:\"rating_percent\";i:8;s:17:\"does_manage_stock\";i:9;s:11:\"is_in_stock\";i:10;s:15:\"is_out_of_stock\";i:11;s:6:\"is_new\";i:12;s:7:\"variant\";}s:19:\"\0*\0dispatchesEvents\";a:0:{}s:14:\"\0*\0observables\";a:0:{}s:12:\"\0*\0relations\";a:0:{}s:10:\"\0*\0touches\";a:0:{}s:10:\"timestamps\";b:1;s:13:\"usesUniqueIds\";b:0;s:9:\"\0*\0hidden\";a:0:{}s:10:\"\0*\0visible\";a:0:{}s:11:\"\0*\0fillable\";a:17:{i:0;s:8:\"brand_id\";i:1;s:12:\"tax_class_id\";i:2;s:4:\"slug\";i:3;s:3:\"sku\";i:4;s:5:\"price\";i:5;s:13:\"special_price\";i:6;s:18:\"special_price_type\";i:7;s:19:\"special_price_start\";i:8;s:17:\"special_price_end\";i:9;s:13:\"selling_price\";i:10;s:12:\"manage_stock\";i:11;s:3:\"qty\";i:12;s:8:\"in_stock\";i:13;s:10:\"is_virtual\";i:14;s:9:\"is_active\";i:15;s:8:\"new_from\";i:16;s:6:\"new_to\";}s:10:\"\0*\0guarded\";a:1:{i:0;s:1:\"*\";}s:23:\"\0*\0translatedAttributes\";a:3:{i:0;s:4:\"name\";i:1;s:11:\"description\";i:2;s:17:\"short_description\";}s:16:\"\0*\0slugAttribute\";s:4:\"name\";s:16:\"\0*\0defaultLocale\";N;s:16:\"\0*\0scoutMetadata\";a:0:{}s:16:\"\0*\0forceDeleting\";b:0;}s:13:\"\0*\0foreignKey\";s:9:\"entity_id\";s:13:\"\0*\0relatedKey\";s:7:\"file_id\";s:12:\"\0*\0morphType\";s:11:\"entity_type\";s:13:\"\0*\0morphClass\";s:32:\"Modules\\Product\\Entities\\Product\";}}s:10:\"\0*\0touches\";a:0:{}s:10:\"timestamps\";b:1;s:13:\"usesUniqueIds\";b:0;s:9:\"\0*\0hidden\";a:0:{}s:10:\"\0*\0visible\";a:3:{i:0;s:2:\"id\";i:1;s:8:\"filename\";i:2;s:4:\"path\";}s:11:\"\0*\0fillable\";a:0:{}s:10:\"\0*\0guarded\";a:0:{}}i:1;O:27:\"Modules\\Media\\Entities\\File\":30:{s:13:\"\0*\0connection\";s:5:\"mysql\";s:8:\"\0*\0table\";s:5:\"files\";s:13:\"\0*\0primaryKey\";s:2:\"id\";s:10:\"\0*\0keyType\";s:3:\"int\";s:12:\"incrementing\";b:1;s:7:\"\0*\0with\";a:0:{}s:12:\"\0*\0withCount\";a:0:{}s:19:\"preventsLazyLoading\";b:0;s:10:\"\0*\0perPage\";i:15;s:6:\"exists\";b:1;s:18:\"wasRecentlyCreated\";b:0;s:28:\"\0*\0escapeWhenCastingToString\";b:0;s:13:\"\0*\0attributes\";a:10:{s:2:\"id\";i:346;s:7:\"user_id\";i:1;s:8:\"filename\";s:45:\"53gw6jN7niqO0BWOBe932Lz7FvB2wFtJi8T2qdIF.jpeg\";s:4:\"disk\";s:14:\"public_storage\";s:4:\"path\";s:50:\"media/cJHwcoIVGMpRj0Q6s8yZfoafDnpEIlC0Xu373plq.jpg\";s:9:\"extension\";s:3:\"jpg\";s:4:\"mime\";s:10:\"image/jpeg\";s:4:\"size\";s:6:\"276197\";s:10:\"created_at\";s:19:\"2024-12-19 17:30:59\";s:10:\"updated_at\";s:19:\"2024-12-19 17:30:59\";}s:11:\"\0*\0original\";a:17:{s:2:\"id\";i:346;s:7:\"user_id\";i:1;s:8:\"filename\";s:45:\"53gw6jN7niqO0BWOBe932Lz7FvB2wFtJi8T2qdIF.jpeg\";s:4:\"disk\";s:14:\"public_storage\";s:4:\"path\";s:50:\"media/cJHwcoIVGMpRj0Q6s8yZfoafDnpEIlC0Xu373plq.jpg\";s:9:\"extension\";s:3:\"jpg\";s:4:\"mime\";s:10:\"image/jpeg\";s:4:\"size\";s:6:\"276197\";s:10:\"created_at\";s:19:\"2024-12-19 17:30:59\";s:10:\"updated_at\";s:19:\"2024-12-19 17:30:59\";s:15:\"pivot_entity_id\";i:33;s:13:\"pivot_file_id\";i:346;s:17:\"pivot_entity_type\";s:32:\"Modules\\Product\\Entities\\Product\";s:8:\"pivot_id\";i:822;s:10:\"pivot_zone\";s:17:\"additional_images\";s:16:\"pivot_created_at\";s:19:\"2024-12-19 17:31:48\";s:16:\"pivot_updated_at\";s:19:\"2024-12-19 17:31:48\";}s:10:\"\0*\0changes\";a:0:{}s:8:\"\0*\0casts\";a:0:{}s:17:\"\0*\0classCastCache\";a:0:{}s:21:\"\0*\0attributeCastCache\";a:0:{}s:13:\"\0*\0dateFormat\";N;s:10:\"\0*\0appends\";a:0:{}s:19:\"\0*\0dispatchesEvents\";a:0:{}s:14:\"\0*\0observables\";a:0:{}s:12:\"\0*\0relations\";a:1:{s:5:\"pivot\";O:49:\"Illuminate\\Database\\Eloquent\\Relations\\MorphPivot\":35:{s:13:\"\0*\0connection\";N;s:8:\"\0*\0table\";s:12:\"entity_files\";s:13:\"\0*\0primaryKey\";s:2:\"id\";s:10:\"\0*\0keyType\";s:3:\"int\";s:12:\"incrementing\";b:0;s:7:\"\0*\0with\";a:0:{}s:12:\"\0*\0withCount\";a:0:{}s:19:\"preventsLazyLoading\";b:0;s:10:\"\0*\0perPage\";i:15;s:6:\"exists\";b:1;s:18:\"wasRecentlyCreated\";b:0;s:28:\"\0*\0escapeWhenCastingToString\";b:0;s:13:\"\0*\0attributes\";a:7:{s:11:\"entity_type\";s:32:\"Modules\\Product\\Entities\\Product\";s:9:\"entity_id\";i:33;s:7:\"file_id\";i:346;s:2:\"id\";i:822;s:4:\"zone\";s:17:\"additional_images\";s:10:\"created_at\";s:19:\"2024-12-19 17:31:48\";s:10:\"updated_at\";s:19:\"2024-12-19 17:31:48\";}s:11:\"\0*\0original\";a:7:{s:11:\"entity_type\";s:32:\"Modules\\Product\\Entities\\Product\";s:9:\"entity_id\";i:33;s:7:\"file_id\";i:346;s:2:\"id\";i:822;s:4:\"zone\";s:17:\"additional_images\";s:10:\"created_at\";s:19:\"2024-12-19 17:31:48\";s:10:\"updated_at\";s:19:\"2024-12-19 17:31:48\";}s:10:\"\0*\0changes\";a:0:{}s:8:\"\0*\0casts\";a:0:{}s:17:\"\0*\0classCastCache\";a:0:{}s:21:\"\0*\0attributeCastCache\";a:0:{}s:13:\"\0*\0dateFormat\";N;s:10:\"\0*\0appends\";a:0:{}s:19:\"\0*\0dispatchesEvents\";a:0:{}s:14:\"\0*\0observables\";a:0:{}s:12:\"\0*\0relations\";a:0:{}s:10:\"\0*\0touches\";a:0:{}s:10:\"timestamps\";b:1;s:13:\"usesUniqueIds\";b:0;s:9:\"\0*\0hidden\";a:0:{}s:10:\"\0*\0visible\";a:0:{}s:11:\"\0*\0fillable\";a:0:{}s:10:\"\0*\0guarded\";a:0:{}s:11:\"pivotParent\";r:250;s:13:\"\0*\0foreignKey\";s:9:\"entity_id\";s:13:\"\0*\0relatedKey\";s:7:\"file_id\";s:12:\"\0*\0morphType\";s:11:\"entity_type\";s:13:\"\0*\0morphClass\";s:32:\"Modules\\Product\\Entities\\Product\";}}s:10:\"\0*\0touches\";a:0:{}s:10:\"timestamps\";b:1;s:13:\"usesUniqueIds\";b:0;s:9:\"\0*\0hidden\";a:0:{}s:10:\"\0*\0visible\";a:3:{i:0;s:2:\"id\";i:1;s:8:\"filename\";i:2;s:4:\"path\";}s:11:\"\0*\0fillable\";a:0:{}s:10:\"\0*\0guarded\";a:0:{}}i:2;O:27:\"Modules\\Media\\Entities\\File\":30:{s:13:\"\0*\0connection\";s:5:\"mysql\";s:8:\"\0*\0table\";s:5:\"files\";s:13:\"\0*\0primaryKey\";s:2:\"id\";s:10:\"\0*\0keyType\";s:3:\"int\";s:12:\"incrementing\";b:1;s:7:\"\0*\0with\";a:0:{}s:12:\"\0*\0withCount\";a:0:{}s:19:\"preventsLazyLoading\";b:0;s:10:\"\0*\0perPage\";i:15;s:6:\"exists\";b:1;s:18:\"wasRecentlyCreated\";b:0;s:28:\"\0*\0escapeWhenCastingToString\";b:0;s:13:\"\0*\0attributes\";a:10:{s:2:\"id\";i:345;s:7:\"user_id\";i:1;s:8:\"filename\";s:45:\"fVKVvVe360OOzYuVtiJAdzgLF6FUujhSxNKrkDuT.webp\";s:4:\"disk\";s:14:\"public_storage\";s:4:\"path\";s:51:\"media/AZEMN36BvojFbqgXhrizOX4sKYhQXoUQgYBgXiuQ.webp\";s:9:\"extension\";s:4:\"webp\";s:4:\"mime\";s:10:\"image/webp\";s:4:\"size\";s:6:\"152696\";s:10:\"created_at\";s:19:\"2024-12-19 17:30:59\";s:10:\"updated_at\";s:19:\"2024-12-19 17:30:59\";}s:11:\"\0*\0original\";a:17:{s:2:\"id\";i:345;s:7:\"user_id\";i:1;s:8:\"filename\";s:45:\"fVKVvVe360OOzYuVtiJAdzgLF6FUujhSxNKrkDuT.webp\";s:4:\"disk\";s:14:\"public_storage\";s:4:\"path\";s:51:\"media/AZEMN36BvojFbqgXhrizOX4sKYhQXoUQgYBgXiuQ.webp\";s:9:\"extension\";s:4:\"webp\";s:4:\"mime\";s:10:\"image/webp\";s:4:\"size\";s:6:\"152696\";s:10:\"created_at\";s:19:\"2024-12-19 17:30:59\";s:10:\"updated_at\";s:19:\"2024-12-19 17:30:59\";s:15:\"pivot_entity_id\";i:33;s:13:\"pivot_file_id\";i:345;s:17:\"pivot_entity_type\";s:32:\"Modules\\Product\\Entities\\Product\";s:8:\"pivot_id\";i:823;s:10:\"pivot_zone\";s:17:\"additional_images\";s:16:\"pivot_created_at\";s:19:\"2024-12-19 17:31:48\";s:16:\"pivot_updated_at\";s:19:\"2024-12-19 17:31:48\";}s:10:\"\0*\0changes\";a:0:{}s:8:\"\0*\0casts\";a:0:{}s:17:\"\0*\0classCastCache\";a:0:{}s:21:\"\0*\0attributeCastCache\";a:0:{}s:13:\"\0*\0dateFormat\";N;s:10:\"\0*\0appends\";a:0:{}s:19:\"\0*\0dispatchesEvents\";a:0:{}s:14:\"\0*\0observables\";a:0:{}s:12:\"\0*\0relations\";a:1:{s:5:\"pivot\";O:49:\"Illuminate\\Database\\Eloquent\\Relations\\MorphPivot\":35:{s:13:\"\0*\0connection\";N;s:8:\"\0*\0table\";s:12:\"entity_files\";s:13:\"\0*\0primaryKey\";s:2:\"id\";s:10:\"\0*\0keyType\";s:3:\"int\";s:12:\"incrementing\";b:0;s:7:\"\0*\0with\";a:0:{}s:12:\"\0*\0withCount\";a:0:{}s:19:\"preventsLazyLoading\";b:0;s:10:\"\0*\0perPage\";i:15;s:6:\"exists\";b:1;s:18:\"wasRecentlyCreated\";b:0;s:28:\"\0*\0escapeWhenCastingToString\";b:0;s:13:\"\0*\0attributes\";a:7:{s:11:\"entity_type\";s:32:\"Modules\\Product\\Entities\\Product\";s:9:\"entity_id\";i:33;s:7:\"file_id\";i:345;s:2:\"id\";i:823;s:4:\"zone\";s:17:\"additional_images\";s:10:\"created_at\";s:19:\"2024-12-19 17:31:48\";s:10:\"updated_at\";s:19:\"2024-12-19 17:31:48\";}s:11:\"\0*\0original\";a:7:{s:11:\"entity_type\";s:32:\"Modules\\Product\\Entities\\Product\";s:9:\"entity_id\";i:33;s:7:\"file_id\";i:345;s:2:\"id\";i:823;s:4:\"zone\";s:17:\"additional_images\";s:10:\"created_at\";s:19:\"2024-12-19 17:31:48\";s:10:\"updated_at\";s:19:\"2024-12-19 17:31:48\";}s:10:\"\0*\0changes\";a:0:{}s:8:\"\0*\0casts\";a:0:{}s:17:\"\0*\0classCastCache\";a:0:{}s:21:\"\0*\0attributeCastCache\";a:0:{}s:13:\"\0*\0dateFormat\";N;s:10:\"\0*\0appends\";a:0:{}s:19:\"\0*\0dispatchesEvents\";a:0:{}s:14:\"\0*\0observables\";a:0:{}s:12:\"\0*\0relations\";a:0:{}s:10:\"\0*\0touches\";a:0:{}s:10:\"timestamps\";b:1;s:13:\"usesUniqueIds\";b:0;s:9:\"\0*\0hidden\";a:0:{}s:10:\"\0*\0visible\";a:0:{}s:11:\"\0*\0fillable\";a:0:{}s:10:\"\0*\0guarded\";a:0:{}s:11:\"pivotParent\";r:250;s:13:\"\0*\0foreignKey\";s:9:\"entity_id\";s:13:\"\0*\0relatedKey\";s:7:\"file_id\";s:12:\"\0*\0morphType\";s:11:\"entity_type\";s:13:\"\0*\0morphClass\";s:32:\"Modules\\Product\\Entities\\Product\";}}s:10:\"\0*\0touches\";a:0:{}s:10:\"timestamps\";b:1;s:13:\"usesUniqueIds\";b:0;s:9:\"\0*\0hidden\";a:0:{}s:10:\"\0*\0visible\";a:3:{i:0;s:2:\"id\";i:1;s:8:\"filename\";i:2;s:4:\"path\";}s:11:\"\0*\0fillable\";a:0:{}s:10:\"\0*\0guarded\";a:0:{}}i:3;O:27:\"Modules\\Media\\Entities\\File\":30:{s:13:\"\0*\0connection\";s:5:\"mysql\";s:8:\"\0*\0table\";s:5:\"files\";s:13:\"\0*\0primaryKey\";s:2:\"id\";s:10:\"\0*\0keyType\";s:3:\"int\";s:12:\"incrementing\";b:1;s:7:\"\0*\0with\";a:0:{}s:12:\"\0*\0withCount\";a:0:{}s:19:\"preventsLazyLoading\";b:0;s:10:\"\0*\0perPage\";i:15;s:6:\"exists\";b:1;s:18:\"wasRecentlyCreated\";b:0;s:28:\"\0*\0escapeWhenCastingToString\";b:0;s:13:\"\0*\0attributes\";a:10:{s:2:\"id\";i:343;s:7:\"user_id\";i:1;s:8:\"filename\";s:33:\"mceu_72685707031734629366749.webp\";s:4:\"disk\";s:14:\"public_storage\";s:4:\"path\";s:51:\"media/W2dc5TDbZdOr3lKqcwKIGiixRXLt6H3lO0Y9j4uS.webp\";s:9:\"extension\";s:4:\"webp\";s:4:\"mime\";s:10:\"image/webp\";s:4:\"size\";s:5:\"77632\";s:10:\"created_at\";s:19:\"2024-12-19 17:29:28\";s:10:\"updated_at\";s:19:\"2024-12-19 17:29:28\";}s:11:\"\0*\0original\";a:17:{s:2:\"id\";i:343;s:7:\"user_id\";i:1;s:8:\"filename\";s:33:\"mceu_72685707031734629366749.webp\";s:4:\"disk\";s:14:\"public_storage\";s:4:\"path\";s:51:\"media/W2dc5TDbZdOr3lKqcwKIGiixRXLt6H3lO0Y9j4uS.webp\";s:9:\"extension\";s:4:\"webp\";s:4:\"mime\";s:10:\"image/webp\";s:4:\"size\";s:5:\"77632\";s:10:\"created_at\";s:19:\"2024-12-19 17:29:28\";s:10:\"updated_at\";s:19:\"2024-12-19 17:29:28\";s:15:\"pivot_entity_id\";i:33;s:13:\"pivot_file_id\";i:343;s:17:\"pivot_entity_type\";s:32:\"Modules\\Product\\Entities\\Product\";s:8:\"pivot_id\";i:824;s:10:\"pivot_zone\";s:17:\"additional_images\";s:16:\"pivot_created_at\";s:19:\"2024-12-19 17:31:48\";s:16:\"pivot_updated_at\";s:19:\"2024-12-19 17:31:48\";}s:10:\"\0*\0changes\";a:0:{}s:8:\"\0*\0casts\";a:0:{}s:17:\"\0*\0classCastCache\";a:0:{}s:21:\"\0*\0attributeCastCache\";a:0:{}s:13:\"\0*\0dateFormat\";N;s:10:\"\0*\0appends\";a:0:{}s:19:\"\0*\0dispatchesEvents\";a:0:{}s:14:\"\0*\0observables\";a:0:{}s:12:\"\0*\0relations\";a:1:{s:5:\"pivot\";O:49:\"Illuminate\\Database\\Eloquent\\Relations\\MorphPivot\":35:{s:13:\"\0*\0connection\";N;s:8:\"\0*\0table\";s:12:\"entity_files\";s:13:\"\0*\0primaryKey\";s:2:\"id\";s:10:\"\0*\0keyType\";s:3:\"int\";s:12:\"incrementing\";b:0;s:7:\"\0*\0with\";a:0:{}s:12:\"\0*\0withCount\";a:0:{}s:19:\"preventsLazyLoading\";b:0;s:10:\"\0*\0perPage\";i:15;s:6:\"exists\";b:1;s:18:\"wasRecentlyCreated\";b:0;s:28:\"\0*\0escapeWhenCastingToString\";b:0;s:13:\"\0*\0attributes\";a:7:{s:11:\"entity_type\";s:32:\"Modules\\Product\\Entities\\Product\";s:9:\"entity_id\";i:33;s:7:\"file_id\";i:343;s:2:\"id\";i:824;s:4:\"zone\";s:17:\"additional_images\";s:10:\"created_at\";s:19:\"2024-12-19 17:31:48\";s:10:\"updated_at\";s:19:\"2024-12-19 17:31:48\";}s:11:\"\0*\0original\";a:7:{s:11:\"entity_type\";s:32:\"Modules\\Product\\Entities\\Product\";s:9:\"entity_id\";i:33;s:7:\"file_id\";i:343;s:2:\"id\";i:824;s:4:\"zone\";s:17:\"additional_images\";s:10:\"created_at\";s:19:\"2024-12-19 17:31:48\";s:10:\"updated_at\";s:19:\"2024-12-19 17:31:48\";}s:10:\"\0*\0changes\";a:0:{}s:8:\"\0*\0casts\";a:0:{}s:17:\"\0*\0classCastCache\";a:0:{}s:21:\"\0*\0attributeCastCache\";a:0:{}s:13:\"\0*\0dateFormat\";N;s:10:\"\0*\0appends\";a:0:{}s:19:\"\0*\0dispatchesEvents\";a:0:{}s:14:\"\0*\0observables\";a:0:{}s:12:\"\0*\0relations\";a:0:{}s:10:\"\0*\0touches\";a:0:{}s:10:\"timestamps\";b:1;s:13:\"usesUniqueIds\";b:0;s:9:\"\0*\0hidden\";a:0:{}s:10:\"\0*\0visible\";a:0:{}s:11:\"\0*\0fillable\";a:0:{}s:10:\"\0*\0guarded\";a:0:{}s:11:\"pivotParent\";r:250;s:13:\"\0*\0foreignKey\";s:9:\"entity_id\";s:13:\"\0*\0relatedKey\";s:7:\"file_id\";s:12:\"\0*\0morphType\";s:11:\"entity_type\";s:13:\"\0*\0morphClass\";s:32:\"Modules\\Product\\Entities\\Product\";}}s:10:\"\0*\0touches\";a:0:{}s:10:\"timestamps\";b:1;s:13:\"usesUniqueIds\";b:0;s:9:\"\0*\0hidden\";a:0:{}s:10:\"\0*\0visible\";a:3:{i:0;s:2:\"id\";i:1;s:8:\"filename\";i:2;s:4:\"path\";}s:11:\"\0*\0fillable\";a:0:{}s:10:\"\0*\0guarded\";a:0:{}}i:4;O:27:\"Modules\\Media\\Entities\\File\":30:{s:13:\"\0*\0connection\";s:5:\"mysql\";s:8:\"\0*\0table\";s:5:\"files\";s:13:\"\0*\0primaryKey\";s:2:\"id\";s:10:\"\0*\0keyType\";s:3:\"int\";s:12:\"incrementing\";b:1;s:7:\"\0*\0with\";a:0:{}s:12:\"\0*\0withCount\";a:0:{}s:19:\"preventsLazyLoading\";b:0;s:10:\"\0*\0perPage\";i:15;s:6:\"exists\";b:1;s:18:\"wasRecentlyCreated\";b:0;s:28:\"\0*\0escapeWhenCastingToString\";b:0;s:13:\"\0*\0attributes\";a:10:{s:2:\"id\";i:342;s:7:\"user_id\";i:1;s:8:\"filename\";s:33:\"mceu_18923372721734629355661.webp\";s:4:\"disk\";s:14:\"public_storage\";s:4:\"path\";s:51:\"media/awjitXpb64nPkWBKhVXDF8ShhZHS3QJoyDdXO2o3.webp\";s:9:\"extension\";s:4:\"webp\";s:4:\"mime\";s:10:\"image/webp\";s:4:\"size\";s:5:\"75374\";s:10:\"created_at\";s:19:\"2024-12-19 17:29:17\";s:10:\"updated_at\";s:19:\"2024-12-19 17:29:17\";}s:11:\"\0*\0original\";a:17:{s:2:\"id\";i:342;s:7:\"user_id\";i:1;s:8:\"filename\";s:33:\"mceu_18923372721734629355661.webp\";s:4:\"disk\";s:14:\"public_storage\";s:4:\"path\";s:51:\"media/awjitXpb64nPkWBKhVXDF8ShhZHS3QJoyDdXO2o3.webp\";s:9:\"extension\";s:4:\"webp\";s:4:\"mime\";s:10:\"image/webp\";s:4:\"size\";s:5:\"75374\";s:10:\"created_at\";s:19:\"2024-12-19 17:29:17\";s:10:\"updated_at\";s:19:\"2024-12-19 17:29:17\";s:15:\"pivot_entity_id\";i:33;s:13:\"pivot_file_id\";i:342;s:17:\"pivot_entity_type\";s:32:\"Modules\\Product\\Entities\\Product\";s:8:\"pivot_id\";i:825;s:10:\"pivot_zone\";s:17:\"additional_images\";s:16:\"pivot_created_at\";s:19:\"2024-12-19 17:31:48\";s:16:\"pivot_updated_at\";s:19:\"2024-12-19 17:31:48\";}s:10:\"\0*\0changes\";a:0:{}s:8:\"\0*\0casts\";a:0:{}s:17:\"\0*\0classCastCache\";a:0:{}s:21:\"\0*\0attributeCastCache\";a:0:{}s:13:\"\0*\0dateFormat\";N;s:10:\"\0*\0appends\";a:0:{}s:19:\"\0*\0dispatchesEvents\";a:0:{}s:14:\"\0*\0observables\";a:0:{}s:12:\"\0*\0relations\";a:1:{s:5:\"pivot\";O:49:\"Illuminate\\Database\\Eloquent\\Relations\\MorphPivot\":35:{s:13:\"\0*\0connection\";N;s:8:\"\0*\0table\";s:12:\"entity_files\";s:13:\"\0*\0primaryKey\";s:2:\"id\";s:10:\"\0*\0keyType\";s:3:\"int\";s:12:\"incrementing\";b:0;s:7:\"\0*\0with\";a:0:{}s:12:\"\0*\0withCount\";a:0:{}s:19:\"preventsLazyLoading\";b:0;s:10:\"\0*\0perPage\";i:15;s:6:\"exists\";b:1;s:18:\"wasRecentlyCreated\";b:0;s:28:\"\0*\0escapeWhenCastingToString\";b:0;s:13:\"\0*\0attributes\";a:7:{s:11:\"entity_type\";s:32:\"Modules\\Product\\Entities\\Product\";s:9:\"entity_id\";i:33;s:7:\"file_id\";i:342;s:2:\"id\";i:825;s:4:\"zone\";s:17:\"additional_images\";s:10:\"created_at\";s:19:\"2024-12-19 17:31:48\";s:10:\"updated_at\";s:19:\"2024-12-19 17:31:48\";}s:11:\"\0*\0original\";a:7:{s:11:\"entity_type\";s:32:\"Modules\\Product\\Entities\\Product\";s:9:\"entity_id\";i:33;s:7:\"file_id\";i:342;s:2:\"id\";i:825;s:4:\"zone\";s:17:\"additional_images\";s:10:\"created_at\";s:19:\"2024-12-19 17:31:48\";s:10:\"updated_at\";s:19:\"2024-12-19 17:31:48\";}s:10:\"\0*\0changes\";a:0:{}s:8:\"\0*\0casts\";a:0:{}s:17:\"\0*\0classCastCache\";a:0:{}s:21:\"\0*\0attributeCastCache\";a:0:{}s:13:\"\0*\0dateFormat\";N;s:10:\"\0*\0appends\";a:0:{}s:19:\"\0*\0dispatchesEvents\";a:0:{}s:14:\"\0*\0observables\";a:0:{}s:12:\"\0*\0relations\";a:0:{}s:10:\"\0*\0touches\";a:0:{}s:10:\"timestamps\";b:1;s:13:\"usesUniqueIds\";b:0;s:9:\"\0*\0hidden\";a:0:{}s:10:\"\0*\0visible\";a:0:{}s:11:\"\0*\0fillable\";a:0:{}s:10:\"\0*\0guarded\";a:0:{}s:11:\"pivotParent\";r:250;s:13:\"\0*\0foreignKey\";s:9:\"entity_id\";s:13:\"\0*\0relatedKey\";s:7:\"file_id\";s:12:\"\0*\0morphType\";s:11:\"entity_type\";s:13:\"\0*\0morphClass\";s:32:\"Modules\\Product\\Entities\\Product\";}}s:10:\"\0*\0touches\";a:0:{}s:10:\"timestamps\";b:1;s:13:\"usesUniqueIds\";b:0;s:9:\"\0*\0hidden\";a:0:{}s:10:\"\0*\0visible\";a:3:{i:0;s:2:\"id\";i:1;s:8:\"filename\";i:2;s:4:\"path\";}s:11:\"\0*\0fillable\";a:0:{}s:10:\"\0*\0guarded\";a:0:{}}i:5;O:27:\"Modules\\Media\\Entities\\File\":30:{s:13:\"\0*\0connection\";s:5:\"mysql\";s:8:\"\0*\0table\";s:5:\"files\";s:13:\"\0*\0primaryKey\";s:2:\"id\";s:10:\"\0*\0keyType\";s:3:\"int\";s:12:\"incrementing\";b:1;s:7:\"\0*\0with\";a:0:{}s:12:\"\0*\0withCount\";a:0:{}s:19:\"preventsLazyLoading\";b:0;s:10:\"\0*\0perPage\";i:15;s:6:\"exists\";b:1;s:18:\"wasRecentlyCreated\";b:0;s:28:\"\0*\0escapeWhenCastingToString\";b:0;s:13:\"\0*\0attributes\";a:10:{s:2:\"id\";i:347;s:7:\"user_id\";i:1;s:8:\"filename\";s:45:\"lwQ5R37o66EjTFI3JGwc39GwjvwUpteYr3V0sHJz.jpeg\";s:4:\"disk\";s:14:\"public_storage\";s:4:\"path\";s:50:\"media/4gwThGb5CJxetBmyWWxdNrF5IqeNy27ry6Y2gQcA.jpg\";s:9:\"extension\";s:3:\"jpg\";s:4:\"mime\";s:10:\"image/jpeg\";s:4:\"size\";s:6:\"243721\";s:10:\"created_at\";s:19:\"2024-12-19 17:31:00\";s:10:\"updated_at\";s:19:\"2024-12-19 17:31:00\";}s:11:\"\0*\0original\";a:17:{s:2:\"id\";i:347;s:7:\"user_id\";i:1;s:8:\"filename\";s:45:\"lwQ5R37o66EjTFI3JGwc39GwjvwUpteYr3V0sHJz.jpeg\";s:4:\"disk\";s:14:\"public_storage\";s:4:\"path\";s:50:\"media/4gwThGb5CJxetBmyWWxdNrF5IqeNy27ry6Y2gQcA.jpg\";s:9:\"extension\";s:3:\"jpg\";s:4:\"mime\";s:10:\"image/jpeg\";s:4:\"size\";s:6:\"243721\";s:10:\"created_at\";s:19:\"2024-12-19 17:31:00\";s:10:\"updated_at\";s:19:\"2024-12-19 17:31:00\";s:15:\"pivot_entity_id\";i:33;s:13:\"pivot_file_id\";i:347;s:17:\"pivot_entity_type\";s:32:\"Modules\\Product\\Entities\\Product\";s:8:\"pivot_id\";i:826;s:10:\"pivot_zone\";s:17:\"additional_images\";s:16:\"pivot_created_at\";s:19:\"2024-12-19 17:31:48\";s:16:\"pivot_updated_at\";s:19:\"2024-12-19 17:31:48\";}s:10:\"\0*\0changes\";a:0:{}s:8:\"\0*\0casts\";a:0:{}s:17:\"\0*\0classCastCache\";a:0:{}s:21:\"\0*\0attributeCastCache\";a:0:{}s:13:\"\0*\0dateFormat\";N;s:10:\"\0*\0appends\";a:0:{}s:19:\"\0*\0dispatchesEvents\";a:0:{}s:14:\"\0*\0observables\";a:0:{}s:12:\"\0*\0relations\";a:1:{s:5:\"pivot\";O:49:\"Illuminate\\Database\\Eloquent\\Relations\\MorphPivot\":35:{s:13:\"\0*\0connection\";N;s:8:\"\0*\0table\";s:12:\"entity_files\";s:13:\"\0*\0primaryKey\";s:2:\"id\";s:10:\"\0*\0keyType\";s:3:\"int\";s:12:\"incrementing\";b:0;s:7:\"\0*\0with\";a:0:{}s:12:\"\0*\0withCount\";a:0:{}s:19:\"preventsLazyLoading\";b:0;s:10:\"\0*\0perPage\";i:15;s:6:\"exists\";b:1;s:18:\"wasRecentlyCreated\";b:0;s:28:\"\0*\0escapeWhenCastingToString\";b:0;s:13:\"\0*\0attributes\";a:7:{s:11:\"entity_type\";s:32:\"Modules\\Product\\Entities\\Product\";s:9:\"entity_id\";i:33;s:7:\"file_id\";i:347;s:2:\"id\";i:826;s:4:\"zone\";s:17:\"additional_images\";s:10:\"created_at\";s:19:\"2024-12-19 17:31:48\";s:10:\"updated_at\";s:19:\"2024-12-19 17:31:48\";}s:11:\"\0*\0original\";a:7:{s:11:\"entity_type\";s:32:\"Modules\\Product\\Entities\\Product\";s:9:\"entity_id\";i:33;s:7:\"file_id\";i:347;s:2:\"id\";i:826;s:4:\"zone\";s:17:\"additional_images\";s:10:\"created_at\";s:19:\"2024-12-19 17:31:48\";s:10:\"updated_at\";s:19:\"2024-12-19 17:31:48\";}s:10:\"\0*\0changes\";a:0:{}s:8:\"\0*\0casts\";a:0:{}s:17:\"\0*\0classCastCache\";a:0:{}s:21:\"\0*\0attributeCastCache\";a:0:{}s:13:\"\0*\0dateFormat\";N;s:10:\"\0*\0appends\";a:0:{}s:19:\"\0*\0dispatchesEvents\";a:0:{}s:14:\"\0*\0observables\";a:0:{}s:12:\"\0*\0relations\";a:0:{}s:10:\"\0*\0touches\";a:0:{}s:10:\"timestamps\";b:1;s:13:\"usesUniqueIds\";b:0;s:9:\"\0*\0hidden\";a:0:{}s:10:\"\0*\0visible\";a:0:{}s:11:\"\0*\0fillable\";a:0:{}s:10:\"\0*\0guarded\";a:0:{}s:11:\"pivotParent\";r:250;s:13:\"\0*\0foreignKey\";s:9:\"entity_id\";s:13:\"\0*\0relatedKey\";s:7:\"file_id\";s:12:\"\0*\0morphType\";s:11:\"entity_type\";s:13:\"\0*\0morphClass\";s:32:\"Modules\\Product\\Entities\\Product\";}}s:10:\"\0*\0touches\";a:0:{}s:10:\"timestamps\";b:1;s:13:\"usesUniqueIds\";b:0;s:9:\"\0*\0hidden\";a:0:{}s:10:\"\0*\0visible\";a:3:{i:0;s:2:\"id\";i:1;s:8:\"filename\";i:2;s:4:\"path\";}s:11:\"\0*\0fillable\";a:0:{}s:10:\"\0*\0guarded\";a:0:{}}}s:28:\"\0*\0escapeWhenCastingToString\";b:0;}s:10:\"categories\";O:26:\"TypiCMS\\NestableCollection\":8:{s:8:\"\0*\0items\";a:2:{i:0;O:34:\"Modules\\Category\\Entities\\Category\":33:{s:13:\"\0*\0connection\";s:5:\"mysql\";s:8:\"\0*\0table\";s:10:\"categories\";s:13:\"\0*\0primaryKey\";s:2:\"id\";s:10:\"\0*\0keyType\";s:3:\"int\";s:12:\"incrementing\";b:1;s:7:\"\0*\0with\";a:1:{i:0;s:12:\"translations\";}s:12:\"\0*\0withCount\";a:0:{}s:19:\"preventsLazyLoading\";b:0;s:10:\"\0*\0perPage\";i:15;s:6:\"exists\";b:1;s:18:\"wasRecentlyCreated\";b:0;s:28:\"\0*\0escapeWhenCastingToString\";b:0;s:13:\"\0*\0attributes\";a:8:{s:2:\"id\";i:2;s:9:\"parent_id\";N;s:4:\"slug\";s:7:\"relojes\";s:8:\"position\";i:16;s:13:\"is_searchable\";i:1;s:9:\"is_active\";i:1;s:10:\"created_at\";s:19:\"2024-12-13 14:50:13\";s:10:\"updated_at\";s:19:\"2024-12-15 01:12:15\";}s:11:\"\0*\0original\";a:10:{s:2:\"id\";i:2;s:9:\"parent_id\";N;s:4:\"slug\";s:7:\"relojes\";s:8:\"position\";i:16;s:13:\"is_searchable\";i:1;s:9:\"is_active\";i:1;s:10:\"created_at\";s:19:\"2024-12-13 14:50:13\";s:10:\"updated_at\";s:19:\"2024-12-15 01:12:15\";s:16:\"pivot_product_id\";i:33;s:17:\"pivot_category_id\";i:2;}s:10:\"\0*\0changes\";a:0:{}s:8:\"\0*\0casts\";a:2:{s:13:\"is_searchable\";s:7:\"boolean\";s:9:\"is_active\";s:7:\"boolean\";}s:17:\"\0*\0classCastCache\";a:0:{}s:21:\"\0*\0attributeCastCache\";a:0:{}s:13:\"\0*\0dateFormat\";N;s:10:\"\0*\0appends\";a:0:{}s:19:\"\0*\0dispatchesEvents\";a:0:{}s:14:\"\0*\0observables\";a:0:{}s:12:\"\0*\0relations\";a:2:{s:5:\"pivot\";O:44:\"Illuminate\\Database\\Eloquent\\Relations\\Pivot\":33:{s:13:\"\0*\0connection\";N;s:8:\"\0*\0table\";s:18:\"product_categories\";s:13:\"\0*\0primaryKey\";s:2:\"id\";s:10:\"\0*\0keyType\";s:3:\"int\";s:12:\"incrementing\";b:0;s:7:\"\0*\0with\";a:0:{}s:12:\"\0*\0withCount\";a:0:{}s:19:\"preventsLazyLoading\";b:0;s:10:\"\0*\0perPage\";i:15;s:6:\"exists\";b:1;s:18:\"wasRecentlyCreated\";b:0;s:28:\"\0*\0escapeWhenCastingToString\";b:0;s:13:\"\0*\0attributes\";a:2:{s:10:\"product_id\";i:33;s:11:\"category_id\";i:2;}s:11:\"\0*\0original\";a:2:{s:10:\"product_id\";i:33;s:11:\"category_id\";i:2;}s:10:\"\0*\0changes\";a:0:{}s:8:\"\0*\0casts\";a:0:{}s:17:\"\0*\0classCastCache\";a:0:{}s:21:\"\0*\0attributeCastCache\";a:0:{}s:13:\"\0*\0dateFormat\";N;s:10:\"\0*\0appends\";a:0:{}s:19:\"\0*\0dispatchesEvents\";a:0:{}s:14:\"\0*\0observables\";a:0:{}s:12:\"\0*\0relations\";a:0:{}s:10:\"\0*\0touches\";a:0:{}s:10:\"timestamps\";b:0;s:13:\"usesUniqueIds\";b:0;s:9:\"\0*\0hidden\";a:0:{}s:10:\"\0*\0visible\";a:0:{}s:11:\"\0*\0fillable\";a:0:{}s:10:\"\0*\0guarded\";a:0:{}s:11:\"pivotParent\";O:32:\"Modules\\Product\\Entities\\Product\":35:{s:13:\"\0*\0connection\";N;s:8:\"\0*\0table\";s:8:\"products\";s:13:\"\0*\0primaryKey\";s:2:\"id\";s:10:\"\0*\0keyType\";s:3:\"int\";s:12:\"incrementing\";b:1;s:7:\"\0*\0with\";a:1:{i:0;s:12:\"translations\";}s:12:\"\0*\0withCount\";a:0:{}s:19:\"preventsLazyLoading\";b:0;s:10:\"\0*\0perPage\";i:15;s:6:\"exists\";b:0;s:18:\"wasRecentlyCreated\";b:0;s:28:\"\0*\0escapeWhenCastingToString\";b:0;s:13:\"\0*\0attributes\";a:0:{}s:11:\"\0*\0original\";a:0:{}s:10:\"\0*\0changes\";a:0:{}s:8:\"\0*\0casts\";a:9:{s:10:\"is_virtual\";s:7:\"boolean\";s:9:\"is_active\";s:7:\"boolean\";s:19:\"special_price_start\";s:8:\"datetime\";s:17:\"special_price_end\";s:8:\"datetime\";s:8:\"new_from\";s:8:\"datetime\";s:6:\"new_to\";s:8:\"datetime\";s:10:\"start_date\";s:8:\"datetime\";s:8:\"end_date\";s:8:\"datetime\";s:10:\"deleted_at\";s:8:\"datetime\";}s:17:\"\0*\0classCastCache\";a:0:{}s:21:\"\0*\0attributeCastCache\";a:0:{}s:13:\"\0*\0dateFormat\";N;s:10:\"\0*\0appends\";a:13:{i:0;s:10:\"base_image\";i:1;s:17:\"additional_images\";i:2;s:5:\"media\";i:3;s:15:\"formatted_price\";i:4;s:21:\"formatted_price_range\";i:5;s:28:\"has_percentage_special_price\";i:6;s:21:\"special_price_percent\";i:7;s:14:\"rating_percent\";i:8;s:17:\"does_manage_stock\";i:9;s:11:\"is_in_stock\";i:10;s:15:\"is_out_of_stock\";i:11;s:6:\"is_new\";i:12;s:7:\"variant\";}s:19:\"\0*\0dispatchesEvents\";a:0:{}s:14:\"\0*\0observables\";a:0:{}s:12:\"\0*\0relations\";a:0:{}s:10:\"\0*\0touches\";a:0:{}s:10:\"timestamps\";b:1;s:13:\"usesUniqueIds\";b:0;s:9:\"\0*\0hidden\";a:0:{}s:10:\"\0*\0visible\";a:0:{}s:11:\"\0*\0fillable\";a:17:{i:0;s:8:\"brand_id\";i:1;s:12:\"tax_class_id\";i:2;s:4:\"slug\";i:3;s:3:\"sku\";i:4;s:5:\"price\";i:5;s:13:\"special_price\";i:6;s:18:\"special_price_type\";i:7;s:19:\"special_price_start\";i:8;s:17:\"special_price_end\";i:9;s:13:\"selling_price\";i:10;s:12:\"manage_stock\";i:11;s:3:\"qty\";i:12;s:8:\"in_stock\";i:13;s:10:\"is_virtual\";i:14;s:9:\"is_active\";i:15;s:8:\"new_from\";i:16;s:6:\"new_to\";}s:10:\"\0*\0guarded\";a:1:{i:0;s:1:\"*\";}s:23:\"\0*\0translatedAttributes\";a:3:{i:0;s:4:\"name\";i:1;s:11:\"description\";i:2;s:17:\"short_description\";}s:16:\"\0*\0slugAttribute\";s:4:\"name\";s:16:\"\0*\0defaultLocale\";N;s:16:\"\0*\0scoutMetadata\";a:0:{}s:16:\"\0*\0forceDeleting\";b:0;}s:13:\"\0*\0foreignKey\";s:10:\"product_id\";s:13:\"\0*\0relatedKey\";s:11:\"category_id\";}s:12:\"translations\";O:39:\"Illuminate\\Database\\Eloquent\\Collection\":2:{s:8:\"\0*\0items\";a:1:{i:0;O:45:\"Modules\\Category\\Entities\\CategoryTranslation\":30:{s:13:\"\0*\0connection\";s:5:\"mysql\";s:8:\"\0*\0table\";s:21:\"category_translations\";s:13:\"\0*\0primaryKey\";s:2:\"id\";s:10:\"\0*\0keyType\";s:3:\"int\";s:12:\"incrementing\";b:1;s:7:\"\0*\0with\";a:0:{}s:12:\"\0*\0withCount\";a:0:{}s:19:\"preventsLazyLoading\";b:0;s:10:\"\0*\0perPage\";i:15;s:6:\"exists\";b:1;s:18:\"wasRecentlyCreated\";b:0;s:28:\"\0*\0escapeWhenCastingToString\";b:0;s:13:\"\0*\0attributes\";a:4:{s:2:\"id\";i:2;s:11:\"category_id\";i:2;s:6:\"locale\";s:2:\"es\";s:4:\"name\";s:14:\"Moda Masculina\";}s:11:\"\0*\0original\";a:4:{s:2:\"id\";i:2;s:11:\"category_id\";i:2;s:6:\"locale\";s:2:\"es\";s:4:\"name\";s:14:\"Moda Masculina\";}s:10:\"\0*\0changes\";a:0:{}s:8:\"\0*\0casts\";a:0:{}s:17:\"\0*\0classCastCache\";a:0:{}s:21:\"\0*\0attributeCastCache\";a:0:{}s:13:\"\0*\0dateFormat\";N;s:10:\"\0*\0appends\";a:0:{}s:19:\"\0*\0dispatchesEvents\";a:0:{}s:14:\"\0*\0observables\";a:0:{}s:12:\"\0*\0relations\";a:0:{}s:10:\"\0*\0touches\";a:0:{}s:10:\"timestamps\";b:0;s:13:\"usesUniqueIds\";b:0;s:9:\"\0*\0hidden\";a:0:{}s:10:\"\0*\0visible\";a:0:{}s:11:\"\0*\0fillable\";a:1:{i:0;s:4:\"name\";}s:10:\"\0*\0guarded\";a:1:{i:0;s:1:\"*\";}}}s:28:\"\0*\0escapeWhenCastingToString\";b:0;}}s:10:\"\0*\0touches\";a:0:{}s:10:\"timestamps\";b:1;s:13:\"usesUniqueIds\";b:0;s:9:\"\0*\0hidden\";a:1:{i:0;s:12:\"translations\";}s:10:\"\0*\0visible\";a:0:{}s:11:\"\0*\0fillable\";a:5:{i:0;s:9:\"parent_id\";i:1;s:4:\"slug\";i:2;s:8:\"position\";i:3;s:13:\"is_searchable\";i:4;s:9:\"is_active\";}s:10:\"\0*\0guarded\";a:1:{i:0;s:1:\"*\";}s:23:\"\0*\0translatedAttributes\";a:1:{i:0;s:4:\"name\";}s:16:\"\0*\0slugAttribute\";s:4:\"name\";s:16:\"\0*\0defaultLocale\";N;}i:1;O:34:\"Modules\\Category\\Entities\\Category\":33:{s:13:\"\0*\0connection\";s:5:\"mysql\";s:8:\"\0*\0table\";s:10:\"categories\";s:13:\"\0*\0primaryKey\";s:2:\"id\";s:10:\"\0*\0keyType\";s:3:\"int\";s:12:\"incrementing\";b:1;s:7:\"\0*\0with\";a:1:{i:0;s:12:\"translations\";}s:12:\"\0*\0withCount\";a:0:{}s:19:\"preventsLazyLoading\";b:0;s:10:\"\0*\0perPage\";i:15;s:6:\"exists\";b:1;s:18:\"wasRecentlyCreated\";b:0;s:28:\"\0*\0escapeWhenCastingToString\";b:0;s:13:\"\0*\0attributes\";a:8:{s:2:\"id\";i:14;s:9:\"parent_id\";i:2;s:4:\"slug\";s:4:\"ropa\";s:8:\"position\";i:18;s:13:\"is_searchable\";i:0;s:9:\"is_active\";i:1;s:10:\"created_at\";s:19:\"2024-12-13 15:15:52\";s:10:\"updated_at\";s:19:\"2024-12-13 15:19:49\";}s:11:\"\0*\0original\";a:10:{s:2:\"id\";i:14;s:9:\"parent_id\";i:2;s:4:\"slug\";s:4:\"ropa\";s:8:\"position\";i:18;s:13:\"is_searchable\";i:0;s:9:\"is_active\";i:1;s:10:\"created_at\";s:19:\"2024-12-13 15:15:52\";s:10:\"updated_at\";s:19:\"2024-12-13 15:19:49\";s:16:\"pivot_product_id\";i:33;s:17:\"pivot_category_id\";i:14;}s:10:\"\0*\0changes\";a:0:{}s:8:\"\0*\0casts\";a:2:{s:13:\"is_searchable\";s:7:\"boolean\";s:9:\"is_active\";s:7:\"boolean\";}s:17:\"\0*\0classCastCache\";a:0:{}s:21:\"\0*\0attributeCastCache\";a:0:{}s:13:\"\0*\0dateFormat\";N;s:10:\"\0*\0appends\";a:0:{}s:19:\"\0*\0dispatchesEvents\";a:0:{}s:14:\"\0*\0observables\";a:0:{}s:12:\"\0*\0relations\";a:2:{s:5:\"pivot\";O:44:\"Illuminate\\Database\\Eloquent\\Relations\\Pivot\":33:{s:13:\"\0*\0connection\";N;s:8:\"\0*\0table\";s:18:\"product_categories\";s:13:\"\0*\0primaryKey\";s:2:\"id\";s:10:\"\0*\0keyType\";s:3:\"int\";s:12:\"incrementing\";b:0;s:7:\"\0*\0with\";a:0:{}s:12:\"\0*\0withCount\";a:0:{}s:19:\"preventsLazyLoading\";b:0;s:10:\"\0*\0perPage\";i:15;s:6:\"exists\";b:1;s:18:\"wasRecentlyCreated\";b:0;s:28:\"\0*\0escapeWhenCastingToString\";b:0;s:13:\"\0*\0attributes\";a:2:{s:10:\"product_id\";i:33;s:11:\"category_id\";i:14;}s:11:\"\0*\0original\";a:2:{s:10:\"product_id\";i:33;s:11:\"category_id\";i:14;}s:10:\"\0*\0changes\";a:0:{}s:8:\"\0*\0casts\";a:0:{}s:17:\"\0*\0classCastCache\";a:0:{}s:21:\"\0*\0attributeCastCache\";a:0:{}s:13:\"\0*\0dateFormat\";N;s:10:\"\0*\0appends\";a:0:{}s:19:\"\0*\0dispatchesEvents\";a:0:{}s:14:\"\0*\0observables\";a:0:{}s:12:\"\0*\0relations\";a:0:{}s:10:\"\0*\0touches\";a:0:{}s:10:\"timestamps\";b:0;s:13:\"usesUniqueIds\";b:0;s:9:\"\0*\0hidden\";a:0:{}s:10:\"\0*\0visible\";a:0:{}s:11:\"\0*\0fillable\";a:0:{}s:10:\"\0*\0guarded\";a:0:{}s:11:\"pivotParent\";r:982;s:13:\"\0*\0foreignKey\";s:10:\"product_id\";s:13:\"\0*\0relatedKey\";s:11:\"category_id\";}s:12:\"translations\";O:39:\"Illuminate\\Database\\Eloquent\\Collection\":2:{s:8:\"\0*\0items\";a:1:{i:0;O:45:\"Modules\\Category\\Entities\\CategoryTranslation\":30:{s:13:\"\0*\0connection\";s:5:\"mysql\";s:8:\"\0*\0table\";s:21:\"category_translations\";s:13:\"\0*\0primaryKey\";s:2:\"id\";s:10:\"\0*\0keyType\";s:3:\"int\";s:12:\"incrementing\";b:1;s:7:\"\0*\0with\";a:0:{}s:12:\"\0*\0withCount\";a:0:{}s:19:\"preventsLazyLoading\";b:0;s:10:\"\0*\0perPage\";i:15;s:6:\"exists\";b:1;s:18:\"wasRecentlyCreated\";b:0;s:28:\"\0*\0escapeWhenCastingToString\";b:0;s:13:\"\0*\0attributes\";a:4:{s:2:\"id\";i:14;s:11:\"category_id\";i:14;s:6:\"locale\";s:2:\"es\";s:4:\"name\";s:4:\"Ropa\";}s:11:\"\0*\0original\";a:4:{s:2:\"id\";i:14;s:11:\"category_id\";i:14;s:6:\"locale\";s:2:\"es\";s:4:\"name\";s:4:\"Ropa\";}s:10:\"\0*\0changes\";a:0:{}s:8:\"\0*\0casts\";a:0:{}s:17:\"\0*\0classCastCache\";a:0:{}s:21:\"\0*\0attributeCastCache\";a:0:{}s:13:\"\0*\0dateFormat\";N;s:10:\"\0*\0appends\";a:0:{}s:19:\"\0*\0dispatchesEvents\";a:0:{}s:14:\"\0*\0observables\";a:0:{}s:12:\"\0*\0relations\";a:0:{}s:10:\"\0*\0touches\";a:0:{}s:10:\"timestamps\";b:0;s:13:\"usesUniqueIds\";b:0;s:9:\"\0*\0hidden\";a:0:{}s:10:\"\0*\0visible\";a:0:{}s:11:\"\0*\0fillable\";a:1:{i:0;s:4:\"name\";}s:10:\"\0*\0guarded\";a:1:{i:0;s:1:\"*\";}}}s:28:\"\0*\0escapeWhenCastingToString\";b:0;}}s:10:\"\0*\0touches\";a:0:{}s:10:\"timestamps\";b:1;s:13:\"usesUniqueIds\";b:0;s:9:\"\0*\0hidden\";a:1:{i:0;s:12:\"translations\";}s:10:\"\0*\0visible\";a:0:{}s:11:\"\0*\0fillable\";a:5:{i:0;s:9:\"parent_id\";i:1;s:4:\"slug\";i:2;s:8:\"position\";i:3;s:13:\"is_searchable\";i:4;s:9:\"is_active\";}s:10:\"\0*\0guarded\";a:1:{i:0;s:1:\"*\";}s:23:\"\0*\0translatedAttributes\";a:1:{i:0;s:4:\"name\";}s:16:\"\0*\0slugAttribute\";s:4:\"name\";s:16:\"\0*\0defaultLocale\";N;}}s:28:\"\0*\0escapeWhenCastingToString\";b:0;s:8:\"\0*\0total\";i:2;s:15:\"\0*\0parentColumn\";s:9:\"parent_id\";s:33:\"\0*\0removeItemsWithMissingAncestor\";b:1;s:14:\"\0*\0indentChars\";s:8:\"    \";s:15:\"\0*\0childrenName\";s:5:\"items\";s:17:\"\0*\0parentRelation\";s:6:\"parent\";}s:8:\"taxClass\";O:29:\"Modules\\Tax\\Entities\\TaxClass\":33:{s:13:\"\0*\0connection\";N;s:8:\"\0*\0table\";s:11:\"tax_classes\";s:13:\"\0*\0primaryKey\";s:2:\"id\";s:10:\"\0*\0keyType\";s:3:\"int\";s:12:\"incrementing\";b:1;s:7:\"\0*\0with\";a:1:{i:0;s:12:\"translations\";}s:12:\"\0*\0withCount\";a:0:{}s:19:\"preventsLazyLoading\";b:0;s:10:\"\0*\0perPage\";i:15;s:6:\"exists\";b:0;s:18:\"wasRecentlyCreated\";b:0;s:28:\"\0*\0escapeWhenCastingToString\";b:0;s:13:\"\0*\0attributes\";a:0:{}s:11:\"\0*\0original\";a:0:{}s:10:\"\0*\0changes\";a:0:{}s:8:\"\0*\0casts\";a:3:{s:10:\"start_date\";s:8:\"datetime\";s:8:\"end_date\";s:8:\"datetime\";s:10:\"deleted_at\";s:8:\"datetime\";}s:17:\"\0*\0classCastCache\";a:0:{}s:21:\"\0*\0attributeCastCache\";a:0:{}s:13:\"\0*\0dateFormat\";N;s:10:\"\0*\0appends\";a:0:{}s:19:\"\0*\0dispatchesEvents\";a:0:{}s:14:\"\0*\0observables\";a:0:{}s:12:\"\0*\0relations\";a:0:{}s:10:\"\0*\0touches\";a:0:{}s:10:\"timestamps\";b:1;s:13:\"usesUniqueIds\";b:0;s:9:\"\0*\0hidden\";a:0:{}s:10:\"\0*\0visible\";a:0:{}s:11:\"\0*\0fillable\";a:1:{i:0;s:8:\"based_on\";}s:10:\"\0*\0guarded\";a:1:{i:0;s:1:\"*\";}s:20:\"translatedAttributes\";a:1:{i:0;s:5:\"label\";}s:16:\"\0*\0defaultLocale\";N;s:16:\"\0*\0forceDeleting\";b:0;}}s:10:\"\0*\0touches\";a:0:{}s:10:\"timestamps\";b:1;s:13:\"usesUniqueIds\";b:0;s:9:\"\0*\0hidden\";a:0:{}s:10:\"\0*\0visible\";a:0:{}s:11:\"\0*\0fillable\";a:17:{i:0;s:8:\"brand_id\";i:1;s:12:\"tax_class_id\";i:2;s:4:\"slug\";i:3;s:3:\"sku\";i:4;s:5:\"price\";i:5;s:13:\"special_price\";i:6;s:18:\"special_price_type\";i:7;s:19:\"special_price_start\";i:8;s:17:\"special_price_end\";i:9;s:13:\"selling_price\";i:10;s:12:\"manage_stock\";i:11;s:3:\"qty\";i:12;s:8:\"in_stock\";i:13;s:10:\"is_virtual\";i:14;s:9:\"is_active\";i:15;s:8:\"new_from\";i:16;s:6:\"new_to\";}s:10:\"\0*\0guarded\";a:1:{i:0;s:1:\"*\";}s:23:\"\0*\0translatedAttributes\";a:3:{i:0;s:4:\"name\";i:1;s:11:\"description\";i:2;s:17:\"short_description\";}s:16:\"\0*\0slugAttribute\";s:4:\"name\";s:16:\"\0*\0defaultLocale\";N;s:16:\"\0*\0scoutMetadata\";a:0:{}s:16:\"\0*\0forceDeleting\";b:0;}s:7:\"variant\";N;s:4:\"item\";r:11;s:10:\"variations\";O:39:\"Illuminate\\Database\\Eloquent\\Collection\":2:{s:8:\"\0*\0items\";a:0:{}s:28:\"\0*\0escapeWhenCastingToString\";b:0;}s:7:\"options\";O:29:\"Illuminate\\Support\\Collection\":2:{s:8:\"\0*\0items\";a:0:{}s:28:\"\0*\0escapeWhenCastingToString\";b:0;}s:10:\"created_at\";i:1734694973;}s:28:\"\0*\0escapeWhenCastingToString\";b:0;}s:10:\"conditions\";a:0:{}}s:28:\"\0*\0escapeWhenCastingToString\";b:0;s:9:\"\0*\0config\";a:5:{s:14:\"format_numbers\";b:0;s:8:\"decimals\";i:0;s:9:\"dec_point\";s:1:\".\";s:13:\"thousands_sep\";s:1:\",\";s:6:\"events\";N;}}}s:28:\"\0*\0escapeWhenCastingToString\";b:0;}','2024-12-20 05:42:53','2024-12-20 05:42:53'),
('jxFMEJaZwMEquGmSjHUuJTPf6lFnVwJ5CLuwr7O6_cart_conditions','a:0:{}','2025-04-30 18:10:09','2025-04-30 18:10:09'),
('jxFMEJaZwMEquGmSjHUuJTPf6lFnVwJ5CLuwr7O6_cart_items','O:32:\"Darryldecode\\Cart\\CartCollection\":2:{s:8:\"\0*\0items\";a:1:{s:32:\"d10ffa29fa2e0155c3d81a3a84edaff3\";O:32:\"Darryldecode\\Cart\\ItemCollection\":3:{s:8:\"\0*\0items\";a:6:{s:2:\"id\";s:32:\"d10ffa29fa2e0155c3d81a3a84edaff3\";s:4:\"name\";s:78:\"Reloj inteligente Samsung Galaxy Watch (46 mm, GPS, Bluetooth) – Plata/Negro\";s:5:\"price\";d:146.3;s:8:\"quantity\";i:1;s:10:\"attributes\";O:41:\"Darryldecode\\Cart\\ItemAttributeCollection\":2:{s:8:\"\0*\0items\";a:6:{s:7:\"product\";O:32:\"Modules\\Product\\Entities\\Product\":35:{s:13:\"\0*\0connection\";s:5:\"mysql\";s:8:\"\0*\0table\";s:8:\"products\";s:13:\"\0*\0primaryKey\";s:2:\"id\";s:10:\"\0*\0keyType\";s:3:\"int\";s:12:\"incrementing\";b:1;s:7:\"\0*\0with\";a:1:{i:0;s:12:\"translations\";}s:12:\"\0*\0withCount\";a:0:{}s:19:\"preventsLazyLoading\";b:0;s:10:\"\0*\0perPage\";i:15;s:6:\"exists\";b:1;s:18:\"wasRecentlyCreated\";b:0;s:28:\"\0*\0escapeWhenCastingToString\";b:0;s:13:\"\0*\0attributes\";a:22:{s:2:\"id\";i:32;s:8:\"brand_id\";N;s:12:\"tax_class_id\";N;s:4:\"slug\";s:69:\"reloj-inteligente-samsung-galaxy-watch-46-mm-gps-bluetooth-platanegro\";s:5:\"price\";s:8:\"209.0000\";s:13:\"special_price\";s:7:\"30.0000\";s:18:\"special_price_type\";s:7:\"percent\";s:19:\"special_price_start\";N;s:17:\"special_price_end\";s:10:\"2024-12-30\";s:13:\"selling_price\";s:8:\"146.3000\";s:3:\"sku\";s:8:\"HT081PK7\";s:12:\"manage_stock\";i:0;s:3:\"qty\";N;s:8:\"in_stock\";i:1;s:6:\"viewed\";i:8;s:9:\"is_active\";i:1;s:8:\"new_from\";N;s:6:\"new_to\";N;s:10:\"deleted_at\";N;s:10:\"created_at\";s:19:\"2024-12-19 11:18:47\";s:10:\"updated_at\";s:19:\"2024-12-19 11:23:34\";s:10:\"is_virtual\";i:0;}s:11:\"\0*\0original\";a:22:{s:2:\"id\";i:32;s:8:\"brand_id\";N;s:12:\"tax_class_id\";N;s:4:\"slug\";s:69:\"reloj-inteligente-samsung-galaxy-watch-46-mm-gps-bluetooth-platanegro\";s:5:\"price\";s:8:\"209.0000\";s:13:\"special_price\";s:7:\"30.0000\";s:18:\"special_price_type\";s:7:\"percent\";s:19:\"special_price_start\";N;s:17:\"special_price_end\";s:10:\"2024-12-30\";s:13:\"selling_price\";s:8:\"146.3000\";s:3:\"sku\";s:8:\"HT081PK7\";s:12:\"manage_stock\";i:0;s:3:\"qty\";N;s:8:\"in_stock\";i:1;s:6:\"viewed\";i:8;s:9:\"is_active\";i:1;s:8:\"new_from\";N;s:6:\"new_to\";N;s:10:\"deleted_at\";N;s:10:\"created_at\";s:19:\"2024-12-19 11:18:47\";s:10:\"updated_at\";s:19:\"2024-12-19 11:23:34\";s:10:\"is_virtual\";i:0;}s:10:\"\0*\0changes\";a:0:{}s:8:\"\0*\0casts\";a:9:{s:10:\"is_virtual\";s:7:\"boolean\";s:9:\"is_active\";s:7:\"boolean\";s:19:\"special_price_start\";s:8:\"datetime\";s:17:\"special_price_end\";s:8:\"datetime\";s:8:\"new_from\";s:8:\"datetime\";s:6:\"new_to\";s:8:\"datetime\";s:10:\"start_date\";s:8:\"datetime\";s:8:\"end_date\";s:8:\"datetime\";s:10:\"deleted_at\";s:8:\"datetime\";}s:17:\"\0*\0classCastCache\";a:0:{}s:21:\"\0*\0attributeCastCache\";a:0:{}s:13:\"\0*\0dateFormat\";N;s:10:\"\0*\0appends\";a:13:{i:0;s:10:\"base_image\";i:1;s:17:\"additional_images\";i:2;s:5:\"media\";i:3;s:15:\"formatted_price\";i:4;s:21:\"formatted_price_range\";i:5;s:28:\"has_percentage_special_price\";i:6;s:21:\"special_price_percent\";i:7;s:14:\"rating_percent\";i:8;s:17:\"does_manage_stock\";i:9;s:11:\"is_in_stock\";i:10;s:15:\"is_out_of_stock\";i:11;s:6:\"is_new\";i:12;s:7:\"variant\";}s:19:\"\0*\0dispatchesEvents\";a:0:{}s:14:\"\0*\0observables\";a:0:{}s:12:\"\0*\0relations\";a:4:{s:12:\"translations\";O:39:\"Illuminate\\Database\\Eloquent\\Collection\":2:{s:8:\"\0*\0items\";a:1:{i:0;O:43:\"Modules\\Product\\Entities\\ProductTranslation\":30:{s:13:\"\0*\0connection\";s:5:\"mysql\";s:8:\"\0*\0table\";s:20:\"product_translations\";s:13:\"\0*\0primaryKey\";s:2:\"id\";s:10:\"\0*\0keyType\";s:3:\"int\";s:12:\"incrementing\";b:1;s:7:\"\0*\0with\";a:0:{}s:12:\"\0*\0withCount\";a:0:{}s:19:\"preventsLazyLoading\";b:0;s:10:\"\0*\0perPage\";i:15;s:6:\"exists\";b:1;s:18:\"wasRecentlyCreated\";b:0;s:28:\"\0*\0escapeWhenCastingToString\";b:0;s:13:\"\0*\0attributes\";a:6:{s:2:\"id\";i:32;s:10:\"product_id\";i:32;s:6:\"locale\";s:2:\"es\";s:4:\"name\";s:78:\"Reloj inteligente Samsung Galaxy Watch (46 mm, GPS, Bluetooth) – Plata/Negro\";s:11:\"description\";s:6889:\"<p><span class=\"a-list-item\"><img src=\"/storage/media/2plK6n6zym2uqHFDx8YbmFWPZu0qVE3xMQJ4mIQk.jpeg\" alt=\"\" width=\"1464\" loading=\"lazy\" /></span></p>\n<p><img src=\"/storage/media/ehwArCEZuUvIOVbEudcdQD1lx3FHCSepjDJbFuUL.jpg\" loading=\"lazy\" /></p>\n<p><span class=\"a-list-item\"><span style=\"vertical-align: inherit;\"><span style=\"vertical-align: inherit;\">Vive una vida m&aacute;s fuerte e inteligente con Galaxy Watch en tu mu&ntilde;eca. Descansa bien y mantente activo con el seguimiento de salud integrado y una conexi&oacute;n Bluetooth que te permite tener todo en tu mu&ntilde;eca. Adem&aacute;s, puedes pasar d&iacute;as sin cargarlo.</span></span></span></p>\n<p><span class=\"a-list-item\"><span style=\"vertical-align: inherit;\"><span style=\"vertical-align: inherit;\">Con una sola carga, puedes trabajar sin parar durante d&iacute;as. El cargador inal&aacute;mbrico te permite cargar tu dispositivo sin disminuir la velocidad. (Rendimiento promedio esperado basado en un uso t&iacute;pico. Los resultados pueden variar).</span></span></span></p>\n<p>&nbsp;</p>\n<p><span class=\"a-list-item\"><img src=\"/storage/media/JnZ8j5G4nmUKY9IkPfpchVOMl10uh7r85XGJGgF9.jpeg\" alt=\"\" width=\"800\" loading=\"lazy\" /></span></p>\n<p><img src=\"/storage/media/9dJcyRl7XYV0AQEybWNt3ahFbKS2cHX7RF3xDLQ4.jpg\" loading=\"lazy\" /></p>\n<p>&nbsp;</p>\n<p><span class=\"a-list-item\"><img src=\"/storage/media/tcLDmXwKVZ1R2OwNuB8kzxwadpNMetpVscCUoRJI.jpeg\" alt=\"\" width=\"800\" loading=\"lazy\" /></span></p>\n<p><span class=\"a-list-item\"><span style=\"vertical-align: inherit;\"><span style=\"vertical-align: inherit;\">Disponible en dos tama&ntilde;os y tres colores, el Galaxy Watch ofrece esferas elegantes tan realistas que apenas parecen digitales. Adem&aacute;s, puedes elegir entre una colecci&oacute;n de correas intercambiables.</span></span></span></p>\n<p><span class=\"a-list-item\"><span style=\"vertical-align: inherit;\"><span style=\"vertical-align: inherit;\">Se empareja con tel&eacute;fonos inteligentes Android e iOS a trav&eacute;s de conexi&oacute;n Bluetooth.</span></span></span></p>\n<p><span class=\"a-list-item\"><span style=\"vertical-align: inherit;\"><span style=\"vertical-align: inherit;\">Incluido en la caja: Galaxy Watch, correa adicional (grande y peque&ntilde;a incluidas), base de carga inal&aacute;mbrica, adaptador de viaje, gu&iacute;a de inicio r&aacute;pido, manual del usuario (garant&iacute;a: 1 a&ntilde;o para piezas y mano de obra est&aacute;ndar)</span></span></span></p>\n<p>&nbsp;</p>\n<p><span class=\"a-list-item\"><img src=\"/storage/media/LfZPd1dTdXVYYx2CV3NUBtpqm8N4hwA13sB73DHh.jpeg\" alt=\"\" width=\"800\" loading=\"lazy\" /></span></p>\n<p>&nbsp;</p>\n<p><img src=\"/storage/media/bSZMaLnHfVNRA17Nc33fBIubqdqO6b0t0FTTDi8V.jpg\" loading=\"lazy\" /></p>\n<p><span class=\"a-list-item\"><img src=\"/storage/media/oEzsjhMS9QqOOO789QhXKo148azC9Ipsb0gmaKpI.jpeg\" alt=\"\" width=\"800\" loading=\"lazy\" /></span></p>\n<p>&nbsp;</p>\n<p>&nbsp;</p>\n<p>&nbsp;</p>\n<p>&nbsp;</p>\n<p><strong><span class=\"a-list-item\"><span style=\"vertical-align: inherit;\"><span style=\"vertical-align: inherit;\">Detalles del producto:</span></span></span></strong></p>\n<p>&nbsp;</p>\n<table id=\"productDetails_detailBullets_sections1\" class=\"a-keyvalue prodDetTable\" style=\"height: 140px;\" role=\"presentation\">\n<tbody>\n<tr style=\"height: 20px;\">\n<th class=\"a-color-secondary a-size-base prodDetSectionEntry\" style=\"text-align: left; height: 20px; width: 157.227px;\"><span style=\"vertical-align: inherit;\"><span style=\"vertical-align: inherit;\">Dimensiones del producto</span></span></th>\n<td class=\"a-size-base\" style=\"height: 20px; width: 328.477px; text-align: right;\"><span style=\"vertical-align: inherit;\"><span style=\"vertical-align: inherit;\">0,5 x 1,8 x 1,9 pulgadas</span></span></td>\n</tr>\n<tr style=\"height: 20px;\">\n<th class=\"a-color-secondary a-size-base prodDetSectionEntry\" style=\"text-align: left; height: 20px; width: 157.227px;\"><span style=\"vertical-align: inherit;\"><span style=\"vertical-align: inherit;\">Peso del art&iacute;culo</span></span></th>\n<td class=\"a-size-base\" style=\"height: 20px; width: 328.477px; text-align: right;\"><span style=\"vertical-align: inherit;\"><span style=\"vertical-align: inherit;\">2,88 onzas</span></span></td>\n</tr>\n<tr style=\"height: 20px;\">\n<th class=\"a-color-secondary a-size-base prodDetSectionEntry\" style=\"text-align: left; height: 20px; width: 157.227px;\"><span style=\"vertical-align: inherit;\"><span style=\"vertical-align: inherit;\">Peso del env&iacute;o</span></span></th>\n<td class=\"a-size-base\" style=\"height: 20px; width: 328.477px; text-align: right;\"><span style=\"vertical-align: inherit;\"><span style=\"vertical-align: inherit;\">13,6 onzas</span></span></td>\n</tr>\n<tr style=\"height: 20px;\">\n<th class=\"a-color-secondary a-size-base prodDetSectionEntry\" style=\"text-align: left; height: 20px; width: 157.227px;\"><span style=\"vertical-align: inherit;\"><span style=\"vertical-align: inherit;\">ASIN</span></span></th>\n<td class=\"a-size-base\" style=\"height: 20px; width: 328.477px; text-align: right;\"><span style=\"vertical-align: inherit;\"><span style=\"vertical-align: inherit;\">B07FTKJCMT</span></span></td>\n</tr>\n<tr style=\"height: 20px;\">\n<th class=\"a-color-secondary a-size-base prodDetSectionEntry\" style=\"text-align: left; height: 20px; width: 157.227px;\"><span style=\"vertical-align: inherit;\"><span style=\"vertical-align: inherit;\">Residentes de California</span></span></th>\n<td class=\"a-size-base\" style=\"height: 20px; width: 328.477px; text-align: right;\"><a href=\"https://www.amazon.com/gp/help/customer/display.html/ref=dp_prop65_warn?ie=UTF8&amp;nodeId=3234041\"><span style=\"vertical-align: inherit;\"><span style=\"vertical-align: inherit;\">Haga clic aqu&iacute;</span></span></a><span style=\"vertical-align: inherit;\"><span style=\"vertical-align: inherit;\"> &nbsp;para ver la advertencia sobre la Proposici&oacute;n 65</span></span></td>\n</tr>\n<tr style=\"height: 20px;\">\n<th class=\"a-color-secondary a-size-base prodDetSectionEntry\" style=\"text-align: left; height: 20px; width: 157.227px;\"><span style=\"vertical-align: inherit;\"><span style=\"vertical-align: inherit;\">N&uacute;mero de modelo del art&iacute;culo</span></span></th>\n<td class=\"a-size-base\" style=\"height: 20px; width: 328.477px; text-align: right;\"><span style=\"vertical-align: inherit;\"><span style=\"vertical-align: inherit;\">SM-R800NZSAXAR</span></span></td>\n</tr>\n<tr style=\"height: 20px;\">\n<th class=\"a-color-secondary a-size-base prodDetSectionEntry\" style=\"text-align: left; height: 20px; width: 157.227px;\"><span style=\"vertical-align: inherit;\"><span style=\"vertical-align: inherit;\">Bater&iacute;as</span></span></th>\n<td class=\"a-size-base\" style=\"height: 20px; width: 328.477px; text-align: right;\"><span style=\"vertical-align: inherit;\"><span style=\"vertical-align: inherit;\">Se requieren 1 bater&iacute;a de metal de litio (incluida).</span></span></td>\n</tr>\n</tbody>\n</table>\n<p>&nbsp;</p>\";s:17:\"short_description\";s:254:\"Vive una vida más fuerte e inteligente con Galaxy Watch en tu muñeca. Descansa bien, mantente activo y mantén a raya el estrés con el seguimiento de salud integrado. Pasa días sin cargar tu reloj. La conexión Bluetooth te permite tener todo a mano.\";}s:11:\"\0*\0original\";a:6:{s:2:\"id\";i:32;s:10:\"product_id\";i:32;s:6:\"locale\";s:2:\"es\";s:4:\"name\";s:78:\"Reloj inteligente Samsung Galaxy Watch (46 mm, GPS, Bluetooth) – Plata/Negro\";s:11:\"description\";s:6889:\"<p><span class=\"a-list-item\"><img src=\"/storage/media/2plK6n6zym2uqHFDx8YbmFWPZu0qVE3xMQJ4mIQk.jpeg\" alt=\"\" width=\"1464\" loading=\"lazy\" /></span></p>\n<p><img src=\"/storage/media/ehwArCEZuUvIOVbEudcdQD1lx3FHCSepjDJbFuUL.jpg\" loading=\"lazy\" /></p>\n<p><span class=\"a-list-item\"><span style=\"vertical-align: inherit;\"><span style=\"vertical-align: inherit;\">Vive una vida m&aacute;s fuerte e inteligente con Galaxy Watch en tu mu&ntilde;eca. Descansa bien y mantente activo con el seguimiento de salud integrado y una conexi&oacute;n Bluetooth que te permite tener todo en tu mu&ntilde;eca. Adem&aacute;s, puedes pasar d&iacute;as sin cargarlo.</span></span></span></p>\n<p><span class=\"a-list-item\"><span style=\"vertical-align: inherit;\"><span style=\"vertical-align: inherit;\">Con una sola carga, puedes trabajar sin parar durante d&iacute;as. El cargador inal&aacute;mbrico te permite cargar tu dispositivo sin disminuir la velocidad. (Rendimiento promedio esperado basado en un uso t&iacute;pico. Los resultados pueden variar).</span></span></span></p>\n<p>&nbsp;</p>\n<p><span class=\"a-list-item\"><img src=\"/storage/media/JnZ8j5G4nmUKY9IkPfpchVOMl10uh7r85XGJGgF9.jpeg\" alt=\"\" width=\"800\" loading=\"lazy\" /></span></p>\n<p><img src=\"/storage/media/9dJcyRl7XYV0AQEybWNt3ahFbKS2cHX7RF3xDLQ4.jpg\" loading=\"lazy\" /></p>\n<p>&nbsp;</p>\n<p><span class=\"a-list-item\"><img src=\"/storage/media/tcLDmXwKVZ1R2OwNuB8kzxwadpNMetpVscCUoRJI.jpeg\" alt=\"\" width=\"800\" loading=\"lazy\" /></span></p>\n<p><span class=\"a-list-item\"><span style=\"vertical-align: inherit;\"><span style=\"vertical-align: inherit;\">Disponible en dos tama&ntilde;os y tres colores, el Galaxy Watch ofrece esferas elegantes tan realistas que apenas parecen digitales. Adem&aacute;s, puedes elegir entre una colecci&oacute;n de correas intercambiables.</span></span></span></p>\n<p><span class=\"a-list-item\"><span style=\"vertical-align: inherit;\"><span style=\"vertical-align: inherit;\">Se empareja con tel&eacute;fonos inteligentes Android e iOS a trav&eacute;s de conexi&oacute;n Bluetooth.</span></span></span></p>\n<p><span class=\"a-list-item\"><span style=\"vertical-align: inherit;\"><span style=\"vertical-align: inherit;\">Incluido en la caja: Galaxy Watch, correa adicional (grande y peque&ntilde;a incluidas), base de carga inal&aacute;mbrica, adaptador de viaje, gu&iacute;a de inicio r&aacute;pido, manual del usuario (garant&iacute;a: 1 a&ntilde;o para piezas y mano de obra est&aacute;ndar)</span></span></span></p>\n<p>&nbsp;</p>\n<p><span class=\"a-list-item\"><img src=\"/storage/media/LfZPd1dTdXVYYx2CV3NUBtpqm8N4hwA13sB73DHh.jpeg\" alt=\"\" width=\"800\" loading=\"lazy\" /></span></p>\n<p>&nbsp;</p>\n<p><img src=\"/storage/media/bSZMaLnHfVNRA17Nc33fBIubqdqO6b0t0FTTDi8V.jpg\" loading=\"lazy\" /></p>\n<p><span class=\"a-list-item\"><img src=\"/storage/media/oEzsjhMS9QqOOO789QhXKo148azC9Ipsb0gmaKpI.jpeg\" alt=\"\" width=\"800\" loading=\"lazy\" /></span></p>\n<p>&nbsp;</p>\n<p>&nbsp;</p>\n<p>&nbsp;</p>\n<p>&nbsp;</p>\n<p><strong><span class=\"a-list-item\"><span style=\"vertical-align: inherit;\"><span style=\"vertical-align: inherit;\">Detalles del producto:</span></span></span></strong></p>\n<p>&nbsp;</p>\n<table id=\"productDetails_detailBullets_sections1\" class=\"a-keyvalue prodDetTable\" style=\"height: 140px;\" role=\"presentation\">\n<tbody>\n<tr style=\"height: 20px;\">\n<th class=\"a-color-secondary a-size-base prodDetSectionEntry\" style=\"text-align: left; height: 20px; width: 157.227px;\"><span style=\"vertical-align: inherit;\"><span style=\"vertical-align: inherit;\">Dimensiones del producto</span></span></th>\n<td class=\"a-size-base\" style=\"height: 20px; width: 328.477px; text-align: right;\"><span style=\"vertical-align: inherit;\"><span style=\"vertical-align: inherit;\">0,5 x 1,8 x 1,9 pulgadas</span></span></td>\n</tr>\n<tr style=\"height: 20px;\">\n<th class=\"a-color-secondary a-size-base prodDetSectionEntry\" style=\"text-align: left; height: 20px; width: 157.227px;\"><span style=\"vertical-align: inherit;\"><span style=\"vertical-align: inherit;\">Peso del art&iacute;culo</span></span></th>\n<td class=\"a-size-base\" style=\"height: 20px; width: 328.477px; text-align: right;\"><span style=\"vertical-align: inherit;\"><span style=\"vertical-align: inherit;\">2,88 onzas</span></span></td>\n</tr>\n<tr style=\"height: 20px;\">\n<th class=\"a-color-secondary a-size-base prodDetSectionEntry\" style=\"text-align: left; height: 20px; width: 157.227px;\"><span style=\"vertical-align: inherit;\"><span style=\"vertical-align: inherit;\">Peso del env&iacute;o</span></span></th>\n<td class=\"a-size-base\" style=\"height: 20px; width: 328.477px; text-align: right;\"><span style=\"vertical-align: inherit;\"><span style=\"vertical-align: inherit;\">13,6 onzas</span></span></td>\n</tr>\n<tr style=\"height: 20px;\">\n<th class=\"a-color-secondary a-size-base prodDetSectionEntry\" style=\"text-align: left; height: 20px; width: 157.227px;\"><span style=\"vertical-align: inherit;\"><span style=\"vertical-align: inherit;\">ASIN</span></span></th>\n<td class=\"a-size-base\" style=\"height: 20px; width: 328.477px; text-align: right;\"><span style=\"vertical-align: inherit;\"><span style=\"vertical-align: inherit;\">B07FTKJCMT</span></span></td>\n</tr>\n<tr style=\"height: 20px;\">\n<th class=\"a-color-secondary a-size-base prodDetSectionEntry\" style=\"text-align: left; height: 20px; width: 157.227px;\"><span style=\"vertical-align: inherit;\"><span style=\"vertical-align: inherit;\">Residentes de California</span></span></th>\n<td class=\"a-size-base\" style=\"height: 20px; width: 328.477px; text-align: right;\"><a href=\"https://www.amazon.com/gp/help/customer/display.html/ref=dp_prop65_warn?ie=UTF8&amp;nodeId=3234041\"><span style=\"vertical-align: inherit;\"><span style=\"vertical-align: inherit;\">Haga clic aqu&iacute;</span></span></a><span style=\"vertical-align: inherit;\"><span style=\"vertical-align: inherit;\"> &nbsp;para ver la advertencia sobre la Proposici&oacute;n 65</span></span></td>\n</tr>\n<tr style=\"height: 20px;\">\n<th class=\"a-color-secondary a-size-base prodDetSectionEntry\" style=\"text-align: left; height: 20px; width: 157.227px;\"><span style=\"vertical-align: inherit;\"><span style=\"vertical-align: inherit;\">N&uacute;mero de modelo del art&iacute;culo</span></span></th>\n<td class=\"a-size-base\" style=\"height: 20px; width: 328.477px; text-align: right;\"><span style=\"vertical-align: inherit;\"><span style=\"vertical-align: inherit;\">SM-R800NZSAXAR</span></span></td>\n</tr>\n<tr style=\"height: 20px;\">\n<th class=\"a-color-secondary a-size-base prodDetSectionEntry\" style=\"text-align: left; height: 20px; width: 157.227px;\"><span style=\"vertical-align: inherit;\"><span style=\"vertical-align: inherit;\">Bater&iacute;as</span></span></th>\n<td class=\"a-size-base\" style=\"height: 20px; width: 328.477px; text-align: right;\"><span style=\"vertical-align: inherit;\"><span style=\"vertical-align: inherit;\">Se requieren 1 bater&iacute;a de metal de litio (incluida).</span></span></td>\n</tr>\n</tbody>\n</table>\n<p>&nbsp;</p>\";s:17:\"short_description\";s:254:\"Vive una vida más fuerte e inteligente con Galaxy Watch en tu muñeca. Descansa bien, mantente activo y mantén a raya el estrés con el seguimiento de salud integrado. Pasa días sin cargar tu reloj. La conexión Bluetooth te permite tener todo a mano.\";}s:10:\"\0*\0changes\";a:0:{}s:8:\"\0*\0casts\";a:0:{}s:17:\"\0*\0classCastCache\";a:0:{}s:21:\"\0*\0attributeCastCache\";a:0:{}s:13:\"\0*\0dateFormat\";N;s:10:\"\0*\0appends\";a:0:{}s:19:\"\0*\0dispatchesEvents\";a:0:{}s:14:\"\0*\0observables\";a:0:{}s:12:\"\0*\0relations\";a:0:{}s:10:\"\0*\0touches\";a:0:{}s:10:\"timestamps\";b:0;s:13:\"usesUniqueIds\";b:0;s:9:\"\0*\0hidden\";a:0:{}s:10:\"\0*\0visible\";a:0:{}s:11:\"\0*\0fillable\";a:3:{i:0;s:4:\"name\";i:1;s:11:\"description\";i:2;s:17:\"short_description\";}s:10:\"\0*\0guarded\";a:1:{i:0;s:1:\"*\";}}}s:28:\"\0*\0escapeWhenCastingToString\";b:0;}s:5:\"files\";O:39:\"Illuminate\\Database\\Eloquent\\Collection\":2:{s:8:\"\0*\0items\";a:5:{i:0;O:27:\"Modules\\Media\\Entities\\File\":30:{s:13:\"\0*\0connection\";s:5:\"mysql\";s:8:\"\0*\0table\";s:5:\"files\";s:13:\"\0*\0primaryKey\";s:2:\"id\";s:10:\"\0*\0keyType\";s:3:\"int\";s:12:\"incrementing\";b:1;s:7:\"\0*\0with\";a:0:{}s:12:\"\0*\0withCount\";a:0:{}s:19:\"preventsLazyLoading\";b:0;s:10:\"\0*\0perPage\";i:15;s:6:\"exists\";b:1;s:18:\"wasRecentlyCreated\";b:0;s:28:\"\0*\0escapeWhenCastingToString\";b:0;s:13:\"\0*\0attributes\";a:10:{s:2:\"id\";i:337;s:7:\"user_id\";i:1;s:8:\"filename\";s:45:\"sUXjp98NlWNrxS0QCzAehHiPknehoMJhYHFYEEkC.jpeg\";s:4:\"disk\";s:14:\"public_storage\";s:4:\"path\";s:50:\"media/ANQS7Tu9EXSW1vwkwDObFCGGNYYU5LW9LXQJXtHB.jpg\";s:9:\"extension\";s:3:\"jpg\";s:4:\"mime\";s:10:\"image/jpeg\";s:4:\"size\";s:5:\"39562\";s:10:\"created_at\";s:19:\"2024-12-19 11:18:03\";s:10:\"updated_at\";s:19:\"2024-12-19 11:18:03\";}s:11:\"\0*\0original\";a:17:{s:2:\"id\";i:337;s:7:\"user_id\";i:1;s:8:\"filename\";s:45:\"sUXjp98NlWNrxS0QCzAehHiPknehoMJhYHFYEEkC.jpeg\";s:4:\"disk\";s:14:\"public_storage\";s:4:\"path\";s:50:\"media/ANQS7Tu9EXSW1vwkwDObFCGGNYYU5LW9LXQJXtHB.jpg\";s:9:\"extension\";s:3:\"jpg\";s:4:\"mime\";s:10:\"image/jpeg\";s:4:\"size\";s:5:\"39562\";s:10:\"created_at\";s:19:\"2024-12-19 11:18:03\";s:10:\"updated_at\";s:19:\"2024-12-19 11:18:03\";s:15:\"pivot_entity_id\";i:32;s:13:\"pivot_file_id\";i:337;s:17:\"pivot_entity_type\";s:32:\"Modules\\Product\\Entities\\Product\";s:8:\"pivot_id\";i:816;s:10:\"pivot_zone\";s:10:\"base_image\";s:16:\"pivot_created_at\";s:19:\"2024-12-19 11:23:34\";s:16:\"pivot_updated_at\";s:19:\"2024-12-19 11:23:34\";}s:10:\"\0*\0changes\";a:0:{}s:8:\"\0*\0casts\";a:0:{}s:17:\"\0*\0classCastCache\";a:0:{}s:21:\"\0*\0attributeCastCache\";a:0:{}s:13:\"\0*\0dateFormat\";N;s:10:\"\0*\0appends\";a:0:{}s:19:\"\0*\0dispatchesEvents\";a:0:{}s:14:\"\0*\0observables\";a:0:{}s:12:\"\0*\0relations\";a:1:{s:5:\"pivot\";O:49:\"Illuminate\\Database\\Eloquent\\Relations\\MorphPivot\":35:{s:13:\"\0*\0connection\";N;s:8:\"\0*\0table\";s:12:\"entity_files\";s:13:\"\0*\0primaryKey\";s:2:\"id\";s:10:\"\0*\0keyType\";s:3:\"int\";s:12:\"incrementing\";b:0;s:7:\"\0*\0with\";a:0:{}s:12:\"\0*\0withCount\";a:0:{}s:19:\"preventsLazyLoading\";b:0;s:10:\"\0*\0perPage\";i:15;s:6:\"exists\";b:1;s:18:\"wasRecentlyCreated\";b:0;s:28:\"\0*\0escapeWhenCastingToString\";b:0;s:13:\"\0*\0attributes\";a:7:{s:11:\"entity_type\";s:32:\"Modules\\Product\\Entities\\Product\";s:9:\"entity_id\";i:32;s:7:\"file_id\";i:337;s:2:\"id\";i:816;s:4:\"zone\";s:10:\"base_image\";s:10:\"created_at\";s:19:\"2024-12-19 11:23:34\";s:10:\"updated_at\";s:19:\"2024-12-19 11:23:34\";}s:11:\"\0*\0original\";a:7:{s:11:\"entity_type\";s:32:\"Modules\\Product\\Entities\\Product\";s:9:\"entity_id\";i:32;s:7:\"file_id\";i:337;s:2:\"id\";i:816;s:4:\"zone\";s:10:\"base_image\";s:10:\"created_at\";s:19:\"2024-12-19 11:23:34\";s:10:\"updated_at\";s:19:\"2024-12-19 11:23:34\";}s:10:\"\0*\0changes\";a:0:{}s:8:\"\0*\0casts\";a:0:{}s:17:\"\0*\0classCastCache\";a:0:{}s:21:\"\0*\0attributeCastCache\";a:0:{}s:13:\"\0*\0dateFormat\";N;s:10:\"\0*\0appends\";a:0:{}s:19:\"\0*\0dispatchesEvents\";a:0:{}s:14:\"\0*\0observables\";a:0:{}s:12:\"\0*\0relations\";a:0:{}s:10:\"\0*\0touches\";a:0:{}s:10:\"timestamps\";b:1;s:13:\"usesUniqueIds\";b:0;s:9:\"\0*\0hidden\";a:0:{}s:10:\"\0*\0visible\";a:0:{}s:11:\"\0*\0fillable\";a:0:{}s:10:\"\0*\0guarded\";a:0:{}s:11:\"pivotParent\";O:32:\"Modules\\Product\\Entities\\Product\":35:{s:13:\"\0*\0connection\";N;s:8:\"\0*\0table\";s:8:\"products\";s:13:\"\0*\0primaryKey\";s:2:\"id\";s:10:\"\0*\0keyType\";s:3:\"int\";s:12:\"incrementing\";b:1;s:7:\"\0*\0with\";a:1:{i:0;s:12:\"translations\";}s:12:\"\0*\0withCount\";a:0:{}s:19:\"preventsLazyLoading\";b:0;s:10:\"\0*\0perPage\";i:15;s:6:\"exists\";b:0;s:18:\"wasRecentlyCreated\";b:0;s:28:\"\0*\0escapeWhenCastingToString\";b:0;s:13:\"\0*\0attributes\";a:0:{}s:11:\"\0*\0original\";a:0:{}s:10:\"\0*\0changes\";a:0:{}s:8:\"\0*\0casts\";a:9:{s:10:\"is_virtual\";s:7:\"boolean\";s:9:\"is_active\";s:7:\"boolean\";s:19:\"special_price_start\";s:8:\"datetime\";s:17:\"special_price_end\";s:8:\"datetime\";s:8:\"new_from\";s:8:\"datetime\";s:6:\"new_to\";s:8:\"datetime\";s:10:\"start_date\";s:8:\"datetime\";s:8:\"end_date\";s:8:\"datetime\";s:10:\"deleted_at\";s:8:\"datetime\";}s:17:\"\0*\0classCastCache\";a:0:{}s:21:\"\0*\0attributeCastCache\";a:0:{}s:13:\"\0*\0dateFormat\";N;s:10:\"\0*\0appends\";a:13:{i:0;s:10:\"base_image\";i:1;s:17:\"additional_images\";i:2;s:5:\"media\";i:3;s:15:\"formatted_price\";i:4;s:21:\"formatted_price_range\";i:5;s:28:\"has_percentage_special_price\";i:6;s:21:\"special_price_percent\";i:7;s:14:\"rating_percent\";i:8;s:17:\"does_manage_stock\";i:9;s:11:\"is_in_stock\";i:10;s:15:\"is_out_of_stock\";i:11;s:6:\"is_new\";i:12;s:7:\"variant\";}s:19:\"\0*\0dispatchesEvents\";a:0:{}s:14:\"\0*\0observables\";a:0:{}s:12:\"\0*\0relations\";a:0:{}s:10:\"\0*\0touches\";a:0:{}s:10:\"timestamps\";b:1;s:13:\"usesUniqueIds\";b:0;s:9:\"\0*\0hidden\";a:0:{}s:10:\"\0*\0visible\";a:0:{}s:11:\"\0*\0fillable\";a:17:{i:0;s:8:\"brand_id\";i:1;s:12:\"tax_class_id\";i:2;s:4:\"slug\";i:3;s:3:\"sku\";i:4;s:5:\"price\";i:5;s:13:\"special_price\";i:6;s:18:\"special_price_type\";i:7;s:19:\"special_price_start\";i:8;s:17:\"special_price_end\";i:9;s:13:\"selling_price\";i:10;s:12:\"manage_stock\";i:11;s:3:\"qty\";i:12;s:8:\"in_stock\";i:13;s:10:\"is_virtual\";i:14;s:9:\"is_active\";i:15;s:8:\"new_from\";i:16;s:6:\"new_to\";}s:10:\"\0*\0guarded\";a:1:{i:0;s:1:\"*\";}s:23:\"\0*\0translatedAttributes\";a:3:{i:0;s:4:\"name\";i:1;s:11:\"description\";i:2;s:17:\"short_description\";}s:16:\"\0*\0slugAttribute\";s:4:\"name\";s:16:\"\0*\0defaultLocale\";N;s:16:\"\0*\0scoutMetadata\";a:0:{}s:16:\"\0*\0forceDeleting\";b:0;}s:13:\"\0*\0foreignKey\";s:9:\"entity_id\";s:13:\"\0*\0relatedKey\";s:7:\"file_id\";s:12:\"\0*\0morphType\";s:11:\"entity_type\";s:13:\"\0*\0morphClass\";s:32:\"Modules\\Product\\Entities\\Product\";}}s:10:\"\0*\0touches\";a:0:{}s:10:\"timestamps\";b:1;s:13:\"usesUniqueIds\";b:0;s:9:\"\0*\0hidden\";a:0:{}s:10:\"\0*\0visible\";a:3:{i:0;s:2:\"id\";i:1;s:8:\"filename\";i:2;s:4:\"path\";}s:11:\"\0*\0fillable\";a:0:{}s:10:\"\0*\0guarded\";a:0:{}}i:1;O:27:\"Modules\\Media\\Entities\\File\":30:{s:13:\"\0*\0connection\";s:5:\"mysql\";s:8:\"\0*\0table\";s:5:\"files\";s:13:\"\0*\0primaryKey\";s:2:\"id\";s:10:\"\0*\0keyType\";s:3:\"int\";s:12:\"incrementing\";b:1;s:7:\"\0*\0with\";a:0:{}s:12:\"\0*\0withCount\";a:0:{}s:19:\"preventsLazyLoading\";b:0;s:10:\"\0*\0perPage\";i:15;s:6:\"exists\";b:1;s:18:\"wasRecentlyCreated\";b:0;s:28:\"\0*\0escapeWhenCastingToString\";b:0;s:13:\"\0*\0attributes\";a:10:{s:2:\"id\";i:336;s:7:\"user_id\";i:1;s:8:\"filename\";s:45:\"RQSZZecqxmwaglxjzTiXBxVTOdmpyi4lgvRur7zQ.jpeg\";s:4:\"disk\";s:14:\"public_storage\";s:4:\"path\";s:50:\"media/UxLVAfPzbDqNY2VpDsNoZS1evr76y35cQz67hXdp.jpg\";s:9:\"extension\";s:3:\"jpg\";s:4:\"mime\";s:10:\"image/jpeg\";s:4:\"size\";s:5:\"37879\";s:10:\"created_at\";s:19:\"2024-12-19 11:18:03\";s:10:\"updated_at\";s:19:\"2024-12-19 11:18:03\";}s:11:\"\0*\0original\";a:17:{s:2:\"id\";i:336;s:7:\"user_id\";i:1;s:8:\"filename\";s:45:\"RQSZZecqxmwaglxjzTiXBxVTOdmpyi4lgvRur7zQ.jpeg\";s:4:\"disk\";s:14:\"public_storage\";s:4:\"path\";s:50:\"media/UxLVAfPzbDqNY2VpDsNoZS1evr76y35cQz67hXdp.jpg\";s:9:\"extension\";s:3:\"jpg\";s:4:\"mime\";s:10:\"image/jpeg\";s:4:\"size\";s:5:\"37879\";s:10:\"created_at\";s:19:\"2024-12-19 11:18:03\";s:10:\"updated_at\";s:19:\"2024-12-19 11:18:03\";s:15:\"pivot_entity_id\";i:32;s:13:\"pivot_file_id\";i:336;s:17:\"pivot_entity_type\";s:32:\"Modules\\Product\\Entities\\Product\";s:8:\"pivot_id\";i:817;s:10:\"pivot_zone\";s:17:\"additional_images\";s:16:\"pivot_created_at\";s:19:\"2024-12-19 11:23:34\";s:16:\"pivot_updated_at\";s:19:\"2024-12-19 11:23:34\";}s:10:\"\0*\0changes\";a:0:{}s:8:\"\0*\0casts\";a:0:{}s:17:\"\0*\0classCastCache\";a:0:{}s:21:\"\0*\0attributeCastCache\";a:0:{}s:13:\"\0*\0dateFormat\";N;s:10:\"\0*\0appends\";a:0:{}s:19:\"\0*\0dispatchesEvents\";a:0:{}s:14:\"\0*\0observables\";a:0:{}s:12:\"\0*\0relations\";a:1:{s:5:\"pivot\";O:49:\"Illuminate\\Database\\Eloquent\\Relations\\MorphPivot\":35:{s:13:\"\0*\0connection\";N;s:8:\"\0*\0table\";s:12:\"entity_files\";s:13:\"\0*\0primaryKey\";s:2:\"id\";s:10:\"\0*\0keyType\";s:3:\"int\";s:12:\"incrementing\";b:0;s:7:\"\0*\0with\";a:0:{}s:12:\"\0*\0withCount\";a:0:{}s:19:\"preventsLazyLoading\";b:0;s:10:\"\0*\0perPage\";i:15;s:6:\"exists\";b:1;s:18:\"wasRecentlyCreated\";b:0;s:28:\"\0*\0escapeWhenCastingToString\";b:0;s:13:\"\0*\0attributes\";a:7:{s:11:\"entity_type\";s:32:\"Modules\\Product\\Entities\\Product\";s:9:\"entity_id\";i:32;s:7:\"file_id\";i:336;s:2:\"id\";i:817;s:4:\"zone\";s:17:\"additional_images\";s:10:\"created_at\";s:19:\"2024-12-19 11:23:34\";s:10:\"updated_at\";s:19:\"2024-12-19 11:23:34\";}s:11:\"\0*\0original\";a:7:{s:11:\"entity_type\";s:32:\"Modules\\Product\\Entities\\Product\";s:9:\"entity_id\";i:32;s:7:\"file_id\";i:336;s:2:\"id\";i:817;s:4:\"zone\";s:17:\"additional_images\";s:10:\"created_at\";s:19:\"2024-12-19 11:23:34\";s:10:\"updated_at\";s:19:\"2024-12-19 11:23:34\";}s:10:\"\0*\0changes\";a:0:{}s:8:\"\0*\0casts\";a:0:{}s:17:\"\0*\0classCastCache\";a:0:{}s:21:\"\0*\0attributeCastCache\";a:0:{}s:13:\"\0*\0dateFormat\";N;s:10:\"\0*\0appends\";a:0:{}s:19:\"\0*\0dispatchesEvents\";a:0:{}s:14:\"\0*\0observables\";a:0:{}s:12:\"\0*\0relations\";a:0:{}s:10:\"\0*\0touches\";a:0:{}s:10:\"timestamps\";b:1;s:13:\"usesUniqueIds\";b:0;s:9:\"\0*\0hidden\";a:0:{}s:10:\"\0*\0visible\";a:0:{}s:11:\"\0*\0fillable\";a:0:{}s:10:\"\0*\0guarded\";a:0:{}s:11:\"pivotParent\";r:250;s:13:\"\0*\0foreignKey\";s:9:\"entity_id\";s:13:\"\0*\0relatedKey\";s:7:\"file_id\";s:12:\"\0*\0morphType\";s:11:\"entity_type\";s:13:\"\0*\0morphClass\";s:32:\"Modules\\Product\\Entities\\Product\";}}s:10:\"\0*\0touches\";a:0:{}s:10:\"timestamps\";b:1;s:13:\"usesUniqueIds\";b:0;s:9:\"\0*\0hidden\";a:0:{}s:10:\"\0*\0visible\";a:3:{i:0;s:2:\"id\";i:1;s:8:\"filename\";i:2;s:4:\"path\";}s:11:\"\0*\0fillable\";a:0:{}s:10:\"\0*\0guarded\";a:0:{}}i:2;O:27:\"Modules\\Media\\Entities\\File\":30:{s:13:\"\0*\0connection\";s:5:\"mysql\";s:8:\"\0*\0table\";s:5:\"files\";s:13:\"\0*\0primaryKey\";s:2:\"id\";s:10:\"\0*\0keyType\";s:3:\"int\";s:12:\"incrementing\";b:1;s:7:\"\0*\0with\";a:0:{}s:12:\"\0*\0withCount\";a:0:{}s:19:\"preventsLazyLoading\";b:0;s:10:\"\0*\0perPage\";i:15;s:6:\"exists\";b:1;s:18:\"wasRecentlyCreated\";b:0;s:28:\"\0*\0escapeWhenCastingToString\";b:0;s:13:\"\0*\0attributes\";a:10:{s:2:\"id\";i:335;s:7:\"user_id\";i:1;s:8:\"filename\";s:45:\"QoenZayYpEtyGzGet2ujEXswuXmzdxmTFxUAJKdW.jpeg\";s:4:\"disk\";s:14:\"public_storage\";s:4:\"path\";s:50:\"media/h5E6RJm7E690EySSjWgPlqzqGqaHNQV9uTN1imz7.jpg\";s:9:\"extension\";s:3:\"jpg\";s:4:\"mime\";s:10:\"image/jpeg\";s:4:\"size\";s:5:\"24012\";s:10:\"created_at\";s:19:\"2024-12-19 11:18:02\";s:10:\"updated_at\";s:19:\"2024-12-19 11:18:02\";}s:11:\"\0*\0original\";a:17:{s:2:\"id\";i:335;s:7:\"user_id\";i:1;s:8:\"filename\";s:45:\"QoenZayYpEtyGzGet2ujEXswuXmzdxmTFxUAJKdW.jpeg\";s:4:\"disk\";s:14:\"public_storage\";s:4:\"path\";s:50:\"media/h5E6RJm7E690EySSjWgPlqzqGqaHNQV9uTN1imz7.jpg\";s:9:\"extension\";s:3:\"jpg\";s:4:\"mime\";s:10:\"image/jpeg\";s:4:\"size\";s:5:\"24012\";s:10:\"created_at\";s:19:\"2024-12-19 11:18:02\";s:10:\"updated_at\";s:19:\"2024-12-19 11:18:02\";s:15:\"pivot_entity_id\";i:32;s:13:\"pivot_file_id\";i:335;s:17:\"pivot_entity_type\";s:32:\"Modules\\Product\\Entities\\Product\";s:8:\"pivot_id\";i:818;s:10:\"pivot_zone\";s:17:\"additional_images\";s:16:\"pivot_created_at\";s:19:\"2024-12-19 11:23:34\";s:16:\"pivot_updated_at\";s:19:\"2024-12-19 11:23:34\";}s:10:\"\0*\0changes\";a:0:{}s:8:\"\0*\0casts\";a:0:{}s:17:\"\0*\0classCastCache\";a:0:{}s:21:\"\0*\0attributeCastCache\";a:0:{}s:13:\"\0*\0dateFormat\";N;s:10:\"\0*\0appends\";a:0:{}s:19:\"\0*\0dispatchesEvents\";a:0:{}s:14:\"\0*\0observables\";a:0:{}s:12:\"\0*\0relations\";a:1:{s:5:\"pivot\";O:49:\"Illuminate\\Database\\Eloquent\\Relations\\MorphPivot\":35:{s:13:\"\0*\0connection\";N;s:8:\"\0*\0table\";s:12:\"entity_files\";s:13:\"\0*\0primaryKey\";s:2:\"id\";s:10:\"\0*\0keyType\";s:3:\"int\";s:12:\"incrementing\";b:0;s:7:\"\0*\0with\";a:0:{}s:12:\"\0*\0withCount\";a:0:{}s:19:\"preventsLazyLoading\";b:0;s:10:\"\0*\0perPage\";i:15;s:6:\"exists\";b:1;s:18:\"wasRecentlyCreated\";b:0;s:28:\"\0*\0escapeWhenCastingToString\";b:0;s:13:\"\0*\0attributes\";a:7:{s:11:\"entity_type\";s:32:\"Modules\\Product\\Entities\\Product\";s:9:\"entity_id\";i:32;s:7:\"file_id\";i:335;s:2:\"id\";i:818;s:4:\"zone\";s:17:\"additional_images\";s:10:\"created_at\";s:19:\"2024-12-19 11:23:34\";s:10:\"updated_at\";s:19:\"2024-12-19 11:23:34\";}s:11:\"\0*\0original\";a:7:{s:11:\"entity_type\";s:32:\"Modules\\Product\\Entities\\Product\";s:9:\"entity_id\";i:32;s:7:\"file_id\";i:335;s:2:\"id\";i:818;s:4:\"zone\";s:17:\"additional_images\";s:10:\"created_at\";s:19:\"2024-12-19 11:23:34\";s:10:\"updated_at\";s:19:\"2024-12-19 11:23:34\";}s:10:\"\0*\0changes\";a:0:{}s:8:\"\0*\0casts\";a:0:{}s:17:\"\0*\0classCastCache\";a:0:{}s:21:\"\0*\0attributeCastCache\";a:0:{}s:13:\"\0*\0dateFormat\";N;s:10:\"\0*\0appends\";a:0:{}s:19:\"\0*\0dispatchesEvents\";a:0:{}s:14:\"\0*\0observables\";a:0:{}s:12:\"\0*\0relations\";a:0:{}s:10:\"\0*\0touches\";a:0:{}s:10:\"timestamps\";b:1;s:13:\"usesUniqueIds\";b:0;s:9:\"\0*\0hidden\";a:0:{}s:10:\"\0*\0visible\";a:0:{}s:11:\"\0*\0fillable\";a:0:{}s:10:\"\0*\0guarded\";a:0:{}s:11:\"pivotParent\";r:250;s:13:\"\0*\0foreignKey\";s:9:\"entity_id\";s:13:\"\0*\0relatedKey\";s:7:\"file_id\";s:12:\"\0*\0morphType\";s:11:\"entity_type\";s:13:\"\0*\0morphClass\";s:32:\"Modules\\Product\\Entities\\Product\";}}s:10:\"\0*\0touches\";a:0:{}s:10:\"timestamps\";b:1;s:13:\"usesUniqueIds\";b:0;s:9:\"\0*\0hidden\";a:0:{}s:10:\"\0*\0visible\";a:3:{i:0;s:2:\"id\";i:1;s:8:\"filename\";i:2;s:4:\"path\";}s:11:\"\0*\0fillable\";a:0:{}s:10:\"\0*\0guarded\";a:0:{}}i:3;O:27:\"Modules\\Media\\Entities\\File\":30:{s:13:\"\0*\0connection\";s:5:\"mysql\";s:8:\"\0*\0table\";s:5:\"files\";s:13:\"\0*\0primaryKey\";s:2:\"id\";s:10:\"\0*\0keyType\";s:3:\"int\";s:12:\"incrementing\";b:1;s:7:\"\0*\0with\";a:0:{}s:12:\"\0*\0withCount\";a:0:{}s:19:\"preventsLazyLoading\";b:0;s:10:\"\0*\0perPage\";i:15;s:6:\"exists\";b:1;s:18:\"wasRecentlyCreated\";b:0;s:28:\"\0*\0escapeWhenCastingToString\";b:0;s:13:\"\0*\0attributes\";a:10:{s:2:\"id\";i:334;s:7:\"user_id\";i:1;s:8:\"filename\";s:45:\"gHWwJD3yXDCIgVCdtHTdaEKPEpAvhPCByZBX7UNi.jpeg\";s:4:\"disk\";s:14:\"public_storage\";s:4:\"path\";s:50:\"media/79TQWN5peLws3Dmr6ZCj4dZGYyaRXdSPsRZDiRKG.jpg\";s:9:\"extension\";s:3:\"jpg\";s:4:\"mime\";s:10:\"image/jpeg\";s:4:\"size\";s:5:\"18752\";s:10:\"created_at\";s:19:\"2024-12-19 11:18:02\";s:10:\"updated_at\";s:19:\"2024-12-19 11:18:02\";}s:11:\"\0*\0original\";a:17:{s:2:\"id\";i:334;s:7:\"user_id\";i:1;s:8:\"filename\";s:45:\"gHWwJD3yXDCIgVCdtHTdaEKPEpAvhPCByZBX7UNi.jpeg\";s:4:\"disk\";s:14:\"public_storage\";s:4:\"path\";s:50:\"media/79TQWN5peLws3Dmr6ZCj4dZGYyaRXdSPsRZDiRKG.jpg\";s:9:\"extension\";s:3:\"jpg\";s:4:\"mime\";s:10:\"image/jpeg\";s:4:\"size\";s:5:\"18752\";s:10:\"created_at\";s:19:\"2024-12-19 11:18:02\";s:10:\"updated_at\";s:19:\"2024-12-19 11:18:02\";s:15:\"pivot_entity_id\";i:32;s:13:\"pivot_file_id\";i:334;s:17:\"pivot_entity_type\";s:32:\"Modules\\Product\\Entities\\Product\";s:8:\"pivot_id\";i:819;s:10:\"pivot_zone\";s:17:\"additional_images\";s:16:\"pivot_created_at\";s:19:\"2024-12-19 11:23:34\";s:16:\"pivot_updated_at\";s:19:\"2024-12-19 11:23:34\";}s:10:\"\0*\0changes\";a:0:{}s:8:\"\0*\0casts\";a:0:{}s:17:\"\0*\0classCastCache\";a:0:{}s:21:\"\0*\0attributeCastCache\";a:0:{}s:13:\"\0*\0dateFormat\";N;s:10:\"\0*\0appends\";a:0:{}s:19:\"\0*\0dispatchesEvents\";a:0:{}s:14:\"\0*\0observables\";a:0:{}s:12:\"\0*\0relations\";a:1:{s:5:\"pivot\";O:49:\"Illuminate\\Database\\Eloquent\\Relations\\MorphPivot\":35:{s:13:\"\0*\0connection\";N;s:8:\"\0*\0table\";s:12:\"entity_files\";s:13:\"\0*\0primaryKey\";s:2:\"id\";s:10:\"\0*\0keyType\";s:3:\"int\";s:12:\"incrementing\";b:0;s:7:\"\0*\0with\";a:0:{}s:12:\"\0*\0withCount\";a:0:{}s:19:\"preventsLazyLoading\";b:0;s:10:\"\0*\0perPage\";i:15;s:6:\"exists\";b:1;s:18:\"wasRecentlyCreated\";b:0;s:28:\"\0*\0escapeWhenCastingToString\";b:0;s:13:\"\0*\0attributes\";a:7:{s:11:\"entity_type\";s:32:\"Modules\\Product\\Entities\\Product\";s:9:\"entity_id\";i:32;s:7:\"file_id\";i:334;s:2:\"id\";i:819;s:4:\"zone\";s:17:\"additional_images\";s:10:\"created_at\";s:19:\"2024-12-19 11:23:34\";s:10:\"updated_at\";s:19:\"2024-12-19 11:23:34\";}s:11:\"\0*\0original\";a:7:{s:11:\"entity_type\";s:32:\"Modules\\Product\\Entities\\Product\";s:9:\"entity_id\";i:32;s:7:\"file_id\";i:334;s:2:\"id\";i:819;s:4:\"zone\";s:17:\"additional_images\";s:10:\"created_at\";s:19:\"2024-12-19 11:23:34\";s:10:\"updated_at\";s:19:\"2024-12-19 11:23:34\";}s:10:\"\0*\0changes\";a:0:{}s:8:\"\0*\0casts\";a:0:{}s:17:\"\0*\0classCastCache\";a:0:{}s:21:\"\0*\0attributeCastCache\";a:0:{}s:13:\"\0*\0dateFormat\";N;s:10:\"\0*\0appends\";a:0:{}s:19:\"\0*\0dispatchesEvents\";a:0:{}s:14:\"\0*\0observables\";a:0:{}s:12:\"\0*\0relations\";a:0:{}s:10:\"\0*\0touches\";a:0:{}s:10:\"timestamps\";b:1;s:13:\"usesUniqueIds\";b:0;s:9:\"\0*\0hidden\";a:0:{}s:10:\"\0*\0visible\";a:0:{}s:11:\"\0*\0fillable\";a:0:{}s:10:\"\0*\0guarded\";a:0:{}s:11:\"pivotParent\";r:250;s:13:\"\0*\0foreignKey\";s:9:\"entity_id\";s:13:\"\0*\0relatedKey\";s:7:\"file_id\";s:12:\"\0*\0morphType\";s:11:\"entity_type\";s:13:\"\0*\0morphClass\";s:32:\"Modules\\Product\\Entities\\Product\";}}s:10:\"\0*\0touches\";a:0:{}s:10:\"timestamps\";b:1;s:13:\"usesUniqueIds\";b:0;s:9:\"\0*\0hidden\";a:0:{}s:10:\"\0*\0visible\";a:3:{i:0;s:2:\"id\";i:1;s:8:\"filename\";i:2;s:4:\"path\";}s:11:\"\0*\0fillable\";a:0:{}s:10:\"\0*\0guarded\";a:0:{}}i:4;O:27:\"Modules\\Media\\Entities\\File\":30:{s:13:\"\0*\0connection\";s:5:\"mysql\";s:8:\"\0*\0table\";s:5:\"files\";s:13:\"\0*\0primaryKey\";s:2:\"id\";s:10:\"\0*\0keyType\";s:3:\"int\";s:12:\"incrementing\";b:1;s:7:\"\0*\0with\";a:0:{}s:12:\"\0*\0withCount\";a:0:{}s:19:\"preventsLazyLoading\";b:0;s:10:\"\0*\0perPage\";i:15;s:6:\"exists\";b:1;s:18:\"wasRecentlyCreated\";b:0;s:28:\"\0*\0escapeWhenCastingToString\";b:0;s:13:\"\0*\0attributes\";a:10:{s:2:\"id\";i:333;s:7:\"user_id\";i:1;s:8:\"filename\";s:45:\"1gsCeqaePCgFRk8VurWrW89Fa5FxZ4exFxvUASMH.jpeg\";s:4:\"disk\";s:14:\"public_storage\";s:4:\"path\";s:50:\"media/uITnmieTfjhmDYGIt8hrjo2EuvrZcWWqU1vbZIrg.jpg\";s:9:\"extension\";s:3:\"jpg\";s:4:\"mime\";s:10:\"image/jpeg\";s:4:\"size\";s:4:\"8836\";s:10:\"created_at\";s:19:\"2024-12-19 11:18:00\";s:10:\"updated_at\";s:19:\"2024-12-19 11:18:00\";}s:11:\"\0*\0original\";a:17:{s:2:\"id\";i:333;s:7:\"user_id\";i:1;s:8:\"filename\";s:45:\"1gsCeqaePCgFRk8VurWrW89Fa5FxZ4exFxvUASMH.jpeg\";s:4:\"disk\";s:14:\"public_storage\";s:4:\"path\";s:50:\"media/uITnmieTfjhmDYGIt8hrjo2EuvrZcWWqU1vbZIrg.jpg\";s:9:\"extension\";s:3:\"jpg\";s:4:\"mime\";s:10:\"image/jpeg\";s:4:\"size\";s:4:\"8836\";s:10:\"created_at\";s:19:\"2024-12-19 11:18:00\";s:10:\"updated_at\";s:19:\"2024-12-19 11:18:00\";s:15:\"pivot_entity_id\";i:32;s:13:\"pivot_file_id\";i:333;s:17:\"pivot_entity_type\";s:32:\"Modules\\Product\\Entities\\Product\";s:8:\"pivot_id\";i:820;s:10:\"pivot_zone\";s:17:\"additional_images\";s:16:\"pivot_created_at\";s:19:\"2024-12-19 11:23:34\";s:16:\"pivot_updated_at\";s:19:\"2024-12-19 11:23:34\";}s:10:\"\0*\0changes\";a:0:{}s:8:\"\0*\0casts\";a:0:{}s:17:\"\0*\0classCastCache\";a:0:{}s:21:\"\0*\0attributeCastCache\";a:0:{}s:13:\"\0*\0dateFormat\";N;s:10:\"\0*\0appends\";a:0:{}s:19:\"\0*\0dispatchesEvents\";a:0:{}s:14:\"\0*\0observables\";a:0:{}s:12:\"\0*\0relations\";a:1:{s:5:\"pivot\";O:49:\"Illuminate\\Database\\Eloquent\\Relations\\MorphPivot\":35:{s:13:\"\0*\0connection\";N;s:8:\"\0*\0table\";s:12:\"entity_files\";s:13:\"\0*\0primaryKey\";s:2:\"id\";s:10:\"\0*\0keyType\";s:3:\"int\";s:12:\"incrementing\";b:0;s:7:\"\0*\0with\";a:0:{}s:12:\"\0*\0withCount\";a:0:{}s:19:\"preventsLazyLoading\";b:0;s:10:\"\0*\0perPage\";i:15;s:6:\"exists\";b:1;s:18:\"wasRecentlyCreated\";b:0;s:28:\"\0*\0escapeWhenCastingToString\";b:0;s:13:\"\0*\0attributes\";a:7:{s:11:\"entity_type\";s:32:\"Modules\\Product\\Entities\\Product\";s:9:\"entity_id\";i:32;s:7:\"file_id\";i:333;s:2:\"id\";i:820;s:4:\"zone\";s:17:\"additional_images\";s:10:\"created_at\";s:19:\"2024-12-19 11:23:34\";s:10:\"updated_at\";s:19:\"2024-12-19 11:23:34\";}s:11:\"\0*\0original\";a:7:{s:11:\"entity_type\";s:32:\"Modules\\Product\\Entities\\Product\";s:9:\"entity_id\";i:32;s:7:\"file_id\";i:333;s:2:\"id\";i:820;s:4:\"zone\";s:17:\"additional_images\";s:10:\"created_at\";s:19:\"2024-12-19 11:23:34\";s:10:\"updated_at\";s:19:\"2024-12-19 11:23:34\";}s:10:\"\0*\0changes\";a:0:{}s:8:\"\0*\0casts\";a:0:{}s:17:\"\0*\0classCastCache\";a:0:{}s:21:\"\0*\0attributeCastCache\";a:0:{}s:13:\"\0*\0dateFormat\";N;s:10:\"\0*\0appends\";a:0:{}s:19:\"\0*\0dispatchesEvents\";a:0:{}s:14:\"\0*\0observables\";a:0:{}s:12:\"\0*\0relations\";a:0:{}s:10:\"\0*\0touches\";a:0:{}s:10:\"timestamps\";b:1;s:13:\"usesUniqueIds\";b:0;s:9:\"\0*\0hidden\";a:0:{}s:10:\"\0*\0visible\";a:0:{}s:11:\"\0*\0fillable\";a:0:{}s:10:\"\0*\0guarded\";a:0:{}s:11:\"pivotParent\";r:250;s:13:\"\0*\0foreignKey\";s:9:\"entity_id\";s:13:\"\0*\0relatedKey\";s:7:\"file_id\";s:12:\"\0*\0morphType\";s:11:\"entity_type\";s:13:\"\0*\0morphClass\";s:32:\"Modules\\Product\\Entities\\Product\";}}s:10:\"\0*\0touches\";a:0:{}s:10:\"timestamps\";b:1;s:13:\"usesUniqueIds\";b:0;s:9:\"\0*\0hidden\";a:0:{}s:10:\"\0*\0visible\";a:3:{i:0;s:2:\"id\";i:1;s:8:\"filename\";i:2;s:4:\"path\";}s:11:\"\0*\0fillable\";a:0:{}s:10:\"\0*\0guarded\";a:0:{}}}s:28:\"\0*\0escapeWhenCastingToString\";b:0;}s:10:\"categories\";O:26:\"TypiCMS\\NestableCollection\":8:{s:8:\"\0*\0items\";a:1:{i:0;O:34:\"Modules\\Category\\Entities\\Category\":33:{s:13:\"\0*\0connection\";s:5:\"mysql\";s:8:\"\0*\0table\";s:10:\"categories\";s:13:\"\0*\0primaryKey\";s:2:\"id\";s:10:\"\0*\0keyType\";s:3:\"int\";s:12:\"incrementing\";b:1;s:7:\"\0*\0with\";a:1:{i:0;s:12:\"translations\";}s:12:\"\0*\0withCount\";a:0:{}s:19:\"preventsLazyLoading\";b:0;s:10:\"\0*\0perPage\";i:15;s:6:\"exists\";b:1;s:18:\"wasRecentlyCreated\";b:0;s:28:\"\0*\0escapeWhenCastingToString\";b:0;s:13:\"\0*\0attributes\";a:8:{s:2:\"id\";i:2;s:9:\"parent_id\";N;s:4:\"slug\";s:7:\"relojes\";s:8:\"position\";i:16;s:13:\"is_searchable\";i:1;s:9:\"is_active\";i:1;s:10:\"created_at\";s:19:\"2024-12-13 08:50:13\";s:10:\"updated_at\";s:19:\"2024-12-14 19:12:15\";}s:11:\"\0*\0original\";a:10:{s:2:\"id\";i:2;s:9:\"parent_id\";N;s:4:\"slug\";s:7:\"relojes\";s:8:\"position\";i:16;s:13:\"is_searchable\";i:1;s:9:\"is_active\";i:1;s:10:\"created_at\";s:19:\"2024-12-13 08:50:13\";s:10:\"updated_at\";s:19:\"2024-12-14 19:12:15\";s:16:\"pivot_product_id\";i:32;s:17:\"pivot_category_id\";i:2;}s:10:\"\0*\0changes\";a:0:{}s:8:\"\0*\0casts\";a:2:{s:13:\"is_searchable\";s:7:\"boolean\";s:9:\"is_active\";s:7:\"boolean\";}s:17:\"\0*\0classCastCache\";a:0:{}s:21:\"\0*\0attributeCastCache\";a:0:{}s:13:\"\0*\0dateFormat\";N;s:10:\"\0*\0appends\";a:0:{}s:19:\"\0*\0dispatchesEvents\";a:0:{}s:14:\"\0*\0observables\";a:0:{}s:12:\"\0*\0relations\";a:2:{s:5:\"pivot\";O:44:\"Illuminate\\Database\\Eloquent\\Relations\\Pivot\":33:{s:13:\"\0*\0connection\";N;s:8:\"\0*\0table\";s:18:\"product_categories\";s:13:\"\0*\0primaryKey\";s:2:\"id\";s:10:\"\0*\0keyType\";s:3:\"int\";s:12:\"incrementing\";b:0;s:7:\"\0*\0with\";a:0:{}s:12:\"\0*\0withCount\";a:0:{}s:19:\"preventsLazyLoading\";b:0;s:10:\"\0*\0perPage\";i:15;s:6:\"exists\";b:1;s:18:\"wasRecentlyCreated\";b:0;s:28:\"\0*\0escapeWhenCastingToString\";b:0;s:13:\"\0*\0attributes\";a:2:{s:10:\"product_id\";i:32;s:11:\"category_id\";i:2;}s:11:\"\0*\0original\";a:2:{s:10:\"product_id\";i:32;s:11:\"category_id\";i:2;}s:10:\"\0*\0changes\";a:0:{}s:8:\"\0*\0casts\";a:0:{}s:17:\"\0*\0classCastCache\";a:0:{}s:21:\"\0*\0attributeCastCache\";a:0:{}s:13:\"\0*\0dateFormat\";N;s:10:\"\0*\0appends\";a:0:{}s:19:\"\0*\0dispatchesEvents\";a:0:{}s:14:\"\0*\0observables\";a:0:{}s:12:\"\0*\0relations\";a:0:{}s:10:\"\0*\0touches\";a:0:{}s:10:\"timestamps\";b:0;s:13:\"usesUniqueIds\";b:0;s:9:\"\0*\0hidden\";a:0:{}s:10:\"\0*\0visible\";a:0:{}s:11:\"\0*\0fillable\";a:0:{}s:10:\"\0*\0guarded\";a:0:{}s:11:\"pivotParent\";O:32:\"Modules\\Product\\Entities\\Product\":35:{s:13:\"\0*\0connection\";N;s:8:\"\0*\0table\";s:8:\"products\";s:13:\"\0*\0primaryKey\";s:2:\"id\";s:10:\"\0*\0keyType\";s:3:\"int\";s:12:\"incrementing\";b:1;s:7:\"\0*\0with\";a:1:{i:0;s:12:\"translations\";}s:12:\"\0*\0withCount\";a:0:{}s:19:\"preventsLazyLoading\";b:0;s:10:\"\0*\0perPage\";i:15;s:6:\"exists\";b:0;s:18:\"wasRecentlyCreated\";b:0;s:28:\"\0*\0escapeWhenCastingToString\";b:0;s:13:\"\0*\0attributes\";a:0:{}s:11:\"\0*\0original\";a:0:{}s:10:\"\0*\0changes\";a:0:{}s:8:\"\0*\0casts\";a:9:{s:10:\"is_virtual\";s:7:\"boolean\";s:9:\"is_active\";s:7:\"boolean\";s:19:\"special_price_start\";s:8:\"datetime\";s:17:\"special_price_end\";s:8:\"datetime\";s:8:\"new_from\";s:8:\"datetime\";s:6:\"new_to\";s:8:\"datetime\";s:10:\"start_date\";s:8:\"datetime\";s:8:\"end_date\";s:8:\"datetime\";s:10:\"deleted_at\";s:8:\"datetime\";}s:17:\"\0*\0classCastCache\";a:0:{}s:21:\"\0*\0attributeCastCache\";a:0:{}s:13:\"\0*\0dateFormat\";N;s:10:\"\0*\0appends\";a:13:{i:0;s:10:\"base_image\";i:1;s:17:\"additional_images\";i:2;s:5:\"media\";i:3;s:15:\"formatted_price\";i:4;s:21:\"formatted_price_range\";i:5;s:28:\"has_percentage_special_price\";i:6;s:21:\"special_price_percent\";i:7;s:14:\"rating_percent\";i:8;s:17:\"does_manage_stock\";i:9;s:11:\"is_in_stock\";i:10;s:15:\"is_out_of_stock\";i:11;s:6:\"is_new\";i:12;s:7:\"variant\";}s:19:\"\0*\0dispatchesEvents\";a:0:{}s:14:\"\0*\0observables\";a:0:{}s:12:\"\0*\0relations\";a:0:{}s:10:\"\0*\0touches\";a:0:{}s:10:\"timestamps\";b:1;s:13:\"usesUniqueIds\";b:0;s:9:\"\0*\0hidden\";a:0:{}s:10:\"\0*\0visible\";a:0:{}s:11:\"\0*\0fillable\";a:17:{i:0;s:8:\"brand_id\";i:1;s:12:\"tax_class_id\";i:2;s:4:\"slug\";i:3;s:3:\"sku\";i:4;s:5:\"price\";i:5;s:13:\"special_price\";i:6;s:18:\"special_price_type\";i:7;s:19:\"special_price_start\";i:8;s:17:\"special_price_end\";i:9;s:13:\"selling_price\";i:10;s:12:\"manage_stock\";i:11;s:3:\"qty\";i:12;s:8:\"in_stock\";i:13;s:10:\"is_virtual\";i:14;s:9:\"is_active\";i:15;s:8:\"new_from\";i:16;s:6:\"new_to\";}s:10:\"\0*\0guarded\";a:1:{i:0;s:1:\"*\";}s:23:\"\0*\0translatedAttributes\";a:3:{i:0;s:4:\"name\";i:1;s:11:\"description\";i:2;s:17:\"short_description\";}s:16:\"\0*\0slugAttribute\";s:4:\"name\";s:16:\"\0*\0defaultLocale\";N;s:16:\"\0*\0scoutMetadata\";a:0:{}s:16:\"\0*\0forceDeleting\";b:0;}s:13:\"\0*\0foreignKey\";s:10:\"product_id\";s:13:\"\0*\0relatedKey\";s:11:\"category_id\";}s:12:\"translations\";O:39:\"Illuminate\\Database\\Eloquent\\Collection\":2:{s:8:\"\0*\0items\";a:1:{i:0;O:45:\"Modules\\Category\\Entities\\CategoryTranslation\":30:{s:13:\"\0*\0connection\";s:5:\"mysql\";s:8:\"\0*\0table\";s:21:\"category_translations\";s:13:\"\0*\0primaryKey\";s:2:\"id\";s:10:\"\0*\0keyType\";s:3:\"int\";s:12:\"incrementing\";b:1;s:7:\"\0*\0with\";a:0:{}s:12:\"\0*\0withCount\";a:0:{}s:19:\"preventsLazyLoading\";b:0;s:10:\"\0*\0perPage\";i:15;s:6:\"exists\";b:1;s:18:\"wasRecentlyCreated\";b:0;s:28:\"\0*\0escapeWhenCastingToString\";b:0;s:13:\"\0*\0attributes\";a:4:{s:2:\"id\";i:2;s:11:\"category_id\";i:2;s:6:\"locale\";s:2:\"es\";s:4:\"name\";s:14:\"Moda Masculina\";}s:11:\"\0*\0original\";a:4:{s:2:\"id\";i:2;s:11:\"category_id\";i:2;s:6:\"locale\";s:2:\"es\";s:4:\"name\";s:14:\"Moda Masculina\";}s:10:\"\0*\0changes\";a:0:{}s:8:\"\0*\0casts\";a:0:{}s:17:\"\0*\0classCastCache\";a:0:{}s:21:\"\0*\0attributeCastCache\";a:0:{}s:13:\"\0*\0dateFormat\";N;s:10:\"\0*\0appends\";a:0:{}s:19:\"\0*\0dispatchesEvents\";a:0:{}s:14:\"\0*\0observables\";a:0:{}s:12:\"\0*\0relations\";a:0:{}s:10:\"\0*\0touches\";a:0:{}s:10:\"timestamps\";b:0;s:13:\"usesUniqueIds\";b:0;s:9:\"\0*\0hidden\";a:0:{}s:10:\"\0*\0visible\";a:0:{}s:11:\"\0*\0fillable\";a:1:{i:0;s:4:\"name\";}s:10:\"\0*\0guarded\";a:1:{i:0;s:1:\"*\";}}}s:28:\"\0*\0escapeWhenCastingToString\";b:0;}}s:10:\"\0*\0touches\";a:0:{}s:10:\"timestamps\";b:1;s:13:\"usesUniqueIds\";b:0;s:9:\"\0*\0hidden\";a:1:{i:0;s:12:\"translations\";}s:10:\"\0*\0visible\";a:0:{}s:11:\"\0*\0fillable\";a:5:{i:0;s:9:\"parent_id\";i:1;s:4:\"slug\";i:2;s:8:\"position\";i:3;s:13:\"is_searchable\";i:4;s:9:\"is_active\";}s:10:\"\0*\0guarded\";a:1:{i:0;s:1:\"*\";}s:23:\"\0*\0translatedAttributes\";a:1:{i:0;s:4:\"name\";}s:16:\"\0*\0slugAttribute\";s:4:\"name\";s:16:\"\0*\0defaultLocale\";N;}}s:28:\"\0*\0escapeWhenCastingToString\";b:0;s:8:\"\0*\0total\";i:1;s:15:\"\0*\0parentColumn\";s:9:\"parent_id\";s:33:\"\0*\0removeItemsWithMissingAncestor\";b:1;s:14:\"\0*\0indentChars\";s:8:\"    \";s:15:\"\0*\0childrenName\";s:5:\"items\";s:17:\"\0*\0parentRelation\";s:6:\"parent\";}s:8:\"taxClass\";O:29:\"Modules\\Tax\\Entities\\TaxClass\":33:{s:13:\"\0*\0connection\";N;s:8:\"\0*\0table\";s:11:\"tax_classes\";s:13:\"\0*\0primaryKey\";s:2:\"id\";s:10:\"\0*\0keyType\";s:3:\"int\";s:12:\"incrementing\";b:1;s:7:\"\0*\0with\";a:1:{i:0;s:12:\"translations\";}s:12:\"\0*\0withCount\";a:0:{}s:19:\"preventsLazyLoading\";b:0;s:10:\"\0*\0perPage\";i:15;s:6:\"exists\";b:0;s:18:\"wasRecentlyCreated\";b:0;s:28:\"\0*\0escapeWhenCastingToString\";b:0;s:13:\"\0*\0attributes\";a:0:{}s:11:\"\0*\0original\";a:0:{}s:10:\"\0*\0changes\";a:0:{}s:8:\"\0*\0casts\";a:3:{s:10:\"start_date\";s:8:\"datetime\";s:8:\"end_date\";s:8:\"datetime\";s:10:\"deleted_at\";s:8:\"datetime\";}s:17:\"\0*\0classCastCache\";a:0:{}s:21:\"\0*\0attributeCastCache\";a:0:{}s:13:\"\0*\0dateFormat\";N;s:10:\"\0*\0appends\";a:0:{}s:19:\"\0*\0dispatchesEvents\";a:0:{}s:14:\"\0*\0observables\";a:0:{}s:12:\"\0*\0relations\";a:0:{}s:10:\"\0*\0touches\";a:0:{}s:10:\"timestamps\";b:1;s:13:\"usesUniqueIds\";b:0;s:9:\"\0*\0hidden\";a:0:{}s:10:\"\0*\0visible\";a:0:{}s:11:\"\0*\0fillable\";a:1:{i:0;s:8:\"based_on\";}s:10:\"\0*\0guarded\";a:1:{i:0;s:1:\"*\";}s:20:\"translatedAttributes\";a:1:{i:0;s:5:\"label\";}s:16:\"\0*\0defaultLocale\";N;s:16:\"\0*\0forceDeleting\";b:0;}}s:10:\"\0*\0touches\";a:0:{}s:10:\"timestamps\";b:1;s:13:\"usesUniqueIds\";b:0;s:9:\"\0*\0hidden\";a:0:{}s:10:\"\0*\0visible\";a:0:{}s:11:\"\0*\0fillable\";a:17:{i:0;s:8:\"brand_id\";i:1;s:12:\"tax_class_id\";i:2;s:4:\"slug\";i:3;s:3:\"sku\";i:4;s:5:\"price\";i:5;s:13:\"special_price\";i:6;s:18:\"special_price_type\";i:7;s:19:\"special_price_start\";i:8;s:17:\"special_price_end\";i:9;s:13:\"selling_price\";i:10;s:12:\"manage_stock\";i:11;s:3:\"qty\";i:12;s:8:\"in_stock\";i:13;s:10:\"is_virtual\";i:14;s:9:\"is_active\";i:15;s:8:\"new_from\";i:16;s:6:\"new_to\";}s:10:\"\0*\0guarded\";a:1:{i:0;s:1:\"*\";}s:23:\"\0*\0translatedAttributes\";a:3:{i:0;s:4:\"name\";i:1;s:11:\"description\";i:2;s:17:\"short_description\";}s:16:\"\0*\0slugAttribute\";s:4:\"name\";s:16:\"\0*\0defaultLocale\";N;s:16:\"\0*\0scoutMetadata\";a:0:{}s:16:\"\0*\0forceDeleting\";b:0;}s:7:\"variant\";N;s:4:\"item\";r:11;s:10:\"variations\";O:39:\"Illuminate\\Database\\Eloquent\\Collection\":2:{s:8:\"\0*\0items\";a:0:{}s:28:\"\0*\0escapeWhenCastingToString\";b:0;}s:7:\"options\";O:29:\"Illuminate\\Support\\Collection\":2:{s:8:\"\0*\0items\";a:0:{}s:28:\"\0*\0escapeWhenCastingToString\";b:0;}s:10:\"created_at\";i:1746036606;}s:28:\"\0*\0escapeWhenCastingToString\";b:0;}s:10:\"conditions\";a:0:{}}s:28:\"\0*\0escapeWhenCastingToString\";b:0;s:9:\"\0*\0config\";a:5:{s:14:\"format_numbers\";b:0;s:8:\"decimals\";i:0;s:9:\"dec_point\";s:1:\".\";s:13:\"thousands_sep\";s:1:\",\";s:6:\"events\";N;}}}s:28:\"\0*\0escapeWhenCastingToString\";b:0;}','2025-04-30 18:10:06','2025-04-30 18:10:06'),
('oF20odzGQnJvWxDgNeq2AOt2RM5YNrSDwgpIUnG7_cart_conditions','a:0:{}','2025-04-30 01:55:31','2025-04-30 01:55:31'),
('oF20odzGQnJvWxDgNeq2AOt2RM5YNrSDwgpIUnG7_cart_items','O:32:\"Darryldecode\\Cart\\CartCollection\":2:{s:8:\"\0*\0items\";a:2:{s:32:\"d10ffa29fa2e0155c3d81a3a84edaff3\";O:32:\"Darryldecode\\Cart\\ItemCollection\":3:{s:8:\"\0*\0items\";a:6:{s:2:\"id\";s:32:\"d10ffa29fa2e0155c3d81a3a84edaff3\";s:4:\"name\";s:78:\"Reloj inteligente Samsung Galaxy Watch (46 mm, GPS, Bluetooth) – Plata/Negro\";s:5:\"price\";d:146.3;s:8:\"quantity\";i:1;s:10:\"attributes\";O:41:\"Darryldecode\\Cart\\ItemAttributeCollection\":2:{s:8:\"\0*\0items\";a:6:{s:7:\"product\";O:32:\"Modules\\Product\\Entities\\Product\":35:{s:13:\"\0*\0connection\";s:5:\"mysql\";s:8:\"\0*\0table\";s:8:\"products\";s:13:\"\0*\0primaryKey\";s:2:\"id\";s:10:\"\0*\0keyType\";s:3:\"int\";s:12:\"incrementing\";b:1;s:7:\"\0*\0with\";a:1:{i:0;s:12:\"translations\";}s:12:\"\0*\0withCount\";a:0:{}s:19:\"preventsLazyLoading\";b:0;s:10:\"\0*\0perPage\";i:15;s:6:\"exists\";b:1;s:18:\"wasRecentlyCreated\";b:0;s:28:\"\0*\0escapeWhenCastingToString\";b:0;s:13:\"\0*\0attributes\";a:22:{s:2:\"id\";i:32;s:8:\"brand_id\";N;s:12:\"tax_class_id\";N;s:4:\"slug\";s:69:\"reloj-inteligente-samsung-galaxy-watch-46-mm-gps-bluetooth-platanegro\";s:5:\"price\";s:8:\"209.0000\";s:13:\"special_price\";s:7:\"30.0000\";s:18:\"special_price_type\";s:7:\"percent\";s:19:\"special_price_start\";N;s:17:\"special_price_end\";s:10:\"2024-12-30\";s:13:\"selling_price\";s:8:\"146.3000\";s:3:\"sku\";s:8:\"HT081PK7\";s:12:\"manage_stock\";i:0;s:3:\"qty\";N;s:8:\"in_stock\";i:1;s:6:\"viewed\";i:7;s:9:\"is_active\";i:1;s:8:\"new_from\";N;s:6:\"new_to\";N;s:10:\"deleted_at\";N;s:10:\"created_at\";s:19:\"2024-12-19 11:18:47\";s:10:\"updated_at\";s:19:\"2024-12-19 11:23:34\";s:10:\"is_virtual\";i:0;}s:11:\"\0*\0original\";a:22:{s:2:\"id\";i:32;s:8:\"brand_id\";N;s:12:\"tax_class_id\";N;s:4:\"slug\";s:69:\"reloj-inteligente-samsung-galaxy-watch-46-mm-gps-bluetooth-platanegro\";s:5:\"price\";s:8:\"209.0000\";s:13:\"special_price\";s:7:\"30.0000\";s:18:\"special_price_type\";s:7:\"percent\";s:19:\"special_price_start\";N;s:17:\"special_price_end\";s:10:\"2024-12-30\";s:13:\"selling_price\";s:8:\"146.3000\";s:3:\"sku\";s:8:\"HT081PK7\";s:12:\"manage_stock\";i:0;s:3:\"qty\";N;s:8:\"in_stock\";i:1;s:6:\"viewed\";i:7;s:9:\"is_active\";i:1;s:8:\"new_from\";N;s:6:\"new_to\";N;s:10:\"deleted_at\";N;s:10:\"created_at\";s:19:\"2024-12-19 11:18:47\";s:10:\"updated_at\";s:19:\"2024-12-19 11:23:34\";s:10:\"is_virtual\";i:0;}s:10:\"\0*\0changes\";a:0:{}s:8:\"\0*\0casts\";a:9:{s:10:\"is_virtual\";s:7:\"boolean\";s:9:\"is_active\";s:7:\"boolean\";s:19:\"special_price_start\";s:8:\"datetime\";s:17:\"special_price_end\";s:8:\"datetime\";s:8:\"new_from\";s:8:\"datetime\";s:6:\"new_to\";s:8:\"datetime\";s:10:\"start_date\";s:8:\"datetime\";s:8:\"end_date\";s:8:\"datetime\";s:10:\"deleted_at\";s:8:\"datetime\";}s:17:\"\0*\0classCastCache\";a:0:{}s:21:\"\0*\0attributeCastCache\";a:0:{}s:13:\"\0*\0dateFormat\";N;s:10:\"\0*\0appends\";a:13:{i:0;s:10:\"base_image\";i:1;s:17:\"additional_images\";i:2;s:5:\"media\";i:3;s:15:\"formatted_price\";i:4;s:21:\"formatted_price_range\";i:5;s:28:\"has_percentage_special_price\";i:6;s:21:\"special_price_percent\";i:7;s:14:\"rating_percent\";i:8;s:17:\"does_manage_stock\";i:9;s:11:\"is_in_stock\";i:10;s:15:\"is_out_of_stock\";i:11;s:6:\"is_new\";i:12;s:7:\"variant\";}s:19:\"\0*\0dispatchesEvents\";a:0:{}s:14:\"\0*\0observables\";a:0:{}s:12:\"\0*\0relations\";a:4:{s:12:\"translations\";O:39:\"Illuminate\\Database\\Eloquent\\Collection\":2:{s:8:\"\0*\0items\";a:1:{i:0;O:43:\"Modules\\Product\\Entities\\ProductTranslation\":30:{s:13:\"\0*\0connection\";s:5:\"mysql\";s:8:\"\0*\0table\";s:20:\"product_translations\";s:13:\"\0*\0primaryKey\";s:2:\"id\";s:10:\"\0*\0keyType\";s:3:\"int\";s:12:\"incrementing\";b:1;s:7:\"\0*\0with\";a:0:{}s:12:\"\0*\0withCount\";a:0:{}s:19:\"preventsLazyLoading\";b:0;s:10:\"\0*\0perPage\";i:15;s:6:\"exists\";b:1;s:18:\"wasRecentlyCreated\";b:0;s:28:\"\0*\0escapeWhenCastingToString\";b:0;s:13:\"\0*\0attributes\";a:6:{s:2:\"id\";i:32;s:10:\"product_id\";i:32;s:6:\"locale\";s:2:\"es\";s:4:\"name\";s:78:\"Reloj inteligente Samsung Galaxy Watch (46 mm, GPS, Bluetooth) – Plata/Negro\";s:11:\"description\";s:6889:\"<p><span class=\"a-list-item\"><img src=\"/storage/media/2plK6n6zym2uqHFDx8YbmFWPZu0qVE3xMQJ4mIQk.jpeg\" alt=\"\" width=\"1464\" loading=\"lazy\" /></span></p>\n<p><img src=\"/storage/media/ehwArCEZuUvIOVbEudcdQD1lx3FHCSepjDJbFuUL.jpg\" loading=\"lazy\" /></p>\n<p><span class=\"a-list-item\"><span style=\"vertical-align: inherit;\"><span style=\"vertical-align: inherit;\">Vive una vida m&aacute;s fuerte e inteligente con Galaxy Watch en tu mu&ntilde;eca. Descansa bien y mantente activo con el seguimiento de salud integrado y una conexi&oacute;n Bluetooth que te permite tener todo en tu mu&ntilde;eca. Adem&aacute;s, puedes pasar d&iacute;as sin cargarlo.</span></span></span></p>\n<p><span class=\"a-list-item\"><span style=\"vertical-align: inherit;\"><span style=\"vertical-align: inherit;\">Con una sola carga, puedes trabajar sin parar durante d&iacute;as. El cargador inal&aacute;mbrico te permite cargar tu dispositivo sin disminuir la velocidad. (Rendimiento promedio esperado basado en un uso t&iacute;pico. Los resultados pueden variar).</span></span></span></p>\n<p>&nbsp;</p>\n<p><span class=\"a-list-item\"><img src=\"/storage/media/JnZ8j5G4nmUKY9IkPfpchVOMl10uh7r85XGJGgF9.jpeg\" alt=\"\" width=\"800\" loading=\"lazy\" /></span></p>\n<p><img src=\"/storage/media/9dJcyRl7XYV0AQEybWNt3ahFbKS2cHX7RF3xDLQ4.jpg\" loading=\"lazy\" /></p>\n<p>&nbsp;</p>\n<p><span class=\"a-list-item\"><img src=\"/storage/media/tcLDmXwKVZ1R2OwNuB8kzxwadpNMetpVscCUoRJI.jpeg\" alt=\"\" width=\"800\" loading=\"lazy\" /></span></p>\n<p><span class=\"a-list-item\"><span style=\"vertical-align: inherit;\"><span style=\"vertical-align: inherit;\">Disponible en dos tama&ntilde;os y tres colores, el Galaxy Watch ofrece esferas elegantes tan realistas que apenas parecen digitales. Adem&aacute;s, puedes elegir entre una colecci&oacute;n de correas intercambiables.</span></span></span></p>\n<p><span class=\"a-list-item\"><span style=\"vertical-align: inherit;\"><span style=\"vertical-align: inherit;\">Se empareja con tel&eacute;fonos inteligentes Android e iOS a trav&eacute;s de conexi&oacute;n Bluetooth.</span></span></span></p>\n<p><span class=\"a-list-item\"><span style=\"vertical-align: inherit;\"><span style=\"vertical-align: inherit;\">Incluido en la caja: Galaxy Watch, correa adicional (grande y peque&ntilde;a incluidas), base de carga inal&aacute;mbrica, adaptador de viaje, gu&iacute;a de inicio r&aacute;pido, manual del usuario (garant&iacute;a: 1 a&ntilde;o para piezas y mano de obra est&aacute;ndar)</span></span></span></p>\n<p>&nbsp;</p>\n<p><span class=\"a-list-item\"><img src=\"/storage/media/LfZPd1dTdXVYYx2CV3NUBtpqm8N4hwA13sB73DHh.jpeg\" alt=\"\" width=\"800\" loading=\"lazy\" /></span></p>\n<p>&nbsp;</p>\n<p><img src=\"/storage/media/bSZMaLnHfVNRA17Nc33fBIubqdqO6b0t0FTTDi8V.jpg\" loading=\"lazy\" /></p>\n<p><span class=\"a-list-item\"><img src=\"/storage/media/oEzsjhMS9QqOOO789QhXKo148azC9Ipsb0gmaKpI.jpeg\" alt=\"\" width=\"800\" loading=\"lazy\" /></span></p>\n<p>&nbsp;</p>\n<p>&nbsp;</p>\n<p>&nbsp;</p>\n<p>&nbsp;</p>\n<p><strong><span class=\"a-list-item\"><span style=\"vertical-align: inherit;\"><span style=\"vertical-align: inherit;\">Detalles del producto:</span></span></span></strong></p>\n<p>&nbsp;</p>\n<table id=\"productDetails_detailBullets_sections1\" class=\"a-keyvalue prodDetTable\" style=\"height: 140px;\" role=\"presentation\">\n<tbody>\n<tr style=\"height: 20px;\">\n<th class=\"a-color-secondary a-size-base prodDetSectionEntry\" style=\"text-align: left; height: 20px; width: 157.227px;\"><span style=\"vertical-align: inherit;\"><span style=\"vertical-align: inherit;\">Dimensiones del producto</span></span></th>\n<td class=\"a-size-base\" style=\"height: 20px; width: 328.477px; text-align: right;\"><span style=\"vertical-align: inherit;\"><span style=\"vertical-align: inherit;\">0,5 x 1,8 x 1,9 pulgadas</span></span></td>\n</tr>\n<tr style=\"height: 20px;\">\n<th class=\"a-color-secondary a-size-base prodDetSectionEntry\" style=\"text-align: left; height: 20px; width: 157.227px;\"><span style=\"vertical-align: inherit;\"><span style=\"vertical-align: inherit;\">Peso del art&iacute;culo</span></span></th>\n<td class=\"a-size-base\" style=\"height: 20px; width: 328.477px; text-align: right;\"><span style=\"vertical-align: inherit;\"><span style=\"vertical-align: inherit;\">2,88 onzas</span></span></td>\n</tr>\n<tr style=\"height: 20px;\">\n<th class=\"a-color-secondary a-size-base prodDetSectionEntry\" style=\"text-align: left; height: 20px; width: 157.227px;\"><span style=\"vertical-align: inherit;\"><span style=\"vertical-align: inherit;\">Peso del env&iacute;o</span></span></th>\n<td class=\"a-size-base\" style=\"height: 20px; width: 328.477px; text-align: right;\"><span style=\"vertical-align: inherit;\"><span style=\"vertical-align: inherit;\">13,6 onzas</span></span></td>\n</tr>\n<tr style=\"height: 20px;\">\n<th class=\"a-color-secondary a-size-base prodDetSectionEntry\" style=\"text-align: left; height: 20px; width: 157.227px;\"><span style=\"vertical-align: inherit;\"><span style=\"vertical-align: inherit;\">ASIN</span></span></th>\n<td class=\"a-size-base\" style=\"height: 20px; width: 328.477px; text-align: right;\"><span style=\"vertical-align: inherit;\"><span style=\"vertical-align: inherit;\">B07FTKJCMT</span></span></td>\n</tr>\n<tr style=\"height: 20px;\">\n<th class=\"a-color-secondary a-size-base prodDetSectionEntry\" style=\"text-align: left; height: 20px; width: 157.227px;\"><span style=\"vertical-align: inherit;\"><span style=\"vertical-align: inherit;\">Residentes de California</span></span></th>\n<td class=\"a-size-base\" style=\"height: 20px; width: 328.477px; text-align: right;\"><a href=\"https://www.amazon.com/gp/help/customer/display.html/ref=dp_prop65_warn?ie=UTF8&amp;nodeId=3234041\"><span style=\"vertical-align: inherit;\"><span style=\"vertical-align: inherit;\">Haga clic aqu&iacute;</span></span></a><span style=\"vertical-align: inherit;\"><span style=\"vertical-align: inherit;\"> &nbsp;para ver la advertencia sobre la Proposici&oacute;n 65</span></span></td>\n</tr>\n<tr style=\"height: 20px;\">\n<th class=\"a-color-secondary a-size-base prodDetSectionEntry\" style=\"text-align: left; height: 20px; width: 157.227px;\"><span style=\"vertical-align: inherit;\"><span style=\"vertical-align: inherit;\">N&uacute;mero de modelo del art&iacute;culo</span></span></th>\n<td class=\"a-size-base\" style=\"height: 20px; width: 328.477px; text-align: right;\"><span style=\"vertical-align: inherit;\"><span style=\"vertical-align: inherit;\">SM-R800NZSAXAR</span></span></td>\n</tr>\n<tr style=\"height: 20px;\">\n<th class=\"a-color-secondary a-size-base prodDetSectionEntry\" style=\"text-align: left; height: 20px; width: 157.227px;\"><span style=\"vertical-align: inherit;\"><span style=\"vertical-align: inherit;\">Bater&iacute;as</span></span></th>\n<td class=\"a-size-base\" style=\"height: 20px; width: 328.477px; text-align: right;\"><span style=\"vertical-align: inherit;\"><span style=\"vertical-align: inherit;\">Se requieren 1 bater&iacute;a de metal de litio (incluida).</span></span></td>\n</tr>\n</tbody>\n</table>\n<p>&nbsp;</p>\";s:17:\"short_description\";s:254:\"Vive una vida más fuerte e inteligente con Galaxy Watch en tu muñeca. Descansa bien, mantente activo y mantén a raya el estrés con el seguimiento de salud integrado. Pasa días sin cargar tu reloj. La conexión Bluetooth te permite tener todo a mano.\";}s:11:\"\0*\0original\";a:6:{s:2:\"id\";i:32;s:10:\"product_id\";i:32;s:6:\"locale\";s:2:\"es\";s:4:\"name\";s:78:\"Reloj inteligente Samsung Galaxy Watch (46 mm, GPS, Bluetooth) – Plata/Negro\";s:11:\"description\";s:6889:\"<p><span class=\"a-list-item\"><img src=\"/storage/media/2plK6n6zym2uqHFDx8YbmFWPZu0qVE3xMQJ4mIQk.jpeg\" alt=\"\" width=\"1464\" loading=\"lazy\" /></span></p>\n<p><img src=\"/storage/media/ehwArCEZuUvIOVbEudcdQD1lx3FHCSepjDJbFuUL.jpg\" loading=\"lazy\" /></p>\n<p><span class=\"a-list-item\"><span style=\"vertical-align: inherit;\"><span style=\"vertical-align: inherit;\">Vive una vida m&aacute;s fuerte e inteligente con Galaxy Watch en tu mu&ntilde;eca. Descansa bien y mantente activo con el seguimiento de salud integrado y una conexi&oacute;n Bluetooth que te permite tener todo en tu mu&ntilde;eca. Adem&aacute;s, puedes pasar d&iacute;as sin cargarlo.</span></span></span></p>\n<p><span class=\"a-list-item\"><span style=\"vertical-align: inherit;\"><span style=\"vertical-align: inherit;\">Con una sola carga, puedes trabajar sin parar durante d&iacute;as. El cargador inal&aacute;mbrico te permite cargar tu dispositivo sin disminuir la velocidad. (Rendimiento promedio esperado basado en un uso t&iacute;pico. Los resultados pueden variar).</span></span></span></p>\n<p>&nbsp;</p>\n<p><span class=\"a-list-item\"><img src=\"/storage/media/JnZ8j5G4nmUKY9IkPfpchVOMl10uh7r85XGJGgF9.jpeg\" alt=\"\" width=\"800\" loading=\"lazy\" /></span></p>\n<p><img src=\"/storage/media/9dJcyRl7XYV0AQEybWNt3ahFbKS2cHX7RF3xDLQ4.jpg\" loading=\"lazy\" /></p>\n<p>&nbsp;</p>\n<p><span class=\"a-list-item\"><img src=\"/storage/media/tcLDmXwKVZ1R2OwNuB8kzxwadpNMetpVscCUoRJI.jpeg\" alt=\"\" width=\"800\" loading=\"lazy\" /></span></p>\n<p><span class=\"a-list-item\"><span style=\"vertical-align: inherit;\"><span style=\"vertical-align: inherit;\">Disponible en dos tama&ntilde;os y tres colores, el Galaxy Watch ofrece esferas elegantes tan realistas que apenas parecen digitales. Adem&aacute;s, puedes elegir entre una colecci&oacute;n de correas intercambiables.</span></span></span></p>\n<p><span class=\"a-list-item\"><span style=\"vertical-align: inherit;\"><span style=\"vertical-align: inherit;\">Se empareja con tel&eacute;fonos inteligentes Android e iOS a trav&eacute;s de conexi&oacute;n Bluetooth.</span></span></span></p>\n<p><span class=\"a-list-item\"><span style=\"vertical-align: inherit;\"><span style=\"vertical-align: inherit;\">Incluido en la caja: Galaxy Watch, correa adicional (grande y peque&ntilde;a incluidas), base de carga inal&aacute;mbrica, adaptador de viaje, gu&iacute;a de inicio r&aacute;pido, manual del usuario (garant&iacute;a: 1 a&ntilde;o para piezas y mano de obra est&aacute;ndar)</span></span></span></p>\n<p>&nbsp;</p>\n<p><span class=\"a-list-item\"><img src=\"/storage/media/LfZPd1dTdXVYYx2CV3NUBtpqm8N4hwA13sB73DHh.jpeg\" alt=\"\" width=\"800\" loading=\"lazy\" /></span></p>\n<p>&nbsp;</p>\n<p><img src=\"/storage/media/bSZMaLnHfVNRA17Nc33fBIubqdqO6b0t0FTTDi8V.jpg\" loading=\"lazy\" /></p>\n<p><span class=\"a-list-item\"><img src=\"/storage/media/oEzsjhMS9QqOOO789QhXKo148azC9Ipsb0gmaKpI.jpeg\" alt=\"\" width=\"800\" loading=\"lazy\" /></span></p>\n<p>&nbsp;</p>\n<p>&nbsp;</p>\n<p>&nbsp;</p>\n<p>&nbsp;</p>\n<p><strong><span class=\"a-list-item\"><span style=\"vertical-align: inherit;\"><span style=\"vertical-align: inherit;\">Detalles del producto:</span></span></span></strong></p>\n<p>&nbsp;</p>\n<table id=\"productDetails_detailBullets_sections1\" class=\"a-keyvalue prodDetTable\" style=\"height: 140px;\" role=\"presentation\">\n<tbody>\n<tr style=\"height: 20px;\">\n<th class=\"a-color-secondary a-size-base prodDetSectionEntry\" style=\"text-align: left; height: 20px; width: 157.227px;\"><span style=\"vertical-align: inherit;\"><span style=\"vertical-align: inherit;\">Dimensiones del producto</span></span></th>\n<td class=\"a-size-base\" style=\"height: 20px; width: 328.477px; text-align: right;\"><span style=\"vertical-align: inherit;\"><span style=\"vertical-align: inherit;\">0,5 x 1,8 x 1,9 pulgadas</span></span></td>\n</tr>\n<tr style=\"height: 20px;\">\n<th class=\"a-color-secondary a-size-base prodDetSectionEntry\" style=\"text-align: left; height: 20px; width: 157.227px;\"><span style=\"vertical-align: inherit;\"><span style=\"vertical-align: inherit;\">Peso del art&iacute;culo</span></span></th>\n<td class=\"a-size-base\" style=\"height: 20px; width: 328.477px; text-align: right;\"><span style=\"vertical-align: inherit;\"><span style=\"vertical-align: inherit;\">2,88 onzas</span></span></td>\n</tr>\n<tr style=\"height: 20px;\">\n<th class=\"a-color-secondary a-size-base prodDetSectionEntry\" style=\"text-align: left; height: 20px; width: 157.227px;\"><span style=\"vertical-align: inherit;\"><span style=\"vertical-align: inherit;\">Peso del env&iacute;o</span></span></th>\n<td class=\"a-size-base\" style=\"height: 20px; width: 328.477px; text-align: right;\"><span style=\"vertical-align: inherit;\"><span style=\"vertical-align: inherit;\">13,6 onzas</span></span></td>\n</tr>\n<tr style=\"height: 20px;\">\n<th class=\"a-color-secondary a-size-base prodDetSectionEntry\" style=\"text-align: left; height: 20px; width: 157.227px;\"><span style=\"vertical-align: inherit;\"><span style=\"vertical-align: inherit;\">ASIN</span></span></th>\n<td class=\"a-size-base\" style=\"height: 20px; width: 328.477px; text-align: right;\"><span style=\"vertical-align: inherit;\"><span style=\"vertical-align: inherit;\">B07FTKJCMT</span></span></td>\n</tr>\n<tr style=\"height: 20px;\">\n<th class=\"a-color-secondary a-size-base prodDetSectionEntry\" style=\"text-align: left; height: 20px; width: 157.227px;\"><span style=\"vertical-align: inherit;\"><span style=\"vertical-align: inherit;\">Residentes de California</span></span></th>\n<td class=\"a-size-base\" style=\"height: 20px; width: 328.477px; text-align: right;\"><a href=\"https://www.amazon.com/gp/help/customer/display.html/ref=dp_prop65_warn?ie=UTF8&amp;nodeId=3234041\"><span style=\"vertical-align: inherit;\"><span style=\"vertical-align: inherit;\">Haga clic aqu&iacute;</span></span></a><span style=\"vertical-align: inherit;\"><span style=\"vertical-align: inherit;\"> &nbsp;para ver la advertencia sobre la Proposici&oacute;n 65</span></span></td>\n</tr>\n<tr style=\"height: 20px;\">\n<th class=\"a-color-secondary a-size-base prodDetSectionEntry\" style=\"text-align: left; height: 20px; width: 157.227px;\"><span style=\"vertical-align: inherit;\"><span style=\"vertical-align: inherit;\">N&uacute;mero de modelo del art&iacute;culo</span></span></th>\n<td class=\"a-size-base\" style=\"height: 20px; width: 328.477px; text-align: right;\"><span style=\"vertical-align: inherit;\"><span style=\"vertical-align: inherit;\">SM-R800NZSAXAR</span></span></td>\n</tr>\n<tr style=\"height: 20px;\">\n<th class=\"a-color-secondary a-size-base prodDetSectionEntry\" style=\"text-align: left; height: 20px; width: 157.227px;\"><span style=\"vertical-align: inherit;\"><span style=\"vertical-align: inherit;\">Bater&iacute;as</span></span></th>\n<td class=\"a-size-base\" style=\"height: 20px; width: 328.477px; text-align: right;\"><span style=\"vertical-align: inherit;\"><span style=\"vertical-align: inherit;\">Se requieren 1 bater&iacute;a de metal de litio (incluida).</span></span></td>\n</tr>\n</tbody>\n</table>\n<p>&nbsp;</p>\";s:17:\"short_description\";s:254:\"Vive una vida más fuerte e inteligente con Galaxy Watch en tu muñeca. Descansa bien, mantente activo y mantén a raya el estrés con el seguimiento de salud integrado. Pasa días sin cargar tu reloj. La conexión Bluetooth te permite tener todo a mano.\";}s:10:\"\0*\0changes\";a:0:{}s:8:\"\0*\0casts\";a:0:{}s:17:\"\0*\0classCastCache\";a:0:{}s:21:\"\0*\0attributeCastCache\";a:0:{}s:13:\"\0*\0dateFormat\";N;s:10:\"\0*\0appends\";a:0:{}s:19:\"\0*\0dispatchesEvents\";a:0:{}s:14:\"\0*\0observables\";a:0:{}s:12:\"\0*\0relations\";a:0:{}s:10:\"\0*\0touches\";a:0:{}s:10:\"timestamps\";b:0;s:13:\"usesUniqueIds\";b:0;s:9:\"\0*\0hidden\";a:0:{}s:10:\"\0*\0visible\";a:0:{}s:11:\"\0*\0fillable\";a:3:{i:0;s:4:\"name\";i:1;s:11:\"description\";i:2;s:17:\"short_description\";}s:10:\"\0*\0guarded\";a:1:{i:0;s:1:\"*\";}}}s:28:\"\0*\0escapeWhenCastingToString\";b:0;}s:5:\"files\";O:39:\"Illuminate\\Database\\Eloquent\\Collection\":2:{s:8:\"\0*\0items\";a:5:{i:0;O:27:\"Modules\\Media\\Entities\\File\":30:{s:13:\"\0*\0connection\";s:5:\"mysql\";s:8:\"\0*\0table\";s:5:\"files\";s:13:\"\0*\0primaryKey\";s:2:\"id\";s:10:\"\0*\0keyType\";s:3:\"int\";s:12:\"incrementing\";b:1;s:7:\"\0*\0with\";a:0:{}s:12:\"\0*\0withCount\";a:0:{}s:19:\"preventsLazyLoading\";b:0;s:10:\"\0*\0perPage\";i:15;s:6:\"exists\";b:1;s:18:\"wasRecentlyCreated\";b:0;s:28:\"\0*\0escapeWhenCastingToString\";b:0;s:13:\"\0*\0attributes\";a:10:{s:2:\"id\";i:337;s:7:\"user_id\";i:1;s:8:\"filename\";s:45:\"sUXjp98NlWNrxS0QCzAehHiPknehoMJhYHFYEEkC.jpeg\";s:4:\"disk\";s:14:\"public_storage\";s:4:\"path\";s:50:\"media/ANQS7Tu9EXSW1vwkwDObFCGGNYYU5LW9LXQJXtHB.jpg\";s:9:\"extension\";s:3:\"jpg\";s:4:\"mime\";s:10:\"image/jpeg\";s:4:\"size\";s:5:\"39562\";s:10:\"created_at\";s:19:\"2024-12-19 11:18:03\";s:10:\"updated_at\";s:19:\"2024-12-19 11:18:03\";}s:11:\"\0*\0original\";a:17:{s:2:\"id\";i:337;s:7:\"user_id\";i:1;s:8:\"filename\";s:45:\"sUXjp98NlWNrxS0QCzAehHiPknehoMJhYHFYEEkC.jpeg\";s:4:\"disk\";s:14:\"public_storage\";s:4:\"path\";s:50:\"media/ANQS7Tu9EXSW1vwkwDObFCGGNYYU5LW9LXQJXtHB.jpg\";s:9:\"extension\";s:3:\"jpg\";s:4:\"mime\";s:10:\"image/jpeg\";s:4:\"size\";s:5:\"39562\";s:10:\"created_at\";s:19:\"2024-12-19 11:18:03\";s:10:\"updated_at\";s:19:\"2024-12-19 11:18:03\";s:15:\"pivot_entity_id\";i:32;s:13:\"pivot_file_id\";i:337;s:17:\"pivot_entity_type\";s:32:\"Modules\\Product\\Entities\\Product\";s:8:\"pivot_id\";i:816;s:10:\"pivot_zone\";s:10:\"base_image\";s:16:\"pivot_created_at\";s:19:\"2024-12-19 11:23:34\";s:16:\"pivot_updated_at\";s:19:\"2024-12-19 11:23:34\";}s:10:\"\0*\0changes\";a:0:{}s:8:\"\0*\0casts\";a:0:{}s:17:\"\0*\0classCastCache\";a:0:{}s:21:\"\0*\0attributeCastCache\";a:0:{}s:13:\"\0*\0dateFormat\";N;s:10:\"\0*\0appends\";a:0:{}s:19:\"\0*\0dispatchesEvents\";a:0:{}s:14:\"\0*\0observables\";a:0:{}s:12:\"\0*\0relations\";a:1:{s:5:\"pivot\";O:49:\"Illuminate\\Database\\Eloquent\\Relations\\MorphPivot\":35:{s:13:\"\0*\0connection\";N;s:8:\"\0*\0table\";s:12:\"entity_files\";s:13:\"\0*\0primaryKey\";s:2:\"id\";s:10:\"\0*\0keyType\";s:3:\"int\";s:12:\"incrementing\";b:0;s:7:\"\0*\0with\";a:0:{}s:12:\"\0*\0withCount\";a:0:{}s:19:\"preventsLazyLoading\";b:0;s:10:\"\0*\0perPage\";i:15;s:6:\"exists\";b:1;s:18:\"wasRecentlyCreated\";b:0;s:28:\"\0*\0escapeWhenCastingToString\";b:0;s:13:\"\0*\0attributes\";a:7:{s:11:\"entity_type\";s:32:\"Modules\\Product\\Entities\\Product\";s:9:\"entity_id\";i:32;s:7:\"file_id\";i:337;s:2:\"id\";i:816;s:4:\"zone\";s:10:\"base_image\";s:10:\"created_at\";s:19:\"2024-12-19 11:23:34\";s:10:\"updated_at\";s:19:\"2024-12-19 11:23:34\";}s:11:\"\0*\0original\";a:7:{s:11:\"entity_type\";s:32:\"Modules\\Product\\Entities\\Product\";s:9:\"entity_id\";i:32;s:7:\"file_id\";i:337;s:2:\"id\";i:816;s:4:\"zone\";s:10:\"base_image\";s:10:\"created_at\";s:19:\"2024-12-19 11:23:34\";s:10:\"updated_at\";s:19:\"2024-12-19 11:23:34\";}s:10:\"\0*\0changes\";a:0:{}s:8:\"\0*\0casts\";a:0:{}s:17:\"\0*\0classCastCache\";a:0:{}s:21:\"\0*\0attributeCastCache\";a:0:{}s:13:\"\0*\0dateFormat\";N;s:10:\"\0*\0appends\";a:0:{}s:19:\"\0*\0dispatchesEvents\";a:0:{}s:14:\"\0*\0observables\";a:0:{}s:12:\"\0*\0relations\";a:0:{}s:10:\"\0*\0touches\";a:0:{}s:10:\"timestamps\";b:1;s:13:\"usesUniqueIds\";b:0;s:9:\"\0*\0hidden\";a:0:{}s:10:\"\0*\0visible\";a:0:{}s:11:\"\0*\0fillable\";a:0:{}s:10:\"\0*\0guarded\";a:0:{}s:11:\"pivotParent\";O:32:\"Modules\\Product\\Entities\\Product\":35:{s:13:\"\0*\0connection\";N;s:8:\"\0*\0table\";s:8:\"products\";s:13:\"\0*\0primaryKey\";s:2:\"id\";s:10:\"\0*\0keyType\";s:3:\"int\";s:12:\"incrementing\";b:1;s:7:\"\0*\0with\";a:1:{i:0;s:12:\"translations\";}s:12:\"\0*\0withCount\";a:0:{}s:19:\"preventsLazyLoading\";b:0;s:10:\"\0*\0perPage\";i:15;s:6:\"exists\";b:0;s:18:\"wasRecentlyCreated\";b:0;s:28:\"\0*\0escapeWhenCastingToString\";b:0;s:13:\"\0*\0attributes\";a:0:{}s:11:\"\0*\0original\";a:0:{}s:10:\"\0*\0changes\";a:0:{}s:8:\"\0*\0casts\";a:9:{s:10:\"is_virtual\";s:7:\"boolean\";s:9:\"is_active\";s:7:\"boolean\";s:19:\"special_price_start\";s:8:\"datetime\";s:17:\"special_price_end\";s:8:\"datetime\";s:8:\"new_from\";s:8:\"datetime\";s:6:\"new_to\";s:8:\"datetime\";s:10:\"start_date\";s:8:\"datetime\";s:8:\"end_date\";s:8:\"datetime\";s:10:\"deleted_at\";s:8:\"datetime\";}s:17:\"\0*\0classCastCache\";a:0:{}s:21:\"\0*\0attributeCastCache\";a:0:{}s:13:\"\0*\0dateFormat\";N;s:10:\"\0*\0appends\";a:13:{i:0;s:10:\"base_image\";i:1;s:17:\"additional_images\";i:2;s:5:\"media\";i:3;s:15:\"formatted_price\";i:4;s:21:\"formatted_price_range\";i:5;s:28:\"has_percentage_special_price\";i:6;s:21:\"special_price_percent\";i:7;s:14:\"rating_percent\";i:8;s:17:\"does_manage_stock\";i:9;s:11:\"is_in_stock\";i:10;s:15:\"is_out_of_stock\";i:11;s:6:\"is_new\";i:12;s:7:\"variant\";}s:19:\"\0*\0dispatchesEvents\";a:0:{}s:14:\"\0*\0observables\";a:0:{}s:12:\"\0*\0relations\";a:0:{}s:10:\"\0*\0touches\";a:0:{}s:10:\"timestamps\";b:1;s:13:\"usesUniqueIds\";b:0;s:9:\"\0*\0hidden\";a:0:{}s:10:\"\0*\0visible\";a:0:{}s:11:\"\0*\0fillable\";a:17:{i:0;s:8:\"brand_id\";i:1;s:12:\"tax_class_id\";i:2;s:4:\"slug\";i:3;s:3:\"sku\";i:4;s:5:\"price\";i:5;s:13:\"special_price\";i:6;s:18:\"special_price_type\";i:7;s:19:\"special_price_start\";i:8;s:17:\"special_price_end\";i:9;s:13:\"selling_price\";i:10;s:12:\"manage_stock\";i:11;s:3:\"qty\";i:12;s:8:\"in_stock\";i:13;s:10:\"is_virtual\";i:14;s:9:\"is_active\";i:15;s:8:\"new_from\";i:16;s:6:\"new_to\";}s:10:\"\0*\0guarded\";a:1:{i:0;s:1:\"*\";}s:23:\"\0*\0translatedAttributes\";a:3:{i:0;s:4:\"name\";i:1;s:11:\"description\";i:2;s:17:\"short_description\";}s:16:\"\0*\0slugAttribute\";s:4:\"name\";s:16:\"\0*\0defaultLocale\";N;s:16:\"\0*\0scoutMetadata\";a:0:{}s:16:\"\0*\0forceDeleting\";b:0;}s:13:\"\0*\0foreignKey\";s:9:\"entity_id\";s:13:\"\0*\0relatedKey\";s:7:\"file_id\";s:12:\"\0*\0morphType\";s:11:\"entity_type\";s:13:\"\0*\0morphClass\";s:32:\"Modules\\Product\\Entities\\Product\";}}s:10:\"\0*\0touches\";a:0:{}s:10:\"timestamps\";b:1;s:13:\"usesUniqueIds\";b:0;s:9:\"\0*\0hidden\";a:0:{}s:10:\"\0*\0visible\";a:3:{i:0;s:2:\"id\";i:1;s:8:\"filename\";i:2;s:4:\"path\";}s:11:\"\0*\0fillable\";a:0:{}s:10:\"\0*\0guarded\";a:0:{}}i:1;O:27:\"Modules\\Media\\Entities\\File\":30:{s:13:\"\0*\0connection\";s:5:\"mysql\";s:8:\"\0*\0table\";s:5:\"files\";s:13:\"\0*\0primaryKey\";s:2:\"id\";s:10:\"\0*\0keyType\";s:3:\"int\";s:12:\"incrementing\";b:1;s:7:\"\0*\0with\";a:0:{}s:12:\"\0*\0withCount\";a:0:{}s:19:\"preventsLazyLoading\";b:0;s:10:\"\0*\0perPage\";i:15;s:6:\"exists\";b:1;s:18:\"wasRecentlyCreated\";b:0;s:28:\"\0*\0escapeWhenCastingToString\";b:0;s:13:\"\0*\0attributes\";a:10:{s:2:\"id\";i:336;s:7:\"user_id\";i:1;s:8:\"filename\";s:45:\"RQSZZecqxmwaglxjzTiXBxVTOdmpyi4lgvRur7zQ.jpeg\";s:4:\"disk\";s:14:\"public_storage\";s:4:\"path\";s:50:\"media/UxLVAfPzbDqNY2VpDsNoZS1evr76y35cQz67hXdp.jpg\";s:9:\"extension\";s:3:\"jpg\";s:4:\"mime\";s:10:\"image/jpeg\";s:4:\"size\";s:5:\"37879\";s:10:\"created_at\";s:19:\"2024-12-19 11:18:03\";s:10:\"updated_at\";s:19:\"2024-12-19 11:18:03\";}s:11:\"\0*\0original\";a:17:{s:2:\"id\";i:336;s:7:\"user_id\";i:1;s:8:\"filename\";s:45:\"RQSZZecqxmwaglxjzTiXBxVTOdmpyi4lgvRur7zQ.jpeg\";s:4:\"disk\";s:14:\"public_storage\";s:4:\"path\";s:50:\"media/UxLVAfPzbDqNY2VpDsNoZS1evr76y35cQz67hXdp.jpg\";s:9:\"extension\";s:3:\"jpg\";s:4:\"mime\";s:10:\"image/jpeg\";s:4:\"size\";s:5:\"37879\";s:10:\"created_at\";s:19:\"2024-12-19 11:18:03\";s:10:\"updated_at\";s:19:\"2024-12-19 11:18:03\";s:15:\"pivot_entity_id\";i:32;s:13:\"pivot_file_id\";i:336;s:17:\"pivot_entity_type\";s:32:\"Modules\\Product\\Entities\\Product\";s:8:\"pivot_id\";i:817;s:10:\"pivot_zone\";s:17:\"additional_images\";s:16:\"pivot_created_at\";s:19:\"2024-12-19 11:23:34\";s:16:\"pivot_updated_at\";s:19:\"2024-12-19 11:23:34\";}s:10:\"\0*\0changes\";a:0:{}s:8:\"\0*\0casts\";a:0:{}s:17:\"\0*\0classCastCache\";a:0:{}s:21:\"\0*\0attributeCastCache\";a:0:{}s:13:\"\0*\0dateFormat\";N;s:10:\"\0*\0appends\";a:0:{}s:19:\"\0*\0dispatchesEvents\";a:0:{}s:14:\"\0*\0observables\";a:0:{}s:12:\"\0*\0relations\";a:1:{s:5:\"pivot\";O:49:\"Illuminate\\Database\\Eloquent\\Relations\\MorphPivot\":35:{s:13:\"\0*\0connection\";N;s:8:\"\0*\0table\";s:12:\"entity_files\";s:13:\"\0*\0primaryKey\";s:2:\"id\";s:10:\"\0*\0keyType\";s:3:\"int\";s:12:\"incrementing\";b:0;s:7:\"\0*\0with\";a:0:{}s:12:\"\0*\0withCount\";a:0:{}s:19:\"preventsLazyLoading\";b:0;s:10:\"\0*\0perPage\";i:15;s:6:\"exists\";b:1;s:18:\"wasRecentlyCreated\";b:0;s:28:\"\0*\0escapeWhenCastingToString\";b:0;s:13:\"\0*\0attributes\";a:7:{s:11:\"entity_type\";s:32:\"Modules\\Product\\Entities\\Product\";s:9:\"entity_id\";i:32;s:7:\"file_id\";i:336;s:2:\"id\";i:817;s:4:\"zone\";s:17:\"additional_images\";s:10:\"created_at\";s:19:\"2024-12-19 11:23:34\";s:10:\"updated_at\";s:19:\"2024-12-19 11:23:34\";}s:11:\"\0*\0original\";a:7:{s:11:\"entity_type\";s:32:\"Modules\\Product\\Entities\\Product\";s:9:\"entity_id\";i:32;s:7:\"file_id\";i:336;s:2:\"id\";i:817;s:4:\"zone\";s:17:\"additional_images\";s:10:\"created_at\";s:19:\"2024-12-19 11:23:34\";s:10:\"updated_at\";s:19:\"2024-12-19 11:23:34\";}s:10:\"\0*\0changes\";a:0:{}s:8:\"\0*\0casts\";a:0:{}s:17:\"\0*\0classCastCache\";a:0:{}s:21:\"\0*\0attributeCastCache\";a:0:{}s:13:\"\0*\0dateFormat\";N;s:10:\"\0*\0appends\";a:0:{}s:19:\"\0*\0dispatchesEvents\";a:0:{}s:14:\"\0*\0observables\";a:0:{}s:12:\"\0*\0relations\";a:0:{}s:10:\"\0*\0touches\";a:0:{}s:10:\"timestamps\";b:1;s:13:\"usesUniqueIds\";b:0;s:9:\"\0*\0hidden\";a:0:{}s:10:\"\0*\0visible\";a:0:{}s:11:\"\0*\0fillable\";a:0:{}s:10:\"\0*\0guarded\";a:0:{}s:11:\"pivotParent\";r:250;s:13:\"\0*\0foreignKey\";s:9:\"entity_id\";s:13:\"\0*\0relatedKey\";s:7:\"file_id\";s:12:\"\0*\0morphType\";s:11:\"entity_type\";s:13:\"\0*\0morphClass\";s:32:\"Modules\\Product\\Entities\\Product\";}}s:10:\"\0*\0touches\";a:0:{}s:10:\"timestamps\";b:1;s:13:\"usesUniqueIds\";b:0;s:9:\"\0*\0hidden\";a:0:{}s:10:\"\0*\0visible\";a:3:{i:0;s:2:\"id\";i:1;s:8:\"filename\";i:2;s:4:\"path\";}s:11:\"\0*\0fillable\";a:0:{}s:10:\"\0*\0guarded\";a:0:{}}i:2;O:27:\"Modules\\Media\\Entities\\File\":30:{s:13:\"\0*\0connection\";s:5:\"mysql\";s:8:\"\0*\0table\";s:5:\"files\";s:13:\"\0*\0primaryKey\";s:2:\"id\";s:10:\"\0*\0keyType\";s:3:\"int\";s:12:\"incrementing\";b:1;s:7:\"\0*\0with\";a:0:{}s:12:\"\0*\0withCount\";a:0:{}s:19:\"preventsLazyLoading\";b:0;s:10:\"\0*\0perPage\";i:15;s:6:\"exists\";b:1;s:18:\"wasRecentlyCreated\";b:0;s:28:\"\0*\0escapeWhenCastingToString\";b:0;s:13:\"\0*\0attributes\";a:10:{s:2:\"id\";i:335;s:7:\"user_id\";i:1;s:8:\"filename\";s:45:\"QoenZayYpEtyGzGet2ujEXswuXmzdxmTFxUAJKdW.jpeg\";s:4:\"disk\";s:14:\"public_storage\";s:4:\"path\";s:50:\"media/h5E6RJm7E690EySSjWgPlqzqGqaHNQV9uTN1imz7.jpg\";s:9:\"extension\";s:3:\"jpg\";s:4:\"mime\";s:10:\"image/jpeg\";s:4:\"size\";s:5:\"24012\";s:10:\"created_at\";s:19:\"2024-12-19 11:18:02\";s:10:\"updated_at\";s:19:\"2024-12-19 11:18:02\";}s:11:\"\0*\0original\";a:17:{s:2:\"id\";i:335;s:7:\"user_id\";i:1;s:8:\"filename\";s:45:\"QoenZayYpEtyGzGet2ujEXswuXmzdxmTFxUAJKdW.jpeg\";s:4:\"disk\";s:14:\"public_storage\";s:4:\"path\";s:50:\"media/h5E6RJm7E690EySSjWgPlqzqGqaHNQV9uTN1imz7.jpg\";s:9:\"extension\";s:3:\"jpg\";s:4:\"mime\";s:10:\"image/jpeg\";s:4:\"size\";s:5:\"24012\";s:10:\"created_at\";s:19:\"2024-12-19 11:18:02\";s:10:\"updated_at\";s:19:\"2024-12-19 11:18:02\";s:15:\"pivot_entity_id\";i:32;s:13:\"pivot_file_id\";i:335;s:17:\"pivot_entity_type\";s:32:\"Modules\\Product\\Entities\\Product\";s:8:\"pivot_id\";i:818;s:10:\"pivot_zone\";s:17:\"additional_images\";s:16:\"pivot_created_at\";s:19:\"2024-12-19 11:23:34\";s:16:\"pivot_updated_at\";s:19:\"2024-12-19 11:23:34\";}s:10:\"\0*\0changes\";a:0:{}s:8:\"\0*\0casts\";a:0:{}s:17:\"\0*\0classCastCache\";a:0:{}s:21:\"\0*\0attributeCastCache\";a:0:{}s:13:\"\0*\0dateFormat\";N;s:10:\"\0*\0appends\";a:0:{}s:19:\"\0*\0dispatchesEvents\";a:0:{}s:14:\"\0*\0observables\";a:0:{}s:12:\"\0*\0relations\";a:1:{s:5:\"pivot\";O:49:\"Illuminate\\Database\\Eloquent\\Relations\\MorphPivot\":35:{s:13:\"\0*\0connection\";N;s:8:\"\0*\0table\";s:12:\"entity_files\";s:13:\"\0*\0primaryKey\";s:2:\"id\";s:10:\"\0*\0keyType\";s:3:\"int\";s:12:\"incrementing\";b:0;s:7:\"\0*\0with\";a:0:{}s:12:\"\0*\0withCount\";a:0:{}s:19:\"preventsLazyLoading\";b:0;s:10:\"\0*\0perPage\";i:15;s:6:\"exists\";b:1;s:18:\"wasRecentlyCreated\";b:0;s:28:\"\0*\0escapeWhenCastingToString\";b:0;s:13:\"\0*\0attributes\";a:7:{s:11:\"entity_type\";s:32:\"Modules\\Product\\Entities\\Product\";s:9:\"entity_id\";i:32;s:7:\"file_id\";i:335;s:2:\"id\";i:818;s:4:\"zone\";s:17:\"additional_images\";s:10:\"created_at\";s:19:\"2024-12-19 11:23:34\";s:10:\"updated_at\";s:19:\"2024-12-19 11:23:34\";}s:11:\"\0*\0original\";a:7:{s:11:\"entity_type\";s:32:\"Modules\\Product\\Entities\\Product\";s:9:\"entity_id\";i:32;s:7:\"file_id\";i:335;s:2:\"id\";i:818;s:4:\"zone\";s:17:\"additional_images\";s:10:\"created_at\";s:19:\"2024-12-19 11:23:34\";s:10:\"updated_at\";s:19:\"2024-12-19 11:23:34\";}s:10:\"\0*\0changes\";a:0:{}s:8:\"\0*\0casts\";a:0:{}s:17:\"\0*\0classCastCache\";a:0:{}s:21:\"\0*\0attributeCastCache\";a:0:{}s:13:\"\0*\0dateFormat\";N;s:10:\"\0*\0appends\";a:0:{}s:19:\"\0*\0dispatchesEvents\";a:0:{}s:14:\"\0*\0observables\";a:0:{}s:12:\"\0*\0relations\";a:0:{}s:10:\"\0*\0touches\";a:0:{}s:10:\"timestamps\";b:1;s:13:\"usesUniqueIds\";b:0;s:9:\"\0*\0hidden\";a:0:{}s:10:\"\0*\0visible\";a:0:{}s:11:\"\0*\0fillable\";a:0:{}s:10:\"\0*\0guarded\";a:0:{}s:11:\"pivotParent\";r:250;s:13:\"\0*\0foreignKey\";s:9:\"entity_id\";s:13:\"\0*\0relatedKey\";s:7:\"file_id\";s:12:\"\0*\0morphType\";s:11:\"entity_type\";s:13:\"\0*\0morphClass\";s:32:\"Modules\\Product\\Entities\\Product\";}}s:10:\"\0*\0touches\";a:0:{}s:10:\"timestamps\";b:1;s:13:\"usesUniqueIds\";b:0;s:9:\"\0*\0hidden\";a:0:{}s:10:\"\0*\0visible\";a:3:{i:0;s:2:\"id\";i:1;s:8:\"filename\";i:2;s:4:\"path\";}s:11:\"\0*\0fillable\";a:0:{}s:10:\"\0*\0guarded\";a:0:{}}i:3;O:27:\"Modules\\Media\\Entities\\File\":30:{s:13:\"\0*\0connection\";s:5:\"mysql\";s:8:\"\0*\0table\";s:5:\"files\";s:13:\"\0*\0primaryKey\";s:2:\"id\";s:10:\"\0*\0keyType\";s:3:\"int\";s:12:\"incrementing\";b:1;s:7:\"\0*\0with\";a:0:{}s:12:\"\0*\0withCount\";a:0:{}s:19:\"preventsLazyLoading\";b:0;s:10:\"\0*\0perPage\";i:15;s:6:\"exists\";b:1;s:18:\"wasRecentlyCreated\";b:0;s:28:\"\0*\0escapeWhenCastingToString\";b:0;s:13:\"\0*\0attributes\";a:10:{s:2:\"id\";i:334;s:7:\"user_id\";i:1;s:8:\"filename\";s:45:\"gHWwJD3yXDCIgVCdtHTdaEKPEpAvhPCByZBX7UNi.jpeg\";s:4:\"disk\";s:14:\"public_storage\";s:4:\"path\";s:50:\"media/79TQWN5peLws3Dmr6ZCj4dZGYyaRXdSPsRZDiRKG.jpg\";s:9:\"extension\";s:3:\"jpg\";s:4:\"mime\";s:10:\"image/jpeg\";s:4:\"size\";s:5:\"18752\";s:10:\"created_at\";s:19:\"2024-12-19 11:18:02\";s:10:\"updated_at\";s:19:\"2024-12-19 11:18:02\";}s:11:\"\0*\0original\";a:17:{s:2:\"id\";i:334;s:7:\"user_id\";i:1;s:8:\"filename\";s:45:\"gHWwJD3yXDCIgVCdtHTdaEKPEpAvhPCByZBX7UNi.jpeg\";s:4:\"disk\";s:14:\"public_storage\";s:4:\"path\";s:50:\"media/79TQWN5peLws3Dmr6ZCj4dZGYyaRXdSPsRZDiRKG.jpg\";s:9:\"extension\";s:3:\"jpg\";s:4:\"mime\";s:10:\"image/jpeg\";s:4:\"size\";s:5:\"18752\";s:10:\"created_at\";s:19:\"2024-12-19 11:18:02\";s:10:\"updated_at\";s:19:\"2024-12-19 11:18:02\";s:15:\"pivot_entity_id\";i:32;s:13:\"pivot_file_id\";i:334;s:17:\"pivot_entity_type\";s:32:\"Modules\\Product\\Entities\\Product\";s:8:\"pivot_id\";i:819;s:10:\"pivot_zone\";s:17:\"additional_images\";s:16:\"pivot_created_at\";s:19:\"2024-12-19 11:23:34\";s:16:\"pivot_updated_at\";s:19:\"2024-12-19 11:23:34\";}s:10:\"\0*\0changes\";a:0:{}s:8:\"\0*\0casts\";a:0:{}s:17:\"\0*\0classCastCache\";a:0:{}s:21:\"\0*\0attributeCastCache\";a:0:{}s:13:\"\0*\0dateFormat\";N;s:10:\"\0*\0appends\";a:0:{}s:19:\"\0*\0dispatchesEvents\";a:0:{}s:14:\"\0*\0observables\";a:0:{}s:12:\"\0*\0relations\";a:1:{s:5:\"pivot\";O:49:\"Illuminate\\Database\\Eloquent\\Relations\\MorphPivot\":35:{s:13:\"\0*\0connection\";N;s:8:\"\0*\0table\";s:12:\"entity_files\";s:13:\"\0*\0primaryKey\";s:2:\"id\";s:10:\"\0*\0keyType\";s:3:\"int\";s:12:\"incrementing\";b:0;s:7:\"\0*\0with\";a:0:{}s:12:\"\0*\0withCount\";a:0:{}s:19:\"preventsLazyLoading\";b:0;s:10:\"\0*\0perPage\";i:15;s:6:\"exists\";b:1;s:18:\"wasRecentlyCreated\";b:0;s:28:\"\0*\0escapeWhenCastingToString\";b:0;s:13:\"\0*\0attributes\";a:7:{s:11:\"entity_type\";s:32:\"Modules\\Product\\Entities\\Product\";s:9:\"entity_id\";i:32;s:7:\"file_id\";i:334;s:2:\"id\";i:819;s:4:\"zone\";s:17:\"additional_images\";s:10:\"created_at\";s:19:\"2024-12-19 11:23:34\";s:10:\"updated_at\";s:19:\"2024-12-19 11:23:34\";}s:11:\"\0*\0original\";a:7:{s:11:\"entity_type\";s:32:\"Modules\\Product\\Entities\\Product\";s:9:\"entity_id\";i:32;s:7:\"file_id\";i:334;s:2:\"id\";i:819;s:4:\"zone\";s:17:\"additional_images\";s:10:\"created_at\";s:19:\"2024-12-19 11:23:34\";s:10:\"updated_at\";s:19:\"2024-12-19 11:23:34\";}s:10:\"\0*\0changes\";a:0:{}s:8:\"\0*\0casts\";a:0:{}s:17:\"\0*\0classCastCache\";a:0:{}s:21:\"\0*\0attributeCastCache\";a:0:{}s:13:\"\0*\0dateFormat\";N;s:10:\"\0*\0appends\";a:0:{}s:19:\"\0*\0dispatchesEvents\";a:0:{}s:14:\"\0*\0observables\";a:0:{}s:12:\"\0*\0relations\";a:0:{}s:10:\"\0*\0touches\";a:0:{}s:10:\"timestamps\";b:1;s:13:\"usesUniqueIds\";b:0;s:9:\"\0*\0hidden\";a:0:{}s:10:\"\0*\0visible\";a:0:{}s:11:\"\0*\0fillable\";a:0:{}s:10:\"\0*\0guarded\";a:0:{}s:11:\"pivotParent\";r:250;s:13:\"\0*\0foreignKey\";s:9:\"entity_id\";s:13:\"\0*\0relatedKey\";s:7:\"file_id\";s:12:\"\0*\0morphType\";s:11:\"entity_type\";s:13:\"\0*\0morphClass\";s:32:\"Modules\\Product\\Entities\\Product\";}}s:10:\"\0*\0touches\";a:0:{}s:10:\"timestamps\";b:1;s:13:\"usesUniqueIds\";b:0;s:9:\"\0*\0hidden\";a:0:{}s:10:\"\0*\0visible\";a:3:{i:0;s:2:\"id\";i:1;s:8:\"filename\";i:2;s:4:\"path\";}s:11:\"\0*\0fillable\";a:0:{}s:10:\"\0*\0guarded\";a:0:{}}i:4;O:27:\"Modules\\Media\\Entities\\File\":30:{s:13:\"\0*\0connection\";s:5:\"mysql\";s:8:\"\0*\0table\";s:5:\"files\";s:13:\"\0*\0primaryKey\";s:2:\"id\";s:10:\"\0*\0keyType\";s:3:\"int\";s:12:\"incrementing\";b:1;s:7:\"\0*\0with\";a:0:{}s:12:\"\0*\0withCount\";a:0:{}s:19:\"preventsLazyLoading\";b:0;s:10:\"\0*\0perPage\";i:15;s:6:\"exists\";b:1;s:18:\"wasRecentlyCreated\";b:0;s:28:\"\0*\0escapeWhenCastingToString\";b:0;s:13:\"\0*\0attributes\";a:10:{s:2:\"id\";i:333;s:7:\"user_id\";i:1;s:8:\"filename\";s:45:\"1gsCeqaePCgFRk8VurWrW89Fa5FxZ4exFxvUASMH.jpeg\";s:4:\"disk\";s:14:\"public_storage\";s:4:\"path\";s:50:\"media/uITnmieTfjhmDYGIt8hrjo2EuvrZcWWqU1vbZIrg.jpg\";s:9:\"extension\";s:3:\"jpg\";s:4:\"mime\";s:10:\"image/jpeg\";s:4:\"size\";s:4:\"8836\";s:10:\"created_at\";s:19:\"2024-12-19 11:18:00\";s:10:\"updated_at\";s:19:\"2024-12-19 11:18:00\";}s:11:\"\0*\0original\";a:17:{s:2:\"id\";i:333;s:7:\"user_id\";i:1;s:8:\"filename\";s:45:\"1gsCeqaePCgFRk8VurWrW89Fa5FxZ4exFxvUASMH.jpeg\";s:4:\"disk\";s:14:\"public_storage\";s:4:\"path\";s:50:\"media/uITnmieTfjhmDYGIt8hrjo2EuvrZcWWqU1vbZIrg.jpg\";s:9:\"extension\";s:3:\"jpg\";s:4:\"mime\";s:10:\"image/jpeg\";s:4:\"size\";s:4:\"8836\";s:10:\"created_at\";s:19:\"2024-12-19 11:18:00\";s:10:\"updated_at\";s:19:\"2024-12-19 11:18:00\";s:15:\"pivot_entity_id\";i:32;s:13:\"pivot_file_id\";i:333;s:17:\"pivot_entity_type\";s:32:\"Modules\\Product\\Entities\\Product\";s:8:\"pivot_id\";i:820;s:10:\"pivot_zone\";s:17:\"additional_images\";s:16:\"pivot_created_at\";s:19:\"2024-12-19 11:23:34\";s:16:\"pivot_updated_at\";s:19:\"2024-12-19 11:23:34\";}s:10:\"\0*\0changes\";a:0:{}s:8:\"\0*\0casts\";a:0:{}s:17:\"\0*\0classCastCache\";a:0:{}s:21:\"\0*\0attributeCastCache\";a:0:{}s:13:\"\0*\0dateFormat\";N;s:10:\"\0*\0appends\";a:0:{}s:19:\"\0*\0dispatchesEvents\";a:0:{}s:14:\"\0*\0observables\";a:0:{}s:12:\"\0*\0relations\";a:1:{s:5:\"pivot\";O:49:\"Illuminate\\Database\\Eloquent\\Relations\\MorphPivot\":35:{s:13:\"\0*\0connection\";N;s:8:\"\0*\0table\";s:12:\"entity_files\";s:13:\"\0*\0primaryKey\";s:2:\"id\";s:10:\"\0*\0keyType\";s:3:\"int\";s:12:\"incrementing\";b:0;s:7:\"\0*\0with\";a:0:{}s:12:\"\0*\0withCount\";a:0:{}s:19:\"preventsLazyLoading\";b:0;s:10:\"\0*\0perPage\";i:15;s:6:\"exists\";b:1;s:18:\"wasRecentlyCreated\";b:0;s:28:\"\0*\0escapeWhenCastingToString\";b:0;s:13:\"\0*\0attributes\";a:7:{s:11:\"entity_type\";s:32:\"Modules\\Product\\Entities\\Product\";s:9:\"entity_id\";i:32;s:7:\"file_id\";i:333;s:2:\"id\";i:820;s:4:\"zone\";s:17:\"additional_images\";s:10:\"created_at\";s:19:\"2024-12-19 11:23:34\";s:10:\"updated_at\";s:19:\"2024-12-19 11:23:34\";}s:11:\"\0*\0original\";a:7:{s:11:\"entity_type\";s:32:\"Modules\\Product\\Entities\\Product\";s:9:\"entity_id\";i:32;s:7:\"file_id\";i:333;s:2:\"id\";i:820;s:4:\"zone\";s:17:\"additional_images\";s:10:\"created_at\";s:19:\"2024-12-19 11:23:34\";s:10:\"updated_at\";s:19:\"2024-12-19 11:23:34\";}s:10:\"\0*\0changes\";a:0:{}s:8:\"\0*\0casts\";a:0:{}s:17:\"\0*\0classCastCache\";a:0:{}s:21:\"\0*\0attributeCastCache\";a:0:{}s:13:\"\0*\0dateFormat\";N;s:10:\"\0*\0appends\";a:0:{}s:19:\"\0*\0dispatchesEvents\";a:0:{}s:14:\"\0*\0observables\";a:0:{}s:12:\"\0*\0relations\";a:0:{}s:10:\"\0*\0touches\";a:0:{}s:10:\"timestamps\";b:1;s:13:\"usesUniqueIds\";b:0;s:9:\"\0*\0hidden\";a:0:{}s:10:\"\0*\0visible\";a:0:{}s:11:\"\0*\0fillable\";a:0:{}s:10:\"\0*\0guarded\";a:0:{}s:11:\"pivotParent\";r:250;s:13:\"\0*\0foreignKey\";s:9:\"entity_id\";s:13:\"\0*\0relatedKey\";s:7:\"file_id\";s:12:\"\0*\0morphType\";s:11:\"entity_type\";s:13:\"\0*\0morphClass\";s:32:\"Modules\\Product\\Entities\\Product\";}}s:10:\"\0*\0touches\";a:0:{}s:10:\"timestamps\";b:1;s:13:\"usesUniqueIds\";b:0;s:9:\"\0*\0hidden\";a:0:{}s:10:\"\0*\0visible\";a:3:{i:0;s:2:\"id\";i:1;s:8:\"filename\";i:2;s:4:\"path\";}s:11:\"\0*\0fillable\";a:0:{}s:10:\"\0*\0guarded\";a:0:{}}}s:28:\"\0*\0escapeWhenCastingToString\";b:0;}s:10:\"categories\";O:26:\"TypiCMS\\NestableCollection\":8:{s:8:\"\0*\0items\";a:1:{i:0;O:34:\"Modules\\Category\\Entities\\Category\":33:{s:13:\"\0*\0connection\";s:5:\"mysql\";s:8:\"\0*\0table\";s:10:\"categories\";s:13:\"\0*\0primaryKey\";s:2:\"id\";s:10:\"\0*\0keyType\";s:3:\"int\";s:12:\"incrementing\";b:1;s:7:\"\0*\0with\";a:1:{i:0;s:12:\"translations\";}s:12:\"\0*\0withCount\";a:0:{}s:19:\"preventsLazyLoading\";b:0;s:10:\"\0*\0perPage\";i:15;s:6:\"exists\";b:1;s:18:\"wasRecentlyCreated\";b:0;s:28:\"\0*\0escapeWhenCastingToString\";b:0;s:13:\"\0*\0attributes\";a:8:{s:2:\"id\";i:2;s:9:\"parent_id\";N;s:4:\"slug\";s:7:\"relojes\";s:8:\"position\";i:16;s:13:\"is_searchable\";i:1;s:9:\"is_active\";i:1;s:10:\"created_at\";s:19:\"2024-12-13 08:50:13\";s:10:\"updated_at\";s:19:\"2024-12-14 19:12:15\";}s:11:\"\0*\0original\";a:10:{s:2:\"id\";i:2;s:9:\"parent_id\";N;s:4:\"slug\";s:7:\"relojes\";s:8:\"position\";i:16;s:13:\"is_searchable\";i:1;s:9:\"is_active\";i:1;s:10:\"created_at\";s:19:\"2024-12-13 08:50:13\";s:10:\"updated_at\";s:19:\"2024-12-14 19:12:15\";s:16:\"pivot_product_id\";i:32;s:17:\"pivot_category_id\";i:2;}s:10:\"\0*\0changes\";a:0:{}s:8:\"\0*\0casts\";a:2:{s:13:\"is_searchable\";s:7:\"boolean\";s:9:\"is_active\";s:7:\"boolean\";}s:17:\"\0*\0classCastCache\";a:0:{}s:21:\"\0*\0attributeCastCache\";a:0:{}s:13:\"\0*\0dateFormat\";N;s:10:\"\0*\0appends\";a:0:{}s:19:\"\0*\0dispatchesEvents\";a:0:{}s:14:\"\0*\0observables\";a:0:{}s:12:\"\0*\0relations\";a:2:{s:5:\"pivot\";O:44:\"Illuminate\\Database\\Eloquent\\Relations\\Pivot\":33:{s:13:\"\0*\0connection\";N;s:8:\"\0*\0table\";s:18:\"product_categories\";s:13:\"\0*\0primaryKey\";s:2:\"id\";s:10:\"\0*\0keyType\";s:3:\"int\";s:12:\"incrementing\";b:0;s:7:\"\0*\0with\";a:0:{}s:12:\"\0*\0withCount\";a:0:{}s:19:\"preventsLazyLoading\";b:0;s:10:\"\0*\0perPage\";i:15;s:6:\"exists\";b:1;s:18:\"wasRecentlyCreated\";b:0;s:28:\"\0*\0escapeWhenCastingToString\";b:0;s:13:\"\0*\0attributes\";a:2:{s:10:\"product_id\";i:32;s:11:\"category_id\";i:2;}s:11:\"\0*\0original\";a:2:{s:10:\"product_id\";i:32;s:11:\"category_id\";i:2;}s:10:\"\0*\0changes\";a:0:{}s:8:\"\0*\0casts\";a:0:{}s:17:\"\0*\0classCastCache\";a:0:{}s:21:\"\0*\0attributeCastCache\";a:0:{}s:13:\"\0*\0dateFormat\";N;s:10:\"\0*\0appends\";a:0:{}s:19:\"\0*\0dispatchesEvents\";a:0:{}s:14:\"\0*\0observables\";a:0:{}s:12:\"\0*\0relations\";a:0:{}s:10:\"\0*\0touches\";a:0:{}s:10:\"timestamps\";b:0;s:13:\"usesUniqueIds\";b:0;s:9:\"\0*\0hidden\";a:0:{}s:10:\"\0*\0visible\";a:0:{}s:11:\"\0*\0fillable\";a:0:{}s:10:\"\0*\0guarded\";a:0:{}s:11:\"pivotParent\";O:32:\"Modules\\Product\\Entities\\Product\":35:{s:13:\"\0*\0connection\";N;s:8:\"\0*\0table\";s:8:\"products\";s:13:\"\0*\0primaryKey\";s:2:\"id\";s:10:\"\0*\0keyType\";s:3:\"int\";s:12:\"incrementing\";b:1;s:7:\"\0*\0with\";a:1:{i:0;s:12:\"translations\";}s:12:\"\0*\0withCount\";a:0:{}s:19:\"preventsLazyLoading\";b:0;s:10:\"\0*\0perPage\";i:15;s:6:\"exists\";b:0;s:18:\"wasRecentlyCreated\";b:0;s:28:\"\0*\0escapeWhenCastingToString\";b:0;s:13:\"\0*\0attributes\";a:0:{}s:11:\"\0*\0original\";a:0:{}s:10:\"\0*\0changes\";a:0:{}s:8:\"\0*\0casts\";a:9:{s:10:\"is_virtual\";s:7:\"boolean\";s:9:\"is_active\";s:7:\"boolean\";s:19:\"special_price_start\";s:8:\"datetime\";s:17:\"special_price_end\";s:8:\"datetime\";s:8:\"new_from\";s:8:\"datetime\";s:6:\"new_to\";s:8:\"datetime\";s:10:\"start_date\";s:8:\"datetime\";s:8:\"end_date\";s:8:\"datetime\";s:10:\"deleted_at\";s:8:\"datetime\";}s:17:\"\0*\0classCastCache\";a:0:{}s:21:\"\0*\0attributeCastCache\";a:0:{}s:13:\"\0*\0dateFormat\";N;s:10:\"\0*\0appends\";a:13:{i:0;s:10:\"base_image\";i:1;s:17:\"additional_images\";i:2;s:5:\"media\";i:3;s:15:\"formatted_price\";i:4;s:21:\"formatted_price_range\";i:5;s:28:\"has_percentage_special_price\";i:6;s:21:\"special_price_percent\";i:7;s:14:\"rating_percent\";i:8;s:17:\"does_manage_stock\";i:9;s:11:\"is_in_stock\";i:10;s:15:\"is_out_of_stock\";i:11;s:6:\"is_new\";i:12;s:7:\"variant\";}s:19:\"\0*\0dispatchesEvents\";a:0:{}s:14:\"\0*\0observables\";a:0:{}s:12:\"\0*\0relations\";a:0:{}s:10:\"\0*\0touches\";a:0:{}s:10:\"timestamps\";b:1;s:13:\"usesUniqueIds\";b:0;s:9:\"\0*\0hidden\";a:0:{}s:10:\"\0*\0visible\";a:0:{}s:11:\"\0*\0fillable\";a:17:{i:0;s:8:\"brand_id\";i:1;s:12:\"tax_class_id\";i:2;s:4:\"slug\";i:3;s:3:\"sku\";i:4;s:5:\"price\";i:5;s:13:\"special_price\";i:6;s:18:\"special_price_type\";i:7;s:19:\"special_price_start\";i:8;s:17:\"special_price_end\";i:9;s:13:\"selling_price\";i:10;s:12:\"manage_stock\";i:11;s:3:\"qty\";i:12;s:8:\"in_stock\";i:13;s:10:\"is_virtual\";i:14;s:9:\"is_active\";i:15;s:8:\"new_from\";i:16;s:6:\"new_to\";}s:10:\"\0*\0guarded\";a:1:{i:0;s:1:\"*\";}s:23:\"\0*\0translatedAttributes\";a:3:{i:0;s:4:\"name\";i:1;s:11:\"description\";i:2;s:17:\"short_description\";}s:16:\"\0*\0slugAttribute\";s:4:\"name\";s:16:\"\0*\0defaultLocale\";N;s:16:\"\0*\0scoutMetadata\";a:0:{}s:16:\"\0*\0forceDeleting\";b:0;}s:13:\"\0*\0foreignKey\";s:10:\"product_id\";s:13:\"\0*\0relatedKey\";s:11:\"category_id\";}s:12:\"translations\";O:39:\"Illuminate\\Database\\Eloquent\\Collection\":2:{s:8:\"\0*\0items\";a:1:{i:0;O:45:\"Modules\\Category\\Entities\\CategoryTranslation\":30:{s:13:\"\0*\0connection\";s:5:\"mysql\";s:8:\"\0*\0table\";s:21:\"category_translations\";s:13:\"\0*\0primaryKey\";s:2:\"id\";s:10:\"\0*\0keyType\";s:3:\"int\";s:12:\"incrementing\";b:1;s:7:\"\0*\0with\";a:0:{}s:12:\"\0*\0withCount\";a:0:{}s:19:\"preventsLazyLoading\";b:0;s:10:\"\0*\0perPage\";i:15;s:6:\"exists\";b:1;s:18:\"wasRecentlyCreated\";b:0;s:28:\"\0*\0escapeWhenCastingToString\";b:0;s:13:\"\0*\0attributes\";a:4:{s:2:\"id\";i:2;s:11:\"category_id\";i:2;s:6:\"locale\";s:2:\"es\";s:4:\"name\";s:14:\"Moda Masculina\";}s:11:\"\0*\0original\";a:4:{s:2:\"id\";i:2;s:11:\"category_id\";i:2;s:6:\"locale\";s:2:\"es\";s:4:\"name\";s:14:\"Moda Masculina\";}s:10:\"\0*\0changes\";a:0:{}s:8:\"\0*\0casts\";a:0:{}s:17:\"\0*\0classCastCache\";a:0:{}s:21:\"\0*\0attributeCastCache\";a:0:{}s:13:\"\0*\0dateFormat\";N;s:10:\"\0*\0appends\";a:0:{}s:19:\"\0*\0dispatchesEvents\";a:0:{}s:14:\"\0*\0observables\";a:0:{}s:12:\"\0*\0relations\";a:0:{}s:10:\"\0*\0touches\";a:0:{}s:10:\"timestamps\";b:0;s:13:\"usesUniqueIds\";b:0;s:9:\"\0*\0hidden\";a:0:{}s:10:\"\0*\0visible\";a:0:{}s:11:\"\0*\0fillable\";a:1:{i:0;s:4:\"name\";}s:10:\"\0*\0guarded\";a:1:{i:0;s:1:\"*\";}}}s:28:\"\0*\0escapeWhenCastingToString\";b:0;}}s:10:\"\0*\0touches\";a:0:{}s:10:\"timestamps\";b:1;s:13:\"usesUniqueIds\";b:0;s:9:\"\0*\0hidden\";a:1:{i:0;s:12:\"translations\";}s:10:\"\0*\0visible\";a:0:{}s:11:\"\0*\0fillable\";a:5:{i:0;s:9:\"parent_id\";i:1;s:4:\"slug\";i:2;s:8:\"position\";i:3;s:13:\"is_searchable\";i:4;s:9:\"is_active\";}s:10:\"\0*\0guarded\";a:1:{i:0;s:1:\"*\";}s:23:\"\0*\0translatedAttributes\";a:1:{i:0;s:4:\"name\";}s:16:\"\0*\0slugAttribute\";s:4:\"name\";s:16:\"\0*\0defaultLocale\";N;}}s:28:\"\0*\0escapeWhenCastingToString\";b:0;s:8:\"\0*\0total\";i:1;s:15:\"\0*\0parentColumn\";s:9:\"parent_id\";s:33:\"\0*\0removeItemsWithMissingAncestor\";b:1;s:14:\"\0*\0indentChars\";s:8:\"    \";s:15:\"\0*\0childrenName\";s:5:\"items\";s:17:\"\0*\0parentRelation\";s:6:\"parent\";}s:8:\"taxClass\";O:29:\"Modules\\Tax\\Entities\\TaxClass\":33:{s:13:\"\0*\0connection\";N;s:8:\"\0*\0table\";s:11:\"tax_classes\";s:13:\"\0*\0primaryKey\";s:2:\"id\";s:10:\"\0*\0keyType\";s:3:\"int\";s:12:\"incrementing\";b:1;s:7:\"\0*\0with\";a:1:{i:0;s:12:\"translations\";}s:12:\"\0*\0withCount\";a:0:{}s:19:\"preventsLazyLoading\";b:0;s:10:\"\0*\0perPage\";i:15;s:6:\"exists\";b:0;s:18:\"wasRecentlyCreated\";b:0;s:28:\"\0*\0escapeWhenCastingToString\";b:0;s:13:\"\0*\0attributes\";a:0:{}s:11:\"\0*\0original\";a:0:{}s:10:\"\0*\0changes\";a:0:{}s:8:\"\0*\0casts\";a:3:{s:10:\"start_date\";s:8:\"datetime\";s:8:\"end_date\";s:8:\"datetime\";s:10:\"deleted_at\";s:8:\"datetime\";}s:17:\"\0*\0classCastCache\";a:0:{}s:21:\"\0*\0attributeCastCache\";a:0:{}s:13:\"\0*\0dateFormat\";N;s:10:\"\0*\0appends\";a:0:{}s:19:\"\0*\0dispatchesEvents\";a:0:{}s:14:\"\0*\0observables\";a:0:{}s:12:\"\0*\0relations\";a:0:{}s:10:\"\0*\0touches\";a:0:{}s:10:\"timestamps\";b:1;s:13:\"usesUniqueIds\";b:0;s:9:\"\0*\0hidden\";a:0:{}s:10:\"\0*\0visible\";a:0:{}s:11:\"\0*\0fillable\";a:1:{i:0;s:8:\"based_on\";}s:10:\"\0*\0guarded\";a:1:{i:0;s:1:\"*\";}s:20:\"translatedAttributes\";a:1:{i:0;s:5:\"label\";}s:16:\"\0*\0defaultLocale\";N;s:16:\"\0*\0forceDeleting\";b:0;}}s:10:\"\0*\0touches\";a:0:{}s:10:\"timestamps\";b:1;s:13:\"usesUniqueIds\";b:0;s:9:\"\0*\0hidden\";a:0:{}s:10:\"\0*\0visible\";a:0:{}s:11:\"\0*\0fillable\";a:17:{i:0;s:8:\"brand_id\";i:1;s:12:\"tax_class_id\";i:2;s:4:\"slug\";i:3;s:3:\"sku\";i:4;s:5:\"price\";i:5;s:13:\"special_price\";i:6;s:18:\"special_price_type\";i:7;s:19:\"special_price_start\";i:8;s:17:\"special_price_end\";i:9;s:13:\"selling_price\";i:10;s:12:\"manage_stock\";i:11;s:3:\"qty\";i:12;s:8:\"in_stock\";i:13;s:10:\"is_virtual\";i:14;s:9:\"is_active\";i:15;s:8:\"new_from\";i:16;s:6:\"new_to\";}s:10:\"\0*\0guarded\";a:1:{i:0;s:1:\"*\";}s:23:\"\0*\0translatedAttributes\";a:3:{i:0;s:4:\"name\";i:1;s:11:\"description\";i:2;s:17:\"short_description\";}s:16:\"\0*\0slugAttribute\";s:4:\"name\";s:16:\"\0*\0defaultLocale\";N;s:16:\"\0*\0scoutMetadata\";a:0:{}s:16:\"\0*\0forceDeleting\";b:0;}s:7:\"variant\";N;s:4:\"item\";r:11;s:10:\"variations\";O:39:\"Illuminate\\Database\\Eloquent\\Collection\":2:{s:8:\"\0*\0items\";a:0:{}s:28:\"\0*\0escapeWhenCastingToString\";b:0;}s:7:\"options\";O:29:\"Illuminate\\Support\\Collection\":2:{s:8:\"\0*\0items\";a:0:{}s:28:\"\0*\0escapeWhenCastingToString\";b:0;}s:10:\"created_at\";i:1745977841;}s:28:\"\0*\0escapeWhenCastingToString\";b:0;}s:10:\"conditions\";a:0:{}}s:28:\"\0*\0escapeWhenCastingToString\";b:0;s:9:\"\0*\0config\";a:5:{s:14:\"format_numbers\";b:0;s:8:\"decimals\";i:0;s:9:\"dec_point\";s:1:\".\";s:13:\"thousands_sep\";s:1:\",\";s:6:\"events\";N;}}s:32:\"b62e3f943ba942e9f8c924a7535c124c\";O:32:\"Darryldecode\\Cart\\ItemCollection\":3:{s:8:\"\0*\0items\";a:6:{s:2:\"id\";s:32:\"b62e3f943ba942e9f8c924a7535c124c\";s:4:\"name\";s:79:\"Samsung Galaxy S20 (SM-G980F/DS) Dual SIM 128 GB, 6,2\" (versión internacional)\";s:5:\"price\";d:1150;s:8:\"quantity\";i:1;s:10:\"attributes\";O:41:\"Darryldecode\\Cart\\ItemAttributeCollection\":2:{s:8:\"\0*\0items\";a:6:{s:7:\"product\";O:32:\"Modules\\Product\\Entities\\Product\":35:{s:13:\"\0*\0connection\";s:5:\"mysql\";s:8:\"\0*\0table\";s:8:\"products\";s:13:\"\0*\0primaryKey\";s:2:\"id\";s:10:\"\0*\0keyType\";s:3:\"int\";s:12:\"incrementing\";b:1;s:7:\"\0*\0with\";a:1:{i:0;s:12:\"translations\";}s:12:\"\0*\0withCount\";a:0:{}s:19:\"preventsLazyLoading\";b:0;s:10:\"\0*\0perPage\";i:15;s:6:\"exists\";b:1;s:18:\"wasRecentlyCreated\";b:0;s:28:\"\0*\0escapeWhenCastingToString\";b:0;s:13:\"\0*\0attributes\";a:22:{s:2:\"id\";i:2;s:8:\"brand_id\";i:2;s:12:\"tax_class_id\";N;s:4:\"slug\";s:70:\"samsung-galaxy-s20-sm-g980fds-dual-sim-128-gb-62-version-internacional\";s:5:\"price\";s:9:\"1499.0000\";s:13:\"special_price\";s:9:\"1150.0000\";s:18:\"special_price_type\";s:5:\"fixed\";s:19:\"special_price_start\";s:10:\"2024-12-13\";s:17:\"special_price_end\";s:10:\"2025-07-10\";s:13:\"selling_price\";s:9:\"1150.0000\";s:3:\"sku\";s:9:\"HX15YDZ43\";s:12:\"manage_stock\";i:0;s:3:\"qty\";N;s:8:\"in_stock\";i:1;s:6:\"viewed\";i:6;s:9:\"is_active\";i:1;s:8:\"new_from\";N;s:6:\"new_to\";N;s:10:\"deleted_at\";N;s:10:\"created_at\";s:19:\"2024-12-13 14:50:40\";s:10:\"updated_at\";s:19:\"2024-12-14 18:47:53\";s:10:\"is_virtual\";i:0;}s:11:\"\0*\0original\";a:22:{s:2:\"id\";i:2;s:8:\"brand_id\";i:2;s:12:\"tax_class_id\";N;s:4:\"slug\";s:70:\"samsung-galaxy-s20-sm-g980fds-dual-sim-128-gb-62-version-internacional\";s:5:\"price\";s:9:\"1499.0000\";s:13:\"special_price\";s:9:\"1150.0000\";s:18:\"special_price_type\";s:5:\"fixed\";s:19:\"special_price_start\";s:10:\"2024-12-13\";s:17:\"special_price_end\";s:10:\"2025-07-10\";s:13:\"selling_price\";s:9:\"1150.0000\";s:3:\"sku\";s:9:\"HX15YDZ43\";s:12:\"manage_stock\";i:0;s:3:\"qty\";N;s:8:\"in_stock\";i:1;s:6:\"viewed\";i:6;s:9:\"is_active\";i:1;s:8:\"new_from\";N;s:6:\"new_to\";N;s:10:\"deleted_at\";N;s:10:\"created_at\";s:19:\"2024-12-13 14:50:40\";s:10:\"updated_at\";s:19:\"2024-12-14 18:47:53\";s:10:\"is_virtual\";i:0;}s:10:\"\0*\0changes\";a:0:{}s:8:\"\0*\0casts\";a:9:{s:10:\"is_virtual\";s:7:\"boolean\";s:9:\"is_active\";s:7:\"boolean\";s:19:\"special_price_start\";s:8:\"datetime\";s:17:\"special_price_end\";s:8:\"datetime\";s:8:\"new_from\";s:8:\"datetime\";s:6:\"new_to\";s:8:\"datetime\";s:10:\"start_date\";s:8:\"datetime\";s:8:\"end_date\";s:8:\"datetime\";s:10:\"deleted_at\";s:8:\"datetime\";}s:17:\"\0*\0classCastCache\";a:0:{}s:21:\"\0*\0attributeCastCache\";a:0:{}s:13:\"\0*\0dateFormat\";N;s:10:\"\0*\0appends\";a:13:{i:0;s:10:\"base_image\";i:1;s:17:\"additional_images\";i:2;s:5:\"media\";i:3;s:15:\"formatted_price\";i:4;s:21:\"formatted_price_range\";i:5;s:28:\"has_percentage_special_price\";i:6;s:21:\"special_price_percent\";i:7;s:14:\"rating_percent\";i:8;s:17:\"does_manage_stock\";i:9;s:11:\"is_in_stock\";i:10;s:15:\"is_out_of_stock\";i:11;s:6:\"is_new\";i:12;s:7:\"variant\";}s:19:\"\0*\0dispatchesEvents\";a:0:{}s:14:\"\0*\0observables\";a:0:{}s:12:\"\0*\0relations\";a:4:{s:12:\"translations\";O:39:\"Illuminate\\Database\\Eloquent\\Collection\":2:{s:8:\"\0*\0items\";a:1:{i:0;O:43:\"Modules\\Product\\Entities\\ProductTranslation\":30:{s:13:\"\0*\0connection\";s:5:\"mysql\";s:8:\"\0*\0table\";s:20:\"product_translations\";s:13:\"\0*\0primaryKey\";s:2:\"id\";s:10:\"\0*\0keyType\";s:3:\"int\";s:12:\"incrementing\";b:1;s:7:\"\0*\0with\";a:0:{}s:12:\"\0*\0withCount\";a:0:{}s:19:\"preventsLazyLoading\";b:0;s:10:\"\0*\0perPage\";i:15;s:6:\"exists\";b:1;s:18:\"wasRecentlyCreated\";b:0;s:28:\"\0*\0escapeWhenCastingToString\";b:0;s:13:\"\0*\0attributes\";a:6:{s:2:\"id\";i:2;s:10:\"product_id\";i:2;s:6:\"locale\";s:2:\"es\";s:4:\"name\";s:79:\"Samsung Galaxy S20 (SM-G980F/DS) Dual SIM 128 GB, 6,2\" (versión internacional)\";s:11:\"description\";s:7078:\"<p><span class=\"a-list-item\"><span style=\"vertical-align: inherit;\"><span style=\"vertical-align: inherit;\">M&aacute;s c&aacute;mara, m&aacute;s potencia, m&aacute;s diversi&oacute;n, en un formato delgado y equilibrado. Crea en cualquier lugar con el elegante y potente Galaxy S20 5G con una amplia pantalla Infinity-O de 6.2&rdquo; y un nuevo y radical zoom espacial de 30x. El dise&ntilde;o moderno del Galaxy S20 5G te brinda una experiencia inmersiva de calidad cinematogr&aacute;fica con una funcionalidad de siguiente nivel. Toma im&aacute;genes y videos de alta resoluci&oacute;n con calidad profesional con una innovadora c&aacute;mara de 64 MP y un sistema completo de lentes de estudio con s&uacute;per estabilizaci&oacute;n. Las funciones como Single Take AI hacen que sea r&aacute;pido y f&aacute;cil capturar m&uacute;ltiples fotos y videos con un solo toque. Ac&eacute;rcate, incluso a 100 pies de distancia, y captura im&aacute;genes n&iacute;tidas de noche, incluso sin flash, con el modo Bright Night. Comparte tu contenido en tiempo real con el uso compartido con dos toques y obt&eacute;n horas de energ&iacute;a con minutos de carga con la carga superr&aacute;pida. La bater&iacute;a inteligente del Galaxy S20 5G dura todo el d&iacute;a para alimentar cada desplazamiento, clic, llamada, toque, lista de reproducci&oacute;n y final de temporada. Haz m&aacute;s de lo que amas con el dispositivo que te da m&aacute;s. Nota: Samsung Galaxy S20 5G no funciona en la red 5G mmW de Verizon. Funcionar&aacute; en la red 4G LTE de Verizon. Consulta con los operadores para obtener m&aacute;s detalles.</span></span></span></p>\n<p><span class=\"a-list-item\"><span style=\"vertical-align: inherit;\"><span style=\"vertical-align: inherit;\">Poder 5G: obt&eacute;n potencia de siguiente nivel para todo lo que amas hacer con Samsung Galaxy 5G; comparte m&aacute;s, juega m&aacute;s duro, experimenta m&aacute;s y nunca te pierdas el ritmo</span></span></span></p>\n<p><span class=\"a-list-item\"><span style=\"vertical-align: inherit;\"><span style=\"vertical-align: inherit;\">Single Take AI: captura videos y m&uacute;ltiples tipos de im&aacute;genes con solo tocar el bot&oacute;n del obturador; lentes, efectos y filtros capturan lo mejor de cada momento, en todo momento</span></span></span></p>\n<p><span class=\"a-list-item\"><span style=\"vertical-align: inherit;\"><span style=\"vertical-align: inherit;\">Zoom de c&aacute;mara de alta resoluci&oacute;n: captura im&aacute;genes de alta resoluci&oacute;n como si estuvieras a 3 pies de distancia, desde 100 pies de distancia; ya sea que quieras acercar el zoom desde lejos o ampliar los detalles cercanos, el nuevo zoom espacial de 30x te brinda una potencia y una claridad impresionantes</span></span></span></p>\n<p>&nbsp;</p>\n<p><span class=\"a-list-item\"><span style=\"vertical-align: inherit;\"><span style=\"vertical-align: inherit;\">Modo Noche brillante: captura im&aacute;genes n&iacute;tidas y videos vibrantes en el modo Noche brillante y crea contenido de alta calidad con poca luz, sin necesidad de flash</span></span></span></p>\n<p>&nbsp;</p>\n<p><span class=\"a-list-item\"><span style=\"vertical-align: inherit;\"><span style=\"vertical-align: inherit;\">Carga superr&aacute;pida: carga m&aacute;s r&aacute;pido con la carga superr&aacute;pida para que puedas seguir en movimiento con m&aacute;s bater&iacute;a; dale a tus auriculares (o auriculares Galaxy) un impulso de energ&iacute;a con Wireless PowerShare directamente desde el Galaxy S20 5G</span></span></span></p>\n<p><span class=\"a-list-item\"><span style=\"vertical-align: inherit;\"><span style=\"vertical-align: inherit;\">Bater&iacute;a que dura todo el d&iacute;a: la bater&iacute;a inteligente del Galaxy S20 5G utiliza un algoritmo que aprende de tu estilo de vida para optimizar la energ&iacute;a y llevarte a trav&eacute;s de un d&iacute;a o m&aacute;s de trabajo y vida sin fallar nunca.</span></span></span></p>\n<p><span class=\"a-list-item\"><span style=\"vertical-align: inherit;\"><span style=\"vertical-align: inherit;\">Almacenamiento masivo: el almacenamiento generoso listo para usar y la memoria expandible significan que nunca tendr&aacute; que eliminar lo que es importante para usted; la tarjeta de memoria se vende por separado</span></span></span></p>\n<p><span style=\"text-decoration: underline;\"><strong><span class=\"a-list-item\"><span style=\"vertical-align: inherit;\"><span style=\"vertical-align: inherit;\">Detalles del producto:</span></span></span></strong></span></p>\n<table id=\"productDetails_detailBullets_sections1\" class=\"a-keyvalue prodDetTable\" role=\"presentation\">\n<tbody>\n<tr>\n<th class=\"a-color-secondary a-size-base prodDetSectionEntry\" style=\"text-align: left;\"><strong><span style=\"vertical-align: inherit;\"><span style=\"vertical-align: inherit;\">Dimensiones del producto</span></span></strong></th>\n<td class=\"a-size-base\" style=\"text-align: right;\"><span style=\"vertical-align: inherit;\"><span style=\"vertical-align: inherit;\">6,7 x 3,4 x 2,4 pulgadas</span></span></td>\n</tr>\n<tr>\n<th class=\"a-color-secondary a-size-base prodDetSectionEntry\" style=\"text-align: left;\"><strong><span style=\"vertical-align: inherit;\"><span style=\"vertical-align: inherit;\">Peso del art&iacute;culo</span></span></strong></th>\n<td class=\"a-size-base\" style=\"text-align: right;\"><span style=\"vertical-align: inherit;\"><span style=\"vertical-align: inherit;\">5,8 onzas</span></span></td>\n</tr>\n<tr>\n<th class=\"a-color-secondary a-size-base prodDetSectionEntry\" style=\"text-align: left;\"><strong><span style=\"vertical-align: inherit;\"><span style=\"vertical-align: inherit;\">Peso del env&iacute;o</span></span></strong></th>\n<td class=\"a-size-base\" style=\"text-align: right;\"><span style=\"vertical-align: inherit;\"><span style=\"vertical-align: inherit;\">15,2 onzas</span></span></td>\n</tr>\n<tr>\n<th class=\"a-color-secondary a-size-base prodDetSectionEntry\" style=\"text-align: left;\"><strong><span style=\"vertical-align: inherit;\"><span style=\"vertical-align: inherit;\">ASIN</span></span></strong></th>\n<td class=\"a-size-base\" style=\"text-align: right;\"><span style=\"vertical-align: inherit;\"><span style=\"vertical-align: inherit;\">B082XXKZRC</span></span></td>\n</tr>\n<tr>\n<th class=\"a-color-secondary a-size-base prodDetSectionEntry\" style=\"text-align: left;\"><strong><span style=\"vertical-align: inherit;\"><span style=\"vertical-align: inherit;\">N&uacute;mero de modelo del art&iacute;culo</span></span></strong></th>\n<td class=\"a-size-base\" style=\"text-align: right;\"><span style=\"vertical-align: inherit;\"><span style=\"vertical-align: inherit;\">SM-G981ULBAXAA</span></span></td>\n</tr>\n<tr>\n<th class=\"a-color-secondary a-size-base prodDetSectionEntry\" style=\"text-align: left;\"><strong><span style=\"vertical-align: inherit;\"><span style=\"vertical-align: inherit;\">Bater&iacute;as</span></span></strong></th>\n<td class=\"a-size-base\" style=\"text-align: right;\"><span style=\"vertical-align: inherit;\"><span style=\"vertical-align: inherit;\">1 Se requieren bater&iacute;as de iones de litio. (incluidas)</span></span></td>\n</tr>\n</tbody>\n</table>\n<p>&nbsp;</p>\";s:17:\"short_description\";s:383:\"Poder de 5G: obtén potencia de siguiente nivel para todo lo que amas hacer con Samsung Galaxy 5G; comparte más, juega más duro, experimenta más y nunca te pierdas un ritmo\nInteligencia artificial de toma única: captura videos y múltiples tipos de imágenes con solo tocar el botón del obturador; los lentes, efectos y filtros capturan lo mejor de cada momento, en todo momento\";}s:11:\"\0*\0original\";a:6:{s:2:\"id\";i:2;s:10:\"product_id\";i:2;s:6:\"locale\";s:2:\"es\";s:4:\"name\";s:79:\"Samsung Galaxy S20 (SM-G980F/DS) Dual SIM 128 GB, 6,2\" (versión internacional)\";s:11:\"description\";s:7078:\"<p><span class=\"a-list-item\"><span style=\"vertical-align: inherit;\"><span style=\"vertical-align: inherit;\">M&aacute;s c&aacute;mara, m&aacute;s potencia, m&aacute;s diversi&oacute;n, en un formato delgado y equilibrado. Crea en cualquier lugar con el elegante y potente Galaxy S20 5G con una amplia pantalla Infinity-O de 6.2&rdquo; y un nuevo y radical zoom espacial de 30x. El dise&ntilde;o moderno del Galaxy S20 5G te brinda una experiencia inmersiva de calidad cinematogr&aacute;fica con una funcionalidad de siguiente nivel. Toma im&aacute;genes y videos de alta resoluci&oacute;n con calidad profesional con una innovadora c&aacute;mara de 64 MP y un sistema completo de lentes de estudio con s&uacute;per estabilizaci&oacute;n. Las funciones como Single Take AI hacen que sea r&aacute;pido y f&aacute;cil capturar m&uacute;ltiples fotos y videos con un solo toque. Ac&eacute;rcate, incluso a 100 pies de distancia, y captura im&aacute;genes n&iacute;tidas de noche, incluso sin flash, con el modo Bright Night. Comparte tu contenido en tiempo real con el uso compartido con dos toques y obt&eacute;n horas de energ&iacute;a con minutos de carga con la carga superr&aacute;pida. La bater&iacute;a inteligente del Galaxy S20 5G dura todo el d&iacute;a para alimentar cada desplazamiento, clic, llamada, toque, lista de reproducci&oacute;n y final de temporada. Haz m&aacute;s de lo que amas con el dispositivo que te da m&aacute;s. Nota: Samsung Galaxy S20 5G no funciona en la red 5G mmW de Verizon. Funcionar&aacute; en la red 4G LTE de Verizon. Consulta con los operadores para obtener m&aacute;s detalles.</span></span></span></p>\n<p><span class=\"a-list-item\"><span style=\"vertical-align: inherit;\"><span style=\"vertical-align: inherit;\">Poder 5G: obt&eacute;n potencia de siguiente nivel para todo lo que amas hacer con Samsung Galaxy 5G; comparte m&aacute;s, juega m&aacute;s duro, experimenta m&aacute;s y nunca te pierdas el ritmo</span></span></span></p>\n<p><span class=\"a-list-item\"><span style=\"vertical-align: inherit;\"><span style=\"vertical-align: inherit;\">Single Take AI: captura videos y m&uacute;ltiples tipos de im&aacute;genes con solo tocar el bot&oacute;n del obturador; lentes, efectos y filtros capturan lo mejor de cada momento, en todo momento</span></span></span></p>\n<p><span class=\"a-list-item\"><span style=\"vertical-align: inherit;\"><span style=\"vertical-align: inherit;\">Zoom de c&aacute;mara de alta resoluci&oacute;n: captura im&aacute;genes de alta resoluci&oacute;n como si estuvieras a 3 pies de distancia, desde 100 pies de distancia; ya sea que quieras acercar el zoom desde lejos o ampliar los detalles cercanos, el nuevo zoom espacial de 30x te brinda una potencia y una claridad impresionantes</span></span></span></p>\n<p>&nbsp;</p>\n<p><span class=\"a-list-item\"><span style=\"vertical-align: inherit;\"><span style=\"vertical-align: inherit;\">Modo Noche brillante: captura im&aacute;genes n&iacute;tidas y videos vibrantes en el modo Noche brillante y crea contenido de alta calidad con poca luz, sin necesidad de flash</span></span></span></p>\n<p>&nbsp;</p>\n<p><span class=\"a-list-item\"><span style=\"vertical-align: inherit;\"><span style=\"vertical-align: inherit;\">Carga superr&aacute;pida: carga m&aacute;s r&aacute;pido con la carga superr&aacute;pida para que puedas seguir en movimiento con m&aacute;s bater&iacute;a; dale a tus auriculares (o auriculares Galaxy) un impulso de energ&iacute;a con Wireless PowerShare directamente desde el Galaxy S20 5G</span></span></span></p>\n<p><span class=\"a-list-item\"><span style=\"vertical-align: inherit;\"><span style=\"vertical-align: inherit;\">Bater&iacute;a que dura todo el d&iacute;a: la bater&iacute;a inteligente del Galaxy S20 5G utiliza un algoritmo que aprende de tu estilo de vida para optimizar la energ&iacute;a y llevarte a trav&eacute;s de un d&iacute;a o m&aacute;s de trabajo y vida sin fallar nunca.</span></span></span></p>\n<p><span class=\"a-list-item\"><span style=\"vertical-align: inherit;\"><span style=\"vertical-align: inherit;\">Almacenamiento masivo: el almacenamiento generoso listo para usar y la memoria expandible significan que nunca tendr&aacute; que eliminar lo que es importante para usted; la tarjeta de memoria se vende por separado</span></span></span></p>\n<p><span style=\"text-decoration: underline;\"><strong><span class=\"a-list-item\"><span style=\"vertical-align: inherit;\"><span style=\"vertical-align: inherit;\">Detalles del producto:</span></span></span></strong></span></p>\n<table id=\"productDetails_detailBullets_sections1\" class=\"a-keyvalue prodDetTable\" role=\"presentation\">\n<tbody>\n<tr>\n<th class=\"a-color-secondary a-size-base prodDetSectionEntry\" style=\"text-align: left;\"><strong><span style=\"vertical-align: inherit;\"><span style=\"vertical-align: inherit;\">Dimensiones del producto</span></span></strong></th>\n<td class=\"a-size-base\" style=\"text-align: right;\"><span style=\"vertical-align: inherit;\"><span style=\"vertical-align: inherit;\">6,7 x 3,4 x 2,4 pulgadas</span></span></td>\n</tr>\n<tr>\n<th class=\"a-color-secondary a-size-base prodDetSectionEntry\" style=\"text-align: left;\"><strong><span style=\"vertical-align: inherit;\"><span style=\"vertical-align: inherit;\">Peso del art&iacute;culo</span></span></strong></th>\n<td class=\"a-size-base\" style=\"text-align: right;\"><span style=\"vertical-align: inherit;\"><span style=\"vertical-align: inherit;\">5,8 onzas</span></span></td>\n</tr>\n<tr>\n<th class=\"a-color-secondary a-size-base prodDetSectionEntry\" style=\"text-align: left;\"><strong><span style=\"vertical-align: inherit;\"><span style=\"vertical-align: inherit;\">Peso del env&iacute;o</span></span></strong></th>\n<td class=\"a-size-base\" style=\"text-align: right;\"><span style=\"vertical-align: inherit;\"><span style=\"vertical-align: inherit;\">15,2 onzas</span></span></td>\n</tr>\n<tr>\n<th class=\"a-color-secondary a-size-base prodDetSectionEntry\" style=\"text-align: left;\"><strong><span style=\"vertical-align: inherit;\"><span style=\"vertical-align: inherit;\">ASIN</span></span></strong></th>\n<td class=\"a-size-base\" style=\"text-align: right;\"><span style=\"vertical-align: inherit;\"><span style=\"vertical-align: inherit;\">B082XXKZRC</span></span></td>\n</tr>\n<tr>\n<th class=\"a-color-secondary a-size-base prodDetSectionEntry\" style=\"text-align: left;\"><strong><span style=\"vertical-align: inherit;\"><span style=\"vertical-align: inherit;\">N&uacute;mero de modelo del art&iacute;culo</span></span></strong></th>\n<td class=\"a-size-base\" style=\"text-align: right;\"><span style=\"vertical-align: inherit;\"><span style=\"vertical-align: inherit;\">SM-G981ULBAXAA</span></span></td>\n</tr>\n<tr>\n<th class=\"a-color-secondary a-size-base prodDetSectionEntry\" style=\"text-align: left;\"><strong><span style=\"vertical-align: inherit;\"><span style=\"vertical-align: inherit;\">Bater&iacute;as</span></span></strong></th>\n<td class=\"a-size-base\" style=\"text-align: right;\"><span style=\"vertical-align: inherit;\"><span style=\"vertical-align: inherit;\">1 Se requieren bater&iacute;as de iones de litio. (incluidas)</span></span></td>\n</tr>\n</tbody>\n</table>\n<p>&nbsp;</p>\";s:17:\"short_description\";s:383:\"Poder de 5G: obtén potencia de siguiente nivel para todo lo que amas hacer con Samsung Galaxy 5G; comparte más, juega más duro, experimenta más y nunca te pierdas un ritmo\nInteligencia artificial de toma única: captura videos y múltiples tipos de imágenes con solo tocar el botón del obturador; los lentes, efectos y filtros capturan lo mejor de cada momento, en todo momento\";}s:10:\"\0*\0changes\";a:0:{}s:8:\"\0*\0casts\";a:0:{}s:17:\"\0*\0classCastCache\";a:0:{}s:21:\"\0*\0attributeCastCache\";a:0:{}s:13:\"\0*\0dateFormat\";N;s:10:\"\0*\0appends\";a:0:{}s:19:\"\0*\0dispatchesEvents\";a:0:{}s:14:\"\0*\0observables\";a:0:{}s:12:\"\0*\0relations\";a:0:{}s:10:\"\0*\0touches\";a:0:{}s:10:\"timestamps\";b:0;s:13:\"usesUniqueIds\";b:0;s:9:\"\0*\0hidden\";a:0:{}s:10:\"\0*\0visible\";a:0:{}s:11:\"\0*\0fillable\";a:3:{i:0;s:4:\"name\";i:1;s:11:\"description\";i:2;s:17:\"short_description\";}s:10:\"\0*\0guarded\";a:1:{i:0;s:1:\"*\";}}}s:28:\"\0*\0escapeWhenCastingToString\";b:0;}s:5:\"files\";O:39:\"Illuminate\\Database\\Eloquent\\Collection\":2:{s:8:\"\0*\0items\";a:7:{i:0;O:27:\"Modules\\Media\\Entities\\File\":30:{s:13:\"\0*\0connection\";s:5:\"mysql\";s:8:\"\0*\0table\";s:5:\"files\";s:13:\"\0*\0primaryKey\";s:2:\"id\";s:10:\"\0*\0keyType\";s:3:\"int\";s:12:\"incrementing\";b:1;s:7:\"\0*\0with\";a:0:{}s:12:\"\0*\0withCount\";a:0:{}s:19:\"preventsLazyLoading\";b:0;s:10:\"\0*\0perPage\";i:15;s:6:\"exists\";b:1;s:18:\"wasRecentlyCreated\";b:0;s:28:\"\0*\0escapeWhenCastingToString\";b:0;s:13:\"\0*\0attributes\";a:10:{s:2:\"id\";i:59;s:7:\"user_id\";i:1;s:8:\"filename\";s:45:\"e1z91WI8lLQSiQsxdirkIAIEIsSHmYIOQSOoXZmT.jpeg\";s:4:\"disk\";s:14:\"public_storage\";s:4:\"path\";s:50:\"media/OhJOR8s7oLiWw47f9GzvkYskr3KzHOLxyMR9vHDz.jpg\";s:9:\"extension\";s:3:\"jpg\";s:4:\"mime\";s:10:\"image/jpeg\";s:4:\"size\";s:5:\"66660\";s:10:\"created_at\";s:19:\"2024-12-13 14:50:07\";s:10:\"updated_at\";s:19:\"2024-12-13 14:50:07\";}s:11:\"\0*\0original\";a:17:{s:2:\"id\";i:59;s:7:\"user_id\";i:1;s:8:\"filename\";s:45:\"e1z91WI8lLQSiQsxdirkIAIEIsSHmYIOQSOoXZmT.jpeg\";s:4:\"disk\";s:14:\"public_storage\";s:4:\"path\";s:50:\"media/OhJOR8s7oLiWw47f9GzvkYskr3KzHOLxyMR9vHDz.jpg\";s:9:\"extension\";s:3:\"jpg\";s:4:\"mime\";s:10:\"image/jpeg\";s:4:\"size\";s:5:\"66660\";s:10:\"created_at\";s:19:\"2024-12-13 14:50:07\";s:10:\"updated_at\";s:19:\"2024-12-13 14:50:07\";s:15:\"pivot_entity_id\";i:2;s:13:\"pivot_file_id\";i:59;s:17:\"pivot_entity_type\";s:32:\"Modules\\Product\\Entities\\Product\";s:8:\"pivot_id\";i:155;s:10:\"pivot_zone\";s:10:\"base_image\";s:16:\"pivot_created_at\";s:19:\"2024-12-14 18:47:53\";s:16:\"pivot_updated_at\";s:19:\"2024-12-14 18:47:53\";}s:10:\"\0*\0changes\";a:0:{}s:8:\"\0*\0casts\";a:0:{}s:17:\"\0*\0classCastCache\";a:0:{}s:21:\"\0*\0attributeCastCache\";a:0:{}s:13:\"\0*\0dateFormat\";N;s:10:\"\0*\0appends\";a:0:{}s:19:\"\0*\0dispatchesEvents\";a:0:{}s:14:\"\0*\0observables\";a:0:{}s:12:\"\0*\0relations\";a:1:{s:5:\"pivot\";O:49:\"Illuminate\\Database\\Eloquent\\Relations\\MorphPivot\":35:{s:13:\"\0*\0connection\";N;s:8:\"\0*\0table\";s:12:\"entity_files\";s:13:\"\0*\0primaryKey\";s:2:\"id\";s:10:\"\0*\0keyType\";s:3:\"int\";s:12:\"incrementing\";b:0;s:7:\"\0*\0with\";a:0:{}s:12:\"\0*\0withCount\";a:0:{}s:19:\"preventsLazyLoading\";b:0;s:10:\"\0*\0perPage\";i:15;s:6:\"exists\";b:1;s:18:\"wasRecentlyCreated\";b:0;s:28:\"\0*\0escapeWhenCastingToString\";b:0;s:13:\"\0*\0attributes\";a:7:{s:11:\"entity_type\";s:32:\"Modules\\Product\\Entities\\Product\";s:9:\"entity_id\";i:2;s:7:\"file_id\";i:59;s:2:\"id\";i:155;s:4:\"zone\";s:10:\"base_image\";s:10:\"created_at\";s:19:\"2024-12-14 18:47:53\";s:10:\"updated_at\";s:19:\"2024-12-14 18:47:53\";}s:11:\"\0*\0original\";a:7:{s:11:\"entity_type\";s:32:\"Modules\\Product\\Entities\\Product\";s:9:\"entity_id\";i:2;s:7:\"file_id\";i:59;s:2:\"id\";i:155;s:4:\"zone\";s:10:\"base_image\";s:10:\"created_at\";s:19:\"2024-12-14 18:47:53\";s:10:\"updated_at\";s:19:\"2024-12-14 18:47:53\";}s:10:\"\0*\0changes\";a:0:{}s:8:\"\0*\0casts\";a:0:{}s:17:\"\0*\0classCastCache\";a:0:{}s:21:\"\0*\0attributeCastCache\";a:0:{}s:13:\"\0*\0dateFormat\";N;s:10:\"\0*\0appends\";a:0:{}s:19:\"\0*\0dispatchesEvents\";a:0:{}s:14:\"\0*\0observables\";a:0:{}s:12:\"\0*\0relations\";a:0:{}s:10:\"\0*\0touches\";a:0:{}s:10:\"timestamps\";b:1;s:13:\"usesUniqueIds\";b:0;s:9:\"\0*\0hidden\";a:0:{}s:10:\"\0*\0visible\";a:0:{}s:11:\"\0*\0fillable\";a:0:{}s:10:\"\0*\0guarded\";a:0:{}s:11:\"pivotParent\";O:32:\"Modules\\Product\\Entities\\Product\":35:{s:13:\"\0*\0connection\";N;s:8:\"\0*\0table\";s:8:\"products\";s:13:\"\0*\0primaryKey\";s:2:\"id\";s:10:\"\0*\0keyType\";s:3:\"int\";s:12:\"incrementing\";b:1;s:7:\"\0*\0with\";a:1:{i:0;s:12:\"translations\";}s:12:\"\0*\0withCount\";a:0:{}s:19:\"preventsLazyLoading\";b:0;s:10:\"\0*\0perPage\";i:15;s:6:\"exists\";b:0;s:18:\"wasRecentlyCreated\";b:0;s:28:\"\0*\0escapeWhenCastingToString\";b:0;s:13:\"\0*\0attributes\";a:0:{}s:11:\"\0*\0original\";a:0:{}s:10:\"\0*\0changes\";a:0:{}s:8:\"\0*\0casts\";a:9:{s:10:\"is_virtual\";s:7:\"boolean\";s:9:\"is_active\";s:7:\"boolean\";s:19:\"special_price_start\";s:8:\"datetime\";s:17:\"special_price_end\";s:8:\"datetime\";s:8:\"new_from\";s:8:\"datetime\";s:6:\"new_to\";s:8:\"datetime\";s:10:\"start_date\";s:8:\"datetime\";s:8:\"end_date\";s:8:\"datetime\";s:10:\"deleted_at\";s:8:\"datetime\";}s:17:\"\0*\0classCastCache\";a:0:{}s:21:\"\0*\0attributeCastCache\";a:0:{}s:13:\"\0*\0dateFormat\";N;s:10:\"\0*\0appends\";a:13:{i:0;s:10:\"base_image\";i:1;s:17:\"additional_images\";i:2;s:5:\"media\";i:3;s:15:\"formatted_price\";i:4;s:21:\"formatted_price_range\";i:5;s:28:\"has_percentage_special_price\";i:6;s:21:\"special_price_percent\";i:7;s:14:\"rating_percent\";i:8;s:17:\"does_manage_stock\";i:9;s:11:\"is_in_stock\";i:10;s:15:\"is_out_of_stock\";i:11;s:6:\"is_new\";i:12;s:7:\"variant\";}s:19:\"\0*\0dispatchesEvents\";a:0:{}s:14:\"\0*\0observables\";a:0:{}s:12:\"\0*\0relations\";a:0:{}s:10:\"\0*\0touches\";a:0:{}s:10:\"timestamps\";b:1;s:13:\"usesUniqueIds\";b:0;s:9:\"\0*\0hidden\";a:0:{}s:10:\"\0*\0visible\";a:0:{}s:11:\"\0*\0fillable\";a:17:{i:0;s:8:\"brand_id\";i:1;s:12:\"tax_class_id\";i:2;s:4:\"slug\";i:3;s:3:\"sku\";i:4;s:5:\"price\";i:5;s:13:\"special_price\";i:6;s:18:\"special_price_type\";i:7;s:19:\"special_price_start\";i:8;s:17:\"special_price_end\";i:9;s:13:\"selling_price\";i:10;s:12:\"manage_stock\";i:11;s:3:\"qty\";i:12;s:8:\"in_stock\";i:13;s:10:\"is_virtual\";i:14;s:9:\"is_active\";i:15;s:8:\"new_from\";i:16;s:6:\"new_to\";}s:10:\"\0*\0guarded\";a:1:{i:0;s:1:\"*\";}s:23:\"\0*\0translatedAttributes\";a:3:{i:0;s:4:\"name\";i:1;s:11:\"description\";i:2;s:17:\"short_description\";}s:16:\"\0*\0slugAttribute\";s:4:\"name\";s:16:\"\0*\0defaultLocale\";N;s:16:\"\0*\0scoutMetadata\";a:0:{}s:16:\"\0*\0forceDeleting\";b:0;}s:13:\"\0*\0foreignKey\";s:9:\"entity_id\";s:13:\"\0*\0relatedKey\";s:7:\"file_id\";s:12:\"\0*\0morphType\";s:11:\"entity_type\";s:13:\"\0*\0morphClass\";s:32:\"Modules\\Product\\Entities\\Product\";}}s:10:\"\0*\0touches\";a:0:{}s:10:\"timestamps\";b:1;s:13:\"usesUniqueIds\";b:0;s:9:\"\0*\0hidden\";a:0:{}s:10:\"\0*\0visible\";a:3:{i:0;s:2:\"id\";i:1;s:8:\"filename\";i:2;s:4:\"path\";}s:11:\"\0*\0fillable\";a:0:{}s:10:\"\0*\0guarded\";a:0:{}}i:1;O:27:\"Modules\\Media\\Entities\\File\":30:{s:13:\"\0*\0connection\";s:5:\"mysql\";s:8:\"\0*\0table\";s:5:\"files\";s:13:\"\0*\0primaryKey\";s:2:\"id\";s:10:\"\0*\0keyType\";s:3:\"int\";s:12:\"incrementing\";b:1;s:7:\"\0*\0with\";a:0:{}s:12:\"\0*\0withCount\";a:0:{}s:19:\"preventsLazyLoading\";b:0;s:10:\"\0*\0perPage\";i:15;s:6:\"exists\";b:1;s:18:\"wasRecentlyCreated\";b:0;s:28:\"\0*\0escapeWhenCastingToString\";b:0;s:13:\"\0*\0attributes\";a:10:{s:2:\"id\";i:58;s:7:\"user_id\";i:1;s:8:\"filename\";s:49:\"e1z91WI8lLQSiQsxdirkIAIEIsSHmYIOQSOoXZmT (1).jpeg\";s:4:\"disk\";s:14:\"public_storage\";s:4:\"path\";s:50:\"media/WFQSK4OprtI4PZyJup6qNGqtaYQM6UZJZFrw20I4.jpg\";s:9:\"extension\";s:3:\"jpg\";s:4:\"mime\";s:10:\"image/jpeg\";s:4:\"size\";s:5:\"66660\";s:10:\"created_at\";s:19:\"2024-12-13 14:50:05\";s:10:\"updated_at\";s:19:\"2024-12-13 14:50:05\";}s:11:\"\0*\0original\";a:17:{s:2:\"id\";i:58;s:7:\"user_id\";i:1;s:8:\"filename\";s:49:\"e1z91WI8lLQSiQsxdirkIAIEIsSHmYIOQSOoXZmT (1).jpeg\";s:4:\"disk\";s:14:\"public_storage\";s:4:\"path\";s:50:\"media/WFQSK4OprtI4PZyJup6qNGqtaYQM6UZJZFrw20I4.jpg\";s:9:\"extension\";s:3:\"jpg\";s:4:\"mime\";s:10:\"image/jpeg\";s:4:\"size\";s:5:\"66660\";s:10:\"created_at\";s:19:\"2024-12-13 14:50:05\";s:10:\"updated_at\";s:19:\"2024-12-13 14:50:05\";s:15:\"pivot_entity_id\";i:2;s:13:\"pivot_file_id\";i:58;s:17:\"pivot_entity_type\";s:32:\"Modules\\Product\\Entities\\Product\";s:8:\"pivot_id\";i:156;s:10:\"pivot_zone\";s:17:\"additional_images\";s:16:\"pivot_created_at\";s:19:\"2024-12-14 18:47:53\";s:16:\"pivot_updated_at\";s:19:\"2024-12-14 18:47:53\";}s:10:\"\0*\0changes\";a:0:{}s:8:\"\0*\0casts\";a:0:{}s:17:\"\0*\0classCastCache\";a:0:{}s:21:\"\0*\0attributeCastCache\";a:0:{}s:13:\"\0*\0dateFormat\";N;s:10:\"\0*\0appends\";a:0:{}s:19:\"\0*\0dispatchesEvents\";a:0:{}s:14:\"\0*\0observables\";a:0:{}s:12:\"\0*\0relations\";a:1:{s:5:\"pivot\";O:49:\"Illuminate\\Database\\Eloquent\\Relations\\MorphPivot\":35:{s:13:\"\0*\0connection\";N;s:8:\"\0*\0table\";s:12:\"entity_files\";s:13:\"\0*\0primaryKey\";s:2:\"id\";s:10:\"\0*\0keyType\";s:3:\"int\";s:12:\"incrementing\";b:0;s:7:\"\0*\0with\";a:0:{}s:12:\"\0*\0withCount\";a:0:{}s:19:\"preventsLazyLoading\";b:0;s:10:\"\0*\0perPage\";i:15;s:6:\"exists\";b:1;s:18:\"wasRecentlyCreated\";b:0;s:28:\"\0*\0escapeWhenCastingToString\";b:0;s:13:\"\0*\0attributes\";a:7:{s:11:\"entity_type\";s:32:\"Modules\\Product\\Entities\\Product\";s:9:\"entity_id\";i:2;s:7:\"file_id\";i:58;s:2:\"id\";i:156;s:4:\"zone\";s:17:\"additional_images\";s:10:\"created_at\";s:19:\"2024-12-14 18:47:53\";s:10:\"updated_at\";s:19:\"2024-12-14 18:47:53\";}s:11:\"\0*\0original\";a:7:{s:11:\"entity_type\";s:32:\"Modules\\Product\\Entities\\Product\";s:9:\"entity_id\";i:2;s:7:\"file_id\";i:58;s:2:\"id\";i:156;s:4:\"zone\";s:17:\"additional_images\";s:10:\"created_at\";s:19:\"2024-12-14 18:47:53\";s:10:\"updated_at\";s:19:\"2024-12-14 18:47:53\";}s:10:\"\0*\0changes\";a:0:{}s:8:\"\0*\0casts\";a:0:{}s:17:\"\0*\0classCastCache\";a:0:{}s:21:\"\0*\0attributeCastCache\";a:0:{}s:13:\"\0*\0dateFormat\";N;s:10:\"\0*\0appends\";a:0:{}s:19:\"\0*\0dispatchesEvents\";a:0:{}s:14:\"\0*\0observables\";a:0:{}s:12:\"\0*\0relations\";a:0:{}s:10:\"\0*\0touches\";a:0:{}s:10:\"timestamps\";b:1;s:13:\"usesUniqueIds\";b:0;s:9:\"\0*\0hidden\";a:0:{}s:10:\"\0*\0visible\";a:0:{}s:11:\"\0*\0fillable\";a:0:{}s:10:\"\0*\0guarded\";a:0:{}s:11:\"pivotParent\";r:1361;s:13:\"\0*\0foreignKey\";s:9:\"entity_id\";s:13:\"\0*\0relatedKey\";s:7:\"file_id\";s:12:\"\0*\0morphType\";s:11:\"entity_type\";s:13:\"\0*\0morphClass\";s:32:\"Modules\\Product\\Entities\\Product\";}}s:10:\"\0*\0touches\";a:0:{}s:10:\"timestamps\";b:1;s:13:\"usesUniqueIds\";b:0;s:9:\"\0*\0hidden\";a:0:{}s:10:\"\0*\0visible\";a:3:{i:0;s:2:\"id\";i:1;s:8:\"filename\";i:2;s:4:\"path\";}s:11:\"\0*\0fillable\";a:0:{}s:10:\"\0*\0guarded\";a:0:{}}i:2;O:27:\"Modules\\Media\\Entities\\File\":30:{s:13:\"\0*\0connection\";s:5:\"mysql\";s:8:\"\0*\0table\";s:5:\"files\";s:13:\"\0*\0primaryKey\";s:2:\"id\";s:10:\"\0*\0keyType\";s:3:\"int\";s:12:\"incrementing\";b:1;s:7:\"\0*\0with\";a:0:{}s:12:\"\0*\0withCount\";a:0:{}s:19:\"preventsLazyLoading\";b:0;s:10:\"\0*\0perPage\";i:15;s:6:\"exists\";b:1;s:18:\"wasRecentlyCreated\";b:0;s:28:\"\0*\0escapeWhenCastingToString\";b:0;s:13:\"\0*\0attributes\";a:10:{s:2:\"id\";i:57;s:7:\"user_id\";i:1;s:8:\"filename\";s:45:\"B9dkI8G0ibk5ARKoeHmevpnmSkOu1QToxnvqYCtz.jpeg\";s:4:\"disk\";s:14:\"public_storage\";s:4:\"path\";s:50:\"media/0a1ShMVxeZ3vJdCgKGX1nHPBhf0XlpPCBkmRV1wa.jpg\";s:9:\"extension\";s:3:\"jpg\";s:4:\"mime\";s:10:\"image/jpeg\";s:4:\"size\";s:5:\"63750\";s:10:\"created_at\";s:19:\"2024-12-13 14:50:05\";s:10:\"updated_at\";s:19:\"2024-12-13 14:50:05\";}s:11:\"\0*\0original\";a:17:{s:2:\"id\";i:57;s:7:\"user_id\";i:1;s:8:\"filename\";s:45:\"B9dkI8G0ibk5ARKoeHmevpnmSkOu1QToxnvqYCtz.jpeg\";s:4:\"disk\";s:14:\"public_storage\";s:4:\"path\";s:50:\"media/0a1ShMVxeZ3vJdCgKGX1nHPBhf0XlpPCBkmRV1wa.jpg\";s:9:\"extension\";s:3:\"jpg\";s:4:\"mime\";s:10:\"image/jpeg\";s:4:\"size\";s:5:\"63750\";s:10:\"created_at\";s:19:\"2024-12-13 14:50:05\";s:10:\"updated_at\";s:19:\"2024-12-13 14:50:05\";s:15:\"pivot_entity_id\";i:2;s:13:\"pivot_file_id\";i:57;s:17:\"pivot_entity_type\";s:32:\"Modules\\Product\\Entities\\Product\";s:8:\"pivot_id\";i:157;s:10:\"pivot_zone\";s:17:\"additional_images\";s:16:\"pivot_created_at\";s:19:\"2024-12-14 18:47:53\";s:16:\"pivot_updated_at\";s:19:\"2024-12-14 18:47:53\";}s:10:\"\0*\0changes\";a:0:{}s:8:\"\0*\0casts\";a:0:{}s:17:\"\0*\0classCastCache\";a:0:{}s:21:\"\0*\0attributeCastCache\";a:0:{}s:13:\"\0*\0dateFormat\";N;s:10:\"\0*\0appends\";a:0:{}s:19:\"\0*\0dispatchesEvents\";a:0:{}s:14:\"\0*\0observables\";a:0:{}s:12:\"\0*\0relations\";a:1:{s:5:\"pivot\";O:49:\"Illuminate\\Database\\Eloquent\\Relations\\MorphPivot\":35:{s:13:\"\0*\0connection\";N;s:8:\"\0*\0table\";s:12:\"entity_files\";s:13:\"\0*\0primaryKey\";s:2:\"id\";s:10:\"\0*\0keyType\";s:3:\"int\";s:12:\"incrementing\";b:0;s:7:\"\0*\0with\";a:0:{}s:12:\"\0*\0withCount\";a:0:{}s:19:\"preventsLazyLoading\";b:0;s:10:\"\0*\0perPage\";i:15;s:6:\"exists\";b:1;s:18:\"wasRecentlyCreated\";b:0;s:28:\"\0*\0escapeWhenCastingToString\";b:0;s:13:\"\0*\0attributes\";a:7:{s:11:\"entity_type\";s:32:\"Modules\\Product\\Entities\\Product\";s:9:\"entity_id\";i:2;s:7:\"file_id\";i:57;s:2:\"id\";i:157;s:4:\"zone\";s:17:\"additional_images\";s:10:\"created_at\";s:19:\"2024-12-14 18:47:53\";s:10:\"updated_at\";s:19:\"2024-12-14 18:47:53\";}s:11:\"\0*\0original\";a:7:{s:11:\"entity_type\";s:32:\"Modules\\Product\\Entities\\Product\";s:9:\"entity_id\";i:2;s:7:\"file_id\";i:57;s:2:\"id\";i:157;s:4:\"zone\";s:17:\"additional_images\";s:10:\"created_at\";s:19:\"2024-12-14 18:47:53\";s:10:\"updated_at\";s:19:\"2024-12-14 18:47:53\";}s:10:\"\0*\0changes\";a:0:{}s:8:\"\0*\0casts\";a:0:{}s:17:\"\0*\0classCastCache\";a:0:{}s:21:\"\0*\0attributeCastCache\";a:0:{}s:13:\"\0*\0dateFormat\";N;s:10:\"\0*\0appends\";a:0:{}s:19:\"\0*\0dispatchesEvents\";a:0:{}s:14:\"\0*\0observables\";a:0:{}s:12:\"\0*\0relations\";a:0:{}s:10:\"\0*\0touches\";a:0:{}s:10:\"timestamps\";b:1;s:13:\"usesUniqueIds\";b:0;s:9:\"\0*\0hidden\";a:0:{}s:10:\"\0*\0visible\";a:0:{}s:11:\"\0*\0fillable\";a:0:{}s:10:\"\0*\0guarded\";a:0:{}s:11:\"pivotParent\";r:1361;s:13:\"\0*\0foreignKey\";s:9:\"entity_id\";s:13:\"\0*\0relatedKey\";s:7:\"file_id\";s:12:\"\0*\0morphType\";s:11:\"entity_type\";s:13:\"\0*\0morphClass\";s:32:\"Modules\\Product\\Entities\\Product\";}}s:10:\"\0*\0touches\";a:0:{}s:10:\"timestamps\";b:1;s:13:\"usesUniqueIds\";b:0;s:9:\"\0*\0hidden\";a:0:{}s:10:\"\0*\0visible\";a:3:{i:0;s:2:\"id\";i:1;s:8:\"filename\";i:2;s:4:\"path\";}s:11:\"\0*\0fillable\";a:0:{}s:10:\"\0*\0guarded\";a:0:{}}i:3;O:27:\"Modules\\Media\\Entities\\File\":30:{s:13:\"\0*\0connection\";s:5:\"mysql\";s:8:\"\0*\0table\";s:5:\"files\";s:13:\"\0*\0primaryKey\";s:2:\"id\";s:10:\"\0*\0keyType\";s:3:\"int\";s:12:\"incrementing\";b:1;s:7:\"\0*\0with\";a:0:{}s:12:\"\0*\0withCount\";a:0:{}s:19:\"preventsLazyLoading\";b:0;s:10:\"\0*\0perPage\";i:15;s:6:\"exists\";b:1;s:18:\"wasRecentlyCreated\";b:0;s:28:\"\0*\0escapeWhenCastingToString\";b:0;s:13:\"\0*\0attributes\";a:10:{s:2:\"id\";i:60;s:7:\"user_id\";i:1;s:8:\"filename\";s:45:\"gGoLIGeRrqxOAX9fYsP4dqRcQIjIx6dRSEoqyinw.jpeg\";s:4:\"disk\";s:14:\"public_storage\";s:4:\"path\";s:50:\"media/cwcYmQS9WCsyywmRRGINDKn6tETKfufEfDUiSvFI.jpg\";s:9:\"extension\";s:3:\"jpg\";s:4:\"mime\";s:10:\"image/jpeg\";s:4:\"size\";s:5:\"73988\";s:10:\"created_at\";s:19:\"2024-12-13 14:50:07\";s:10:\"updated_at\";s:19:\"2024-12-13 14:50:07\";}s:11:\"\0*\0original\";a:17:{s:2:\"id\";i:60;s:7:\"user_id\";i:1;s:8:\"filename\";s:45:\"gGoLIGeRrqxOAX9fYsP4dqRcQIjIx6dRSEoqyinw.jpeg\";s:4:\"disk\";s:14:\"public_storage\";s:4:\"path\";s:50:\"media/cwcYmQS9WCsyywmRRGINDKn6tETKfufEfDUiSvFI.jpg\";s:9:\"extension\";s:3:\"jpg\";s:4:\"mime\";s:10:\"image/jpeg\";s:4:\"size\";s:5:\"73988\";s:10:\"created_at\";s:19:\"2024-12-13 14:50:07\";s:10:\"updated_at\";s:19:\"2024-12-13 14:50:07\";s:15:\"pivot_entity_id\";i:2;s:13:\"pivot_file_id\";i:60;s:17:\"pivot_entity_type\";s:32:\"Modules\\Product\\Entities\\Product\";s:8:\"pivot_id\";i:158;s:10:\"pivot_zone\";s:17:\"additional_images\";s:16:\"pivot_created_at\";s:19:\"2024-12-14 18:47:53\";s:16:\"pivot_updated_at\";s:19:\"2024-12-14 18:47:53\";}s:10:\"\0*\0changes\";a:0:{}s:8:\"\0*\0casts\";a:0:{}s:17:\"\0*\0classCastCache\";a:0:{}s:21:\"\0*\0attributeCastCache\";a:0:{}s:13:\"\0*\0dateFormat\";N;s:10:\"\0*\0appends\";a:0:{}s:19:\"\0*\0dispatchesEvents\";a:0:{}s:14:\"\0*\0observables\";a:0:{}s:12:\"\0*\0relations\";a:1:{s:5:\"pivot\";O:49:\"Illuminate\\Database\\Eloquent\\Relations\\MorphPivot\":35:{s:13:\"\0*\0connection\";N;s:8:\"\0*\0table\";s:12:\"entity_files\";s:13:\"\0*\0primaryKey\";s:2:\"id\";s:10:\"\0*\0keyType\";s:3:\"int\";s:12:\"incrementing\";b:0;s:7:\"\0*\0with\";a:0:{}s:12:\"\0*\0withCount\";a:0:{}s:19:\"preventsLazyLoading\";b:0;s:10:\"\0*\0perPage\";i:15;s:6:\"exists\";b:1;s:18:\"wasRecentlyCreated\";b:0;s:28:\"\0*\0escapeWhenCastingToString\";b:0;s:13:\"\0*\0attributes\";a:7:{s:11:\"entity_type\";s:32:\"Modules\\Product\\Entities\\Product\";s:9:\"entity_id\";i:2;s:7:\"file_id\";i:60;s:2:\"id\";i:158;s:4:\"zone\";s:17:\"additional_images\";s:10:\"created_at\";s:19:\"2024-12-14 18:47:53\";s:10:\"updated_at\";s:19:\"2024-12-14 18:47:53\";}s:11:\"\0*\0original\";a:7:{s:11:\"entity_type\";s:32:\"Modules\\Product\\Entities\\Product\";s:9:\"entity_id\";i:2;s:7:\"file_id\";i:60;s:2:\"id\";i:158;s:4:\"zone\";s:17:\"additional_images\";s:10:\"created_at\";s:19:\"2024-12-14 18:47:53\";s:10:\"updated_at\";s:19:\"2024-12-14 18:47:53\";}s:10:\"\0*\0changes\";a:0:{}s:8:\"\0*\0casts\";a:0:{}s:17:\"\0*\0classCastCache\";a:0:{}s:21:\"\0*\0attributeCastCache\";a:0:{}s:13:\"\0*\0dateFormat\";N;s:10:\"\0*\0appends\";a:0:{}s:19:\"\0*\0dispatchesEvents\";a:0:{}s:14:\"\0*\0observables\";a:0:{}s:12:\"\0*\0relations\";a:0:{}s:10:\"\0*\0touches\";a:0:{}s:10:\"timestamps\";b:1;s:13:\"usesUniqueIds\";b:0;s:9:\"\0*\0hidden\";a:0:{}s:10:\"\0*\0visible\";a:0:{}s:11:\"\0*\0fillable\";a:0:{}s:10:\"\0*\0guarded\";a:0:{}s:11:\"pivotParent\";r:1361;s:13:\"\0*\0foreignKey\";s:9:\"entity_id\";s:13:\"\0*\0relatedKey\";s:7:\"file_id\";s:12:\"\0*\0morphType\";s:11:\"entity_type\";s:13:\"\0*\0morphClass\";s:32:\"Modules\\Product\\Entities\\Product\";}}s:10:\"\0*\0touches\";a:0:{}s:10:\"timestamps\";b:1;s:13:\"usesUniqueIds\";b:0;s:9:\"\0*\0hidden\";a:0:{}s:10:\"\0*\0visible\";a:3:{i:0;s:2:\"id\";i:1;s:8:\"filename\";i:2;s:4:\"path\";}s:11:\"\0*\0fillable\";a:0:{}s:10:\"\0*\0guarded\";a:0:{}}i:4;O:27:\"Modules\\Media\\Entities\\File\":30:{s:13:\"\0*\0connection\";s:5:\"mysql\";s:8:\"\0*\0table\";s:5:\"files\";s:13:\"\0*\0primaryKey\";s:2:\"id\";s:10:\"\0*\0keyType\";s:3:\"int\";s:12:\"incrementing\";b:1;s:7:\"\0*\0with\";a:0:{}s:12:\"\0*\0withCount\";a:0:{}s:19:\"preventsLazyLoading\";b:0;s:10:\"\0*\0perPage\";i:15;s:6:\"exists\";b:1;s:18:\"wasRecentlyCreated\";b:0;s:28:\"\0*\0escapeWhenCastingToString\";b:0;s:13:\"\0*\0attributes\";a:10:{s:2:\"id\";i:61;s:7:\"user_id\";i:1;s:8:\"filename\";s:45:\"kxar2Eq7XZRNPBe5JYoT3EDtFLQYeMlzIsoyCH0j.jpeg\";s:4:\"disk\";s:14:\"public_storage\";s:4:\"path\";s:50:\"media/Cx5TQy6oEq0PWScSFampDC79QiCziA0ZGvlZX30y.jpg\";s:9:\"extension\";s:3:\"jpg\";s:4:\"mime\";s:10:\"image/jpeg\";s:4:\"size\";s:4:\"9696\";s:10:\"created_at\";s:19:\"2024-12-13 14:50:08\";s:10:\"updated_at\";s:19:\"2024-12-13 14:50:08\";}s:11:\"\0*\0original\";a:17:{s:2:\"id\";i:61;s:7:\"user_id\";i:1;s:8:\"filename\";s:45:\"kxar2Eq7XZRNPBe5JYoT3EDtFLQYeMlzIsoyCH0j.jpeg\";s:4:\"disk\";s:14:\"public_storage\";s:4:\"path\";s:50:\"media/Cx5TQy6oEq0PWScSFampDC79QiCziA0ZGvlZX30y.jpg\";s:9:\"extension\";s:3:\"jpg\";s:4:\"mime\";s:10:\"image/jpeg\";s:4:\"size\";s:4:\"9696\";s:10:\"created_at\";s:19:\"2024-12-13 14:50:08\";s:10:\"updated_at\";s:19:\"2024-12-13 14:50:08\";s:15:\"pivot_entity_id\";i:2;s:13:\"pivot_file_id\";i:61;s:17:\"pivot_entity_type\";s:32:\"Modules\\Product\\Entities\\Product\";s:8:\"pivot_id\";i:159;s:10:\"pivot_zone\";s:17:\"additional_images\";s:16:\"pivot_created_at\";s:19:\"2024-12-14 18:47:53\";s:16:\"pivot_updated_at\";s:19:\"2024-12-14 18:47:53\";}s:10:\"\0*\0changes\";a:0:{}s:8:\"\0*\0casts\";a:0:{}s:17:\"\0*\0classCastCache\";a:0:{}s:21:\"\0*\0attributeCastCache\";a:0:{}s:13:\"\0*\0dateFormat\";N;s:10:\"\0*\0appends\";a:0:{}s:19:\"\0*\0dispatchesEvents\";a:0:{}s:14:\"\0*\0observables\";a:0:{}s:12:\"\0*\0relations\";a:1:{s:5:\"pivot\";O:49:\"Illuminate\\Database\\Eloquent\\Relations\\MorphPivot\":35:{s:13:\"\0*\0connection\";N;s:8:\"\0*\0table\";s:12:\"entity_files\";s:13:\"\0*\0primaryKey\";s:2:\"id\";s:10:\"\0*\0keyType\";s:3:\"int\";s:12:\"incrementing\";b:0;s:7:\"\0*\0with\";a:0:{}s:12:\"\0*\0withCount\";a:0:{}s:19:\"preventsLazyLoading\";b:0;s:10:\"\0*\0perPage\";i:15;s:6:\"exists\";b:1;s:18:\"wasRecentlyCreated\";b:0;s:28:\"\0*\0escapeWhenCastingToString\";b:0;s:13:\"\0*\0attributes\";a:7:{s:11:\"entity_type\";s:32:\"Modules\\Product\\Entities\\Product\";s:9:\"entity_id\";i:2;s:7:\"file_id\";i:61;s:2:\"id\";i:159;s:4:\"zone\";s:17:\"additional_images\";s:10:\"created_at\";s:19:\"2024-12-14 18:47:53\";s:10:\"updated_at\";s:19:\"2024-12-14 18:47:53\";}s:11:\"\0*\0original\";a:7:{s:11:\"entity_type\";s:32:\"Modules\\Product\\Entities\\Product\";s:9:\"entity_id\";i:2;s:7:\"file_id\";i:61;s:2:\"id\";i:159;s:4:\"zone\";s:17:\"additional_images\";s:10:\"created_at\";s:19:\"2024-12-14 18:47:53\";s:10:\"updated_at\";s:19:\"2024-12-14 18:47:53\";}s:10:\"\0*\0changes\";a:0:{}s:8:\"\0*\0casts\";a:0:{}s:17:\"\0*\0classCastCache\";a:0:{}s:21:\"\0*\0attributeCastCache\";a:0:{}s:13:\"\0*\0dateFormat\";N;s:10:\"\0*\0appends\";a:0:{}s:19:\"\0*\0dispatchesEvents\";a:0:{}s:14:\"\0*\0observables\";a:0:{}s:12:\"\0*\0relations\";a:0:{}s:10:\"\0*\0touches\";a:0:{}s:10:\"timestamps\";b:1;s:13:\"usesUniqueIds\";b:0;s:9:\"\0*\0hidden\";a:0:{}s:10:\"\0*\0visible\";a:0:{}s:11:\"\0*\0fillable\";a:0:{}s:10:\"\0*\0guarded\";a:0:{}s:11:\"pivotParent\";r:1361;s:13:\"\0*\0foreignKey\";s:9:\"entity_id\";s:13:\"\0*\0relatedKey\";s:7:\"file_id\";s:12:\"\0*\0morphType\";s:11:\"entity_type\";s:13:\"\0*\0morphClass\";s:32:\"Modules\\Product\\Entities\\Product\";}}s:10:\"\0*\0touches\";a:0:{}s:10:\"timestamps\";b:1;s:13:\"usesUniqueIds\";b:0;s:9:\"\0*\0hidden\";a:0:{}s:10:\"\0*\0visible\";a:3:{i:0;s:2:\"id\";i:1;s:8:\"filename\";i:2;s:4:\"path\";}s:11:\"\0*\0fillable\";a:0:{}s:10:\"\0*\0guarded\";a:0:{}}i:5;O:27:\"Modules\\Media\\Entities\\File\":30:{s:13:\"\0*\0connection\";s:5:\"mysql\";s:8:\"\0*\0table\";s:5:\"files\";s:13:\"\0*\0primaryKey\";s:2:\"id\";s:10:\"\0*\0keyType\";s:3:\"int\";s:12:\"incrementing\";b:1;s:7:\"\0*\0with\";a:0:{}s:12:\"\0*\0withCount\";a:0:{}s:19:\"preventsLazyLoading\";b:0;s:10:\"\0*\0perPage\";i:15;s:6:\"exists\";b:1;s:18:\"wasRecentlyCreated\";b:0;s:28:\"\0*\0escapeWhenCastingToString\";b:0;s:13:\"\0*\0attributes\";a:10:{s:2:\"id\";i:62;s:7:\"user_id\";i:1;s:8:\"filename\";s:45:\"r28pf7XTBLB7GovQK7Yl7rijj5PAPBJd82jiGHDy.jpeg\";s:4:\"disk\";s:14:\"public_storage\";s:4:\"path\";s:50:\"media/IzJpdNm8PwS6vuY4bZ8iKN4XVpMrxzzruqKLwnQy.jpg\";s:9:\"extension\";s:3:\"jpg\";s:4:\"mime\";s:10:\"image/jpeg\";s:4:\"size\";s:5:\"19640\";s:10:\"created_at\";s:19:\"2024-12-13 14:50:09\";s:10:\"updated_at\";s:19:\"2024-12-13 14:50:09\";}s:11:\"\0*\0original\";a:17:{s:2:\"id\";i:62;s:7:\"user_id\";i:1;s:8:\"filename\";s:45:\"r28pf7XTBLB7GovQK7Yl7rijj5PAPBJd82jiGHDy.jpeg\";s:4:\"disk\";s:14:\"public_storage\";s:4:\"path\";s:50:\"media/IzJpdNm8PwS6vuY4bZ8iKN4XVpMrxzzruqKLwnQy.jpg\";s:9:\"extension\";s:3:\"jpg\";s:4:\"mime\";s:10:\"image/jpeg\";s:4:\"size\";s:5:\"19640\";s:10:\"created_at\";s:19:\"2024-12-13 14:50:09\";s:10:\"updated_at\";s:19:\"2024-12-13 14:50:09\";s:15:\"pivot_entity_id\";i:2;s:13:\"pivot_file_id\";i:62;s:17:\"pivot_entity_type\";s:32:\"Modules\\Product\\Entities\\Product\";s:8:\"pivot_id\";i:160;s:10:\"pivot_zone\";s:17:\"additional_images\";s:16:\"pivot_created_at\";s:19:\"2024-12-14 18:47:53\";s:16:\"pivot_updated_at\";s:19:\"2024-12-14 18:47:53\";}s:10:\"\0*\0changes\";a:0:{}s:8:\"\0*\0casts\";a:0:{}s:17:\"\0*\0classCastCache\";a:0:{}s:21:\"\0*\0attributeCastCache\";a:0:{}s:13:\"\0*\0dateFormat\";N;s:10:\"\0*\0appends\";a:0:{}s:19:\"\0*\0dispatchesEvents\";a:0:{}s:14:\"\0*\0observables\";a:0:{}s:12:\"\0*\0relations\";a:1:{s:5:\"pivot\";O:49:\"Illuminate\\Database\\Eloquent\\Relations\\MorphPivot\":35:{s:13:\"\0*\0connection\";N;s:8:\"\0*\0table\";s:12:\"entity_files\";s:13:\"\0*\0primaryKey\";s:2:\"id\";s:10:\"\0*\0keyType\";s:3:\"int\";s:12:\"incrementing\";b:0;s:7:\"\0*\0with\";a:0:{}s:12:\"\0*\0withCount\";a:0:{}s:19:\"preventsLazyLoading\";b:0;s:10:\"\0*\0perPage\";i:15;s:6:\"exists\";b:1;s:18:\"wasRecentlyCreated\";b:0;s:28:\"\0*\0escapeWhenCastingToString\";b:0;s:13:\"\0*\0attributes\";a:7:{s:11:\"entity_type\";s:32:\"Modules\\Product\\Entities\\Product\";s:9:\"entity_id\";i:2;s:7:\"file_id\";i:62;s:2:\"id\";i:160;s:4:\"zone\";s:17:\"additional_images\";s:10:\"created_at\";s:19:\"2024-12-14 18:47:53\";s:10:\"updated_at\";s:19:\"2024-12-14 18:47:53\";}s:11:\"\0*\0original\";a:7:{s:11:\"entity_type\";s:32:\"Modules\\Product\\Entities\\Product\";s:9:\"entity_id\";i:2;s:7:\"file_id\";i:62;s:2:\"id\";i:160;s:4:\"zone\";s:17:\"additional_images\";s:10:\"created_at\";s:19:\"2024-12-14 18:47:53\";s:10:\"updated_at\";s:19:\"2024-12-14 18:47:53\";}s:10:\"\0*\0changes\";a:0:{}s:8:\"\0*\0casts\";a:0:{}s:17:\"\0*\0classCastCache\";a:0:{}s:21:\"\0*\0attributeCastCache\";a:0:{}s:13:\"\0*\0dateFormat\";N;s:10:\"\0*\0appends\";a:0:{}s:19:\"\0*\0dispatchesEvents\";a:0:{}s:14:\"\0*\0observables\";a:0:{}s:12:\"\0*\0relations\";a:0:{}s:10:\"\0*\0touches\";a:0:{}s:10:\"timestamps\";b:1;s:13:\"usesUniqueIds\";b:0;s:9:\"\0*\0hidden\";a:0:{}s:10:\"\0*\0visible\";a:0:{}s:11:\"\0*\0fillable\";a:0:{}s:10:\"\0*\0guarded\";a:0:{}s:11:\"pivotParent\";r:1361;s:13:\"\0*\0foreignKey\";s:9:\"entity_id\";s:13:\"\0*\0relatedKey\";s:7:\"file_id\";s:12:\"\0*\0morphType\";s:11:\"entity_type\";s:13:\"\0*\0morphClass\";s:32:\"Modules\\Product\\Entities\\Product\";}}s:10:\"\0*\0touches\";a:0:{}s:10:\"timestamps\";b:1;s:13:\"usesUniqueIds\";b:0;s:9:\"\0*\0hidden\";a:0:{}s:10:\"\0*\0visible\";a:3:{i:0;s:2:\"id\";i:1;s:8:\"filename\";i:2;s:4:\"path\";}s:11:\"\0*\0fillable\";a:0:{}s:10:\"\0*\0guarded\";a:0:{}}i:6;O:27:\"Modules\\Media\\Entities\\File\":30:{s:13:\"\0*\0connection\";s:5:\"mysql\";s:8:\"\0*\0table\";s:5:\"files\";s:13:\"\0*\0primaryKey\";s:2:\"id\";s:10:\"\0*\0keyType\";s:3:\"int\";s:12:\"incrementing\";b:1;s:7:\"\0*\0with\";a:0:{}s:12:\"\0*\0withCount\";a:0:{}s:19:\"preventsLazyLoading\";b:0;s:10:\"\0*\0perPage\";i:15;s:6:\"exists\";b:1;s:18:\"wasRecentlyCreated\";b:0;s:28:\"\0*\0escapeWhenCastingToString\";b:0;s:13:\"\0*\0attributes\";a:10:{s:2:\"id\";i:63;s:7:\"user_id\";i:1;s:8:\"filename\";s:45:\"Urr7JEZBn4ibvCb5ZyjkKbk8673OiMIxGmTzFond.jpeg\";s:4:\"disk\";s:14:\"public_storage\";s:4:\"path\";s:50:\"media/xUrS1sfJBskVsuxYRcV1A45JvwAzlGG9iC0YeZ9T.jpg\";s:9:\"extension\";s:3:\"jpg\";s:4:\"mime\";s:10:\"image/jpeg\";s:4:\"size\";s:5:\"63993\";s:10:\"created_at\";s:19:\"2024-12-13 14:50:10\";s:10:\"updated_at\";s:19:\"2024-12-13 14:50:10\";}s:11:\"\0*\0original\";a:17:{s:2:\"id\";i:63;s:7:\"user_id\";i:1;s:8:\"filename\";s:45:\"Urr7JEZBn4ibvCb5ZyjkKbk8673OiMIxGmTzFond.jpeg\";s:4:\"disk\";s:14:\"public_storage\";s:4:\"path\";s:50:\"media/xUrS1sfJBskVsuxYRcV1A45JvwAzlGG9iC0YeZ9T.jpg\";s:9:\"extension\";s:3:\"jpg\";s:4:\"mime\";s:10:\"image/jpeg\";s:4:\"size\";s:5:\"63993\";s:10:\"created_at\";s:19:\"2024-12-13 14:50:10\";s:10:\"updated_at\";s:19:\"2024-12-13 14:50:10\";s:15:\"pivot_entity_id\";i:2;s:13:\"pivot_file_id\";i:63;s:17:\"pivot_entity_type\";s:32:\"Modules\\Product\\Entities\\Product\";s:8:\"pivot_id\";i:161;s:10:\"pivot_zone\";s:17:\"additional_images\";s:16:\"pivot_created_at\";s:19:\"2024-12-14 18:47:53\";s:16:\"pivot_updated_at\";s:19:\"2024-12-14 18:47:53\";}s:10:\"\0*\0changes\";a:0:{}s:8:\"\0*\0casts\";a:0:{}s:17:\"\0*\0classCastCache\";a:0:{}s:21:\"\0*\0attributeCastCache\";a:0:{}s:13:\"\0*\0dateFormat\";N;s:10:\"\0*\0appends\";a:0:{}s:19:\"\0*\0dispatchesEvents\";a:0:{}s:14:\"\0*\0observables\";a:0:{}s:12:\"\0*\0relations\";a:1:{s:5:\"pivot\";O:49:\"Illuminate\\Database\\Eloquent\\Relations\\MorphPivot\":35:{s:13:\"\0*\0connection\";N;s:8:\"\0*\0table\";s:12:\"entity_files\";s:13:\"\0*\0primaryKey\";s:2:\"id\";s:10:\"\0*\0keyType\";s:3:\"int\";s:12:\"incrementing\";b:0;s:7:\"\0*\0with\";a:0:{}s:12:\"\0*\0withCount\";a:0:{}s:19:\"preventsLazyLoading\";b:0;s:10:\"\0*\0perPage\";i:15;s:6:\"exists\";b:1;s:18:\"wasRecentlyCreated\";b:0;s:28:\"\0*\0escapeWhenCastingToString\";b:0;s:13:\"\0*\0attributes\";a:7:{s:11:\"entity_type\";s:32:\"Modules\\Product\\Entities\\Product\";s:9:\"entity_id\";i:2;s:7:\"file_id\";i:63;s:2:\"id\";i:161;s:4:\"zone\";s:17:\"additional_images\";s:10:\"created_at\";s:19:\"2024-12-14 18:47:53\";s:10:\"updated_at\";s:19:\"2024-12-14 18:47:53\";}s:11:\"\0*\0original\";a:7:{s:11:\"entity_type\";s:32:\"Modules\\Product\\Entities\\Product\";s:9:\"entity_id\";i:2;s:7:\"file_id\";i:63;s:2:\"id\";i:161;s:4:\"zone\";s:17:\"additional_images\";s:10:\"created_at\";s:19:\"2024-12-14 18:47:53\";s:10:\"updated_at\";s:19:\"2024-12-14 18:47:53\";}s:10:\"\0*\0changes\";a:0:{}s:8:\"\0*\0casts\";a:0:{}s:17:\"\0*\0classCastCache\";a:0:{}s:21:\"\0*\0attributeCastCache\";a:0:{}s:13:\"\0*\0dateFormat\";N;s:10:\"\0*\0appends\";a:0:{}s:19:\"\0*\0dispatchesEvents\";a:0:{}s:14:\"\0*\0observables\";a:0:{}s:12:\"\0*\0relations\";a:0:{}s:10:\"\0*\0touches\";a:0:{}s:10:\"timestamps\";b:1;s:13:\"usesUniqueIds\";b:0;s:9:\"\0*\0hidden\";a:0:{}s:10:\"\0*\0visible\";a:0:{}s:11:\"\0*\0fillable\";a:0:{}s:10:\"\0*\0guarded\";a:0:{}s:11:\"pivotParent\";r:1361;s:13:\"\0*\0foreignKey\";s:9:\"entity_id\";s:13:\"\0*\0relatedKey\";s:7:\"file_id\";s:12:\"\0*\0morphType\";s:11:\"entity_type\";s:13:\"\0*\0morphClass\";s:32:\"Modules\\Product\\Entities\\Product\";}}s:10:\"\0*\0touches\";a:0:{}s:10:\"timestamps\";b:1;s:13:\"usesUniqueIds\";b:0;s:9:\"\0*\0hidden\";a:0:{}s:10:\"\0*\0visible\";a:3:{i:0;s:2:\"id\";i:1;s:8:\"filename\";i:2;s:4:\"path\";}s:11:\"\0*\0fillable\";a:0:{}s:10:\"\0*\0guarded\";a:0:{}}}s:28:\"\0*\0escapeWhenCastingToString\";b:0;}s:10:\"categories\";O:26:\"TypiCMS\\NestableCollection\":8:{s:8:\"\0*\0items\";a:3:{i:0;O:34:\"Modules\\Category\\Entities\\Category\":33:{s:13:\"\0*\0connection\";s:5:\"mysql\";s:8:\"\0*\0table\";s:10:\"categories\";s:13:\"\0*\0primaryKey\";s:2:\"id\";s:10:\"\0*\0keyType\";s:3:\"int\";s:12:\"incrementing\";b:1;s:7:\"\0*\0with\";a:1:{i:0;s:12:\"translations\";}s:12:\"\0*\0withCount\";a:0:{}s:19:\"preventsLazyLoading\";b:0;s:10:\"\0*\0perPage\";i:15;s:6:\"exists\";b:1;s:18:\"wasRecentlyCreated\";b:0;s:28:\"\0*\0escapeWhenCastingToString\";b:0;s:13:\"\0*\0attributes\";a:8:{s:2:\"id\";i:1;s:9:\"parent_id\";N;s:4:\"slug\";s:10:\"eletronica\";s:8:\"position\";i:2;s:13:\"is_searchable\";i:1;s:9:\"is_active\";i:1;s:10:\"created_at\";s:19:\"2024-12-13 08:49:17\";s:10:\"updated_at\";s:19:\"2024-12-13 09:29:46\";}s:11:\"\0*\0original\";a:10:{s:2:\"id\";i:1;s:9:\"parent_id\";N;s:4:\"slug\";s:10:\"eletronica\";s:8:\"position\";i:2;s:13:\"is_searchable\";i:1;s:9:\"is_active\";i:1;s:10:\"created_at\";s:19:\"2024-12-13 08:49:17\";s:10:\"updated_at\";s:19:\"2024-12-13 09:29:46\";s:16:\"pivot_product_id\";i:2;s:17:\"pivot_category_id\";i:1;}s:10:\"\0*\0changes\";a:0:{}s:8:\"\0*\0casts\";a:2:{s:13:\"is_searchable\";s:7:\"boolean\";s:9:\"is_active\";s:7:\"boolean\";}s:17:\"\0*\0classCastCache\";a:0:{}s:21:\"\0*\0attributeCastCache\";a:0:{}s:13:\"\0*\0dateFormat\";N;s:10:\"\0*\0appends\";a:0:{}s:19:\"\0*\0dispatchesEvents\";a:0:{}s:14:\"\0*\0observables\";a:0:{}s:12:\"\0*\0relations\";a:2:{s:5:\"pivot\";O:44:\"Illuminate\\Database\\Eloquent\\Relations\\Pivot\":33:{s:13:\"\0*\0connection\";N;s:8:\"\0*\0table\";s:18:\"product_categories\";s:13:\"\0*\0primaryKey\";s:2:\"id\";s:10:\"\0*\0keyType\";s:3:\"int\";s:12:\"incrementing\";b:0;s:7:\"\0*\0with\";a:0:{}s:12:\"\0*\0withCount\";a:0:{}s:19:\"preventsLazyLoading\";b:0;s:10:\"\0*\0perPage\";i:15;s:6:\"exists\";b:1;s:18:\"wasRecentlyCreated\";b:0;s:28:\"\0*\0escapeWhenCastingToString\";b:0;s:13:\"\0*\0attributes\";a:2:{s:10:\"product_id\";i:2;s:11:\"category_id\";i:1;}s:11:\"\0*\0original\";a:2:{s:10:\"product_id\";i:2;s:11:\"category_id\";i:1;}s:10:\"\0*\0changes\";a:0:{}s:8:\"\0*\0casts\";a:0:{}s:17:\"\0*\0classCastCache\";a:0:{}s:21:\"\0*\0attributeCastCache\";a:0:{}s:13:\"\0*\0dateFormat\";N;s:10:\"\0*\0appends\";a:0:{}s:19:\"\0*\0dispatchesEvents\";a:0:{}s:14:\"\0*\0observables\";a:0:{}s:12:\"\0*\0relations\";a:0:{}s:10:\"\0*\0touches\";a:0:{}s:10:\"timestamps\";b:0;s:13:\"usesUniqueIds\";b:0;s:9:\"\0*\0hidden\";a:0:{}s:10:\"\0*\0visible\";a:0:{}s:11:\"\0*\0fillable\";a:0:{}s:10:\"\0*\0guarded\";a:0:{}s:11:\"pivotParent\";O:32:\"Modules\\Product\\Entities\\Product\":35:{s:13:\"\0*\0connection\";N;s:8:\"\0*\0table\";s:8:\"products\";s:13:\"\0*\0primaryKey\";s:2:\"id\";s:10:\"\0*\0keyType\";s:3:\"int\";s:12:\"incrementing\";b:1;s:7:\"\0*\0with\";a:1:{i:0;s:12:\"translations\";}s:12:\"\0*\0withCount\";a:0:{}s:19:\"preventsLazyLoading\";b:0;s:10:\"\0*\0perPage\";i:15;s:6:\"exists\";b:0;s:18:\"wasRecentlyCreated\";b:0;s:28:\"\0*\0escapeWhenCastingToString\";b:0;s:13:\"\0*\0attributes\";a:0:{}s:11:\"\0*\0original\";a:0:{}s:10:\"\0*\0changes\";a:0:{}s:8:\"\0*\0casts\";a:9:{s:10:\"is_virtual\";s:7:\"boolean\";s:9:\"is_active\";s:7:\"boolean\";s:19:\"special_price_start\";s:8:\"datetime\";s:17:\"special_price_end\";s:8:\"datetime\";s:8:\"new_from\";s:8:\"datetime\";s:6:\"new_to\";s:8:\"datetime\";s:10:\"start_date\";s:8:\"datetime\";s:8:\"end_date\";s:8:\"datetime\";s:10:\"deleted_at\";s:8:\"datetime\";}s:17:\"\0*\0classCastCache\";a:0:{}s:21:\"\0*\0attributeCastCache\";a:0:{}s:13:\"\0*\0dateFormat\";N;s:10:\"\0*\0appends\";a:13:{i:0;s:10:\"base_image\";i:1;s:17:\"additional_images\";i:2;s:5:\"media\";i:3;s:15:\"formatted_price\";i:4;s:21:\"formatted_price_range\";i:5;s:28:\"has_percentage_special_price\";i:6;s:21:\"special_price_percent\";i:7;s:14:\"rating_percent\";i:8;s:17:\"does_manage_stock\";i:9;s:11:\"is_in_stock\";i:10;s:15:\"is_out_of_stock\";i:11;s:6:\"is_new\";i:12;s:7:\"variant\";}s:19:\"\0*\0dispatchesEvents\";a:0:{}s:14:\"\0*\0observables\";a:0:{}s:12:\"\0*\0relations\";a:0:{}s:10:\"\0*\0touches\";a:0:{}s:10:\"timestamps\";b:1;s:13:\"usesUniqueIds\";b:0;s:9:\"\0*\0hidden\";a:0:{}s:10:\"\0*\0visible\";a:0:{}s:11:\"\0*\0fillable\";a:17:{i:0;s:8:\"brand_id\";i:1;s:12:\"tax_class_id\";i:2;s:4:\"slug\";i:3;s:3:\"sku\";i:4;s:5:\"price\";i:5;s:13:\"special_price\";i:6;s:18:\"special_price_type\";i:7;s:19:\"special_price_start\";i:8;s:17:\"special_price_end\";i:9;s:13:\"selling_price\";i:10;s:12:\"manage_stock\";i:11;s:3:\"qty\";i:12;s:8:\"in_stock\";i:13;s:10:\"is_virtual\";i:14;s:9:\"is_active\";i:15;s:8:\"new_from\";i:16;s:6:\"new_to\";}s:10:\"\0*\0guarded\";a:1:{i:0;s:1:\"*\";}s:23:\"\0*\0translatedAttributes\";a:3:{i:0;s:4:\"name\";i:1;s:11:\"description\";i:2;s:17:\"short_description\";}s:16:\"\0*\0slugAttribute\";s:4:\"name\";s:16:\"\0*\0defaultLocale\";N;s:16:\"\0*\0scoutMetadata\";a:0:{}s:16:\"\0*\0forceDeleting\";b:0;}s:13:\"\0*\0foreignKey\";s:10:\"product_id\";s:13:\"\0*\0relatedKey\";s:11:\"category_id\";}s:12:\"translations\";O:39:\"Illuminate\\Database\\Eloquent\\Collection\":2:{s:8:\"\0*\0items\";a:1:{i:0;O:45:\"Modules\\Category\\Entities\\CategoryTranslation\":30:{s:13:\"\0*\0connection\";s:5:\"mysql\";s:8:\"\0*\0table\";s:21:\"category_translations\";s:13:\"\0*\0primaryKey\";s:2:\"id\";s:10:\"\0*\0keyType\";s:3:\"int\";s:12:\"incrementing\";b:1;s:7:\"\0*\0with\";a:0:{}s:12:\"\0*\0withCount\";a:0:{}s:19:\"preventsLazyLoading\";b:0;s:10:\"\0*\0perPage\";i:15;s:6:\"exists\";b:1;s:18:\"wasRecentlyCreated\";b:0;s:28:\"\0*\0escapeWhenCastingToString\";b:0;s:13:\"\0*\0attributes\";a:4:{s:2:\"id\";i:1;s:11:\"category_id\";i:1;s:6:\"locale\";s:2:\"es\";s:4:\"name\";s:11:\"Electronica\";}s:11:\"\0*\0original\";a:4:{s:2:\"id\";i:1;s:11:\"category_id\";i:1;s:6:\"locale\";s:2:\"es\";s:4:\"name\";s:11:\"Electronica\";}s:10:\"\0*\0changes\";a:0:{}s:8:\"\0*\0casts\";a:0:{}s:17:\"\0*\0classCastCache\";a:0:{}s:21:\"\0*\0attributeCastCache\";a:0:{}s:13:\"\0*\0dateFormat\";N;s:10:\"\0*\0appends\";a:0:{}s:19:\"\0*\0dispatchesEvents\";a:0:{}s:14:\"\0*\0observables\";a:0:{}s:12:\"\0*\0relations\";a:0:{}s:10:\"\0*\0touches\";a:0:{}s:10:\"timestamps\";b:0;s:13:\"usesUniqueIds\";b:0;s:9:\"\0*\0hidden\";a:0:{}s:10:\"\0*\0visible\";a:0:{}s:11:\"\0*\0fillable\";a:1:{i:0;s:4:\"name\";}s:10:\"\0*\0guarded\";a:1:{i:0;s:1:\"*\";}}}s:28:\"\0*\0escapeWhenCastingToString\";b:0;}}s:10:\"\0*\0touches\";a:0:{}s:10:\"timestamps\";b:1;s:13:\"usesUniqueIds\";b:0;s:9:\"\0*\0hidden\";a:1:{i:0;s:12:\"translations\";}s:10:\"\0*\0visible\";a:0:{}s:11:\"\0*\0fillable\";a:5:{i:0;s:9:\"parent_id\";i:1;s:4:\"slug\";i:2;s:8:\"position\";i:3;s:13:\"is_searchable\";i:4;s:9:\"is_active\";}s:10:\"\0*\0guarded\";a:1:{i:0;s:1:\"*\";}s:23:\"\0*\0translatedAttributes\";a:1:{i:0;s:4:\"name\";}s:16:\"\0*\0slugAttribute\";s:4:\"name\";s:16:\"\0*\0defaultLocale\";N;}i:1;O:34:\"Modules\\Category\\Entities\\Category\":33:{s:13:\"\0*\0connection\";s:5:\"mysql\";s:8:\"\0*\0table\";s:10:\"categories\";s:13:\"\0*\0primaryKey\";s:2:\"id\";s:10:\"\0*\0keyType\";s:3:\"int\";s:12:\"incrementing\";b:1;s:7:\"\0*\0with\";a:1:{i:0;s:12:\"translations\";}s:12:\"\0*\0withCount\";a:0:{}s:19:\"preventsLazyLoading\";b:0;s:10:\"\0*\0perPage\";i:15;s:6:\"exists\";b:1;s:18:\"wasRecentlyCreated\";b:0;s:28:\"\0*\0escapeWhenCastingToString\";b:0;s:13:\"\0*\0attributes\";a:8:{s:2:\"id\";i:7;s:9:\"parent_id\";i:1;s:4:\"slug\";s:7:\"moviles\";s:8:\"position\";i:6;s:13:\"is_searchable\";i:0;s:9:\"is_active\";i:1;s:10:\"created_at\";s:19:\"2024-12-13 08:58:41\";s:10:\"updated_at\";s:19:\"2024-12-13 16:47:39\";}s:11:\"\0*\0original\";a:10:{s:2:\"id\";i:7;s:9:\"parent_id\";i:1;s:4:\"slug\";s:7:\"moviles\";s:8:\"position\";i:6;s:13:\"is_searchable\";i:0;s:9:\"is_active\";i:1;s:10:\"created_at\";s:19:\"2024-12-13 08:58:41\";s:10:\"updated_at\";s:19:\"2024-12-13 16:47:39\";s:16:\"pivot_product_id\";i:2;s:17:\"pivot_category_id\";i:7;}s:10:\"\0*\0changes\";a:0:{}s:8:\"\0*\0casts\";a:2:{s:13:\"is_searchable\";s:7:\"boolean\";s:9:\"is_active\";s:7:\"boolean\";}s:17:\"\0*\0classCastCache\";a:0:{}s:21:\"\0*\0attributeCastCache\";a:0:{}s:13:\"\0*\0dateFormat\";N;s:10:\"\0*\0appends\";a:0:{}s:19:\"\0*\0dispatchesEvents\";a:0:{}s:14:\"\0*\0observables\";a:0:{}s:12:\"\0*\0relations\";a:2:{s:5:\"pivot\";O:44:\"Illuminate\\Database\\Eloquent\\Relations\\Pivot\":33:{s:13:\"\0*\0connection\";N;s:8:\"\0*\0table\";s:18:\"product_categories\";s:13:\"\0*\0primaryKey\";s:2:\"id\";s:10:\"\0*\0keyType\";s:3:\"int\";s:12:\"incrementing\";b:0;s:7:\"\0*\0with\";a:0:{}s:12:\"\0*\0withCount\";a:0:{}s:19:\"preventsLazyLoading\";b:0;s:10:\"\0*\0perPage\";i:15;s:6:\"exists\";b:1;s:18:\"wasRecentlyCreated\";b:0;s:28:\"\0*\0escapeWhenCastingToString\";b:0;s:13:\"\0*\0attributes\";a:2:{s:10:\"product_id\";i:2;s:11:\"category_id\";i:7;}s:11:\"\0*\0original\";a:2:{s:10:\"product_id\";i:2;s:11:\"category_id\";i:7;}s:10:\"\0*\0changes\";a:0:{}s:8:\"\0*\0casts\";a:0:{}s:17:\"\0*\0classCastCache\";a:0:{}s:21:\"\0*\0attributeCastCache\";a:0:{}s:13:\"\0*\0dateFormat\";N;s:10:\"\0*\0appends\";a:0:{}s:19:\"\0*\0dispatchesEvents\";a:0:{}s:14:\"\0*\0observables\";a:0:{}s:12:\"\0*\0relations\";a:0:{}s:10:\"\0*\0touches\";a:0:{}s:10:\"timestamps\";b:0;s:13:\"usesUniqueIds\";b:0;s:9:\"\0*\0hidden\";a:0:{}s:10:\"\0*\0visible\";a:0:{}s:11:\"\0*\0fillable\";a:0:{}s:10:\"\0*\0guarded\";a:0:{}s:11:\"pivotParent\";r:2204;s:13:\"\0*\0foreignKey\";s:10:\"product_id\";s:13:\"\0*\0relatedKey\";s:11:\"category_id\";}s:12:\"translations\";O:39:\"Illuminate\\Database\\Eloquent\\Collection\":2:{s:8:\"\0*\0items\";a:1:{i:0;O:45:\"Modules\\Category\\Entities\\CategoryTranslation\":30:{s:13:\"\0*\0connection\";s:5:\"mysql\";s:8:\"\0*\0table\";s:21:\"category_translations\";s:13:\"\0*\0primaryKey\";s:2:\"id\";s:10:\"\0*\0keyType\";s:3:\"int\";s:12:\"incrementing\";b:1;s:7:\"\0*\0with\";a:0:{}s:12:\"\0*\0withCount\";a:0:{}s:19:\"preventsLazyLoading\";b:0;s:10:\"\0*\0perPage\";i:15;s:6:\"exists\";b:1;s:18:\"wasRecentlyCreated\";b:0;s:28:\"\0*\0escapeWhenCastingToString\";b:0;s:13:\"\0*\0attributes\";a:4:{s:2:\"id\";i:7;s:11:\"category_id\";i:7;s:6:\"locale\";s:2:\"es\";s:4:\"name\";s:7:\"Moviles\";}s:11:\"\0*\0original\";a:4:{s:2:\"id\";i:7;s:11:\"category_id\";i:7;s:6:\"locale\";s:2:\"es\";s:4:\"name\";s:7:\"Moviles\";}s:10:\"\0*\0changes\";a:0:{}s:8:\"\0*\0casts\";a:0:{}s:17:\"\0*\0classCastCache\";a:0:{}s:21:\"\0*\0attributeCastCache\";a:0:{}s:13:\"\0*\0dateFormat\";N;s:10:\"\0*\0appends\";a:0:{}s:19:\"\0*\0dispatchesEvents\";a:0:{}s:14:\"\0*\0observables\";a:0:{}s:12:\"\0*\0relations\";a:0:{}s:10:\"\0*\0touches\";a:0:{}s:10:\"timestamps\";b:0;s:13:\"usesUniqueIds\";b:0;s:9:\"\0*\0hidden\";a:0:{}s:10:\"\0*\0visible\";a:0:{}s:11:\"\0*\0fillable\";a:1:{i:0;s:4:\"name\";}s:10:\"\0*\0guarded\";a:1:{i:0;s:1:\"*\";}}}s:28:\"\0*\0escapeWhenCastingToString\";b:0;}}s:10:\"\0*\0touches\";a:0:{}s:10:\"timestamps\";b:1;s:13:\"usesUniqueIds\";b:0;s:9:\"\0*\0hidden\";a:1:{i:0;s:12:\"translations\";}s:10:\"\0*\0visible\";a:0:{}s:11:\"\0*\0fillable\";a:5:{i:0;s:9:\"parent_id\";i:1;s:4:\"slug\";i:2;s:8:\"position\";i:3;s:13:\"is_searchable\";i:4;s:9:\"is_active\";}s:10:\"\0*\0guarded\";a:1:{i:0;s:1:\"*\";}s:23:\"\0*\0translatedAttributes\";a:1:{i:0;s:4:\"name\";}s:16:\"\0*\0slugAttribute\";s:4:\"name\";s:16:\"\0*\0defaultLocale\";N;}i:2;O:34:\"Modules\\Category\\Entities\\Category\":33:{s:13:\"\0*\0connection\";s:5:\"mysql\";s:8:\"\0*\0table\";s:10:\"categories\";s:13:\"\0*\0primaryKey\";s:2:\"id\";s:10:\"\0*\0keyType\";s:3:\"int\";s:12:\"incrementing\";b:1;s:7:\"\0*\0with\";a:1:{i:0;s:12:\"translations\";}s:12:\"\0*\0withCount\";a:0:{}s:19:\"preventsLazyLoading\";b:0;s:10:\"\0*\0perPage\";i:15;s:6:\"exists\";b:1;s:18:\"wasRecentlyCreated\";b:0;s:28:\"\0*\0escapeWhenCastingToString\";b:0;s:13:\"\0*\0attributes\";a:8:{s:2:\"id\";i:8;s:9:\"parent_id\";i:7;s:4:\"slug\";s:7:\"android\";s:8:\"position\";i:8;s:13:\"is_searchable\";i:0;s:9:\"is_active\";i:1;s:10:\"created_at\";s:19:\"2024-12-13 08:59:02\";s:10:\"updated_at\";s:19:\"2024-12-13 09:19:49\";}s:11:\"\0*\0original\";a:10:{s:2:\"id\";i:8;s:9:\"parent_id\";i:7;s:4:\"slug\";s:7:\"android\";s:8:\"position\";i:8;s:13:\"is_searchable\";i:0;s:9:\"is_active\";i:1;s:10:\"created_at\";s:19:\"2024-12-13 08:59:02\";s:10:\"updated_at\";s:19:\"2024-12-13 09:19:49\";s:16:\"pivot_product_id\";i:2;s:17:\"pivot_category_id\";i:8;}s:10:\"\0*\0changes\";a:0:{}s:8:\"\0*\0casts\";a:2:{s:13:\"is_searchable\";s:7:\"boolean\";s:9:\"is_active\";s:7:\"boolean\";}s:17:\"\0*\0classCastCache\";a:0:{}s:21:\"\0*\0attributeCastCache\";a:0:{}s:13:\"\0*\0dateFormat\";N;s:10:\"\0*\0appends\";a:0:{}s:19:\"\0*\0dispatchesEvents\";a:0:{}s:14:\"\0*\0observables\";a:0:{}s:12:\"\0*\0relations\";a:2:{s:5:\"pivot\";O:44:\"Illuminate\\Database\\Eloquent\\Relations\\Pivot\":33:{s:13:\"\0*\0connection\";N;s:8:\"\0*\0table\";s:18:\"product_categories\";s:13:\"\0*\0primaryKey\";s:2:\"id\";s:10:\"\0*\0keyType\";s:3:\"int\";s:12:\"incrementing\";b:0;s:7:\"\0*\0with\";a:0:{}s:12:\"\0*\0withCount\";a:0:{}s:19:\"preventsLazyLoading\";b:0;s:10:\"\0*\0perPage\";i:15;s:6:\"exists\";b:1;s:18:\"wasRecentlyCreated\";b:0;s:28:\"\0*\0escapeWhenCastingToString\";b:0;s:13:\"\0*\0attributes\";a:2:{s:10:\"product_id\";i:2;s:11:\"category_id\";i:8;}s:11:\"\0*\0original\";a:2:{s:10:\"product_id\";i:2;s:11:\"category_id\";i:8;}s:10:\"\0*\0changes\";a:0:{}s:8:\"\0*\0casts\";a:0:{}s:17:\"\0*\0classCastCache\";a:0:{}s:21:\"\0*\0attributeCastCache\";a:0:{}s:13:\"\0*\0dateFormat\";N;s:10:\"\0*\0appends\";a:0:{}s:19:\"\0*\0dispatchesEvents\";a:0:{}s:14:\"\0*\0observables\";a:0:{}s:12:\"\0*\0relations\";a:0:{}s:10:\"\0*\0touches\";a:0:{}s:10:\"timestamps\";b:0;s:13:\"usesUniqueIds\";b:0;s:9:\"\0*\0hidden\";a:0:{}s:10:\"\0*\0visible\";a:0:{}s:11:\"\0*\0fillable\";a:0:{}s:10:\"\0*\0guarded\";a:0:{}s:11:\"pivotParent\";r:2204;s:13:\"\0*\0foreignKey\";s:10:\"product_id\";s:13:\"\0*\0relatedKey\";s:11:\"category_id\";}s:12:\"translations\";O:39:\"Illuminate\\Database\\Eloquent\\Collection\":2:{s:8:\"\0*\0items\";a:1:{i:0;O:45:\"Modules\\Category\\Entities\\CategoryTranslation\":30:{s:13:\"\0*\0connection\";s:5:\"mysql\";s:8:\"\0*\0table\";s:21:\"category_translations\";s:13:\"\0*\0primaryKey\";s:2:\"id\";s:10:\"\0*\0keyType\";s:3:\"int\";s:12:\"incrementing\";b:1;s:7:\"\0*\0with\";a:0:{}s:12:\"\0*\0withCount\";a:0:{}s:19:\"preventsLazyLoading\";b:0;s:10:\"\0*\0perPage\";i:15;s:6:\"exists\";b:1;s:18:\"wasRecentlyCreated\";b:0;s:28:\"\0*\0escapeWhenCastingToString\";b:0;s:13:\"\0*\0attributes\";a:4:{s:2:\"id\";i:8;s:11:\"category_id\";i:8;s:6:\"locale\";s:2:\"es\";s:4:\"name\";s:7:\"Android\";}s:11:\"\0*\0original\";a:4:{s:2:\"id\";i:8;s:11:\"category_id\";i:8;s:6:\"locale\";s:2:\"es\";s:4:\"name\";s:7:\"Android\";}s:10:\"\0*\0changes\";a:0:{}s:8:\"\0*\0casts\";a:0:{}s:17:\"\0*\0classCastCache\";a:0:{}s:21:\"\0*\0attributeCastCache\";a:0:{}s:13:\"\0*\0dateFormat\";N;s:10:\"\0*\0appends\";a:0:{}s:19:\"\0*\0dispatchesEvents\";a:0:{}s:14:\"\0*\0observables\";a:0:{}s:12:\"\0*\0relations\";a:0:{}s:10:\"\0*\0touches\";a:0:{}s:10:\"timestamps\";b:0;s:13:\"usesUniqueIds\";b:0;s:9:\"\0*\0hidden\";a:0:{}s:10:\"\0*\0visible\";a:0:{}s:11:\"\0*\0fillable\";a:1:{i:0;s:4:\"name\";}s:10:\"\0*\0guarded\";a:1:{i:0;s:1:\"*\";}}}s:28:\"\0*\0escapeWhenCastingToString\";b:0;}}s:10:\"\0*\0touches\";a:0:{}s:10:\"timestamps\";b:1;s:13:\"usesUniqueIds\";b:0;s:9:\"\0*\0hidden\";a:1:{i:0;s:12:\"translations\";}s:10:\"\0*\0visible\";a:0:{}s:11:\"\0*\0fillable\";a:5:{i:0;s:9:\"parent_id\";i:1;s:4:\"slug\";i:2;s:8:\"position\";i:3;s:13:\"is_searchable\";i:4;s:9:\"is_active\";}s:10:\"\0*\0guarded\";a:1:{i:0;s:1:\"*\";}s:23:\"\0*\0translatedAttributes\";a:1:{i:0;s:4:\"name\";}s:16:\"\0*\0slugAttribute\";s:4:\"name\";s:16:\"\0*\0defaultLocale\";N;}}s:28:\"\0*\0escapeWhenCastingToString\";b:0;s:8:\"\0*\0total\";i:3;s:15:\"\0*\0parentColumn\";s:9:\"parent_id\";s:33:\"\0*\0removeItemsWithMissingAncestor\";b:1;s:14:\"\0*\0indentChars\";s:8:\"    \";s:15:\"\0*\0childrenName\";s:5:\"items\";s:17:\"\0*\0parentRelation\";s:6:\"parent\";}s:8:\"taxClass\";O:29:\"Modules\\Tax\\Entities\\TaxClass\":33:{s:13:\"\0*\0connection\";N;s:8:\"\0*\0table\";s:11:\"tax_classes\";s:13:\"\0*\0primaryKey\";s:2:\"id\";s:10:\"\0*\0keyType\";s:3:\"int\";s:12:\"incrementing\";b:1;s:7:\"\0*\0with\";a:1:{i:0;s:12:\"translations\";}s:12:\"\0*\0withCount\";a:0:{}s:19:\"preventsLazyLoading\";b:0;s:10:\"\0*\0perPage\";i:15;s:6:\"exists\";b:0;s:18:\"wasRecentlyCreated\";b:0;s:28:\"\0*\0escapeWhenCastingToString\";b:0;s:13:\"\0*\0attributes\";a:0:{}s:11:\"\0*\0original\";a:0:{}s:10:\"\0*\0changes\";a:0:{}s:8:\"\0*\0casts\";a:3:{s:10:\"start_date\";s:8:\"datetime\";s:8:\"end_date\";s:8:\"datetime\";s:10:\"deleted_at\";s:8:\"datetime\";}s:17:\"\0*\0classCastCache\";a:0:{}s:21:\"\0*\0attributeCastCache\";a:0:{}s:13:\"\0*\0dateFormat\";N;s:10:\"\0*\0appends\";a:0:{}s:19:\"\0*\0dispatchesEvents\";a:0:{}s:14:\"\0*\0observables\";a:0:{}s:12:\"\0*\0relations\";a:0:{}s:10:\"\0*\0touches\";a:0:{}s:10:\"timestamps\";b:1;s:13:\"usesUniqueIds\";b:0;s:9:\"\0*\0hidden\";a:0:{}s:10:\"\0*\0visible\";a:0:{}s:11:\"\0*\0fillable\";a:1:{i:0;s:8:\"based_on\";}s:10:\"\0*\0guarded\";a:1:{i:0;s:1:\"*\";}s:20:\"translatedAttributes\";a:1:{i:0;s:5:\"label\";}s:16:\"\0*\0defaultLocale\";N;s:16:\"\0*\0forceDeleting\";b:0;}}s:10:\"\0*\0touches\";a:0:{}s:10:\"timestamps\";b:1;s:13:\"usesUniqueIds\";b:0;s:9:\"\0*\0hidden\";a:0:{}s:10:\"\0*\0visible\";a:0:{}s:11:\"\0*\0fillable\";a:17:{i:0;s:8:\"brand_id\";i:1;s:12:\"tax_class_id\";i:2;s:4:\"slug\";i:3;s:3:\"sku\";i:4;s:5:\"price\";i:5;s:13:\"special_price\";i:6;s:18:\"special_price_type\";i:7;s:19:\"special_price_start\";i:8;s:17:\"special_price_end\";i:9;s:13:\"selling_price\";i:10;s:12:\"manage_stock\";i:11;s:3:\"qty\";i:12;s:8:\"in_stock\";i:13;s:10:\"is_virtual\";i:14;s:9:\"is_active\";i:15;s:8:\"new_from\";i:16;s:6:\"new_to\";}s:10:\"\0*\0guarded\";a:1:{i:0;s:1:\"*\";}s:23:\"\0*\0translatedAttributes\";a:3:{i:0;s:4:\"name\";i:1;s:11:\"description\";i:2;s:17:\"short_description\";}s:16:\"\0*\0slugAttribute\";s:4:\"name\";s:16:\"\0*\0defaultLocale\";N;s:16:\"\0*\0scoutMetadata\";a:0:{}s:16:\"\0*\0forceDeleting\";b:0;}s:7:\"variant\";N;s:4:\"item\";r:1122;s:10:\"variations\";O:39:\"Illuminate\\Database\\Eloquent\\Collection\":2:{s:8:\"\0*\0items\";a:0:{}s:28:\"\0*\0escapeWhenCastingToString\";b:0;}s:7:\"options\";O:29:\"Illuminate\\Support\\Collection\":2:{s:8:\"\0*\0items\";a:0:{}s:28:\"\0*\0escapeWhenCastingToString\";b:0;}s:10:\"created_at\";i:1745978120;}s:28:\"\0*\0escapeWhenCastingToString\";b:0;}s:10:\"conditions\";a:0:{}}s:28:\"\0*\0escapeWhenCastingToString\";b:0;s:9:\"\0*\0config\";a:5:{s:14:\"format_numbers\";b:0;s:8:\"decimals\";i:0;s:9:\"dec_point\";s:1:\".\";s:13:\"thousands_sep\";s:1:\",\";s:6:\"events\";N;}}}s:28:\"\0*\0escapeWhenCastingToString\";b:0;}','2025-04-30 01:50:41','2025-04-30 01:55:21');

/*Table structure for table `categories` */

DROP TABLE IF EXISTS `categories`;

CREATE TABLE `categories` (
  `id` int(10) unsigned NOT NULL AUTO_INCREMENT,
  `parent_id` int(10) unsigned DEFAULT NULL,
  `slug` varchar(191) NOT NULL,
  `position` int(10) unsigned DEFAULT NULL,
  `is_searchable` tinyint(1) NOT NULL,
  `is_active` tinyint(1) NOT NULL,
  `created_at` timestamp NULL DEFAULT NULL,
  `updated_at` timestamp NULL DEFAULT NULL,
  PRIMARY KEY (`id`),
  UNIQUE KEY `categories_slug_unique` (`slug`),
  KEY `categories_parent_id_foreign` (`parent_id`),
  CONSTRAINT `categories_parent_id_foreign` FOREIGN KEY (`parent_id`) REFERENCES `categories` (`id`) ON DELETE CASCADE
) ENGINE=InnoDB AUTO_INCREMENT=22 DEFAULT CHARSET=utf8mb4 COLLATE=utf8mb4_unicode_ci;

/*Data for the table `categories` */

insert  into `categories`(`id`,`parent_id`,`slug`,`position`,`is_searchable`,`is_active`,`created_at`,`updated_at`) values 
(1,NULL,'eletronica',2,1,1,'2024-12-13 08:49:17','2024-12-13 09:29:46'),
(2,NULL,'relojes',16,1,1,'2024-12-13 08:50:13','2024-12-14 19:12:15'),
(3,NULL,'moda',11,1,1,'2024-12-13 08:50:26','2024-12-13 09:19:49'),
(4,NULL,'mochilas',10,1,1,'2024-12-13 08:50:37','2024-12-13 09:19:49'),
(5,NULL,'auriculares',9,1,1,'2024-12-13 08:50:58','2024-12-13 09:19:49'),
(7,1,'moviles',6,0,1,'2024-12-13 08:58:41','2024-12-13 16:47:39'),
(8,7,'android',8,0,1,'2024-12-13 08:59:02','2024-12-13 09:19:49'),
(10,7,'iphone',7,0,1,'2024-12-13 08:59:37','2024-12-13 11:21:30'),
(11,1,'accesorios-para-moviles',3,1,1,'2024-12-13 09:13:04','2024-12-13 14:52:42'),
(12,11,'cargadores',5,0,1,'2024-12-13 09:13:26','2024-12-13 09:19:49'),
(13,11,'protectores-de-pantalla',4,1,1,'2024-12-13 09:13:50','2024-12-13 14:52:46'),
(14,2,'ropa',18,0,1,'2024-12-13 09:15:52','2024-12-13 09:19:49'),
(15,2,'zapatos-2Cdm1xE4',17,0,1,'2024-12-13 09:16:04','2024-12-13 09:19:49'),
(16,3,'ropa-dBh5ne3t',15,0,1,'2024-12-13 09:17:26','2024-12-13 09:19:49'),
(17,3,'accesorios',12,0,1,'2024-12-13 09:17:45','2024-12-13 09:19:49'),
(18,17,'collares',14,0,1,'2024-12-13 09:18:05','2024-12-13 09:19:49'),
(19,17,'relojes-e6EaACZe',13,0,1,'2024-12-13 09:18:42','2024-12-13 09:19:49'),
(20,1,'televisores',NULL,0,1,'2024-12-14 19:03:46','2024-12-14 19:05:51'),
(21,1,'laptops',NULL,0,1,'2024-12-14 19:04:06','2024-12-14 19:12:04');

/*Table structure for table `category_translations` */

DROP TABLE IF EXISTS `category_translations`;

CREATE TABLE `category_translations` (
  `id` int(10) unsigned NOT NULL AUTO_INCREMENT,
  `category_id` int(10) unsigned NOT NULL,
  `locale` varchar(191) NOT NULL,
  `name` varchar(191) NOT NULL,
  PRIMARY KEY (`id`),
  UNIQUE KEY `category_translations_category_id_locale_unique` (`category_id`,`locale`),
  CONSTRAINT `category_translations_category_id_foreign` FOREIGN KEY (`category_id`) REFERENCES `categories` (`id`) ON DELETE CASCADE
) ENGINE=InnoDB AUTO_INCREMENT=22 DEFAULT CHARSET=utf8mb4 COLLATE=utf8mb4_unicode_ci;

/*Data for the table `category_translations` */

insert  into `category_translations`(`id`,`category_id`,`locale`,`name`) values 
(1,1,'es','Electronica'),
(2,2,'es','Moda Masculina'),
(3,3,'es','Moda Femenina'),
(4,4,'es','Mochilas'),
(5,5,'es','Auriculares'),
(7,7,'es','Moviles'),
(8,8,'es','Android'),
(10,10,'es','Iphone'),
(11,11,'es','Accesorios para móviles'),
(12,12,'es','Cargadores'),
(13,13,'es','Protectores de pantalla'),
(14,14,'es','Ropa'),
(15,15,'es','Zapatos'),
(16,16,'es','Ropa'),
(17,17,'es','Accesorios'),
(18,18,'es','Collares'),
(19,19,'es','Relojes'),
(20,20,'es','Televisores'),
(21,21,'es','Laptops');

/*Table structure for table `coupon_categories` */

DROP TABLE IF EXISTS `coupon_categories`;

CREATE TABLE `coupon_categories` (
  `coupon_id` int(10) unsigned NOT NULL,
  `category_id` int(10) unsigned NOT NULL,
  `exclude` tinyint(1) NOT NULL DEFAULT 0,
  PRIMARY KEY (`coupon_id`,`category_id`,`exclude`),
  KEY `coupon_categories_category_id_foreign` (`category_id`),
  CONSTRAINT `coupon_categories_category_id_foreign` FOREIGN KEY (`category_id`) REFERENCES `categories` (`id`) ON DELETE CASCADE,
  CONSTRAINT `coupon_categories_coupon_id_foreign` FOREIGN KEY (`coupon_id`) REFERENCES `coupons` (`id`) ON DELETE CASCADE
) ENGINE=InnoDB DEFAULT CHARSET=utf8mb4 COLLATE=utf8mb4_unicode_ci;

/*Data for the table `coupon_categories` */

/*Table structure for table `coupon_products` */

DROP TABLE IF EXISTS `coupon_products`;

CREATE TABLE `coupon_products` (
  `coupon_id` int(10) unsigned NOT NULL,
  `product_id` int(10) unsigned NOT NULL,
  `exclude` tinyint(1) NOT NULL DEFAULT 0,
  PRIMARY KEY (`coupon_id`,`product_id`),
  KEY `coupon_products_product_id_foreign` (`product_id`),
  CONSTRAINT `coupon_products_coupon_id_foreign` FOREIGN KEY (`coupon_id`) REFERENCES `coupons` (`id`) ON DELETE CASCADE,
  CONSTRAINT `coupon_products_product_id_foreign` FOREIGN KEY (`product_id`) REFERENCES `products` (`id`) ON DELETE CASCADE
) ENGINE=InnoDB DEFAULT CHARSET=utf8mb4 COLLATE=utf8mb4_unicode_ci;

/*Data for the table `coupon_products` */

/*Table structure for table `coupon_translations` */

DROP TABLE IF EXISTS `coupon_translations`;

CREATE TABLE `coupon_translations` (
  `id` int(10) unsigned NOT NULL AUTO_INCREMENT,
  `coupon_id` int(10) unsigned NOT NULL,
  `locale` varchar(191) NOT NULL,
  `name` varchar(191) NOT NULL,
  PRIMARY KEY (`id`),
  UNIQUE KEY `coupon_translations_coupon_id_locale_unique` (`coupon_id`,`locale`),
  CONSTRAINT `coupon_translations_coupon_id_foreign` FOREIGN KEY (`coupon_id`) REFERENCES `coupons` (`id`) ON DELETE CASCADE
) ENGINE=InnoDB DEFAULT CHARSET=utf8mb4 COLLATE=utf8mb4_unicode_ci;

/*Data for the table `coupon_translations` */

/*Table structure for table `coupons` */

DROP TABLE IF EXISTS `coupons`;

CREATE TABLE `coupons` (
  `id` int(10) unsigned NOT NULL AUTO_INCREMENT,
  `code` varchar(191) NOT NULL,
  `value` decimal(18,4) unsigned DEFAULT NULL,
  `is_percent` tinyint(1) NOT NULL,
  `free_shipping` tinyint(1) NOT NULL,
  `minimum_spend` decimal(18,4) unsigned DEFAULT NULL,
  `maximum_spend` decimal(18,4) unsigned DEFAULT NULL,
  `usage_limit_per_coupon` int(10) unsigned DEFAULT NULL,
  `usage_limit_per_customer` int(10) unsigned DEFAULT NULL,
  `used` int(11) NOT NULL DEFAULT 0,
  `is_active` tinyint(1) NOT NULL,
  `start_date` date DEFAULT NULL,
  `end_date` date DEFAULT NULL,
  `deleted_at` timestamp NULL DEFAULT NULL,
  `created_at` timestamp NULL DEFAULT NULL,
  `updated_at` timestamp NULL DEFAULT NULL,
  PRIMARY KEY (`id`),
  KEY `coupons_code_index` (`code`)
) ENGINE=InnoDB DEFAULT CHARSET=utf8mb4 COLLATE=utf8mb4_unicode_ci;

/*Data for the table `coupons` */

/*Table structure for table `cross_sell_products` */

DROP TABLE IF EXISTS `cross_sell_products`;

CREATE TABLE `cross_sell_products` (
  `product_id` int(10) unsigned NOT NULL,
  `cross_sell_product_id` int(10) unsigned NOT NULL,
  `created_at` timestamp NULL DEFAULT NULL,
  `updated_at` timestamp NULL DEFAULT NULL,
  PRIMARY KEY (`product_id`,`cross_sell_product_id`),
  KEY `cross_sell_products_cross_sell_product_id_foreign` (`cross_sell_product_id`),
  CONSTRAINT `cross_sell_products_cross_sell_product_id_foreign` FOREIGN KEY (`cross_sell_product_id`) REFERENCES `products` (`id`) ON DELETE CASCADE,
  CONSTRAINT `cross_sell_products_product_id_foreign` FOREIGN KEY (`product_id`) REFERENCES `products` (`id`) ON DELETE CASCADE
) ENGINE=InnoDB DEFAULT CHARSET=utf8mb4 COLLATE=utf8mb4_unicode_ci;

/*Data for the table `cross_sell_products` */

insert  into `cross_sell_products`(`product_id`,`cross_sell_product_id`,`created_at`,`updated_at`) values 
(1,1,NULL,NULL),
(1,2,NULL,NULL),
(1,4,NULL,NULL),
(1,5,NULL,NULL),
(2,1,NULL,NULL),
(2,2,NULL,NULL),
(2,4,NULL,NULL),
(2,5,NULL,NULL),
(2,7,NULL,NULL),
(3,1,NULL,NULL),
(3,2,NULL,NULL),
(3,3,NULL,NULL),
(3,4,NULL,NULL),
(3,5,NULL,NULL),
(3,6,NULL,NULL),
(3,7,NULL,NULL),
(4,1,NULL,NULL),
(4,2,NULL,NULL),
(4,3,NULL,NULL),
(4,4,NULL,NULL),
(4,5,NULL,NULL),
(4,7,NULL,NULL),
(5,3,NULL,NULL),
(5,5,NULL,NULL),
(5,17,NULL,NULL),
(5,18,NULL,NULL),
(5,20,NULL,NULL),
(5,21,NULL,NULL),
(5,22,NULL,NULL),
(5,23,NULL,NULL),
(6,3,NULL,NULL),
(6,5,NULL,NULL),
(6,17,NULL,NULL),
(6,18,NULL,NULL),
(6,20,NULL,NULL),
(6,21,NULL,NULL),
(6,22,NULL,NULL),
(6,23,NULL,NULL),
(7,3,NULL,NULL),
(7,5,NULL,NULL),
(7,17,NULL,NULL),
(7,18,NULL,NULL),
(7,20,NULL,NULL),
(7,21,NULL,NULL),
(7,22,NULL,NULL),
(7,23,NULL,NULL),
(8,1,NULL,NULL),
(8,4,NULL,NULL),
(8,5,NULL,NULL),
(8,6,NULL,NULL),
(8,7,NULL,NULL),
(9,10,NULL,NULL),
(9,11,NULL,NULL),
(9,12,NULL,NULL),
(9,13,NULL,NULL),
(9,14,NULL,NULL),
(9,15,NULL,NULL),
(9,16,NULL,NULL),
(10,9,NULL,NULL),
(10,11,NULL,NULL),
(10,12,NULL,NULL),
(10,13,NULL,NULL),
(10,14,NULL,NULL),
(10,15,NULL,NULL),
(10,16,NULL,NULL),
(11,9,NULL,NULL),
(11,11,NULL,NULL),
(11,12,NULL,NULL),
(11,13,NULL,NULL),
(11,14,NULL,NULL),
(11,15,NULL,NULL),
(11,16,NULL,NULL),
(12,9,NULL,NULL),
(12,10,NULL,NULL),
(12,11,NULL,NULL),
(12,13,NULL,NULL),
(12,14,NULL,NULL),
(12,15,NULL,NULL),
(12,16,NULL,NULL),
(13,9,NULL,NULL),
(13,10,NULL,NULL),
(13,11,NULL,NULL),
(13,12,NULL,NULL),
(13,14,NULL,NULL),
(13,15,NULL,NULL),
(13,16,NULL,NULL),
(14,1,NULL,NULL),
(14,9,NULL,NULL),
(14,10,NULL,NULL),
(14,11,NULL,NULL),
(14,13,NULL,NULL),
(14,14,NULL,NULL),
(14,16,NULL,NULL),
(15,9,NULL,NULL),
(15,11,NULL,NULL),
(15,12,NULL,NULL),
(15,13,NULL,NULL),
(15,14,NULL,NULL),
(15,15,NULL,NULL),
(16,9,NULL,NULL),
(16,10,NULL,NULL),
(16,11,NULL,NULL),
(16,12,NULL,NULL),
(16,13,NULL,NULL),
(16,14,NULL,NULL),
(16,15,NULL,NULL),
(17,3,NULL,NULL),
(17,5,NULL,NULL),
(17,17,NULL,NULL),
(17,18,NULL,NULL),
(17,20,NULL,NULL),
(17,21,NULL,NULL),
(17,22,NULL,NULL),
(17,23,NULL,NULL),
(18,17,NULL,NULL),
(18,18,NULL,NULL),
(18,20,NULL,NULL),
(18,21,NULL,NULL),
(18,22,NULL,NULL),
(18,23,NULL,NULL),
(19,17,NULL,NULL),
(19,18,NULL,NULL),
(19,20,NULL,NULL),
(19,21,NULL,NULL),
(19,22,NULL,NULL),
(19,23,NULL,NULL),
(20,17,NULL,NULL),
(20,18,NULL,NULL),
(20,20,NULL,NULL),
(20,21,NULL,NULL),
(20,22,NULL,NULL),
(20,23,NULL,NULL),
(21,17,NULL,NULL),
(21,18,NULL,NULL),
(21,20,NULL,NULL),
(21,21,NULL,NULL),
(21,22,NULL,NULL),
(21,23,NULL,NULL),
(22,17,NULL,NULL),
(22,18,NULL,NULL),
(22,20,NULL,NULL),
(22,21,NULL,NULL),
(22,22,NULL,NULL),
(22,23,NULL,NULL),
(23,17,NULL,NULL),
(23,18,NULL,NULL),
(23,20,NULL,NULL),
(23,21,NULL,NULL),
(23,22,NULL,NULL),
(23,23,NULL,NULL),
(24,17,NULL,NULL),
(24,18,NULL,NULL),
(24,20,NULL,NULL),
(24,21,NULL,NULL),
(24,22,NULL,NULL),
(24,23,NULL,NULL),
(25,26,NULL,NULL),
(25,27,NULL,NULL),
(25,28,NULL,NULL),
(25,29,NULL,NULL),
(25,30,NULL,NULL),
(25,31,NULL,NULL),
(26,25,NULL,NULL),
(26,26,NULL,NULL),
(26,27,NULL,NULL),
(26,28,NULL,NULL),
(26,29,NULL,NULL),
(26,30,NULL,NULL),
(26,31,NULL,NULL),
(27,25,NULL,NULL),
(27,26,NULL,NULL),
(27,28,NULL,NULL),
(27,29,NULL,NULL),
(27,30,NULL,NULL),
(27,31,NULL,NULL),
(28,25,NULL,NULL),
(28,26,NULL,NULL),
(28,27,NULL,NULL),
(28,28,NULL,NULL),
(28,30,NULL,NULL),
(29,25,NULL,NULL),
(29,26,NULL,NULL),
(29,27,NULL,NULL),
(29,28,NULL,NULL),
(29,29,NULL,NULL),
(29,30,NULL,NULL),
(29,31,NULL,NULL),
(30,25,NULL,NULL),
(30,26,NULL,NULL),
(30,27,NULL,NULL),
(30,28,NULL,NULL),
(30,30,NULL,NULL),
(30,31,NULL,NULL),
(31,25,NULL,NULL),
(31,26,NULL,NULL),
(31,27,NULL,NULL),
(31,28,NULL,NULL),
(31,29,NULL,NULL),
(31,30,NULL,NULL),
(32,26,NULL,NULL),
(32,27,NULL,NULL),
(32,28,NULL,NULL),
(32,29,NULL,NULL),
(32,30,NULL,NULL),
(32,31,NULL,NULL),
(33,25,NULL,NULL),
(33,26,NULL,NULL),
(33,27,NULL,NULL),
(33,28,NULL,NULL),
(33,29,NULL,NULL),
(33,30,NULL,NULL),
(33,31,NULL,NULL),
(34,26,NULL,NULL),
(34,27,NULL,NULL),
(34,28,NULL,NULL),
(34,29,NULL,NULL),
(34,30,NULL,NULL),
(34,31,NULL,NULL),
(34,32,NULL,NULL),
(35,25,NULL,NULL),
(35,26,NULL,NULL),
(35,27,NULL,NULL),
(35,28,NULL,NULL),
(35,30,NULL,NULL),
(35,31,NULL,NULL),
(35,33,NULL,NULL),
(35,34,NULL,NULL);

/*Table structure for table `currency_rates` */

DROP TABLE IF EXISTS `currency_rates`;

CREATE TABLE `currency_rates` (
  `id` int(10) unsigned NOT NULL AUTO_INCREMENT,
  `currency` varchar(191) NOT NULL,
  `rate` decimal(12,4) DEFAULT NULL,
  `created_at` timestamp NULL DEFAULT NULL,
  `updated_at` timestamp NULL DEFAULT NULL,
  PRIMARY KEY (`id`),
  UNIQUE KEY `currency_rates_currency_unique` (`currency`)
) ENGINE=InnoDB AUTO_INCREMENT=5 DEFAULT CHARSET=utf8mb4 COLLATE=utf8mb4_unicode_ci;

/*Data for the table `currency_rates` */

insert  into `currency_rates`(`id`,`currency`,`rate`,`created_at`,`updated_at`) values 
(1,'USD',1.0000,'2024-12-13 08:22:41','2024-12-13 08:22:41'),
(2,'PEN',1.0000,'2024-12-19 15:05:17','2024-12-19 15:05:17'),
(3,'EUR',1.0000,'2024-12-19 15:05:17','2024-12-19 15:05:17'),
(4,'GTQ',1.0000,'2025-04-26 04:27:50','2025-04-26 04:27:50');

/*Table structure for table `default_addresses` */

DROP TABLE IF EXISTS `default_addresses`;

CREATE TABLE `default_addresses` (
  `id` int(10) unsigned NOT NULL AUTO_INCREMENT,
  `customer_id` int(10) unsigned NOT NULL,
  `address_id` int(10) unsigned NOT NULL,
  PRIMARY KEY (`id`),
  KEY `default_addresses_customer_id_foreign` (`customer_id`),
  KEY `default_addresses_address_id_foreign` (`address_id`),
  CONSTRAINT `default_addresses_address_id_foreign` FOREIGN KEY (`address_id`) REFERENCES `addresses` (`id`) ON DELETE CASCADE,
  CONSTRAINT `default_addresses_customer_id_foreign` FOREIGN KEY (`customer_id`) REFERENCES `users` (`id`) ON DELETE CASCADE
) ENGINE=InnoDB DEFAULT CHARSET=utf8mb4 COLLATE=utf8mb4_unicode_ci;

/*Data for the table `default_addresses` */

/*Table structure for table `entity_files` */

DROP TABLE IF EXISTS `entity_files`;

CREATE TABLE `entity_files` (
  `id` int(10) unsigned NOT NULL AUTO_INCREMENT,
  `file_id` int(10) unsigned NOT NULL,
  `entity_type` varchar(191) NOT NULL,
  `entity_id` bigint(20) unsigned NOT NULL,
  `zone` varchar(191) NOT NULL,
  `created_at` timestamp NULL DEFAULT NULL,
  `updated_at` timestamp NULL DEFAULT NULL,
  PRIMARY KEY (`id`),
  KEY `entity_files_entity_type_entity_id_index` (`entity_type`,`entity_id`),
  KEY `entity_files_file_id_index` (`file_id`),
  KEY `entity_files_zone_index` (`zone`),
  CONSTRAINT `entity_files_file_id_foreign` FOREIGN KEY (`file_id`) REFERENCES `files` (`id`) ON DELETE CASCADE
) ENGINE=InnoDB AUTO_INCREMENT=850 DEFAULT CHARSET=utf8mb4 COLLATE=utf8mb4_unicode_ci;

/*Data for the table `entity_files` */

insert  into `entity_files`(`id`,`file_id`,`entity_type`,`entity_id`,`zone`,`created_at`,`updated_at`) values 
(7,7,'Modules\\Brand\\Entities\\Brand',1,'logo','2024-12-13 09:33:53','2024-12-13 09:33:53'),
(8,8,'Modules\\Brand\\Entities\\Brand',1,'banner','2024-12-13 09:33:53','2024-12-13 09:33:53'),
(9,9,'Modules\\Brand\\Entities\\Brand',2,'logo','2024-12-13 09:36:18','2024-12-13 09:36:18'),
(10,10,'Modules\\Brand\\Entities\\Brand',2,'banner','2024-12-13 09:36:18','2024-12-13 09:36:18'),
(13,11,'Modules\\Brand\\Entities\\Brand',3,'logo','2024-12-13 10:52:22','2024-12-13 10:52:22'),
(14,8,'Modules\\Brand\\Entities\\Brand',3,'banner','2024-12-13 10:52:22','2024-12-13 10:52:22'),
(17,23,'Modules\\Brand\\Entities\\Brand',4,'logo','2024-12-13 10:53:44','2024-12-13 10:53:44'),
(18,10,'Modules\\Brand\\Entities\\Brand',4,'banner','2024-12-13 10:53:44','2024-12-13 10:53:44'),
(19,24,'Modules\\Brand\\Entities\\Brand',5,'logo','2024-12-13 10:54:53','2024-12-13 10:54:53'),
(20,8,'Modules\\Brand\\Entities\\Brand',5,'banner','2024-12-13 10:54:53','2024-12-13 10:54:53'),
(21,30,'Modules\\Brand\\Entities\\Brand',6,'logo','2024-12-13 10:58:51','2024-12-13 10:58:51'),
(22,26,'Modules\\Brand\\Entities\\Brand',6,'banner','2024-12-13 10:58:51','2024-12-13 10:58:51'),
(23,31,'Modules\\Brand\\Entities\\Brand',7,'logo','2024-12-13 10:59:27','2024-12-13 10:59:27'),
(24,8,'Modules\\Brand\\Entities\\Brand',7,'banner','2024-12-13 10:59:27','2024-12-13 10:59:27'),
(25,28,'Modules\\Brand\\Entities\\Brand',8,'logo','2024-12-13 11:00:25','2024-12-13 11:00:25'),
(26,29,'Modules\\Brand\\Entities\\Brand',8,'banner','2024-12-13 11:00:25','2024-12-13 11:00:25'),
(27,27,'Modules\\Brand\\Entities\\Brand',9,'logo','2024-12-13 11:01:47','2024-12-13 11:01:47'),
(28,33,'Modules\\Brand\\Entities\\Brand',9,'banner','2024-12-13 11:01:47','2024-12-13 11:01:47'),
(29,34,'Modules\\Brand\\Entities\\Brand',10,'logo','2024-12-13 11:02:37','2024-12-13 11:02:37'),
(30,29,'Modules\\Brand\\Entities\\Brand',10,'banner','2024-12-13 11:02:37','2024-12-13 11:02:37'),
(31,25,'Modules\\Brand\\Entities\\Brand',11,'logo','2024-12-13 11:03:09','2024-12-13 11:03:09'),
(32,29,'Modules\\Brand\\Entities\\Brand',11,'banner','2024-12-13 11:03:09','2024-12-13 11:03:09'),
(33,35,'Modules\\Brand\\Entities\\Brand',12,'logo','2024-12-13 11:05:39','2024-12-13 11:05:39'),
(34,33,'Modules\\Brand\\Entities\\Brand',12,'banner','2024-12-13 11:05:39','2024-12-13 11:05:39'),
(35,36,'Modules\\Brand\\Entities\\Brand',13,'logo','2024-12-13 11:07:54','2024-12-13 11:07:54'),
(36,29,'Modules\\Brand\\Entities\\Brand',13,'banner','2024-12-13 11:07:54','2024-12-13 11:07:54'),
(37,38,'Modules\\Brand\\Entities\\Brand',14,'logo','2024-12-13 11:08:21','2024-12-13 11:08:21'),
(38,33,'Modules\\Brand\\Entities\\Brand',14,'banner','2024-12-13 11:08:21','2024-12-13 11:08:21'),
(45,39,'Modules\\Variation\\Entities\\VariationValue',9,'media','2024-12-13 11:31:37','2024-12-13 11:31:37'),
(46,43,'Modules\\Variation\\Entities\\VariationValue',10,'media','2024-12-13 11:31:37','2024-12-13 11:31:37'),
(47,40,'Modules\\Variation\\Entities\\VariationValue',11,'media','2024-12-13 11:31:37','2024-12-13 11:31:37'),
(48,44,'Modules\\Variation\\Entities\\VariationValue',12,'media','2024-12-13 11:31:37','2024-12-13 11:31:37'),
(49,42,'Modules\\Variation\\Entities\\VariationValue',13,'media','2024-12-13 11:31:37','2024-12-13 11:31:37'),
(50,45,'Modules\\Variation\\Entities\\VariationValue',14,'media','2024-12-13 11:31:37','2024-12-13 11:31:37'),
(51,41,'Modules\\Variation\\Entities\\VariationValue',15,'media','2024-12-13 11:31:37','2024-12-13 11:31:37'),
(66,64,'Modules\\Blog\\Entities\\BlogPost',1,'featured_image','2024-12-13 15:58:58','2024-12-13 15:58:58'),
(67,65,'Modules\\Blog\\Entities\\BlogPost',2,'featured_image','2024-12-13 16:04:00','2024-12-13 16:04:00'),
(68,66,'Modules\\Blog\\Entities\\BlogPost',3,'featured_image','2024-12-13 16:11:09','2024-12-13 16:11:09'),
(69,67,'Modules\\Blog\\Entities\\BlogPost',4,'featured_image','2024-12-13 16:15:52','2024-12-13 16:15:52'),
(70,68,'Modules\\Blog\\Entities\\BlogPost',5,'featured_image','2024-12-13 16:19:13','2024-12-13 16:19:13'),
(71,69,'Modules\\Blog\\Entities\\BlogPost',6,'featured_image','2024-12-13 16:21:45','2024-12-13 16:21:45'),
(79,70,'Modules\\Category\\Entities\\Category',7,'logo','2024-12-13 16:47:39','2024-12-13 16:47:39'),
(80,8,'Modules\\Category\\Entities\\Category',7,'banner','2024-12-13 16:47:39','2024-12-13 16:47:39'),
(139,110,'Modules\\Product\\Entities\\Product',8,'base_image','2024-12-14 18:28:07','2024-12-14 18:28:07'),
(140,111,'Modules\\Product\\Entities\\Product',8,'additional_images','2024-12-14 18:28:07','2024-12-14 18:28:07'),
(141,112,'Modules\\Product\\Entities\\Product',8,'additional_images','2024-12-14 18:28:07','2024-12-14 18:28:07'),
(142,113,'Modules\\Product\\Entities\\Product',8,'additional_images','2024-12-14 18:28:07','2024-12-14 18:28:07'),
(149,2,'Modules\\Product\\Entities\\Product',1,'base_image','2024-12-14 18:44:56','2024-12-14 18:44:56'),
(150,1,'Modules\\Product\\Entities\\Product',1,'additional_images','2024-12-14 18:44:56','2024-12-14 18:44:56'),
(151,3,'Modules\\Product\\Entities\\Product',1,'additional_images','2024-12-14 18:44:56','2024-12-14 18:44:56'),
(152,4,'Modules\\Product\\Entities\\Product',1,'additional_images','2024-12-14 18:44:56','2024-12-14 18:44:56'),
(153,6,'Modules\\Product\\Entities\\Product',1,'additional_images','2024-12-14 18:44:56','2024-12-14 18:44:56'),
(154,5,'Modules\\Product\\Entities\\Product',1,'additional_images','2024-12-14 18:44:56','2024-12-14 18:44:56'),
(155,59,'Modules\\Product\\Entities\\Product',2,'base_image','2024-12-14 18:47:53','2024-12-14 18:47:53'),
(156,58,'Modules\\Product\\Entities\\Product',2,'additional_images','2024-12-14 18:47:53','2024-12-14 18:47:53'),
(157,57,'Modules\\Product\\Entities\\Product',2,'additional_images','2024-12-14 18:47:53','2024-12-14 18:47:53'),
(158,60,'Modules\\Product\\Entities\\Product',2,'additional_images','2024-12-14 18:47:53','2024-12-14 18:47:53'),
(159,61,'Modules\\Product\\Entities\\Product',2,'additional_images','2024-12-14 18:47:53','2024-12-14 18:47:53'),
(160,62,'Modules\\Product\\Entities\\Product',2,'additional_images','2024-12-14 18:47:53','2024-12-14 18:47:53'),
(161,63,'Modules\\Product\\Entities\\Product',2,'additional_images','2024-12-14 18:47:53','2024-12-14 18:47:53'),
(162,73,'Modules\\Product\\Entities\\Product',3,'base_image','2024-12-14 18:51:26','2024-12-14 18:51:26'),
(163,72,'Modules\\Product\\Entities\\Product',3,'additional_images','2024-12-14 18:51:26','2024-12-14 18:51:26'),
(164,71,'Modules\\Product\\Entities\\Product',3,'additional_images','2024-12-14 18:51:26','2024-12-14 18:51:26'),
(165,74,'Modules\\Product\\Entities\\Product',3,'additional_images','2024-12-14 18:51:26','2024-12-14 18:51:26'),
(166,75,'Modules\\Product\\Entities\\Product',3,'additional_images','2024-12-14 18:51:26','2024-12-14 18:51:26'),
(167,76,'Modules\\Product\\Entities\\Product',3,'additional_images','2024-12-14 18:51:26','2024-12-14 18:51:26'),
(168,81,'Modules\\Product\\Entities\\Product',4,'base_image','2024-12-14 18:56:57','2024-12-14 18:56:57'),
(169,80,'Modules\\Product\\Entities\\Product',4,'additional_images','2024-12-14 18:56:57','2024-12-14 18:56:57'),
(170,78,'Modules\\Product\\Entities\\Product',4,'additional_images','2024-12-14 18:56:57','2024-12-14 18:56:57'),
(171,77,'Modules\\Product\\Entities\\Product',4,'additional_images','2024-12-14 18:56:57','2024-12-14 18:56:57'),
(172,79,'Modules\\Product\\Entities\\Product',4,'additional_images','2024-12-14 18:56:57','2024-12-14 18:56:57'),
(173,114,'Modules\\Category\\Entities\\Category',20,'logo','2024-12-14 19:05:51','2024-12-14 19:05:51'),
(174,115,'Modules\\Category\\Entities\\Category',21,'logo','2024-12-14 19:12:04','2024-12-14 19:12:04'),
(175,116,'Modules\\Category\\Entities\\Category',2,'logo','2024-12-14 19:12:15','2024-12-14 19:12:15'),
(374,173,'Modules\\Product\\Entities\\Product',15,'base_image','2024-12-15 12:07:57','2024-12-15 12:07:57'),
(375,178,'Modules\\Product\\Entities\\Product',15,'additional_images','2024-12-15 12:07:57','2024-12-15 12:07:57'),
(376,179,'Modules\\Product\\Entities\\Product',15,'additional_images','2024-12-15 12:07:57','2024-12-15 12:07:57'),
(377,175,'Modules\\Product\\Entities\\Product',15,'additional_images','2024-12-15 12:07:57','2024-12-15 12:07:57'),
(378,174,'Modules\\Product\\Entities\\Product',15,'additional_images','2024-12-15 12:07:57','2024-12-15 12:07:57'),
(379,176,'Modules\\Product\\Entities\\Product',15,'additional_images','2024-12-15 12:07:57','2024-12-15 12:07:57'),
(380,185,'Modules\\Product\\Entities\\Product',16,'base_image','2024-12-15 12:25:43','2024-12-15 12:25:43'),
(381,183,'Modules\\Product\\Entities\\Product',16,'additional_images','2024-12-15 12:25:43','2024-12-15 12:25:43'),
(382,181,'Modules\\Product\\Entities\\Product',16,'additional_images','2024-12-15 12:25:43','2024-12-15 12:25:43'),
(383,182,'Modules\\Product\\Entities\\Product',16,'additional_images','2024-12-15 12:25:43','2024-12-15 12:25:43'),
(384,186,'Modules\\Product\\Entities\\Product',16,'additional_images','2024-12-15 12:25:43','2024-12-15 12:25:43'),
(385,180,'Modules\\Product\\Entities\\Product',16,'additional_images','2024-12-15 12:25:43','2024-12-15 12:25:43'),
(401,128,'Modules\\Product\\Entities\\Product',10,'base_image','2024-12-15 12:50:27','2024-12-15 12:50:27'),
(402,126,'Modules\\Product\\Entities\\Product',10,'additional_images','2024-12-15 12:50:27','2024-12-15 12:50:27'),
(403,129,'Modules\\Product\\Entities\\Product',10,'additional_images','2024-12-15 12:50:27','2024-12-15 12:50:27'),
(404,124,'Modules\\Product\\Entities\\Product',10,'additional_images','2024-12-15 12:50:27','2024-12-15 12:50:27'),
(405,125,'Modules\\Product\\Entities\\Product',10,'additional_images','2024-12-15 12:50:27','2024-12-15 12:50:27'),
(418,120,'Modules\\Product\\Entities\\Product',9,'base_image','2024-12-15 13:01:14','2024-12-15 13:01:14'),
(419,122,'Modules\\Product\\Entities\\Product',9,'additional_images','2024-12-15 13:01:14','2024-12-15 13:01:14'),
(420,123,'Modules\\Product\\Entities\\Product',9,'additional_images','2024-12-15 13:01:14','2024-12-15 13:01:14'),
(421,121,'Modules\\Product\\Entities\\Product',9,'additional_images','2024-12-15 13:01:14','2024-12-15 13:01:14'),
(422,118,'Modules\\Product\\Entities\\Product',9,'additional_images','2024-12-15 13:01:14','2024-12-15 13:01:14'),
(423,117,'Modules\\Product\\Entities\\Product',9,'additional_images','2024-12-15 13:01:14','2024-12-15 13:01:14'),
(424,130,'Modules\\Product\\Entities\\Product',11,'base_image','2024-12-15 13:13:43','2024-12-15 13:13:43'),
(425,131,'Modules\\Product\\Entities\\Product',11,'additional_images','2024-12-15 13:13:43','2024-12-15 13:13:43'),
(426,133,'Modules\\Product\\Entities\\Product',11,'additional_images','2024-12-15 13:13:43','2024-12-15 13:13:43'),
(427,135,'Modules\\Product\\Entities\\Product',11,'additional_images','2024-12-15 13:13:43','2024-12-15 13:13:43'),
(428,134,'Modules\\Product\\Entities\\Product',11,'additional_images','2024-12-15 13:13:43','2024-12-15 13:13:43'),
(429,132,'Modules\\Product\\Entities\\Product',11,'additional_images','2024-12-15 13:13:43','2024-12-15 13:13:43'),
(430,137,'Modules\\Product\\Entities\\Product',12,'base_image','2024-12-15 13:18:38','2024-12-15 13:18:38'),
(431,142,'Modules\\Product\\Entities\\Product',12,'additional_images','2024-12-15 13:18:38','2024-12-15 13:18:38'),
(432,138,'Modules\\Product\\Entities\\Product',12,'additional_images','2024-12-15 13:18:38','2024-12-15 13:18:38'),
(433,139,'Modules\\Product\\Entities\\Product',12,'additional_images','2024-12-15 13:18:38','2024-12-15 13:18:38'),
(434,141,'Modules\\Product\\Entities\\Product',12,'additional_images','2024-12-15 13:18:38','2024-12-15 13:18:38'),
(435,140,'Modules\\Product\\Entities\\Product',12,'additional_images','2024-12-15 13:18:38','2024-12-15 13:18:38'),
(436,136,'Modules\\Product\\Entities\\Product',12,'additional_images','2024-12-15 13:18:38','2024-12-15 13:18:38'),
(437,150,'Modules\\Product\\Entities\\Product',13,'base_image','2024-12-15 13:23:27','2024-12-15 13:23:27'),
(438,147,'Modules\\Product\\Entities\\Product',13,'additional_images','2024-12-15 13:23:27','2024-12-15 13:23:27'),
(439,152,'Modules\\Product\\Entities\\Product',13,'additional_images','2024-12-15 13:23:27','2024-12-15 13:23:27'),
(440,151,'Modules\\Product\\Entities\\Product',13,'additional_images','2024-12-15 13:23:27','2024-12-15 13:23:27'),
(441,149,'Modules\\Product\\Entities\\Product',13,'additional_images','2024-12-15 13:23:27','2024-12-15 13:23:27'),
(442,148,'Modules\\Product\\Entities\\Product',13,'additional_images','2024-12-15 13:23:27','2024-12-15 13:23:27'),
(443,172,'Modules\\Product\\Entities\\Product',14,'base_image','2024-12-15 13:28:46','2024-12-15 13:28:46'),
(444,166,'Modules\\Product\\Entities\\Product',14,'additional_images','2024-12-15 13:28:46','2024-12-15 13:28:46'),
(445,164,'Modules\\Product\\Entities\\Product',14,'additional_images','2024-12-15 13:28:46','2024-12-15 13:28:46'),
(446,165,'Modules\\Product\\Entities\\Product',14,'additional_images','2024-12-15 13:28:46','2024-12-15 13:28:46'),
(447,169,'Modules\\Product\\Entities\\Product',14,'additional_images','2024-12-15 13:28:46','2024-12-15 13:28:46'),
(448,168,'Modules\\Product\\Entities\\Product',14,'additional_images','2024-12-15 13:28:46','2024-12-15 13:28:46'),
(449,167,'Modules\\Product\\Entities\\Product',14,'additional_images','2024-12-15 13:28:46','2024-12-15 13:28:46'),
(450,170,'Modules\\Product\\Entities\\Product',14,'additional_images','2024-12-15 13:28:46','2024-12-15 13:28:46'),
(484,220,'Modules\\Brand\\Entities\\Brand',15,'logo','2024-12-18 17:50:55','2024-12-18 17:50:55'),
(485,33,'Modules\\Brand\\Entities\\Brand',15,'banner','2024-12-18 17:50:55','2024-12-18 17:50:55'),
(555,256,'Modules\\Product\\Entities\\Product',24,'base_image','2024-12-18 19:15:51','2024-12-18 19:15:51'),
(556,257,'Modules\\Product\\Entities\\Product',24,'additional_images','2024-12-18 19:15:51','2024-12-18 19:15:51'),
(557,259,'Modules\\Product\\Entities\\Product',24,'additional_images','2024-12-18 19:15:51','2024-12-18 19:15:51'),
(558,260,'Modules\\Product\\Entities\\Product',24,'additional_images','2024-12-18 19:15:51','2024-12-18 19:15:51'),
(559,258,'Modules\\Product\\Entities\\Product',24,'additional_images','2024-12-18 19:15:51','2024-12-18 19:15:51'),
(560,250,'Modules\\Product\\Entities\\Product',23,'base_image','2024-12-18 19:17:18','2024-12-18 19:17:18'),
(561,252,'Modules\\Product\\Entities\\Product',23,'additional_images','2024-12-18 19:17:18','2024-12-18 19:17:18'),
(562,253,'Modules\\Product\\Entities\\Product',23,'additional_images','2024-12-18 19:17:18','2024-12-18 19:17:18'),
(563,249,'Modules\\Product\\Entities\\Product',23,'additional_images','2024-12-18 19:17:18','2024-12-18 19:17:18'),
(564,251,'Modules\\Product\\Entities\\Product',23,'additional_images','2024-12-18 19:17:18','2024-12-18 19:17:18'),
(571,246,'Modules\\Product\\Entities\\Product',22,'base_image','2024-12-18 19:19:03','2024-12-18 19:19:03'),
(572,248,'Modules\\Product\\Entities\\Product',22,'additional_images','2024-12-18 19:19:03','2024-12-18 19:19:03'),
(573,244,'Modules\\Product\\Entities\\Product',22,'additional_images','2024-12-18 19:19:03','2024-12-18 19:19:03'),
(574,245,'Modules\\Product\\Entities\\Product',22,'additional_images','2024-12-18 19:19:03','2024-12-18 19:19:03'),
(575,247,'Modules\\Product\\Entities\\Product',22,'additional_images','2024-12-18 19:19:03','2024-12-18 19:19:03'),
(576,243,'Modules\\Product\\Entities\\Product',22,'additional_images','2024-12-18 19:19:03','2024-12-18 19:19:03'),
(577,237,'Modules\\Product\\Entities\\Product',21,'base_image','2024-12-19 06:56:56','2024-12-19 06:56:56'),
(578,236,'Modules\\Product\\Entities\\Product',21,'additional_images','2024-12-19 06:56:56','2024-12-19 06:56:56'),
(579,238,'Modules\\Product\\Entities\\Product',21,'additional_images','2024-12-19 06:56:56','2024-12-19 06:56:56'),
(580,240,'Modules\\Product\\Entities\\Product',21,'additional_images','2024-12-19 06:56:56','2024-12-19 06:56:56'),
(581,239,'Modules\\Product\\Entities\\Product',21,'additional_images','2024-12-19 06:56:56','2024-12-19 06:56:56'),
(582,235,'Modules\\Product\\Entities\\Product',21,'additional_images','2024-12-19 06:56:56','2024-12-19 06:56:56'),
(595,222,'Modules\\Product\\Entities\\Product',20,'base_image','2024-12-19 06:59:27','2024-12-19 06:59:27'),
(596,225,'Modules\\Product\\Entities\\Product',20,'additional_images','2024-12-19 06:59:27','2024-12-19 06:59:27'),
(597,227,'Modules\\Product\\Entities\\Product',20,'additional_images','2024-12-19 06:59:27','2024-12-19 06:59:27'),
(598,224,'Modules\\Product\\Entities\\Product',20,'additional_images','2024-12-19 06:59:27','2024-12-19 06:59:27'),
(599,226,'Modules\\Product\\Entities\\Product',20,'additional_images','2024-12-19 06:59:27','2024-12-19 06:59:27'),
(600,221,'Modules\\Product\\Entities\\Product',20,'additional_images','2024-12-19 06:59:27','2024-12-19 06:59:27'),
(601,215,'Modules\\Product\\Entities\\Product',19,'base_image','2024-12-19 07:01:26','2024-12-19 07:01:26'),
(602,217,'Modules\\Product\\Entities\\Product',19,'additional_images','2024-12-19 07:01:26','2024-12-19 07:01:26'),
(603,216,'Modules\\Product\\Entities\\Product',19,'additional_images','2024-12-19 07:01:26','2024-12-19 07:01:26'),
(604,218,'Modules\\Product\\Entities\\Product',19,'additional_images','2024-12-19 07:01:26','2024-12-19 07:01:26'),
(605,219,'Modules\\Product\\Entities\\Product',19,'additional_images','2024-12-19 07:01:26','2024-12-19 07:01:26'),
(606,214,'Modules\\Product\\Entities\\Product',19,'additional_images','2024-12-19 07:01:26','2024-12-19 07:01:26'),
(607,208,'Modules\\Product\\Entities\\Product',18,'base_image','2024-12-19 07:02:34','2024-12-19 07:02:34'),
(608,207,'Modules\\Product\\Entities\\Product',18,'additional_images','2024-12-19 07:02:34','2024-12-19 07:02:34'),
(609,204,'Modules\\Product\\Entities\\Product',18,'additional_images','2024-12-19 07:02:34','2024-12-19 07:02:34'),
(610,203,'Modules\\Product\\Entities\\Product',18,'additional_images','2024-12-19 07:02:34','2024-12-19 07:02:34'),
(611,205,'Modules\\Product\\Entities\\Product',18,'additional_images','2024-12-19 07:02:34','2024-12-19 07:02:34'),
(612,206,'Modules\\Product\\Entities\\Product',18,'additional_images','2024-12-19 07:02:34','2024-12-19 07:02:34'),
(613,196,'Modules\\Product\\Entities\\Product',17,'base_image','2024-12-19 07:03:45','2024-12-19 07:03:45'),
(614,197,'Modules\\Product\\Entities\\Product',17,'additional_images','2024-12-19 07:03:45','2024-12-19 07:03:45'),
(615,195,'Modules\\Product\\Entities\\Product',17,'additional_images','2024-12-19 07:03:45','2024-12-19 07:03:45'),
(616,194,'Modules\\Product\\Entities\\Product',17,'additional_images','2024-12-19 07:03:45','2024-12-19 07:03:45'),
(617,193,'Modules\\Product\\Entities\\Product',17,'additional_images','2024-12-19 07:03:45','2024-12-19 07:03:45'),
(678,331,'Modules\\Product\\Entities\\Product',31,'base_image','2024-12-19 09:33:05','2024-12-19 09:33:05'),
(679,332,'Modules\\Product\\Entities\\Product',31,'additional_images','2024-12-19 09:33:05','2024-12-19 09:33:05'),
(680,329,'Modules\\Product\\Entities\\Product',31,'additional_images','2024-12-19 09:33:05','2024-12-19 09:33:05'),
(681,328,'Modules\\Product\\Entities\\Product',31,'additional_images','2024-12-19 09:33:05','2024-12-19 09:33:05'),
(682,330,'Modules\\Product\\Entities\\Product',31,'additional_images','2024-12-19 09:33:05','2024-12-19 09:33:05'),
(683,315,'Modules\\Product\\Entities\\Product',30,'base_image','2024-12-19 09:36:11','2024-12-19 09:36:11'),
(684,314,'Modules\\Product\\Entities\\Product',30,'additional_images','2024-12-19 09:36:11','2024-12-19 09:36:11'),
(685,316,'Modules\\Product\\Entities\\Product',30,'additional_images','2024-12-19 09:36:11','2024-12-19 09:36:11'),
(686,317,'Modules\\Product\\Entities\\Product',30,'additional_images','2024-12-19 09:36:11','2024-12-19 09:36:11'),
(687,293,'Modules\\Product\\Entities\\Product',27,'base_image','2024-12-19 09:37:42','2024-12-19 09:37:42'),
(688,289,'Modules\\Product\\Entities\\Product',27,'additional_images','2024-12-19 09:37:42','2024-12-19 09:37:42'),
(689,290,'Modules\\Product\\Entities\\Product',27,'additional_images','2024-12-19 09:37:42','2024-12-19 09:37:42'),
(690,291,'Modules\\Product\\Entities\\Product',27,'additional_images','2024-12-19 09:37:42','2024-12-19 09:37:42'),
(691,292,'Modules\\Product\\Entities\\Product',27,'additional_images','2024-12-19 09:37:42','2024-12-19 09:37:42'),
(698,305,'Modules\\Product\\Entities\\Product',29,'base_image','2024-12-19 09:39:55','2024-12-19 09:39:55'),
(699,306,'Modules\\Product\\Entities\\Product',29,'additional_images','2024-12-19 09:39:55','2024-12-19 09:39:55'),
(700,308,'Modules\\Product\\Entities\\Product',29,'additional_images','2024-12-19 09:39:55','2024-12-19 09:39:55'),
(701,307,'Modules\\Product\\Entities\\Product',29,'additional_images','2024-12-19 09:39:55','2024-12-19 09:39:55'),
(702,309,'Modules\\Product\\Entities\\Product',29,'additional_images','2024-12-19 09:39:55','2024-12-19 09:39:55'),
(703,304,'Modules\\Product\\Entities\\Product',29,'additional_images','2024-12-19 09:39:55','2024-12-19 09:39:55'),
(704,303,'Modules\\Product\\Entities\\Product',28,'base_image','2024-12-19 09:40:55','2024-12-19 09:40:55'),
(705,301,'Modules\\Product\\Entities\\Product',28,'additional_images','2024-12-19 09:40:55','2024-12-19 09:40:55'),
(706,302,'Modules\\Product\\Entities\\Product',28,'additional_images','2024-12-19 09:40:55','2024-12-19 09:40:55'),
(707,300,'Modules\\Product\\Entities\\Product',28,'additional_images','2024-12-19 09:40:55','2024-12-19 09:40:55'),
(708,299,'Modules\\Product\\Entities\\Product',28,'additional_images','2024-12-19 09:40:55','2024-12-19 09:40:55'),
(709,298,'Modules\\Product\\Entities\\Product',28,'additional_images','2024-12-19 09:40:55','2024-12-19 09:40:55'),
(710,282,'Modules\\Product\\Entities\\Product',26,'base_image','2024-12-19 09:43:19','2024-12-19 09:43:19'),
(711,280,'Modules\\Product\\Entities\\Product',26,'additional_images','2024-12-19 09:43:19','2024-12-19 09:43:19'),
(712,277,'Modules\\Product\\Entities\\Product',26,'additional_images','2024-12-19 09:43:19','2024-12-19 09:43:19'),
(713,279,'Modules\\Product\\Entities\\Product',26,'additional_images','2024-12-19 09:43:19','2024-12-19 09:43:19'),
(714,283,'Modules\\Product\\Entities\\Product',26,'additional_images','2024-12-19 09:43:19','2024-12-19 09:43:19'),
(715,278,'Modules\\Product\\Entities\\Product',26,'additional_images','2024-12-19 09:43:19','2024-12-19 09:43:19'),
(716,266,'Modules\\Product\\Entities\\Product',25,'base_image','2024-12-19 09:45:29','2024-12-19 09:45:29'),
(717,268,'Modules\\Product\\Entities\\Product',25,'additional_images','2024-12-19 09:45:29','2024-12-19 09:45:29'),
(718,270,'Modules\\Product\\Entities\\Product',25,'additional_images','2024-12-19 09:45:29','2024-12-19 09:45:29'),
(719,267,'Modules\\Product\\Entities\\Product',25,'additional_images','2024-12-19 09:45:29','2024-12-19 09:45:29'),
(720,269,'Modules\\Product\\Entities\\Product',25,'additional_images','2024-12-19 09:45:29','2024-12-19 09:45:29'),
(721,85,'Modules\\Product\\Entities\\Product',5,'base_image','2024-12-19 10:07:19','2024-12-19 10:07:19'),
(722,84,'Modules\\Product\\Entities\\Product',5,'additional_images','2024-12-19 10:07:19','2024-12-19 10:07:19'),
(723,83,'Modules\\Product\\Entities\\Product',5,'additional_images','2024-12-19 10:07:19','2024-12-19 10:07:19'),
(724,82,'Modules\\Product\\Entities\\Product',5,'additional_images','2024-12-19 10:07:19','2024-12-19 10:07:19'),
(725,86,'Modules\\Product\\Entities\\Product',5,'additional_images','2024-12-19 10:07:19','2024-12-19 10:07:19'),
(726,88,'Modules\\Product\\Entities\\Product',6,'base_image','2024-12-19 10:08:01','2024-12-19 10:08:01'),
(727,89,'Modules\\Product\\Entities\\Product',6,'additional_images','2024-12-19 10:08:01','2024-12-19 10:08:01'),
(728,90,'Modules\\Product\\Entities\\Product',6,'additional_images','2024-12-19 10:08:01','2024-12-19 10:08:01'),
(729,91,'Modules\\Product\\Entities\\Product',6,'additional_images','2024-12-19 10:08:01','2024-12-19 10:08:01'),
(748,93,'Modules\\Product\\Entities\\ProductVariant',13,'base_image','2024-12-19 10:10:20','2024-12-19 10:10:20'),
(749,95,'Modules\\Product\\Entities\\ProductVariant',13,'additional_images','2024-12-19 10:10:20','2024-12-19 10:10:20'),
(750,94,'Modules\\Product\\Entities\\ProductVariant',13,'additional_images','2024-12-19 10:10:20','2024-12-19 10:10:20'),
(751,92,'Modules\\Product\\Entities\\ProductVariant',13,'additional_images','2024-12-19 10:10:20','2024-12-19 10:10:20'),
(752,96,'Modules\\Product\\Entities\\ProductVariant',13,'additional_images','2024-12-19 10:10:20','2024-12-19 10:10:20'),
(753,97,'Modules\\Product\\Entities\\ProductVariant',13,'additional_images','2024-12-19 10:10:20','2024-12-19 10:10:20'),
(754,105,'Modules\\Product\\Entities\\ProductVariant',14,'base_image','2024-12-19 10:10:20','2024-12-19 10:10:20'),
(755,108,'Modules\\Product\\Entities\\ProductVariant',14,'additional_images','2024-12-19 10:10:20','2024-12-19 10:10:20'),
(756,107,'Modules\\Product\\Entities\\ProductVariant',14,'additional_images','2024-12-19 10:10:20','2024-12-19 10:10:20'),
(757,109,'Modules\\Product\\Entities\\ProductVariant',14,'additional_images','2024-12-19 10:10:20','2024-12-19 10:10:20'),
(758,106,'Modules\\Product\\Entities\\ProductVariant',14,'additional_images','2024-12-19 10:10:20','2024-12-19 10:10:20'),
(759,104,'Modules\\Product\\Entities\\ProductVariant',14,'additional_images','2024-12-19 10:10:20','2024-12-19 10:10:20'),
(760,99,'Modules\\Product\\Entities\\ProductVariant',15,'base_image','2024-12-19 10:10:20','2024-12-19 10:10:20'),
(761,100,'Modules\\Product\\Entities\\ProductVariant',15,'additional_images','2024-12-19 10:10:20','2024-12-19 10:10:20'),
(762,102,'Modules\\Product\\Entities\\ProductVariant',15,'additional_images','2024-12-19 10:10:20','2024-12-19 10:10:20'),
(763,103,'Modules\\Product\\Entities\\ProductVariant',15,'additional_images','2024-12-19 10:10:20','2024-12-19 10:10:20'),
(764,101,'Modules\\Product\\Entities\\ProductVariant',15,'additional_images','2024-12-19 10:10:20','2024-12-19 10:10:20'),
(765,98,'Modules\\Product\\Entities\\ProductVariant',15,'additional_images','2024-12-19 10:10:20','2024-12-19 10:10:20'),
(816,337,'Modules\\Product\\Entities\\Product',32,'base_image','2024-12-19 11:23:34','2024-12-19 11:23:34'),
(817,336,'Modules\\Product\\Entities\\Product',32,'additional_images','2024-12-19 11:23:34','2024-12-19 11:23:34'),
(818,335,'Modules\\Product\\Entities\\Product',32,'additional_images','2024-12-19 11:23:34','2024-12-19 11:23:34'),
(819,334,'Modules\\Product\\Entities\\Product',32,'additional_images','2024-12-19 11:23:34','2024-12-19 11:23:34'),
(820,333,'Modules\\Product\\Entities\\Product',32,'additional_images','2024-12-19 11:23:34','2024-12-19 11:23:34'),
(821,348,'Modules\\Product\\Entities\\Product',33,'base_image','2024-12-19 11:31:48','2024-12-19 11:31:48'),
(822,346,'Modules\\Product\\Entities\\Product',33,'additional_images','2024-12-19 11:31:48','2024-12-19 11:31:48'),
(823,345,'Modules\\Product\\Entities\\Product',33,'additional_images','2024-12-19 11:31:48','2024-12-19 11:31:48'),
(824,343,'Modules\\Product\\Entities\\Product',33,'additional_images','2024-12-19 11:31:48','2024-12-19 11:31:48'),
(825,342,'Modules\\Product\\Entities\\Product',33,'additional_images','2024-12-19 11:31:48','2024-12-19 11:31:48'),
(826,347,'Modules\\Product\\Entities\\Product',33,'additional_images','2024-12-19 11:31:48','2024-12-19 11:31:48'),
(827,349,'Modules\\Product\\Entities\\Product',34,'base_image','2024-12-19 11:44:53','2024-12-19 11:44:53'),
(828,350,'Modules\\Product\\Entities\\Product',34,'additional_images','2024-12-19 11:44:53','2024-12-19 11:44:53'),
(829,351,'Modules\\Product\\Entities\\Product',34,'additional_images','2024-12-19 11:44:53','2024-12-19 11:44:53'),
(830,352,'Modules\\Product\\Entities\\Product',34,'additional_images','2024-12-19 11:44:53','2024-12-19 11:44:53'),
(831,353,'Modules\\Product\\Entities\\Product',34,'additional_images','2024-12-19 11:44:53','2024-12-19 11:44:53'),
(844,355,'Modules\\Product\\Entities\\Product',35,'base_image','2024-12-19 12:26:25','2024-12-19 12:26:25'),
(845,356,'Modules\\Product\\Entities\\Product',35,'additional_images','2024-12-19 12:26:25','2024-12-19 12:26:25'),
(846,357,'Modules\\Product\\Entities\\Product',35,'additional_images','2024-12-19 12:26:25','2024-12-19 12:26:25'),
(847,359,'Modules\\Product\\Entities\\Product',35,'additional_images','2024-12-19 12:26:25','2024-12-19 12:26:25'),
(848,360,'Modules\\Product\\Entities\\Product',35,'additional_images','2024-12-19 12:26:25','2024-12-19 12:26:25'),
(849,358,'Modules\\Product\\Entities\\Product',35,'additional_images','2024-12-19 12:26:25','2024-12-19 12:26:25');

/*Table structure for table `files` */

DROP TABLE IF EXISTS `files`;

CREATE TABLE `files` (
  `id` int(10) unsigned NOT NULL AUTO_INCREMENT,
  `user_id` int(10) unsigned NOT NULL,
  `filename` varchar(191) NOT NULL,
  `disk` varchar(191) NOT NULL,
  `path` varchar(191) NOT NULL,
  `extension` varchar(191) NOT NULL,
  `mime` varchar(191) NOT NULL,
  `size` varchar(191) NOT NULL,
  `created_at` timestamp NULL DEFAULT NULL,
  `updated_at` timestamp NULL DEFAULT NULL,
  PRIMARY KEY (`id`),
  KEY `files_user_id_index` (`user_id`),
  KEY `files_filename_index` (`filename`)
) ENGINE=InnoDB AUTO_INCREMENT=412 DEFAULT CHARSET=utf8mb4 COLLATE=utf8mb4_unicode_ci;

/*Data for the table `files` */

insert  into `files`(`id`,`user_id`,`filename`,`disk`,`path`,`extension`,`mime`,`size`,`created_at`,`updated_at`) values 
(1,1,'c9W1i3VQjtKZuZKZ2eubO8hv1AGzQYYX1NmhbaYk.jpeg','public_storage','media/SOHLJyRWOl4LSlAXkSFRgoDAzsQ67DXsUIwbYKSi.jpg','jpg','image/jpeg','8147','2024-12-13 09:24:59','2024-12-13 09:24:59'),
(2,1,'Cqt1ix1WCSqlxDru8abz96kyRe72WA3hU1GIOHNX.jpeg','public_storage','media/roKqwUrDH2dqWnpShJQ18B4ikpGyMcyWUY4HHuf1.jpg','jpg','image/jpeg','19020','2024-12-13 09:24:59','2024-12-13 09:24:59'),
(3,1,'HaBTtKvIcsL4Pu3M8UXjcM7UfhPn2SbrYfcTGwWp.jpeg','public_storage','media/AAHcqQdIcKkVfjh3FqUZivLTOp32BBzG5zky9YS5.jpg','jpg','image/jpeg','15357','2024-12-13 09:25:00','2024-12-13 09:25:00'),
(4,1,'LeJ49jY4NuqA4hXRxOHdJQhctUbE0JfiliM5W8KQ (1).jpeg','public_storage','media/7khTrvGVpJKcSKODhh41s0f6smUQTs5XSiyboNdM.jpg','jpg','image/jpeg','40083','2024-12-13 09:25:01','2024-12-13 09:25:01'),
(5,1,'LeJ49jY4NuqA4hXRxOHdJQhctUbE0JfiliM5W8KQ.jpeg','public_storage','media/QaFhG08XUHwITA6CKkxnt4LdgDm9mpvOR8A9GPJd.jpg','jpg','image/jpeg','40083','2024-12-13 09:25:01','2024-12-13 09:25:01'),
(6,1,'OLQSBT4PnWk9Qup4kc7rAyhjpy3G7YT31dGHfOxU.jpeg','public_storage','media/XOZ5zcn1gKPiWu9cstI3MX8VWdp8vAYj2PP3BSAl.jpg','jpg','image/jpeg','39426','2024-12-13 09:25:02','2024-12-13 09:25:02'),
(7,1,'jZG1juhijMhWSrn8B4jgsX5x4Vb8dOTdZTtGNACo.png','public_storage','media/VZeMVvhEkYWiE1tSoAVEcCzeArW5riN6t1QqchkC.png','png','image/png','2998','2024-12-13 09:33:27','2024-12-13 09:33:27'),
(8,1,'txsKtAr43dI9aBTlfh4WhLMw4VGx8HUnLxawDpol.png','public_storage','media/XLdvUvAuyuyfbxCP2FY1FH5QzuvjrqmOn9vFIQiE.png','png','image/png','54901','2024-12-13 09:33:33','2024-12-13 09:33:33'),
(9,1,'nshpkDL124reDq8apPXBcpVrnV8ABDzC88R5gg3K.png','public_storage','media/ihT5GxAUJXrFxbZjQHngWq2OcE1bWt3qMTdYN9fc.png','png','image/png','2341','2024-12-13 09:35:57','2024-12-13 09:35:57'),
(10,1,'CyoJXQkx2GGTE2WVKM9trMVFM3WPobiEDlYgXslC.png','public_storage','media/wqjkYRPJzoxzzbWFbmRjqxTsUSUMMW81FiKXXYYM.png','png','image/png','66086','2024-12-13 09:36:05','2024-12-13 09:36:05'),
(11,1,'SbgS1CCecSpvvnBeBmG6xP49q2NymXQzJpiHbMAi.png','public_storage','media/KPExSQzyqyEHkHxB79VD9rR3KjQPOSu799cBFZrD.png','png','image/png','6518','2024-12-13 09:37:22','2024-12-13 09:37:22'),
(12,1,'Captura de pantalla 2024-12-12 a la(s) 8.13.00 p. m..png','public_storage','media/VcAl3ldFLqLhDh36gUngXUH6ovup5P3UCXXYtb8g.png','png','image/png','27168','2024-12-13 09:40:21','2024-12-13 09:40:21'),
(13,1,'Captura de pantalla 2024-12-12 a la(s) 8.14.00 p. m..png','public_storage','media/H6BwFX1cZIbLwXVuv5WFQTDqf0gk39I3DpoBIkcY.png','png','image/png','17930','2024-12-13 09:41:01','2024-12-13 09:41:01'),
(14,1,'yl6rNkswnKQzh7mouQ0HpagRLwBpnq3Mt9LZMRak.png','public_storage','media/rZWwexXb2U59DQnLd7k654lq6M0ucpdrb4GbqUh1.png','png','image/png','27767','2024-12-13 10:00:54','2024-12-13 10:00:54'),
(15,1,'5siKhRlEDQFmbiJRwCNBW3rDsbG7m1r2PibvtNeF.png','public_storage','media/iPxDYFwXQBydeXxvX52e1OBKlepemrrA5ygEmO6J.png','png','image/png','52788','2024-12-13 10:00:54','2024-12-13 10:00:54'),
(16,1,'GdxlRSTcxPNGi4gqv86yVx4N2FcpnBSrIa8i7xVe.png','public_storage','media/AkNc2lINOeL6loDndfGZGzWuu3Wr4Wt18614LuBg.png','png','image/png','12635','2024-12-13 10:09:16','2024-12-13 10:09:16'),
(17,1,'r28gsyypi1oT531dU1MY1EjSskTWQbRIm7OHyTCl.png','public_storage','media/24gYDHmBi4Bo0Xrq8VC5BOBEhWsFwmhdvvmCiCBy.png','png','image/png','10713','2024-12-13 10:14:26','2024-12-13 10:14:26'),
(18,1,'pmQxhyWNznFCMZvc4KTv4HNk4RfG3eBlNqR0xsCt.png','public_storage','media/gbYFn5ZItPSWO5qNdMyQ1TKu7n8KSF4lkIAJB9K7.png','png','image/png','9543','2024-12-13 10:30:12','2024-12-13 10:30:12'),
(20,1,'SnNz5B0YIEGCw1OdLhFJbqF7hfCNc80adaLCdqOE.png','public_storage','media/wjGbGZTuuKw8tlPLmttP5wWnKK4lICqmWLpIxVnM.png','png','image/png','18150','2024-12-13 10:30:13','2024-12-13 10:30:13'),
(21,1,'3YFgcINuEaLyLvy6QjxKwKVDMALI9qzmXEN7Vqx3 (1).png','public_storage','media/vWvpB2Qf1IN9olFgi3gVmBJo2riGN5PvOTmEXeTb.png','png','image/png','100644','2024-12-13 10:31:29','2024-12-13 10:31:29'),
(22,1,'vm21euwszrldK6E9iEtqsm2WtiJ4OyaA7VIGHPe3.png','public_storage','media/YqfmrHpMEGFQblUHYmaUZJmgtjAajC6V7UBlIgZo.png','png','image/png','34602','2024-12-13 10:31:37','2024-12-13 10:31:37'),
(23,1,'j2WP3lfi8JTanXQsxrNDclJAb2RHKxBOtlQwlK2g.png','public_storage','media/RaSDDPGQIufTdO0vew3Tn79kdhz65MeLVfCHnxyu.png','png','image/png','2383','2024-12-13 10:53:26','2024-12-13 10:53:26'),
(24,1,'8bmlnpJluQBwAAJolyS708652aY6Kj8dEmYQ7woo.png','public_storage','media/sLJqLO2nR5YEYOAlEZxN0uo6eLxJrsCNwaf1WCQg.png','png','image/png','1682','2024-12-13 10:54:40','2024-12-13 10:54:40'),
(25,1,'H0BnQ6XoB6vBb1YAkRg22mncLS76Yv0zGz4T4M04.png','public_storage','media/PpPYOIOOQoGFa0iseCBG5njnIyforJa8Gqu6qdrx.png','png','image/png','3310','2024-12-13 10:58:16','2024-12-13 10:58:16'),
(26,1,'FZOXKIk4KKgGYfejBlQY6fng7eA7Z4ovnWhCNI4m.png','public_storage','media/ZTB8d1jv8sZdXPiWPHQO0yKXTgsqMneoW9WZhXUG.png','png','image/png','47827','2024-12-13 10:58:17','2024-12-13 10:58:17'),
(27,1,'HSvr36xBFke3Jh6mbDaeAG8jJZ4RH78ousrLr1i2.png','public_storage','media/NYlIFI9vHPMguQFHB1XMeKlEFRYA0KF0pz0efeG1.png','png','image/png','5036','2024-12-13 10:58:17','2024-12-13 10:58:17'),
(28,1,'JnH5uK3QY3mOamQ8NsHCbtqj0xULHsjOTHtHTbeO.png','public_storage','media/AxYBZFO84ekxPo6I9r2IFuoPBGSqqR43BNQxTTzN.png','png','image/png','2152','2024-12-13 10:58:17','2024-12-13 10:58:17'),
(29,1,'JXLqFHkNsJWLkon6Tmm1mHFepAlj11LIBoj2AVnW.png','public_storage','media/AIHdFqbSsfSxEO4t05MvoaF9rxZuVmlXzFvm7bN8.png','png','image/png','53699','2024-12-13 10:58:18','2024-12-13 10:58:18'),
(30,1,'Quysi8IloZADWNe2ZxeK98PN4FgHpoQWBXSnhlQV.png','public_storage','media/MqDSJOTN7qczAKkmwmYcyHgsyOD98wxKQzptDm11.png','png','image/png','3129','2024-12-13 10:58:18','2024-12-13 10:58:18'),
(31,1,'rCfwklCfNTBKz4JGeloPqqI7BTS8PdYibzEkB8mS.png','public_storage','media/BMCH8FQYPvvWijA9BGZTQ9jYs92JfE1DGJcymg5c.png','png','image/png','3281','2024-12-13 10:58:18','2024-12-13 10:58:18'),
(33,1,'AqrwjTUau7Cmbdiee3A2S1f2u1lwj9IjXhhqR1Hi.png','public_storage','media/F8ZJaFfIyWUbmOyOgAWzHsId0mUsYmgjmEV50WF6.png','png','image/png','60533','2024-12-13 11:01:42','2024-12-13 11:01:42'),
(34,1,'DbwfoaPYxERzjV8qsFUSpS9UMjskuZ5yauWC3Wtn.png','public_storage','media/hIYdu4C9d6RdlUvkLv4xbgCDlWHh4jVy7217lKT9.png','png','image/png','2358','2024-12-13 11:02:25','2024-12-13 11:02:25'),
(35,1,'8DfT3LNUhYbei3YrhJ1FscMVKiPPQi43LdCY29Am.png','public_storage','media/CrTxTdi1rKRD5vpiaZbKyqhZMPbSO436Af6xf6Ca.png','png','image/png','6081','2024-12-13 11:05:29','2024-12-13 11:05:29'),
(36,1,'RlQnH51zyXArkeBhIT0BCaJiyqAIcdCHCNjnsiZW.png','public_storage','media/x7JHhwg2LMn9GUO1TbTeoUHCfILDNgbPwhqVsY06.png','png','image/png','3332','2024-12-13 11:07:18','2024-12-13 11:07:18'),
(38,1,'cpX550XTke137wP71XC4bd6vGf68l6emVynXq3HJ.png','public_storage','media/Th0KuPoTYEG7gMuKCRu6kWdgZIlCkPLRHuvMyFm1.png','png','image/png','1726','2024-12-13 11:07:39','2024-12-13 11:07:39'),
(39,1,'b9uXgeQhGWYEH8OwPUyuRorJptMpggZkTjOYxI23.jpg','public_storage','media/BI3k1IlEdHa8TXGnpEcSiSytMMPOJMEdPockL7Gd.jpg','jpg','image/jpeg','871','2024-12-13 11:28:48','2024-12-13 11:28:48'),
(40,1,'FxEkk9FBD8xFtb5oHI3kYog4SE3c6ChDJUYtitAy.jpg','public_storage','media/enqc6W5cvLsUY6uRDbWOG7rHUU5Ijndhr8RCeSMj.jpg','jpg','image/jpeg','864','2024-12-13 11:28:48','2024-12-13 11:28:48'),
(41,1,'GBkAbvNUSYkJAHAigfx9PJkVvPcToM2XUMZx2uch.jpg','public_storage','media/QmrmzpgCnWoo81ctIOJJTHhes2PrDOKTlXYfBYBd.jpg','jpg','image/jpeg','702','2024-12-13 11:28:48','2024-12-13 11:28:48'),
(42,1,'hInpmQHJx61AqrUSDgsAKYDSs9uO8v3cx3vgNS9p.jpg','public_storage','media/xKXKYuwbsIKLyoMObKKQGrawJTHM0yOsE5v1i6jJ.jpg','jpg','image/jpeg','925','2024-12-13 11:28:48','2024-12-13 11:28:48'),
(43,1,'lkdwhnlYSQjUAlOUMnKxpIqZMny3UCFc35jvkUC8.jpg','public_storage','media/viH45uPNsnLLPZnf1vMEVwjSJ11pOr2i9ZqEiGKh.jpg','jpg','image/jpeg','862','2024-12-13 11:28:48','2024-12-13 11:28:48'),
(44,1,'srxv0FwvsDsBYQl93giMmjLWseryBcZxEmk3hFR6.jpg','public_storage','media/4LsE8NsYFL42NUXubHVSMRJXCVrnnwBa8IUlh61r.jpg','jpg','image/jpeg','1022','2024-12-13 11:28:49','2024-12-13 11:28:49'),
(45,1,'t2sKagsQ9Q45TiuO9wOUX1DwjRNdaMoClyJECqtd (1).jpg','public_storage','media/8nOUN9xynHha1TvJkI3kHOQpynK6Cgdy3oLaf83Q.jpg','jpg','image/jpeg','864','2024-12-13 11:28:49','2024-12-13 11:28:49'),
(46,1,'t2sKagsQ9Q45TiuO9wOUX1DwjRNdaMoClyJECqtd.jpg','public_storage','media/o80DLa57g5jjoTzDsgmAklPSsoj4iPFVklHYyqzL.jpg','jpg','image/jpeg','864','2024-12-13 11:28:49','2024-12-13 11:28:49'),
(47,1,'kRb5N2mGVnso21KKTsxenE4GuH3fjej5r2m8vY8V.png','public_storage','media/t1CHHjj8laXStHD1eW0e6HhJpq188ss9MB1GQuei.png','png','image/png','65409','2024-12-13 12:35:00','2024-12-13 12:35:00'),
(48,1,'QXeAdEOGLNAIj5Ntx7prAuuHRJmqNebRckNhV5WS.png','public_storage','media/CFtj54UU80f9PZOfOXncDduEDgzhUjN8c3mFmp9J.png','png','image/png','29849','2024-12-13 12:43:03','2024-12-13 12:43:03'),
(49,1,'32Z48wigiMEXJZLDUN20Ea0f7NTMKZHf93qHFtLg.png','public_storage','media/ztsO8MbSWCmfeEwGBoXODSmQR5xqN5NKCz5qmFrN.png','png','image/png','68353','2024-12-13 12:43:03','2024-12-13 12:43:03'),
(50,1,'tUZc6W65OryxcoIDT1umT0irIynod8t904Q7bRbG.png','public_storage','media/hFObXMlzy3yqbsx8zvjQeJw1EqTuh9ca1Nug5CMH.png','png','image/png','21441','2024-12-13 12:43:03','2024-12-13 12:43:03'),
(51,1,'VVyvSfw4dAZI57qelPofORurzNNc7rDlsxVbTO5m.png','public_storage','media/66yuEP7txXOkjCjd8z396DEpPG4oGK1toOLVZPyA.png','png','image/png','24919','2024-12-13 12:45:01','2024-12-13 12:45:01'),
(52,1,'kSSkGodUfAKYy1UVZ8CicO8oay5PKO4L3DdEE9Tw.png','public_storage','media/fWtsPd4r2QFUABMJVFAMvMQLqoJH7m0r8kCk8MHP.png','png','image/png','39162','2024-12-13 12:45:01','2024-12-13 12:45:01'),
(53,1,'ygGzKtKWVaoLArkTcqaR8V9KXLVA6NswazLZRkWD.png','public_storage','media/vYLWOKlKkx2eqIvzlUF135IdTZjrg9ij5AUqNzBL.png','png','image/png','169073','2024-12-13 12:59:24','2024-12-13 12:59:24'),
(54,1,'kTJZ8JjEO16NYuj28aN9f88c1SKIm9ELvYOE8pvC.png','public_storage','media/lw3ULMGCONxWbn3dh0yuAO3gAGLTbkPR02NQMp8N.png','png','image/png','122165','2024-12-13 13:40:52','2024-12-13 13:40:52'),
(55,1,'yAaq3dHTWLOlac12ioxGgVrZ3xtrIhKnL5r3roIl.png','public_storage','media/SrLQ3J8EkpnGRVrTg9btB1crmN95eFH7zHCCU8a0.png','png','image/png','47554','2024-12-13 13:43:11','2024-12-13 13:43:11'),
(56,1,'sI7VgfyGD34wV72X3pk8CCCI3QrpsZu1TiEM3kJ6.png','public_storage','media/CJy9LYRbGNe708RFtPgcJKF45Q9KTKMa4uW19uw0.png','png','image/png','104427','2024-12-13 13:44:36','2024-12-13 13:44:36'),
(57,1,'B9dkI8G0ibk5ARKoeHmevpnmSkOu1QToxnvqYCtz.jpeg','public_storage','media/0a1ShMVxeZ3vJdCgKGX1nHPBhf0XlpPCBkmRV1wa.jpg','jpg','image/jpeg','63750','2024-12-13 14:50:05','2024-12-13 14:50:05'),
(58,1,'e1z91WI8lLQSiQsxdirkIAIEIsSHmYIOQSOoXZmT (1).jpeg','public_storage','media/WFQSK4OprtI4PZyJup6qNGqtaYQM6UZJZFrw20I4.jpg','jpg','image/jpeg','66660','2024-12-13 14:50:05','2024-12-13 14:50:05'),
(59,1,'e1z91WI8lLQSiQsxdirkIAIEIsSHmYIOQSOoXZmT.jpeg','public_storage','media/OhJOR8s7oLiWw47f9GzvkYskr3KzHOLxyMR9vHDz.jpg','jpg','image/jpeg','66660','2024-12-13 14:50:07','2024-12-13 14:50:07'),
(60,1,'gGoLIGeRrqxOAX9fYsP4dqRcQIjIx6dRSEoqyinw.jpeg','public_storage','media/cwcYmQS9WCsyywmRRGINDKn6tETKfufEfDUiSvFI.jpg','jpg','image/jpeg','73988','2024-12-13 14:50:07','2024-12-13 14:50:07'),
(61,1,'kxar2Eq7XZRNPBe5JYoT3EDtFLQYeMlzIsoyCH0j.jpeg','public_storage','media/Cx5TQy6oEq0PWScSFampDC79QiCziA0ZGvlZX30y.jpg','jpg','image/jpeg','9696','2024-12-13 14:50:08','2024-12-13 14:50:08'),
(62,1,'r28pf7XTBLB7GovQK7Yl7rijj5PAPBJd82jiGHDy.jpeg','public_storage','media/IzJpdNm8PwS6vuY4bZ8iKN4XVpMrxzzruqKLwnQy.jpg','jpg','image/jpeg','19640','2024-12-13 14:50:09','2024-12-13 14:50:09'),
(63,1,'Urr7JEZBn4ibvCb5ZyjkKbk8673OiMIxGmTzFond.jpeg','public_storage','media/xUrS1sfJBskVsuxYRcV1A45JvwAzlGG9iC0YeZ9T.jpg','jpg','image/jpeg','63993','2024-12-13 14:50:10','2024-12-13 14:50:10'),
(64,1,'YlZzV6OMK3hOomWoP3GZzIVUzZ7xWhQiMgkCpPtA.jpg','public_storage','media/1msqGqim7TDypuMWS1fZ5Zi0pnR2VuVbXzsS0aad.jpg','jpg','image/jpeg','112450','2024-12-13 15:58:13','2024-12-13 15:58:13'),
(65,1,'0iKpLP0Wh5rvQpZgLBlQJQ8Ps7aiMZD5sCX4YhJw.jpg','public_storage','media/BFdf3biKaIziWke80Smi5dENeY2k4WlEelzc9lRe.jpg','jpg','image/jpeg','54757','2024-12-13 16:03:06','2024-12-13 16:03:06'),
(66,1,'KKhKi8ay1cm4N3jDC3IFiIl1D2aGk5o4Gzmzn2iR.jpg','public_storage','media/MHEQTRrE1bgwKxJdVDPE4MAm4dyqwjBNqTB1jHdM.jpg','jpg','image/jpeg','97781','2024-12-13 16:08:21','2024-12-13 16:08:21'),
(67,1,'YZPT1UzdRQFXkJefmC3Bmr6VEzs6mGNRESBfnqH8.jpg','public_storage','media/7dU0tj0RoyCzTTJJV2Ychk61CpBVgrqUqB8oA0mo.jpg','jpg','image/jpeg','69297','2024-12-13 16:15:33','2024-12-13 16:15:33'),
(68,1,'yTzXuwCkThluRvTOv7dESahh5pVWP5iuUAwvCO7Y.jpg','public_storage','media/29jXZgYsNxG0tTIdTBGO6UBjAYmAhFitO8gLCTXQ.jpg','jpg','image/jpeg','78943','2024-12-13 16:18:56','2024-12-13 16:18:56'),
(69,1,'nzkGchQ8meEh5QaFxjjUfPdq1v8w9MXdjgEkpSog.jpg','public_storage','media/skHnZtqD0CydX6DhYtf0FKDuFVvMiL8HpsSYAbG4.jpg','jpg','image/jpeg','59323','2024-12-13 16:21:40','2024-12-13 16:21:40'),
(70,1,'UAP07Ygha9iXNfG1Rh6DYWrwVQ3HfkuqetLaLc6M.jpeg','public_storage','media/XHR97VosFWcjjyVqn76yOHT1oMiqVOZsmFzI6ga1.jpg','jpg','image/jpeg','2362','2024-12-13 16:47:20','2024-12-13 16:47:20'),
(71,1,'4mj8luF9Qzzt9i7wxmKVCrJqfyzgAq9ApZr4t79q (1).webp','public_storage','media/aJH5CUmOn34tkxjghens47yG5NarPDy0qBU8hB74.webp','webp','image/webp','43630','2024-12-13 16:52:35','2024-12-13 16:52:35'),
(72,1,'4mj8luF9Qzzt9i7wxmKVCrJqfyzgAq9ApZr4t79q.webp','public_storage','media/Y9dyp5Z8LJPhXZV4C8Cm00a0L9zJIcbwfYJxvUrP.webp','webp','image/webp','43630','2024-12-13 16:52:35','2024-12-13 16:52:35'),
(73,1,'LgjotLjgRgSVxgGmnENq9sL1MUteDeEad068ub6S.webp','public_storage','media/pNrCfi4FBa9C4aDSvxs6BD1bLF0drScjELpYGEZc.webp','webp','image/webp','34750','2024-12-13 16:52:36','2024-12-13 16:52:36'),
(74,1,'nftvhihH4JZIOX29nWf846TQqcbjprWLSmmOb517.webp','public_storage','media/rYCQrXikFqciskdf2Ipp3QsPF32p7u2CDwkl2ov0.webp','webp','image/webp','46204','2024-12-13 16:52:37','2024-12-13 16:52:37'),
(75,1,'9ChIx8mSZsVpL0WuxtOc2KLXNTVSxczMtVjkZLnX.jpeg','public_storage','media/XD55OD8StsmyxbriA2r06oAtqmNOfgo8wJhd75kK.jpg','jpg','image/jpeg','123102','2024-12-13 16:52:37','2024-12-13 16:52:37'),
(76,1,'QWwYmpxNOLyog7bqRXSv9Dtthy30idR9yshELtep.webp','public_storage','media/uBda1Hd8ZeLj9CYHs1XnZwcviSVyS5zXNfjmuPq6.webp','webp','image/webp','37682','2024-12-13 16:52:38','2024-12-13 16:52:38'),
(77,1,'996KQ1xt4ROojkaU2EwflJF9ihvnxAVeBKvCeNPj.jpeg','public_storage','media/IwUKmoTVpaxqi2kdHDMOeY36nECtrthVcFRYJTg8.jpg','jpg','image/jpeg','12320','2024-12-13 17:15:16','2024-12-13 17:15:16'),
(78,1,'FsABkGal9JyBFyEiTa4KqtEEGrN0zaABMzKUx2aM.jpeg','public_storage','media/5UkRPo9743MuzfrFzTTcUKVhyGE9MC1eUqIDgKrF.jpg','jpg','image/jpeg','18168','2024-12-13 17:15:17','2024-12-13 17:15:17'),
(79,1,'LmE7l3I5MFygSob17Szm4aAEfk9nXr6qg3vH9Ova.jpeg','public_storage','media/eNlNmeiY8TxkAc8oSSScksBVY4als7z7aRjs8bvb.jpg','jpg','image/jpeg','5441','2024-12-13 17:15:17','2024-12-13 17:15:17'),
(80,1,'q5oxG0FvQqA3YEdcjtYQyhK8H5rnc7zXZ8MH7PVD (1).jpeg','public_storage','media/GLWfN5sjtU25hjWJzYFQjoLHKANxzCGW6KlfS2dT.jpg','jpg','image/jpeg','18934','2024-12-13 17:15:17','2024-12-13 17:15:17'),
(81,1,'q5oxG0FvQqA3YEdcjtYQyhK8H5rnc7zXZ8MH7PVD.jpeg','public_storage','media/hukG3DF2XG8LpDrwpKjsvscPfteWcOqvCeXNOhx7.jpg','jpg','image/jpeg','18934','2024-12-13 17:15:17','2024-12-13 17:15:17'),
(82,1,'eshPMwzleYq6fgFcydvCwEoAIpkdb9UBCrqDXVSU.jpeg','public_storage','media/R5IsVLSkiXeW3bQfX4O6aqupSwrkNqynYGDVex5t.jpg','jpg','image/jpeg','10960','2024-12-14 17:32:12','2024-12-14 17:32:12'),
(83,1,'g3fA099LUSHx5ZnYUN31MlyTo7jC91uruEAKODg6.jpeg','public_storage','media/HHHMhY9aIVr4SWh8ARSt2CMWQ8RivZ4uFhSXViJy.jpg','jpg','image/jpeg','17094','2024-12-14 17:32:12','2024-12-14 17:32:12'),
(84,1,'Htyl3ouzQQ7UxbKPgdmR3ojBc3gt6gVwSZn87xR5.jpeg','public_storage','media/MnS4VK4rnq8LuXsKJtOeBgnNQkDJqLWlEZS9eXrW.jpg','jpg','image/jpeg','20792','2024-12-14 17:32:13','2024-12-14 17:32:13'),
(85,1,'lXkkXIe4E1IMeICGLvb7Btl3CsxkM9iG6pJmJyMc.jpeg','public_storage','media/uhH5AjjhiovBNXnRAejTUrLDpBd4R4LoCXfhECkX.jpg','jpg','image/jpeg','20227','2024-12-14 17:32:13','2024-12-14 17:32:13'),
(86,1,'SBxGZG72FTunXSOYisKbYk92ABtZUT3rJQtFZc64.jpeg','public_storage','media/MCD3YGM96nv93edSlyHxamYG8YhMCHfICd4N8Vih.jpg','jpg','image/jpeg','36116','2024-12-14 17:32:13','2024-12-14 17:32:13'),
(88,1,'wheg1l9HFRXNIy3FjjOnqVxkDXyfd3DuRPI5XX39.jpeg','public_storage','media/RidJxXhcyC9VrDQLTLho67v24IJl5t0KgOpxlznp.jpg','jpg','image/jpeg','54678','2024-12-14 17:53:05','2024-12-14 17:53:05'),
(89,1,'Y040ikF5cHXkHYkZTvP2sPJrYxu4JodBNXRsetPB.jpeg','public_storage','media/yqpVAbhANnDZgBJqWRj8h7IY4Jr1GuRtaSeayrnS.jpg','jpg','image/jpeg','29955','2024-12-14 17:53:05','2024-12-14 17:53:05'),
(90,1,'47UXRlFCQtlMhSlGXiO0YRZCdAPIJovaEQGoDZUd.jpeg','public_storage','media/HVI7FdT2pox7wZTVyXMd43Jvzm2sVWyQlPg0d0Jw.jpg','jpg','image/jpeg','3021','2024-12-14 17:53:30','2024-12-14 17:53:30'),
(91,1,'3kETBg3ZGFSvhHIzOoipcQwbszBrhO9RkyOmrkBf.jpeg','public_storage','media/jacvDv5dhWmGJddixVBcHtCBGx1ShsD0SgXz2cZg.jpg','jpg','image/jpeg','32986','2024-12-14 17:53:30','2024-12-14 17:53:30'),
(92,1,'6P9ijguZ6K7KZYN1Pc1pT7uGduxOLc8a3TDm8eor.jpg','public_storage','media/lX78tGhY32YcbOSaGLvOrb739aG0MoTERKkzTC6u.jpg','jpg','image/jpeg','58403','2024-12-14 18:11:40','2024-12-14 18:11:40'),
(93,1,'7m18vcz1lxxVA2Dt1X0sTSEy5wlV7LLocofTkG1F.jpg','public_storage','media/h1pcjtteuETqsOEpJTQSQ44sNCsgTSGZQWFE95i2.jpg','jpg','image/jpeg','36907','2024-12-14 18:11:41','2024-12-14 18:11:41'),
(94,1,'FjU3gduvTl2xxKtnOsxqZwGa8i3HQmisLGqCzYSA.jpg','public_storage','media/zm5bTQjlTD1w59ClPTJpnXnTz1wDXWLVWaLnE2gF.jpg','jpg','image/jpeg','10224','2024-12-14 18:11:48','2024-12-14 18:11:48'),
(95,1,'yEyfY3nTiBSSnh6dYF7AlHhJW1PkCtA0iF2iXxaF.jpg','public_storage','media/D8jqxKWHj9C2Ym798wHRGfxQCkPJcjWt4wif10zL.jpg','jpg','image/jpeg','22079','2024-12-14 18:12:04','2024-12-14 18:12:04'),
(96,1,'tepdJuJJuWaDMdQUFmXOQeV40IMMCUuSiBVXEkHW.jpg','public_storage','media/9ALYNqQm1Z4wJmiVF9NVqPsnMeYIID47YANyMJeC.jpg','jpg','image/jpeg','18732','2024-12-14 18:14:44','2024-12-14 18:14:44'),
(97,1,'VntoX5MGyAtVs2MTQ6lRm8NoymBevMYmluL8q9NX.jpg','public_storage','media/ITXeOMTKtXKZODCxmZU0HTa4XljS5ByyA1tWWmfV.jpg','jpg','image/jpeg','11952','2024-12-14 18:14:44','2024-12-14 18:14:44'),
(98,1,'6P9ijguZ6K7KZYN1Pc1pT7uGduxOLc8a3TDm8eor.jpg','public_storage','media/rF6zEvoyain8Toc4CqlOhGmpMFU58dytqkbIvJNW.jpg','jpg','image/jpeg','58403','2024-12-14 18:15:20','2024-12-14 18:15:20'),
(99,1,'mIk6GqIctZvoAzWNFdbrsS64YsxUQKx4XshVYLiF.jpg','public_storage','media/792eEzI1rT3SnDiIHvkz7gdB9Ho7yFuF5OQOZr55.jpg','jpg','image/jpeg','38000','2024-12-14 18:15:20','2024-12-14 18:15:20'),
(100,1,'p0V4sKZzdDopIGfgSerPd8ehpLa5XfHlWkGw4oij.jpg','public_storage','media/ZjcVqarrLEGzGNCX2WQURNbP7ATUMPfwOs6pixON.jpg','jpg','image/jpeg','10089','2024-12-14 18:15:21','2024-12-14 18:15:21'),
(101,1,'RmCf4sRm9NJCzW7UkcLbKXiLc15K27HN2TIBgc9G.jpg','public_storage','media/Px4DOGzLSlEw8O9YFe95nISieOS63gAMmVPltf7Y.jpg','jpg','image/jpeg','10621','2024-12-14 18:15:21','2024-12-14 18:15:21'),
(102,1,'yEyfY3nTiBSSnh6dYF7AlHhJW1PkCtA0iF2iXxaF.jpg','public_storage','media/WX3CulwnbLZ1e1UQAZ82kS4hlq7ElKbFbI0XAaTf.jpg','jpg','image/jpeg','22079','2024-12-14 18:15:22','2024-12-14 18:15:22'),
(103,1,'zMRl6efSWwLCFxuToDzKAGSqDhfCGVlHuhxess32.jpg','public_storage','media/GerSQi6uSAs2ZZXwwWuggFJhACGIoCB9mJWbNJ8C.jpg','jpg','image/jpeg','19450','2024-12-14 18:15:23','2024-12-14 18:15:23'),
(104,1,'6P9ijguZ6K7KZYN1Pc1pT7uGduxOLc8a3TDm8eor.jpg','public_storage','media/wwThcYbxQbi6ObUr6FFfq4ycPmMfMmYiXoc7hGKP.jpg','jpg','image/jpeg','58403','2024-12-14 18:17:50','2024-12-14 18:17:50'),
(105,1,'BUyiDcZ0JYLH7Qf4VuZk6uT0b7QhMoV3ZkjGUBDW.jpg','public_storage','media/3oT39yxK1v6vuc14SrK3m2jgS5LA51B4npE7ojJe.jpg','jpg','image/jpeg','33426','2024-12-14 18:17:50','2024-12-14 18:17:50'),
(106,1,'tepdJuJJuWaDMdQUFmXOQeV40IMMCUuSiBVXEkHW.jpg','public_storage','media/Z5x4iGmhmdiuS07zCHTIAiOHANDvr3nZ1vHaP6zk.jpg','jpg','image/jpeg','18732','2024-12-14 18:17:50','2024-12-14 18:17:50'),
(107,1,'VntoX5MGyAtVs2MTQ6lRm8NoymBevMYmluL8q9NX.jpg','public_storage','media/Ndgu2uLZ8e3MOkQJgLKb9Sj8pQAJkhNqc7eTrD9n.jpg','jpg','image/jpeg','11952','2024-12-14 18:17:51','2024-12-14 18:17:51'),
(108,1,'Y671b4oNl6ScI63btL3pfbBobz83thoz0FPOLwvb.jpg','public_storage','media/HNjPeNGX7HpY83ZZA2K6YQSdA7OJpVFS9KMOXtZK.jpg','jpg','image/jpeg','9376','2024-12-14 18:17:51','2024-12-14 18:17:51'),
(109,1,'yEyfY3nTiBSSnh6dYF7AlHhJW1PkCtA0iF2iXxaF.jpg','public_storage','media/gctXUQ208Iaw4KdcZGEQ2tDVnoaXHlW3Wj4p6Z5g.jpg','jpg','image/jpeg','22079','2024-12-14 18:17:53','2024-12-14 18:17:53'),
(110,1,'jBtPOto5sMH0AAjehCbdDTtxwpsvUM7JnnYudjTK (1).jpeg','public_storage','media/pqRog7xjnH7uVpx5NqchTIMSwccKEV7aT59b6shM.jpg','jpg','image/jpeg','18912','2024-12-14 18:27:04','2024-12-14 18:27:04'),
(111,1,'jBtPOto5sMH0AAjehCbdDTtxwpsvUM7JnnYudjTK.jpeg','public_storage','media/dvbQmQJEKTk1DgV3tXkrm8aYF54Yeg2zuHcOKBPj.jpg','jpg','image/jpeg','18912','2024-12-14 18:27:04','2024-12-14 18:27:04'),
(112,1,'Zp5VNUPbGFB5ay1MedZ9qTeOUJm2gAPowQIWUxlS.jpeg','public_storage','media/tLOnNIq8fcr36HE5IxKZhv6f7AQPgawgo1m9hI4Z.jpg','jpg','image/jpeg','9189','2024-12-14 18:27:04','2024-12-14 18:27:04'),
(113,1,'v7KXcwSR8dGmR75wVTsSPMTb807bZpFuURxlT5eI.jpeg','public_storage','media/QYU5IYHNvLk1hWYhgHUljWEdGM5Zn5GtD59tWlEG.jpg','jpg','image/jpeg','10967','2024-12-14 18:27:11','2024-12-14 18:27:11'),
(114,1,'sjBHD1SNqe4BgkqmvqmWAB7U759HOZPVJRvV1Qbr.png','public_storage','media/2edlixM2uWHFiPqRc74H8FXOpmkrx7rnOGpOlvjm.png','png','image/png','9304','2024-12-14 19:05:46','2024-12-14 19:05:46'),
(115,1,'2cZfkz85nXxlSTySz6R8m34u5UQLfiRQVyKjF8hm.png','public_storage','media/YU6kFxa6cb3wd1XKNyfZuCWMbGtruGcGmtpwhEdi.png','png','image/png','4290','2024-12-14 19:11:59','2024-12-14 19:11:59'),
(116,1,'4vy12UtugCqB76AoWvy0cAHlzKb1HZsklmkOQ6hK.jpeg','public_storage','media/MX4U8Avn9Hnb0xUjxFqOg86LRo5v4IMBBPbSmpFE.jpg','jpg','image/jpeg','1898','2024-12-14 19:11:59','2024-12-14 19:11:59'),
(117,1,'2SMLrYqui8OayPdh0VIQypaCFXnkVob7uzY2G0wb.jpeg','public_storage','media/HyJB8MqOvxdsYjuXP6iOBd1Rfqd0lBzMDJSKy4Ie.jpg','jpg','image/jpeg','9413','2024-12-14 19:20:12','2024-12-14 19:20:12'),
(118,1,'07xJbOuNwcK10RNnsiMXE9uULiKrfKILc3p7md2G.jpeg','public_storage','media/e203iyGHiRKwBSNdeuq08nwILDaK7dl1gaHdC311.jpg','jpg','image/jpeg','4492','2024-12-14 19:20:12','2024-12-14 19:20:12'),
(120,1,'cD7ABCSzRGj88FZVKzU1ds1L0f4LSC1mnIPfnPWz.jpeg','public_storage','media/UUuYYfv0cl5iUQGLtJJQLFfhuVHhAwkvMVJolHb4.jpg','jpg','image/jpeg','14255','2024-12-14 19:20:13','2024-12-14 19:20:13'),
(121,1,'NqOOuVt2kLfNjwBpCAJng2oA8He5t0AUWG65ywMZ.jpeg','public_storage','media/LYEiB8OgFrAJhiyZmxRJG3fdhpby0HwyMVhsaiXs.jpg','jpg','image/jpeg','3764','2024-12-14 19:20:13','2024-12-14 19:20:13'),
(122,1,'p3CfI2829KDhno9fSXqI1FNs2qkMWYNsgLRExMK8.jpeg','public_storage','media/Pt3VReUvPZ9NNjRO3t9jMCm4ncQxVYQIdpKgM2po.jpg','jpg','image/jpeg','7552','2024-12-14 19:20:14','2024-12-14 19:20:14'),
(123,1,'wHnWOQ09lnIwBKIrHdwKTpWnAjUOVVDs7L3XIduT.jpeg','public_storage','media/PnlQ6IIDk0c1OOCbYsN4k3Ssk5HLCvZBG2FWUDfa.jpg','jpg','image/jpeg','11881','2024-12-14 19:20:14','2024-12-14 19:20:14'),
(124,1,'awirKMrw58DzKJ3DTJKNmDS4JJcqZsTFYQN8BxAs.jpeg','public_storage','media/CZgedY1lgfTlAqnrUFsFbM8KOWmGBQy9Y9tZiC5j.jpg','jpg','image/jpeg','17591','2024-12-14 19:37:50','2024-12-14 19:37:50'),
(125,1,'HM5Of3kQtTAUEUl8rqjxWr6JTeWov3QKbaLWXrMN.jpeg','public_storage','media/GvQ02TDf1DlDPx2QBZlYcYE5lG6f634qSLwVWzoP.jpg','jpg','image/jpeg','8414','2024-12-14 19:37:50','2024-12-14 19:37:50'),
(126,1,'jVD4Qn9h4Ptzya3fUAv63dqnV6TCZu0fyTaV9sSC.jpeg','public_storage','media/3usfHT6lj0vox7jDUGRbLQARN32NeacCQXNmzoYy.jpg','jpg','image/jpeg','30490','2024-12-14 19:37:51','2024-12-14 19:37:51'),
(128,1,'UPMinobUUTvWvEmzX0Rb7SgB6unSmhIR2T6KznDj.jpeg','public_storage','media/FnCYBgCVmjz6sDoUfqnEsjfYRIFDn1odvQGoHDBz.jpg','jpg','image/jpeg','32932','2024-12-14 19:37:52','2024-12-14 19:37:52'),
(129,1,'yb9QU3ShyGb5nmpm3wdvhIF7J6ykuiiIZdq72Sim.jpeg','public_storage','media/4k3Z1adMRcTvwl0DkDTLzuhRXjkJcwWxFfilmnG9.jpg','jpg','image/jpeg','18546','2024-12-14 19:37:53','2024-12-14 19:37:53'),
(130,1,'b4OaNTZTzb9w1oayiPtdiuwi6wsHCUcPlYPWZX7U.jpeg','public_storage','media/LelHOiNxOUqESUW2QJDaJJM1WxViGBmizv9VY8Bp.jpg','jpg','image/jpeg','41159','2024-12-15 07:03:39','2024-12-15 07:03:39'),
(131,1,'kUc1kVjkkmjEGiXYOz7AqBrzmG6iLssxYE5ZaSGU.jpeg','public_storage','media/SL7xC8YXDOGvMnnOV73IaLac7FPgcztl7lxDz3Ev.jpg','jpg','image/jpeg','36409','2024-12-15 07:03:39','2024-12-15 07:03:39'),
(132,1,'L5LOTN6bFQERMBisMPffOntLjDgRFbzzXAJe3w5M.jpeg','public_storage','media/gztO5bGPlRxl5g7A5Z3WdzskTQMEdOEpeJq90ThW.jpg','jpg','image/jpeg','20320','2024-12-15 07:03:39','2024-12-15 07:03:39'),
(133,1,'pamB8rBFzdupPjMZZ8C0CxLTEYM8jJLnHRjAaG9l.jpeg','public_storage','media/PJw6E18DTTjwdKwgpHirTfxRXELwfQAKqFYZJsA3.jpg','jpg','image/jpeg','30694','2024-12-15 07:03:39','2024-12-15 07:03:39'),
(134,1,'qscPBgFi2YAw150KfmrKtU2nDNWsnxMeoSNSZrpU.jpeg','public_storage','media/czqypqbeTWtD7ggTGJkpbAB6eNnAJBkKHEN7XpBX.jpg','jpg','image/jpeg','18554','2024-12-15 07:03:40','2024-12-15 07:03:40'),
(135,1,'XVe0wkP52bzVQBe7BJhnRuovYiM1FD63oc4bv4gF.jpeg','public_storage','media/vjkJrWMXPrGmUA8j1JzriTcluuSVDocDBGzzgPBR.jpg','jpg','image/jpeg','36425','2024-12-15 07:03:40','2024-12-15 07:03:40'),
(136,1,'00bSbLH82dLP2xswUhyX9YEYcmyOJvhE82JpJvxo.jpeg','public_storage','media/aXP3fpNC59IVXRpbrQaVMOVJ5PxBPzKPOizmcJM1.jpg','jpg','image/jpeg','21798','2024-12-15 07:15:44','2024-12-15 07:15:44'),
(137,1,'AdNCq4663mD4c3gFjQkMMb0ZJWy3rWOQJbN7teIn.jpeg','public_storage','media/qrkfeo8vgTB2xISudVJBjnoIz3FO89sZDBa0PKbf.jpg','jpg','image/jpeg','40812','2024-12-15 07:15:45','2024-12-15 07:15:45'),
(138,1,'AY15P66w4FdtWMiuRTI3Mx2WnQH9j92UCXFbuuUQ.jpeg','public_storage','media/juisug5edhXHN6IufIBgPXKuyRumRtDDonsRFrlj.jpg','jpg','image/jpeg','49732','2024-12-15 07:15:46','2024-12-15 07:15:46'),
(139,1,'BmbQ6b76oecZ9x3JM78tvNR39BGAhh9IL4eUsTu3.jpeg','public_storage','media/pZcUcgxBkI7ICBlBCg96ySwef4f6PViaboqEjhPy.jpg','jpg','image/jpeg','23703','2024-12-15 07:15:47','2024-12-15 07:15:47'),
(140,1,'j4Ocbm1XbBcPxKYrIV6UQ4f1u4b0gzYFKzSRMR0u.jpeg','public_storage','media/JYJBJPUyhiCu6tT9fjKDVuSNvkYTZUMFaOMIvZAM.jpg','jpg','image/jpeg','7650','2024-12-15 07:15:48','2024-12-15 07:15:48'),
(141,1,'pD6qNdnW3gfkb28CrIoQdqo1e5O30R2AQpzRvBt0.jpeg','public_storage','media/3PY5wGaqwXdm0kn6X6phEanuz6tLziH3U1Wt2rri.jpg','jpg','image/jpeg','22855','2024-12-15 07:15:48','2024-12-15 07:15:48'),
(142,1,'tgAqRJ0Yfkyz1X1aEQLpRR6GEMKAgBwpEZz5QGEn.jpeg','public_storage','media/6iBMtiEPybrEC0aZtugwO3XhtezZndDhAONobGOw.jpg','jpg','image/jpeg','33961','2024-12-15 07:15:49','2024-12-15 07:15:49'),
(143,1,'mceu_18854653511734273774740.jpg','public_storage','media/AYQYwMFFxMHPDggxPG5z3EArFOBEgqkxVGNCKu49.jpg','jpg','image/jpeg','144552','2024-12-15 08:42:57','2024-12-15 08:42:57'),
(144,1,'mceu_57316069321734273793032.jpg','public_storage','media/nRskh6wbfoXkKYZisYdN3wLiye1rBcA8pcjpZ16q.jpg','jpg','image/jpeg','153990','2024-12-15 08:43:14','2024-12-15 08:43:14'),
(145,1,'mceu_90331782431734273802913.jpg','public_storage','media/tZ00uCg1nz5VxHSIp5QkL3UPnrjmH5fAMJDfqf4j.jpg','jpg','image/jpeg','156632','2024-12-15 08:43:23','2024-12-15 08:43:23'),
(146,1,'mceu_11133658341734273811615.jpg','public_storage','media/kfeQxKzT7sChJt5OnqC1k79svvD8t1IF0E410AVs.jpg','jpg','image/jpeg','228143','2024-12-15 08:43:33','2024-12-15 08:43:33'),
(147,1,'4aOgzTUzmc9lws6a9SkqNyFwhbPlUL30vKr5pO0N.jpeg','public_storage','media/BCRNmnITzICGwfQlj30ksOwPwfMjZyv4sJIR04X7.jpg','jpg','image/jpeg','7126','2024-12-15 09:19:33','2024-12-15 09:19:33'),
(148,1,'7l7ADr8jgvvkzfAxxARK2R6TN2dViEaCsoi7ubDY.jpeg','public_storage','media/uZo47IsiWjhsYaqHmP78vpE7SAWC6AGgcSg6X9uf.jpg','jpg','image/jpeg','7077','2024-12-15 09:19:33','2024-12-15 09:19:33'),
(149,1,'a0wVuCstMeHElSaSEs9CIZaajeT5B960uSHL4TS6.jpeg','public_storage','media/e7Nyv2s7HegGkeBVF8zjNBjC3OSlfJdaA7vjOTvW.jpg','jpg','image/jpeg','19415','2024-12-15 09:19:34','2024-12-15 09:19:34'),
(150,1,'oyIoqGHxEmizRExHXmXi2Y4Hsip5RZm7aVsRrJZN.jpeg','public_storage','media/3Cf4NDpwTvoKz8qvXVw9HMmv7D5TNwkAxhqR18xM.jpg','jpg','image/jpeg','24701','2024-12-15 09:19:34','2024-12-15 09:19:34'),
(151,1,'uVIn12sWRQzXEW56BnVIy223NFajfer5i2uTo4ST.jpeg','public_storage','media/c96EshDcDps5I1EkioT8RVsvvPbLMPvpNHUWVvMz.jpg','jpg','image/jpeg','8196','2024-12-15 09:19:34','2024-12-15 09:19:34'),
(152,1,'XOrZwohY0hQKbOMRoQKeAjZfYG1SovyOhK0i7xgc.jpeg','public_storage','media/B5jDtVcIYGGrQL5HxdTmF8nLDYQfckibcepElUkP.jpg','jpg','image/jpeg','23445','2024-12-15 09:19:34','2024-12-15 09:19:34'),
(153,1,'mceu_27307687111734276503329.jpg','public_storage','media/c7g3slhrpKtj23ChWAvIRuFrZriA18z89wx2IMxg.jpg','jpg','image/jpeg','144552','2024-12-15 09:28:28','2024-12-15 09:28:28'),
(154,1,'mceu_64166696221734276513379.jpg','public_storage','media/xmCns9pPjBpz6WiiglB3TaZx0RhoK4uIVZDCAqvY.jpg','jpg','image/jpeg','153990','2024-12-15 09:28:36','2024-12-15 09:28:36'),
(155,1,'mceu_97025543231734276557694.jpg','public_storage','media/yqGsbF8JtB3mPvo4d9Z2aJ4DjFLcQW0x4U02cMAp.jpg','jpg','image/jpeg','156632','2024-12-15 09:29:22','2024-12-15 09:29:22'),
(156,1,'mceu_85914357541734276573198.jpg','public_storage','media/wXLA16PD0vucKjQP2BCC9R9AqmTGB2qnfHrEiG5D.jpg','jpg','image/jpeg','228143','2024-12-15 09:29:38','2024-12-15 09:29:38'),
(157,1,'mceu_40803330151734276668285.jpg','public_storage','media/njsLNSJV9OoTGP5rNLoDkISsB4ZzHhopzqfRN5Yp.jpg','jpg','image/jpeg','153990','2024-12-15 09:31:12','2024-12-15 09:31:12'),
(158,1,'mceu_19674989961734276693209.jpg','public_storage','media/FHQksnOHRhXgGUt2NB6xTKi8YmEU8m8fU7EyOfi1.jpg','jpg','image/jpeg','156632','2024-12-15 09:31:36','2024-12-15 09:31:36'),
(159,1,'mceu_99859006571734276736801.jpg','public_storage','media/djHRIjjD2wrCGMyaTM0r6U1xlgdAKApH9F8GNPso.jpg','jpg','image/jpeg','144552','2024-12-15 09:32:22','2024-12-15 09:32:22'),
(160,1,'mceu_34465386981734276747669.jpg','public_storage','media/dVe0zSObDpC5f7DMM0Je2vQEXmQyUOE9tW3TyyOq.jpg','jpg','image/jpeg','153990','2024-12-15 09:32:33','2024-12-15 09:32:33'),
(161,1,'mceu_36430678891734276763275.jpg','public_storage','media/fCkLtHFq9psCkUWtS4uGWtv2ClpqWKJNVSmZZ45H.jpg','jpg','image/jpeg','156632','2024-12-15 09:32:46','2024-12-15 09:32:46'),
(162,1,'mceu_128485282101734276776937.jpg','public_storage','media/HsK07MLNvhsij2HfwypgfKhzURxkMPyMptmnD27o.jpg','jpg','image/jpeg','228143','2024-12-15 09:33:05','2024-12-15 09:33:05'),
(163,1,'blobid0.jpg','public_storage','media/HMy9Hcga3cL0bHptAWRGiP4YfpOXSZvO3VARf7uX.jpg','jpg','image/jpeg','228143','2024-12-15 09:33:47','2024-12-15 09:33:47'),
(164,1,'4DyWEWDxGoZtHkZ8iahyfCir1bdVfAjybLWTvp3C.jpeg','public_storage','media/sNLGxl6wsrh0TcWnZiiyCc8GI8DWWg4Pi6aOQYhg.jpg','jpg','image/jpeg','32030','2024-12-15 09:52:50','2024-12-15 09:52:50'),
(165,1,'7IOXGM6wHPMd7tQA5KWnWyrghQHBXHjQ48HUlB6E.jpeg','public_storage','media/shSXlsHYF8bw8h0wLCdNgPD7xfOx4Sq06qdCHstI.jpg','jpg','image/jpeg','16077','2024-12-15 09:52:50','2024-12-15 09:52:50'),
(166,1,'aCmBOjO5LABFMYq3oz4d8Q7frUVvJpyKpjSg85mC.jpeg','public_storage','media/qdbnQHKuAKyhu7N7TnUX97SL5n5I2R29H3z2bQOF.jpg','jpg','image/jpeg','35374','2024-12-15 09:52:52','2024-12-15 09:52:52'),
(167,1,'CNlut0Do55Ev53paES9vSgQBhv40tzaPbrh51jYx.jpeg','public_storage','media/QcSDLuRK7yFZDzZ9h0rrLPPJTqkNx5nbbUD6V9gs.jpg','jpg','image/jpeg','5605','2024-12-15 09:52:52','2024-12-15 09:52:52'),
(168,1,'L5LOTN6bFQERMBisMPffOntLjDgRFbzzXAJe3w5M.jpeg','public_storage','media/oO27UWsiDrpKpB2BAjql3hLdm9sV2onmYm3JfFeq.jpg','jpg','image/jpeg','20320','2024-12-15 09:52:52','2024-12-15 09:52:52'),
(169,1,'MXT5DOSlN0iihMDXvkY0DELtL5pSNtqUEUOZef3t.jpeg','public_storage','media/huE9KCs2sWnIdbbw5w61IwwQuvVIn1Hdq9Mfy5u9.jpg','jpg','image/jpeg','16098','2024-12-15 09:52:53','2024-12-15 09:52:53'),
(170,1,'T7o12YqNCvUCbJOSKNSTmUr1vkyVUuTOKbsMwsEg.jpeg','public_storage','media/5tSNa6yzYjeZytYBBpicmKf97jv2L4nH2Hno3SbJ.jpg','jpg','image/jpeg','6147','2024-12-15 09:52:53','2024-12-15 09:52:53'),
(172,1,'uLCGd9Qa5HqLQ2tk4KrDdj10q278T6UucM4XAoxp.jpeg','public_storage','media/bx0bpI3YUF4t7M3FlT0cJIc35Y2060aIrDl9f0Xc.jpg','jpg','image/jpeg','54694','2024-12-15 09:52:57','2024-12-15 09:52:57'),
(173,1,'7wiShSNGRrrRwUrqJzC89MdQMtpVNgFJI889YDUV.jpeg','public_storage','media/2CkD6J52TeGvquJW0oFMZGyxbtOLziyIYz9iMay6.jpg','jpg','image/jpeg','22656','2024-12-15 11:47:33','2024-12-15 11:47:33'),
(174,1,'EXG5HsFa2aFdQQdO5cgjhkCBgK0umUBns3NCqQrt.jpeg','public_storage','media/DbkEjXZXcOdA8TUvrYBbmvUVA8bCXCkWqhvYMdpY.jpg','jpg','image/jpeg','9514','2024-12-15 11:47:33','2024-12-15 11:47:33'),
(175,1,'h8DqZUIVt3fdHuNevhE4TfS3rak8fVEWDJeKrMqv.jpeg','public_storage','media/cvxAnxBiPfWYhZDUmYJkjoc1nygjpxlvvIGItDpy.jpg','jpg','image/jpeg','23425','2024-12-15 11:47:33','2024-12-15 11:47:33'),
(176,1,'klD3yuHOYmnr6YeXjq3poyOsy4JNcoyHwFsphRS3.jpeg','public_storage','media/wVCgSTLcnHFoQhN2RLpDjjrKmUM3lYfHfoldu7N3.jpg','jpg','image/jpeg','9049','2024-12-15 11:47:33','2024-12-15 11:47:33'),
(178,1,'oA4JKvTVXRnI7R8qXzcjxIBmZb18dcUhGcen64zI.jpeg','public_storage','media/Nd5rm62ngo49ePPKYxQM7fWu6xoxCGm2NRWPOCPm.jpg','jpg','image/jpeg','46843','2024-12-15 11:47:34','2024-12-15 11:47:34'),
(179,1,'ZnEkQzkjxU1zcqGBeH85AunvbSFMwQXpv68IBmBG.jpeg','public_storage','media/OPnHNPWBPHFgKuUfExk67dPICe1YQIG89RUByWRO.jpg','jpg','image/jpeg','30065','2024-12-15 11:47:34','2024-12-15 11:47:34'),
(180,1,'7XjpWkuFsvW0VNSZlZQCHo8Sws3YV5M5YtDl5l9B.jpeg','public_storage','media/dxdMYUH4txXVSE1KXoJP1SopHwcgB3HrIhMWyLck.jpg','jpg','image/jpeg','7713','2024-12-15 12:25:19','2024-12-15 12:25:19'),
(181,1,'gtgYaUteVWHGsU1wFjI6leZobAx0uBqvvxkXOQ0u.jpeg','public_storage','media/kuIpP6Y81s1C2NFKtDLB8jlJxq21T21P4ceHSyn1.jpg','jpg','image/jpeg','10694','2024-12-15 12:25:19','2024-12-15 12:25:19'),
(182,1,'Qt7wNO1JzhkKEbdpj59KaAKVpWQ5rG1KodRxHIYo.jpeg','public_storage','media/K2pLytL8xpqNbgjcKi57NT8Qxb7rynythQstsTxV.jpg','jpg','image/jpeg','1815','2024-12-15 12:25:19','2024-12-15 12:25:19'),
(183,1,'vMkUOQjcnYyXrqBjAg1XT5acBmw710P4DJZPcEvP.jpeg','public_storage','media/25lmUTiilKiwXszuAT8ANvhTpXTwdEPIdOqqbExH.jpg','jpg','image/jpeg','28324','2024-12-15 12:25:20','2024-12-15 12:25:20'),
(185,1,'xR7sVMeHtdX8Ny4ct2XQP3c9I03V1huVbmM9eUh3.jpeg','public_storage','media/mrvU48nKZfGdXOS60JNXMS6TqI06J1mgxowgf8wx.jpg','jpg','image/jpeg','36623','2024-12-15 12:25:21','2024-12-15 12:25:21'),
(186,1,'ztQ4sqUbBbW0tVabdasbTKW7lUI9SQvZu6Mj621I.jpeg','public_storage','media/fkYVI3oqWsg3Zo2IK3jonWb8xzSjAjzAtH53pq9U.jpg','jpg','image/jpeg','3320','2024-12-15 12:25:21','2024-12-15 12:25:21'),
(187,1,'mceu_36034751311734291810932.jpg','public_storage','media/tLZ7UB1mJRMRXwCK449pJMUlMtAvnh8LVLiNyJ0l.jpg','jpg','image/jpeg','595824','2024-12-15 13:43:33','2024-12-15 13:43:33'),
(188,1,'mceu_17301008421734291852009.jpg','public_storage','media/t3Xc6VhodmJbiYDISqbVBYxXlB9mMBAH8aIazoHW.jpg','jpg','image/jpeg','378600','2024-12-15 13:44:14','2024-12-15 13:44:14'),
(189,1,'mceu_51636929931734291921637.jpg','public_storage','media/BOcFsL0jwv273id62eLcQf2st8JQns9wht8ld9fu.jpg','jpg','image/jpeg','451843','2024-12-15 13:45:25','2024-12-15 13:45:25'),
(190,1,'mceu_19074659741734291931125.jpg','public_storage','media/X2H7uFXn6KVmqHp7CL1WxIhyZecVyH7sjmhgaHUY.jpg','jpg','image/jpeg','379331','2024-12-15 13:45:34','2024-12-15 13:45:34'),
(191,1,'mceu_86541424851734291943290.jpg','public_storage','media/3COcLEsTpVIjbT8yf6ovIzU7YpSdDJHe4OvckOd5.jpg','jpg','image/jpeg','378600','2024-12-15 13:45:45','2024-12-15 13:45:45'),
(192,1,'mceu_81408843161734291953227.jpg','public_storage','media/k1y53GnXHijmqEWTBQtxRVPILSQ3kQRLmQAzPZH7.jpg','jpg','image/jpeg','163797','2024-12-15 13:45:55','2024-12-15 13:45:55'),
(193,1,'g0OaZxxNxHq9FPwPOi5zEo6CO51trU17t53vbs9Q.jpeg','public_storage','media/Gb7VtXLh4bZtgtcaDlpyf7kfPCioHiB6zMy5WzGz.jpg','jpg','image/jpeg','14193','2024-12-15 13:49:49','2024-12-15 13:49:49'),
(194,1,'J8ARcUT28frlEd12oIXk9ecbzz6lWIp9sctO1MPI.jpeg','public_storage','media/pcrWqZcHzgLTpcH2plQFUk0yHLBWlLfXEs5Ku5yd.jpg','jpg','image/jpeg','10775','2024-12-15 13:49:49','2024-12-15 13:49:49'),
(195,1,'kVxL1b1Sff29mS2bGmyw2hXPbaBE8896H5WJ0oOi.jpeg','public_storage','media/hm7gm0yqDiPLoTODiEZjiB8wQ3oq7C8ObpAbub2s.jpg','jpg','image/jpeg','21981','2024-12-15 13:49:49','2024-12-15 13:49:49'),
(196,1,'oammDOl0E3uNAEUXbUk8Lmt1ZzIz9NQkkxboezYI.jpeg','public_storage','media/5flSsutl6QzV2qpIZLvHlTpnFCr4eb1e3A3VKOrb.jpg','jpg','image/jpeg','64799','2024-12-15 13:49:49','2024-12-15 13:49:49'),
(197,1,'t0Pt2kmHKFm0SPSjKjhpJ5s5h1EkNWhVY14gNzY4.jpeg','public_storage','media/PDlmvfQx1iyoPILYbZfQd61oRRt4jb5j6xLjl1Wx.jpg','jpg','image/jpeg','16284','2024-12-15 13:49:49','2024-12-15 13:49:49'),
(198,1,'mceu_12456614211734293903896.jpg','public_storage','media/s9KP6XyAQA3JWtEzgSu3UFJaIBaQqBx87HSGHogs.jpg','jpg','image/jpeg','238141','2024-12-15 14:18:33','2024-12-15 14:18:33'),
(199,1,'mceu_83508300921734293917426.jpg','public_storage','media/yaTzGLiUNJ7EnM6RpPRP0FDhKleETWPstKWhmjnh.jpg','jpg','image/jpeg','275524','2024-12-15 14:18:46','2024-12-15 14:18:46'),
(200,1,'mceu_75484811231734293926457.jpg','public_storage','media/PdsfYrfmq3IicfSapfJOfy38Afr1v19XdhsJrsfu.jpg','jpg','image/jpeg','364490','2024-12-15 14:18:56','2024-12-15 14:18:56'),
(201,1,'mceu_15973311841734293937171.jpg','public_storage','media/pRHkfMJLwfLrNS6KAjDpBNDITX7P1BMv8J32EAIC.jpg','jpg','image/jpeg','139407','2024-12-15 14:19:01','2024-12-15 14:19:01'),
(202,1,'mceu_36809686651734293949963.jpg','public_storage','media/uEFeYVSnBrDbbjp8vjz4aWGRc404gwfLnAbsjClb.jpg','jpg','image/jpeg','276310','2024-12-15 14:19:16','2024-12-15 14:19:16'),
(203,1,'mceu_93252626661734293963537.jpg','public_storage','media/hnCqZuwA7kFXrQTtZNgMWLNiqKiqhUpTFVmggzXB.jpg','jpg','image/jpeg','198486','2024-12-15 14:19:28','2024-12-15 14:19:28'),
(204,1,'JmhGB3kmjnpOwCPX7MJEzmwoS31fBliWJ7ePD1om.jpeg','public_storage','media/ehM9tdUDkg31FWrAJDVX33Tn6at7f1RScuAGzAlT.jpg','jpg','image/jpeg','22901','2024-12-15 14:26:28','2024-12-15 14:26:28'),
(205,1,'n9M0Op5syI4HDl4rE6s8b8wpVGsuLISeGRlQMWID.jpeg','public_storage','media/WFxtIS3XlFd7m6DkDHCC441vP8oJF2X6JJSO8eD2.jpg','jpg','image/jpeg','5025','2024-12-15 14:26:28','2024-12-15 14:26:28'),
(206,1,'sN8myIv2l69OSsIAVms2E1DR2hxskyBSZtLt2Jr0.jpeg','public_storage','media/gTvIjeTDHXZPqWFyxTlMinfwGwFiYhroiOsJFkAr.jpg','jpg','image/jpeg','4081','2024-12-15 14:26:28','2024-12-15 14:26:28'),
(207,1,'t0DE4OqJpd9fP2sMsSqPxbFqJFJfeIHwU35t7abK.jpeg','public_storage','media/kRjLnu7TCQgEk3HXqgPj09NKZXYiuxmyvLcgtmGV.jpg','jpg','image/jpeg','10999','2024-12-15 14:26:28','2024-12-15 14:26:28'),
(208,1,'z5cdjW4F5oStfTljUpFWCPzFL2r1MVTR4k4lS0a9.jpeg','public_storage','media/rpyZ8HvO9OAjPq2euJtRMsMekndpDzJPeSk8UgH2.jpg','jpg','image/jpeg','56892','2024-12-15 14:26:29','2024-12-15 14:26:29'),
(209,1,'mceu_38606860011734565462182.jpg','public_storage','media/h92tcfj32no8BnE2XzgbvIcbDlbeoiQhkf6f0lsx.jpg','jpg','image/jpeg','279463','2024-12-18 17:44:32','2024-12-18 17:44:32'),
(210,1,'mceu_93460203121734565476788.jpg','public_storage','media/j8ZYg7RHZY1jKesbv8Eux3v8Ae10t1mTUAWFyt6c.jpg','jpg','image/jpeg','277592','2024-12-18 17:44:43','2024-12-18 17:44:43'),
(211,1,'mceu_76981995031734565484465.jpg','public_storage','media/jBJNVXKzRT5LTsHbK9fTkrI0JWDvKbLJ7t39gENA.jpg','jpg','image/jpeg','231848','2024-12-18 17:44:49','2024-12-18 17:44:49'),
(212,1,'mceu_85213945441734565495622.jpg','public_storage','media/ywLu0orQAifRlzImcHyQtM8uEZB0J5wfv3yHJwCA.jpg','jpg','image/jpeg','295576','2024-12-18 17:45:01','2024-12-18 17:45:01'),
(213,1,'mceu_22101440451734565503574.jpg','public_storage','media/ccwKpKquv2t8NVxdPG9ZZXihncD4Aptpuc3LcGgc.jpg','jpg','image/jpeg','338530','2024-12-18 17:45:09','2024-12-18 17:45:09'),
(214,1,'MZPK9aVRsMo4QFcL68LqIWUGneR2XfyvRGOKmfCH.jpeg','public_storage','media/7qMDJjLOBLCv5vJNFARIDKBJ9qUqLbYB7EWtcvke.jpg','jpg','image/jpeg','3628','2024-12-18 17:48:22','2024-12-18 17:48:22'),
(215,1,'KBpDIxqSVpvMG6CXxNZtSVOaeRsiEx4dMFj6tqUY.jpeg','public_storage','media/Ao4FYGEbdZv7JFOhSR9KnWEYkq2Ov9dF3aGMj3V8.jpg','jpg','image/jpeg','22460','2024-12-18 17:48:22','2024-12-18 17:48:22'),
(216,1,'SZ0ZMvkE1sGVrXPnIFa5hY1RN7HqozW1ZFZUTLEB.jpeg','public_storage','media/ZSpeCWrtI0zw34ElSyqynJgHQR6XfLDN6sr6Ykse.jpg','jpg','image/jpeg','12699','2024-12-18 17:48:22','2024-12-18 17:48:22'),
(217,1,'xrYpk0FnbRPTZviAP1kZCqOEuFWg5UuVsPx2GNWK.jpeg','public_storage','media/isDpMpQyfasC2W0bN8JLQOpI3UXVKICM4Zodc1XN.jpg','jpg','image/jpeg','55039','2024-12-18 17:48:24','2024-12-18 17:48:24'),
(218,1,'yKYuA2CcEj2M5seF6r4y7JMPZW7DGyOiaoH7Tb4s.jpeg','public_storage','media/U1WFvAcHLkjXdkAqcleb9UrYUor1d6cCIdrOQ3D7.jpg','jpg','image/jpeg','21938','2024-12-18 17:48:24','2024-12-18 17:48:24'),
(219,1,'YP8pqSKYfPk0eRYl16t92rT8CF9ss2dpATroqbz7.jpeg','public_storage','media/MZ4urOgfYROfij0h8ga3JOLNB9E04vmIotP2xHqS.jpg','jpg','image/jpeg','5470','2024-12-18 17:48:24','2024-12-18 17:48:24'),
(220,1,'P9UF8sprnzBNqEnbAd2j82UA4b0fzk85uIZp4H4s.png','public_storage','media/cenkfoSBcrOmueieLYIVzG2t70PCNXTi5wQvpgfv.png','png','image/png','2585','2024-12-18 17:50:34','2024-12-18 17:50:34'),
(221,1,'HCnFzhPjhvHNJa3CqJLDkVSCYGEb8sQSLFbGqcD0.jpeg','public_storage','media/0KE4gSAH64e38P5BTsyuIs8K8poCDHx6dWbcxOXk.jpg','jpg','image/jpeg','15781','2024-12-18 17:58:24','2024-12-18 17:58:24'),
(222,1,'FZmhz7wiRPg12xK6KOpAKLVcKeAGfPTwcAP6rV5Y.jpeg','public_storage','media/A3Y7FIP7TX5pcOzsoAyGvsBC98vVinEik6Sv6lZv.jpg','jpg','image/jpeg','28018','2024-12-18 17:58:25','2024-12-18 17:58:25'),
(223,1,'hLxwUN5FrArFZMDNU80er47JFmVGoGFzcgsB8MXt.jpeg','public_storage','media/3oUZMFzxY1jIt0bkTJC7IbYnoeo6q4h9onzR15Bm.jpg','jpg','image/jpeg','19063','2024-12-18 17:58:26','2024-12-18 17:58:26'),
(224,1,'ML3zJk335LKRIopWhSZXyVYYs2KVRvZUEZxF16tb.jpeg','public_storage','media/6T5x0C1wiAuZyVEIPJ6gkMJQUD0jjobOTmC72UdB.jpg','jpg','image/jpeg','8942','2024-12-18 17:58:26','2024-12-18 17:58:26'),
(225,1,'N3l2dxyAAVdWYuB3KcaASJSbknQVgSPjSUY8kEXA.jpeg','public_storage','media/VAUgVkM3mX2tdTal1D2hSV8HIQVFNnelZGuqLX4n.jpg','jpg','image/jpeg','51415','2024-12-18 17:58:27','2024-12-18 17:58:27'),
(226,1,'SvepYWn4I0iTu3CxdMAhXngQOd8X1iXNWnjAiDIN.jpeg','public_storage','media/DDpxEU1DnEXKnI16854HUgoDwnSDv817B0rRbIcN.jpg','jpg','image/jpeg','2240','2024-12-18 17:58:27','2024-12-18 17:58:27'),
(227,1,'YxbmC2r3ROsH8CabXzCB2B1fTq3msqOwV6bVApgl.jpeg','public_storage','media/Rmedbdpw9QJjmBv5LHchG6iyyboJkfTRAa6AjyFz.jpg','jpg','image/jpeg','53400','2024-12-18 17:58:29','2024-12-18 17:58:29'),
(228,1,'mceu_27044673511734566391531.jpg','public_storage','media/mkQFEyic4zatKoRJXJxn411r78x2087aIc9DneqO.jpg','jpg','image/jpeg','28018','2024-12-18 17:59:53','2024-12-18 17:59:53'),
(229,1,'mceu_6381751921734566529379.jpg','public_storage','media/ldctLCnUYEUZXieiTrkiTPX68x71RYHYGmKv7yID.jpg','jpg','image/jpeg','10334','2024-12-18 18:02:11','2024-12-18 18:02:11'),
(230,1,'cyLyeyxqiObCChRBMc74kUTnt65cFxS4tngXOflA.jpeg','public_storage','media/NI9AoiCRd0nyENfc2cmhM5BpmbYPG3mvM2AGQrJY.jpg','jpg','image/jpeg','10334','2024-12-18 18:03:33','2024-12-18 18:03:33'),
(231,1,'AEfIxPUkFBh9dCEJrwsNiSpVZ84XpzcBtBo3hxXH.jpeg','public_storage','media/OtAWJllIKeduDViUBpwuZUYR9Lu7DwHdroRxvArD.jpg','jpg','image/jpeg','9961','2024-12-18 18:03:56','2024-12-18 18:03:56'),
(232,1,'rs1qi5XN1SvEGnxd3vqbWoa7Zc8ySGuIyE4vzQy5.jpeg','public_storage','media/4nAJi48t63LMweHC4iAlDYHm6kPIns9b54x3nkI1.jpg','jpg','image/jpeg','5340','2024-12-18 18:04:14','2024-12-18 18:04:14'),
(233,1,'mceu_83323881311734567379335.png','public_storage','media/qm3l8IFwsMalCHygS2CFrKaso2txNDlP0UmrVssv.png','png','image/png','403560','2024-12-18 18:16:25','2024-12-18 18:16:25'),
(234,1,'mceu_74340632121734567405718.jpg','public_storage','media/Iy4QjWr7sYFVlTSK0UoPbiBHVA2tBprVgiPlkFdw.jpg','jpg','image/jpeg','66739','2024-12-18 18:16:47','2024-12-18 18:16:47'),
(235,1,'fL6hkjt6EKRzQHDYUKrqP6T6xMeNuEl7ao9mpZkG.jpeg','public_storage','media/PCERKx94HQ3Hyb0q6ZZgPQXCAnNviMbUyJoeq1Rh.jpg','jpg','image/jpeg','12805','2024-12-18 18:19:00','2024-12-18 18:19:00'),
(236,1,'7I6k2ei8a2aWZZK0OwgMZXId9rWuZgR4TRAcC8hX.jpeg','public_storage','media/PmXDW9vEumTDhm2rxOAaWYabu7U2kacjKGmm8dqZ.jpg','jpg','image/jpeg','36097','2024-12-18 18:19:00','2024-12-18 18:19:00'),
(237,1,'I4Uzq5yUwfFR8eXpBFvuTLcgaasKHTNQNb6uuJfC.jpeg','public_storage','media/cBx55WXzECtEUI2IBUeQ9QP8q60oZpzWW3PJmz58.jpg','jpg','image/jpeg','14251','2024-12-18 18:19:01','2024-12-18 18:19:01'),
(238,1,'JSBawnXuiglsclxQLYYcvKtTjpbgIXTVMM7q3N4L.jpeg','public_storage','media/yBEn7tKo2bd0GXtn9PXPFU23SrsdLFn2FawVNTul.jpg','jpg','image/jpeg','17166','2024-12-18 18:19:01','2024-12-18 18:19:01'),
(239,1,'NO6LY4fkgZAv5FJKaT76cViIWk7UJgjayvS8aKCO.jpeg','public_storage','media/ptjvRQTlvfZb3YUwEqixMwPylyz3adEd4f5u4dlv.jpg','jpg','image/jpeg','4973','2024-12-18 18:19:01','2024-12-18 18:19:01'),
(240,1,'ql8PUNP1ffXbkBXZKoRNpuU70GsYWibL7DSDflHp.jpeg','public_storage','media/fAI89bzY2vv9mRpicpaOXUXzkzb96rObxDShmRKS.jpg','jpg','image/jpeg','7250','2024-12-18 18:19:01','2024-12-18 18:19:01'),
(241,1,'mceu_70744221411734569231418.jpg','public_storage','media/jjI8qa1mffwsZ78yYrzsihMfwQsiNPVvJ745nPp7.jpg','jpg','image/jpeg','99021','2024-12-18 18:47:14','2024-12-18 18:47:14'),
(242,1,'mceu_71936693921734569241564.jpg','public_storage','media/7yzNReflSNfOigKJSTjkoM9O2l4ZnnKID5YAP2Dy.jpg','jpg','image/jpeg','181033','2024-12-18 18:47:24','2024-12-18 18:47:24'),
(243,1,'bkiTxZWCluvszYH4NYb46FPWAaMQqulXP0yy3mAT.jpeg','public_storage','media/GnVMBqpxn6QoPFFuPIaaYJgrf0f9osQCmLn6INaw.jpg','jpg','image/jpeg','3635','2024-12-18 18:49:31','2024-12-18 18:49:31'),
(244,1,'hJdhrZwBw4HmZMEsPZAMNTOaODHfboWux19bUT1q.jpeg','public_storage','media/6xr7sHMopqv6NfWeMatBhinjFElRkzg6w92RTlWT.jpg','jpg','image/jpeg','16010','2024-12-18 18:49:31','2024-12-18 18:49:31'),
(245,1,'PMVTCr2eippaRtmkwDT9lE1uDIx0J1wBsxvfLvmR.jpeg','public_storage','media/x5kAd0FHMfNLmNxEDhRpCTp6Uov6Jz4qpKCmB8y1.jpg','jpg','image/jpeg','4730','2024-12-18 18:49:32','2024-12-18 18:49:32'),
(246,1,'rgV8hSyyVgn5AqpAH7OeWMpfy6Kksd33xMnfBB2J.jpeg','public_storage','media/T0rBaY0kGmI3vKpJh6n4hk3HOu93F7cwIT5RHutJ.jpg','jpg','image/jpeg','36996','2024-12-18 18:49:32','2024-12-18 18:49:32'),
(247,1,'V8FBVO3gBNG5LYbWmlkd8qbEI4Om14G6tnvsRzAJ.jpeg','public_storage','media/ibLganEclJV5PvOXm4Et4BLtCwa2WVdCEcfJVIQ1.jpg','jpg','image/jpeg','8546','2024-12-18 18:49:32','2024-12-18 18:49:32'),
(248,1,'Y5peQDkPCl1eiY8v8WPfYlZwresUmTuq0zi1CnBm.jpeg','public_storage','media/ta7XzY0PDJFb19fW731aGQhDUvERRICvxKZMNMJu.jpg','jpg','image/jpeg','15841','2024-12-18 18:49:32','2024-12-18 18:49:32'),
(249,1,'7t4Jue5QmT8YTskjlQO17bkFGWW2m1ItuEHrJnjY.jpeg','public_storage','media/vpzMeDyermhMlZGi9TN0g0hEyYG7eUpTVfSFflOh.jpg','jpg','image/jpeg','5596','2024-12-18 19:02:33','2024-12-18 19:02:33'),
(250,1,'G9NTv78PyOutz8tobeUq3hEx6ayZmrYBR7FwoCKy.jpeg','public_storage','media/BFoYwjonS2yyUEiGOPpTGnL90fKlTI8ZhoZRc2OH.jpg','jpg','image/jpeg','96176','2024-12-18 19:02:35','2024-12-18 19:02:35'),
(251,1,'iS5TeuknZSATCr4m6CQLknCsdGkNbX1hfqj87zrr.jpeg','public_storage','media/lBCztQfWT0ch14cEl72yGjw0oL3BuU7iVahqQYjI.jpg','jpg','image/jpeg','1930','2024-12-18 19:02:35','2024-12-18 19:02:35'),
(252,1,'N7SHvUW5DDnnmbW21OijpQ6wpEIROu8BQaIoSd7d.jpeg','public_storage','media/gcfgDzEXZEgi0hoW5imQap5ZyiTsEv8Eh2Uh5K0k.jpg','jpg','image/jpeg','23905','2024-12-18 19:02:35','2024-12-18 19:02:35'),
(253,1,'wyxKpCZqrW6DFWr9ERLr91T4IpAEwTqn2V1Z4NgI.jpeg','public_storage','media/gGdy60DR7IYiqP3PyEHCaNRmKRhTEtLV2MWe4yXu.jpg','jpg','image/jpeg','16565','2024-12-18 19:02:35','2024-12-18 19:02:35'),
(254,1,'mceu_27692887511734570631634.jpg','public_storage','media/Lrx91en1tw0LNjuteE3w4ktlRydLjgXxkyl437Eh.jpg','jpg','image/jpeg','104706','2024-12-18 19:10:35','2024-12-18 19:10:35'),
(255,1,'mceu_87358457121734570645640.jpg','public_storage','media/3Gb0PKB7LjN7n6TJ0rk6hY78Fnb5Tesm1wnx8lRn.jpg','jpg','image/jpeg','37847','2024-12-18 19:10:47','2024-12-18 19:10:47'),
(256,1,'Cpdl06dJNnpC420IIbaxyKPkPkjtOlDYu2WU2jiB.jpeg','public_storage','media/y6Tv3mVbFhnLdtSHnPpoB6CMjq2kwBQfrvGudkfw.jpg','jpg','image/jpeg','15555','2024-12-18 19:12:07','2024-12-18 19:12:07'),
(257,1,'CQo8vbbzRhKSnkLcQlRK4ytRYfpSVEzt3CrNaThr.jpeg','public_storage','media/mSCbVWmGsvya7YV5W68VIMhM51xMjblsVOFNNtqL.jpg','jpg','image/jpeg','20984','2024-12-18 19:12:07','2024-12-18 19:12:07'),
(258,1,'kaR6V3AiMcnILVwxgbZFwdny0APtYIgaTsavjMxH.jpeg','public_storage','media/hNfucMgCXnZIQ2DTH7wib5d96zJr6GKVtbzZ7iSc.jpg','jpg','image/jpeg','15198','2024-12-18 19:12:07','2024-12-18 19:12:07'),
(259,1,'wmZkTMFZbLzKKrgp0II5TuvNA0ZXs2vAnNdiN6zd.jpeg','public_storage','media/Lox4U51BLZyKWJdIWXGtUWS3VdjyCfUe40sD2wWj.jpg','jpg','image/jpeg','15229','2024-12-18 19:12:07','2024-12-18 19:12:07'),
(260,1,'XASi3GwGTB8Yz2wqFBpjAXKhRpyPAHZzJHpj6Z5a.jpeg','public_storage','media/02JSujNFzsRkuKN3OJNX8U9Afg9USWq9AmFKX68Q.jpg','jpg','image/jpeg','21904','2024-12-18 19:12:08','2024-12-18 19:12:08'),
(261,1,'mceu_91013077911734614454558.webp','public_storage','media/Hz8PBCqwrEvCIpdqGiPAViORnvq1ROFPFCQ3PIYZ.webp','webp','image/webp','153552','2024-12-19 07:20:56','2024-12-19 07:20:56'),
(262,1,'mceu_82726274821734614464747.webp','public_storage','media/jFcya2USFJ9EicfGbn8JdTzXN0WXJG8Olszl9Kgo.webp','webp','image/webp','111126','2024-12-19 07:21:07','2024-12-19 07:21:07'),
(263,1,'mceu_47050117431734614480947.webp','public_storage','media/wKZEDU8D3RW7OYvQcejzFntQaE5Vu2NTUbzEzWpb.webp','webp','image/webp','132918','2024-12-19 07:21:23','2024-12-19 07:21:23'),
(264,1,'mceu_30363654541734614497005.webp','public_storage','media/3lacOxdRh9RDpgiVvshOnjVyha2OmAyNl7ItunAH.webp','webp','image/webp','74842','2024-12-19 07:21:39','2024-12-19 07:21:39'),
(265,1,'mceu_78301840151734614510992.webp','public_storage','media/QUuFlAMXpgzrtiy5Do20E47pv3kvbRrtwdRdAW1e.webp','webp','image/webp','50616','2024-12-19 07:21:53','2024-12-19 07:21:53'),
(266,1,'KfHRX0bFpPiquCMEvPpPhFEJZdzfh0A1lohB7yT6.webp','public_storage','media/y6QBP6Lfe8JEcIetH6BE1yDKomsfaPqsrUMBtvQt.webp','webp','image/webp','68956','2024-12-19 07:23:05','2024-12-19 07:23:05'),
(267,1,'msY35C8ab6WGMYZQHhQYzKOXbInZn0u1VHlaflfT.jpeg','public_storage','media/1omOoSQ3cbjOFIptDtInv7Zc4ruZAazTzi3XshDf.jpg','jpg','image/jpeg','125440','2024-12-19 07:23:05','2024-12-19 07:23:05'),
(268,1,'NtnP9ktQfOAl3K4LGxAm7R3SrXkkEQdE6vbRiGRe.webp','public_storage','media/OHdVpFepTnQiHIcnqGDQaBLZKDQ1YgQBx1cVYhOM.webp','webp','image/webp','152050','2024-12-19 07:23:07','2024-12-19 07:23:07'),
(269,1,'PiXLXLbAdkjhNVju7SEqb8WZfqedTo7XVW9s6NAX.webp','public_storage','media/lOnvxcV3XFh5GpSfK7dP7jAKCcmq6yuNdCfLpbnc.webp','webp','image/webp','120336','2024-12-19 07:23:07','2024-12-19 07:23:07'),
(270,1,'tL26LmJVQ6w86LJtKWF2PIIc1TccijL5CoXR2auu.jpeg','public_storage','media/U9hAaMdRpek2CUerKBzpenM4PL2Z1r4oAAvBH7yu.jpg','jpg','image/jpeg','387993','2024-12-19 07:23:11','2024-12-19 07:23:11'),
(271,1,'mceu_60572137711734615117226.jpg','public_storage','media/R07bNrPjKrPAREhv1jXO2hbLeG7RQwEhmAunr4LU.jpg','jpg','image/jpeg','236025','2024-12-19 07:32:03','2024-12-19 07:32:03'),
(272,1,'mceu_25450670021734615126170.jpg','public_storage','media/0grz5fQEhEYaFul5sA9rFsYhKhhQqviKvYV1FPIW.jpg','jpg','image/jpeg','93804','2024-12-19 07:32:09','2024-12-19 07:32:09'),
(273,1,'mceu_37961044331734615213840.jpg','public_storage','media/SqLNDtJyaI6vgWgIfU2aB5J1Hi800wq37OzbYXEs.jpg','jpg','image/jpeg','90113','2024-12-19 07:33:36','2024-12-19 07:33:36'),
(274,1,'mceu_43830201941734615220635.jpg','public_storage','media/SHHxrZ7LpOVsU72rdD6hUpgqyfPekaEEf7bQPoLP.jpg','jpg','image/jpeg','212531','2024-12-19 07:33:43','2024-12-19 07:33:43'),
(275,1,'mceu_97156698051734615231056.jpg','public_storage','media/2l8ww5IgvfqElW4lfKPytc2U0dOu1IMtTICPE3jS.jpg','jpg','image/jpeg','71395','2024-12-19 07:33:53','2024-12-19 07:33:53'),
(276,1,'mceu_16840827761734615236790.jpg','public_storage','media/peQcCcJsVnXSlFGzkXRn5QmWlJ0nozCBUKlT8BnU.jpg','jpg','image/jpeg','93185','2024-12-19 07:33:57','2024-12-19 07:33:57'),
(277,1,'8j1xm9CnJ3ZtqtBisByDkx08evyspPTIFLC9VrVH.jpeg','public_storage','media/Bj1YS7PmXhvCryc8X6aH7uCRHzOWJyN2nSt8QdlU.jpg','jpg','image/jpeg','70221','2024-12-19 07:35:56','2024-12-19 07:35:56'),
(278,1,'FqeOzTXj7N3YIKK5CuZ7rAtz0vcVSaoJkx9QzLy7.jpeg','public_storage','media/SsXkoYTl7MpOZELzpVuRvXlfOBPl9njvXIWn7Jok.jpg','jpg','image/jpeg','198790','2024-12-19 07:35:56','2024-12-19 07:35:56'),
(279,1,'GcP1rMDcwQr7ZFrlITgq6qflXUYhqJw4zBSg9w3t.jpeg','public_storage','media/HGq4ywjWb0yJX8SxVkDa1muko3is9m0Q78dTxC44.jpg','jpg','image/jpeg','164079','2024-12-19 07:35:57','2024-12-19 07:35:57'),
(280,1,'N0EGTcVa5bSdGhmGoES8SCrK68ms2EuFb54MRMai.jpeg','public_storage','media/4n9UiY4vaYsYdOqLvbTqTAqZlxRbu6buDCXa4JtD.jpg','jpg','image/jpeg','111516','2024-12-19 07:35:57','2024-12-19 07:35:57'),
(282,1,'SyMOtxislbFiVcjobzA4QQhC8kfwXefQoFI7JakA.jpeg','public_storage','media/xBoH8MNuSO9P0sW9g8Zy0kNQHIdt7M8N0HQiGUOM.jpg','jpg','image/jpeg','93804','2024-12-19 07:35:58','2024-12-19 07:35:58'),
(283,1,'ziT8ehWy4pdnMElOf7HeHKB70STkQ7SXvdiaUpAE.jpeg','public_storage','media/IseLC9wWMYmSklO9j662nsm58ldiEUE7soHwRsNu.jpg','jpg','image/jpeg','202748','2024-12-19 07:35:58','2024-12-19 07:35:58'),
(284,1,'ZsgmBeeg0zmDCYF81iUrquVexs2sZUu41x1orJ4k.jpeg','public_storage','media/VdxkhNdFmOhH4RpVOEA9AqMrT2fZsp53tzThqFc8.jpg','jpg','image/jpeg','236025','2024-12-19 07:35:59','2024-12-19 07:35:59'),
(285,1,'mceu_25517397211734616715066.webp','public_storage','media/fSYgHrloUKeArQknlbcBG9JWnYafbZDUsA7IJkld.webp','webp','image/webp','66066','2024-12-19 07:58:38','2024-12-19 07:58:38'),
(286,1,'mceu_35031719421734616725716.webp','public_storage','media/J4AAfoRhnum2g3fZHvDoLam4WJ7dCQk1iUDnCTP2.webp','webp','image/webp','68530','2024-12-19 07:58:49','2024-12-19 07:58:49'),
(287,1,'mceu_90058555331734616741442.webp','public_storage','media/9m0iJnSt1oW175Wkp96gFsxkHir5DGpNNPSmKetI.webp','webp','image/webp','70058','2024-12-19 07:59:04','2024-12-19 07:59:04'),
(288,1,'mceu_45531367541734616755778.jpg','public_storage','media/43vrtXbPGuyuI1rECUPkGXLrVhgf3GsqhCLjQiAg.jpg','jpg','image/jpeg','193078','2024-12-19 07:59:37','2024-12-19 07:59:37'),
(289,1,'4mcWXHerngpeXB78kulSjc3VibWGvwzPrwqyvEYc.webp','public_storage','media/VlXyOEv2mvpMcDvnmj5loysZHrFlFd4JzD0o93uR.webp','webp','image/webp','40380','2024-12-19 08:05:54','2024-12-19 08:05:54'),
(290,1,'dEXCmc83rKRcLCa6kJQxM1XHZnPxCr6WujYgBfab.jpeg','public_storage','media/Fe3j8tXymnuGoGjFM59mCFepQinhyBGa1xlbOJdJ.jpg','jpg','image/jpeg','37328','2024-12-19 08:05:54','2024-12-19 08:05:54'),
(291,1,'DOgay8jOu5cV2DEgkdgSPIPsoUn7hwOucLQLPShQ.webp','public_storage','media/a4CzgcskU75ONp3AqyKqfpGuOQOyM5s5nDZczpYD.webp','webp','image/webp','31198','2024-12-19 08:05:56','2024-12-19 08:05:56'),
(292,1,'pkOEq5za5AinXcNw71C5Jm0H5Wr9Q5EpHFezGMxs.webp','public_storage','media/9yIr2cQpUl2YlakQEol89uuZ3qRQHXIo7duVqbOg.webp','webp','image/webp','22074','2024-12-19 08:05:56','2024-12-19 08:05:56'),
(293,1,'y6ywKgxIJhzlqMZrvaQwcZ78O3zHKpgWk8fQTl3g.webp','public_storage','media/UqW1rgSFX7CBi5xgfvP5S6f8XtdK68rp5GeEVve9.webp','webp','image/webp','62526','2024-12-19 08:05:56','2024-12-19 08:05:56'),
(294,1,'mceu_26983964411734617650091.jpg','public_storage','media/UfdhhWqfD0ezOWNGLd4cFu5srxIYJg2SRc0gzMXK.jpg','jpg','image/jpeg','92332','2024-12-19 08:14:19','2024-12-19 08:14:19'),
(295,1,'mceu_31275890021734617664193.jpg','public_storage','media/PXJmBdw8KExRxQQVTxbJwlgFTlxI8H6kLoc61oi9.jpg','jpg','image/jpeg','92332','2024-12-19 08:14:38','2024-12-19 08:14:38'),
(296,1,'mceu_50072620931734617678214.webp','public_storage','media/KqQeifdM6dyeGxzfc4iabmTUIVhHVOrtbuuy9rNp.webp','webp','image/webp','47452','2024-12-19 08:14:41','2024-12-19 08:14:41'),
(297,1,'mceu_10664415041734617693902.webp','public_storage','media/UQ47HMtg8AVQ01rejeOnBoUZeguwFBPxKxYDHmQX.webp','webp','image/webp','23928','2024-12-19 08:14:57','2024-12-19 08:14:57'),
(298,1,'BMfJWpzzwaAR0OX7JJKS0jx45tU08f5QB7K2F8od.webp','public_storage','media/5nNx6zo1345TmHQ9Qij5QdJVxD1D66QF7wSgt7nr.webp','webp','image/webp','52912','2024-12-19 08:15:45','2024-12-19 08:15:45'),
(299,1,'0ToGvCqLwEoobsNxQWlsIaiSrWH6Azcbw1K8xBzj.jpeg','public_storage','media/rGqtZ9ewkgI2SYTXpZB1Pw0JpvvBWoVwAREm9bAI.jpg','jpg','image/jpeg','96858','2024-12-19 08:15:48','2024-12-19 08:15:48'),
(300,1,'ExWTDzhcVr0sEzUqT5rMdP3PMqxK6A4vftEW7sWd.webp','public_storage','media/7PlG7FqQoWLKr1zOOQA0JdFxp9tuq5jbAvgEznN8.webp','webp','image/webp','33540','2024-12-19 08:15:49','2024-12-19 08:15:49'),
(301,1,'KE1O5euA4t61bDFfmBqmExCpVjItdf9MQF2EnAtV.webp','public_storage','media/0p3omgySsXzdbtQhFVcRkBmiCmjjyy93s8ABTezj.webp','webp','image/webp','43754','2024-12-19 08:15:57','2024-12-19 08:15:57'),
(302,1,'u6b7bclsuHxSVD9Uwn1405neSBqyJLFThQbK10l4.webp','public_storage','media/zBy2jKqNq0A4fPIpM89uWQl6yet4qqNuAU6jCKSK.webp','webp','image/webp','23928','2024-12-19 08:15:58','2024-12-19 08:15:58'),
(303,1,'UDC1UdfVESfsrcBjMjwqDG3FgCk6Xosuf1XGbG60.jpeg','public_storage','media/Pksgkt4IOGJoi85fZXl1JL8sv0A8RzM72yYUPz0I.jpg','jpg','image/jpeg','43362','2024-12-19 08:15:59','2024-12-19 08:15:59'),
(304,1,'5tFueLIgoqovwCtvE5P0TidfGFrWu7JbfxNmjfbO.webp','public_storage','media/zrvOjABAF9NcXmhWPg0CFfxystLBr8GFWQwNY4jo.webp','webp','image/webp','28802','2024-12-19 08:45:18','2024-12-19 08:45:18'),
(305,1,'60IGBu5N3FABdTfUYkgqvjVBmMwXh5e9N4INkXFK.jpeg','public_storage','media/MKDpxRjlu75PXduqvxB4ZDNMa0spZFQf9NBKm72V.jpg','jpg','image/jpeg','59875','2024-12-19 08:45:18','2024-12-19 08:45:18'),
(306,1,'Cm4lMfTUbxxuKtzvPa4WHpK3lWM0YcO2uCVNs95K.jpeg','public_storage','media/caY3QqrmQiBvK4gC7nZMizQ10FVqlKFLmNJmed4L.jpg','jpg','image/jpeg','36772','2024-12-19 08:45:19','2024-12-19 08:45:19'),
(307,1,'GfRx3sgI6DPw5ylC9nIktIjfhgocCBY8meWKZ4Vp.webp','public_storage','media/haLqgeClEdVRGdnBUWV0dzdt4rR1ZqH2eWXUEyGe.webp','webp','image/webp','33246','2024-12-19 08:45:19','2024-12-19 08:45:19'),
(308,1,'h6iXVkKF0aBHvywQaWScPSkfi48hpVi1JOYycixu.jpeg','public_storage','media/ta3cy1kCuKgZHUFyiuICT8YWT9O9xLlbFFqx7VWm.jpg','jpg','image/jpeg','67254','2024-12-19 08:45:20','2024-12-19 08:45:20'),
(309,1,'rHs2uVHF3F1zJHwAVxrZBZnORm2b0MEIeXqvHViy.jpeg','public_storage','media/JRnPsmH42yTIk5Z9JISdCqooXRWndPAfM1DRdAFd.jpg','jpg','image/jpeg','36207','2024-12-19 08:45:20','2024-12-19 08:45:20'),
(310,1,'mceu_49822041851734619857695.jpg','public_storage','media/ou0k1DFRFR5J8eC80xSleGpjFvfHmC9BqVvcDMfi.jpg','jpg','image/jpeg','53281','2024-12-19 08:51:00','2024-12-19 08:51:00'),
(311,1,'mceu_25797097861734619866951.jpg','public_storage','media/xFskMbOcBaQjPkHsOAc9VNzoEsc52zYKFZVocsmV.jpg','jpg','image/jpeg','67254','2024-12-19 08:51:09','2024-12-19 08:51:09'),
(312,1,'mceu_80448140571734619878915.jpg','public_storage','media/caZguG3X0wiVzBZoncpjLoH7MccE3LmL0ouRewgY.jpg','jpg','image/jpeg','50759','2024-12-19 08:51:20','2024-12-19 08:51:20'),
(313,1,'mceu_40550456481734619886698.jpg','public_storage','media/jxxcQT9BI62njL3mthasaxULPJtFkyzU3iJF3ppq.jpg','jpg','image/jpeg','48932','2024-12-19 08:51:29','2024-12-19 08:51:29'),
(314,1,'8YtWBRUVadeipL1QWgpaOZZnRsIV9zfE9BHCPtZo.webp','public_storage','media/82OdOQCHnLZlnPAMASpmlIhjpxE6gJpeS1LvErkJ.webp','webp','image/webp','102170','2024-12-19 09:05:17','2024-12-19 09:05:17'),
(315,1,'irRFYu0fYf0al4jJNqWSbAk246gKgcfAXSBpDzS7.jpeg','public_storage','media/QEK5XgwQM7wN7xhZl7dxw3MNyrxkAd2rZP0StF63.jpg','jpg','image/jpeg','361604','2024-12-19 09:05:23','2024-12-19 09:05:23'),
(316,1,'R3ldoiQbuZ7yNUkYL70LNL8NksYSAu8mEHzbDS3Q.webp','public_storage','media/xfuKLoQMuRMH9aRJxqcTMiIFFfEiQt28Yf0x0eGZ.webp','webp','image/webp','40764','2024-12-19 09:05:23','2024-12-19 09:05:23'),
(317,1,'s4TBBMH3XlJ216w9oTOSRW20mcLsx09QHkS9IC6f.webp','public_storage','media/CuXmblbAZUCXCxmLzvbP54SFcMBCRAuiE0dwaP21.webp','webp','image/webp','87528','2024-12-19 09:05:26','2024-12-19 09:05:26'),
(318,1,'mceu_20675806211734620819791.jpg','public_storage','media/Uw4UyjY2lKe0OC5JfRD1LkdwqJ8JN0kxOmkTApqU.jpg','jpg','image/jpeg','594040','2024-12-19 09:07:15','2024-12-19 09:07:15'),
(319,1,'mceu_73133957321734620832212.jpg','public_storage','media/u6ONfLIphLkMHiTME1rDZt04PPCM4yJ1YbHt9DlH.jpg','jpg','image/jpeg','642095','2024-12-19 09:07:22','2024-12-19 09:07:22'),
(320,1,'blobid0.jpg','public_storage','media/49HBMuPwgS1u5F5V7eQmxnRXBS5Ju5zi5bYGUyiN.jpg','jpg','image/jpeg','642095','2024-12-19 09:07:50','2024-12-19 09:07:50'),
(321,1,'mceu_70677032911734622070391.jpg','public_storage','media/xjK7kVZIOZd0Wo5AYHyBz2EV6Oizv7YPVN6R0dWx.jpg','jpg','image/jpeg','113709','2024-12-19 09:27:57','2024-12-19 09:27:57'),
(322,1,'mceu_95199979221734622092987.jpg','public_storage','media/rYrbfMfy4IKmfKJqCPDMGAozp55VNFWf1knwoprB.jpg','jpg','image/jpeg','122379','2024-12-19 09:28:21','2024-12-19 09:28:21'),
(323,1,'mceu_68739582531734622100641.jpg','public_storage','media/RCl0fQfXyncP9c2c5xvGl3UqjZVoa54rPXb1vcmi.jpg','jpg','image/jpeg','55581','2024-12-19 09:28:26','2024-12-19 09:28:26'),
(324,1,'mceu_69796850841734622110950.jpg','public_storage','media/eYNj8ohp7pV6xbwszF7rnmABt6FB7aOKmHu3ICsj.jpg','jpg','image/jpeg','122379','2024-12-19 09:28:34','2024-12-19 09:28:34'),
(325,1,'mceu_30787538751734622124856.jpg','public_storage','media/gUIkbiodOqJ357tt4YoFzKeqMB18JkXyWU1GHaE4.jpg','jpg','image/jpeg','188414','2024-12-19 09:28:55','2024-12-19 09:28:55'),
(326,1,'mceu_50134373861734622137640.jpg','public_storage','media/jNXuNkp9P3oL03Gru837KuZsSjDL9hj6YHwZeR9g.jpg','jpg','image/jpeg','79443','2024-12-19 09:29:01','2024-12-19 09:29:01'),
(327,1,'mceu_63973948471734622147778.jpg','public_storage','media/eFlfqH8dCz89NJWsL1HT5d2NeAHXQ8YLslcA1Txm.jpg','jpg','image/jpeg','82363','2024-12-19 09:29:12','2024-12-19 09:29:12'),
(328,1,'mceu_65261385681734622156065.jpg','public_storage','media/kZiW3EbZtoTvoQVHlGKDb6TMYWOag6g5G6vqQHKy.jpg','jpg','image/jpeg','104890','2024-12-19 09:29:24','2024-12-19 09:29:24'),
(329,1,'NJkNkAYAQEVtz1BjU1egOOmIdO6EoEHIHIV2AQvE.webp','public_storage','media/2T0MwfnHjQJHKFU0p5lSt3fO9NgPdX9Bbo5bHg1J.webp','webp','image/webp','150826','2024-12-19 09:32:45','2024-12-19 09:32:45'),
(330,1,'mnJ4yws5xK71O7xoHXdqw7QmQZPfOQLetO13sNgT.jpeg','public_storage','media/QPsNAE2irU4niMfX0qTjGwTfkfsY7RrZ1vMNABUV.jpg','jpg','image/jpeg','192069','2024-12-19 09:32:46','2024-12-19 09:32:46'),
(331,1,'U24E7ib7Mz0UrnjgZLXGpTg803N8XtYlgErTbRhI.webp','public_storage','media/LBViHGGEIpQBmlqfpTgS2VFpHuel1aePk5mzSOPr.webp','webp','image/webp','166686','2024-12-19 09:32:49','2024-12-19 09:32:49'),
(332,1,'X9vwZ29VqwsApAbrAi583n9BkIbe3EoCqajSRWmY.webp','public_storage','media/GaAknC1gds1JvpoXBq7qnNMK0L4K0V0jvuA6NbpU.webp','webp','image/webp','179190','2024-12-19 09:32:53','2024-12-19 09:32:53'),
(333,1,'1gsCeqaePCgFRk8VurWrW89Fa5FxZ4exFxvUASMH.jpeg','public_storage','media/uITnmieTfjhmDYGIt8hrjo2EuvrZcWWqU1vbZIrg.jpg','jpg','image/jpeg','8836','2024-12-19 11:18:00','2024-12-19 11:18:00'),
(334,1,'gHWwJD3yXDCIgVCdtHTdaEKPEpAvhPCByZBX7UNi.jpeg','public_storage','media/79TQWN5peLws3Dmr6ZCj4dZGYyaRXdSPsRZDiRKG.jpg','jpg','image/jpeg','18752','2024-12-19 11:18:02','2024-12-19 11:18:02'),
(335,1,'QoenZayYpEtyGzGet2ujEXswuXmzdxmTFxUAJKdW.jpeg','public_storage','media/h5E6RJm7E690EySSjWgPlqzqGqaHNQV9uTN1imz7.jpg','jpg','image/jpeg','24012','2024-12-19 11:18:02','2024-12-19 11:18:02'),
(336,1,'RQSZZecqxmwaglxjzTiXBxVTOdmpyi4lgvRur7zQ.jpeg','public_storage','media/UxLVAfPzbDqNY2VpDsNoZS1evr76y35cQz67hXdp.jpg','jpg','image/jpeg','37879','2024-12-19 11:18:03','2024-12-19 11:18:03'),
(337,1,'sUXjp98NlWNrxS0QCzAehHiPknehoMJhYHFYEEkC.jpeg','public_storage','media/ANQS7Tu9EXSW1vwkwDObFCGGNYYU5LW9LXQJXtHB.jpg','jpg','image/jpeg','39562','2024-12-19 11:18:03','2024-12-19 11:18:03'),
(338,1,'mceu_22435954211734628793014.jpg','public_storage','media/ehwArCEZuUvIOVbEudcdQD1lx3FHCSepjDJbFuUL.jpg','jpg','image/jpeg','229514','2024-12-19 11:20:00','2024-12-19 11:20:00'),
(339,1,'mceu_21358546821734628803752.jpg','public_storage','media/9dJcyRl7XYV0AQEybWNt3ahFbKS2cHX7RF3xDLQ4.jpg','jpg','image/jpeg','179579','2024-12-19 11:20:08','2024-12-19 11:20:08'),
(340,1,'mceu_52393363531734628809706.jpg','public_storage','media/bSZMaLnHfVNRA17Nc33fBIubqdqO6b0t0FTTDi8V.jpg','jpg','image/jpeg','200675','2024-12-19 11:20:14','2024-12-19 11:20:14'),
(341,1,'mceu_85830121411734629346220.webp','public_storage','media/T77Kga2D2vcksesF2jx7TPNFWJ3yR8X6wb2jW9lx.webp','webp','image/webp','121426','2024-12-19 11:29:08','2024-12-19 11:29:08'),
(342,1,'mceu_18923372721734629355661.webp','public_storage','media/awjitXpb64nPkWBKhVXDF8ShhZHS3QJoyDdXO2o3.webp','webp','image/webp','75374','2024-12-19 11:29:17','2024-12-19 11:29:17'),
(343,1,'mceu_72685707031734629366749.webp','public_storage','media/W2dc5TDbZdOr3lKqcwKIGiixRXLt6H3lO0Y9j4uS.webp','webp','image/webp','77632','2024-12-19 11:29:28','2024-12-19 11:29:28'),
(344,1,'mceu_57175891641734629376295.webp','public_storage','media/XbuTM8YsZoJpf2D15KwuWKZq3wlNYeBVuVNDuSnp.webp','webp','image/webp','347192','2024-12-19 11:29:39','2024-12-19 11:29:39'),
(345,1,'fVKVvVe360OOzYuVtiJAdzgLF6FUujhSxNKrkDuT.webp','public_storage','media/AZEMN36BvojFbqgXhrizOX4sKYhQXoUQgYBgXiuQ.webp','webp','image/webp','152696','2024-12-19 11:30:59','2024-12-19 11:30:59'),
(346,1,'53gw6jN7niqO0BWOBe932Lz7FvB2wFtJi8T2qdIF.jpeg','public_storage','media/cJHwcoIVGMpRj0Q6s8yZfoafDnpEIlC0Xu373plq.jpg','jpg','image/jpeg','276197','2024-12-19 11:30:59','2024-12-19 11:30:59'),
(347,1,'lwQ5R37o66EjTFI3JGwc39GwjvwUpteYr3V0sHJz.jpeg','public_storage','media/4gwThGb5CJxetBmyWWxdNrF5IqeNy27ry6Y2gQcA.jpg','jpg','image/jpeg','243721','2024-12-19 11:31:00','2024-12-19 11:31:00'),
(348,1,'ze48XWCHuPGNjxawHJsdGjLxjwLkp8J8k2akf0xr.webp','public_storage','media/KMNzhTG6w4BUHPDJZOqSvJ9a51rBaOh8ZN9W0bHF.webp','webp','image/webp','46650','2024-12-19 11:31:00','2024-12-19 11:31:00'),
(349,1,'mceu_84838736111734630213890.jpg','public_storage','media/Pi1bbcuT8Aw1ClA8THIkd6rDESXqGvd8rxcCCZix.jpg','jpg','image/jpeg','112721','2024-12-19 11:43:37','2024-12-19 11:43:37'),
(350,1,'mceu_34519493421734630220272.jpg','public_storage','media/t3tRWKsKgmdiPA5AtizTB3GxmcLZqgpQSx0MOI6u.jpg','jpg','image/jpeg','153018','2024-12-19 11:43:45','2024-12-19 11:43:45'),
(351,1,'mceu_6758893631734630229901.jpg','public_storage','media/6Od2EuAVTjXX3ZE4hXUgPknCmJyPtVLVhZA6tzmd.jpg','jpg','image/jpeg','140686','2024-12-19 11:43:55','2024-12-19 11:43:55'),
(352,1,'mceu_81927314241734630242747.jpg','public_storage','media/3x4Ry1vGPL1MgqWhZPuOImOi1q3sb3q36Nb5gopm.jpg','jpg','image/jpeg','131816','2024-12-19 11:44:08','2024-12-19 11:44:08'),
(353,1,'mceu_24265987551734630251549.jpg','public_storage','media/VKfEMznrEt4lZhuvAcbn3pXunhoQZ7z7fVdgINey.jpg','jpg','image/jpeg','169573','2024-12-19 11:44:15','2024-12-19 11:44:15'),
(354,1,'mceu_43812826361734630264845.jpg','public_storage','media/TrtM8S3CuSYH7jcwcv91YDB0Tq0bSFodHW3LAo8E.jpg','jpg','image/jpeg','124247','2024-12-19 11:44:30','2024-12-19 11:44:30'),
(355,1,'39iQtLK1Ob6wUQJJLp2FiJyF0tLdtByp2pzdgagi.jpeg','public_storage','media/Jaz8PeNLgGfJy1lJMCIiDqxdPXgrtZIJoT8GmXzu.jpg','jpg','image/jpeg','53344','2024-12-19 12:12:29','2024-12-19 12:12:29'),
(356,1,'1m95Ye60qoTWHGsvysLawWYbUNQnJQfcXKNBKi1Y.jpeg','public_storage','media/JukOqIugNpfncyoFm09ref4oc3RgCYA3uw5PsQbo.jpg','jpg','image/jpeg','105515','2024-12-19 12:12:29','2024-12-19 12:12:29'),
(357,1,'ISp5R1gDDdt1pt1ZSKV8PO76MwqZga0NwuOsd8YN.jpeg','public_storage','media/WDXaZRpf83cXaqWUqB7LkpQslbuMsZ5IWOCQ5osY.jpg','jpg','image/jpeg','96673','2024-12-19 12:12:30','2024-12-19 12:12:30'),
(358,1,'Trqf6CRaTMPMl38JKwPrcDncOfKcFNyYmG5vP8Xc.jpeg','public_storage','media/Toml6QLkhwwMOekFxLvRIKpTVHAuBCbwF3dFlxMc.jpg','jpg','image/jpeg','103457','2024-12-19 12:12:32','2024-12-19 12:12:32'),
(359,1,'xXP2TW5p3hvRZDmGnarSCWe2NxyDCAwoHRp2fw1R.jpeg','public_storage','media/cLxNLZEr6bn2ZTXALS7nx2KBGrh5oCvB5EMmPpCS.jpg','jpg','image/jpeg','95612','2024-12-19 12:12:34','2024-12-19 12:12:34'),
(360,1,'YMWhL8BuOEiVpsniAl4ZUHBLW0cPOy2F6kXFL2xb.jpeg','public_storage','media/GXaj5XEhbWuKvke2RjnNT1hHrGGaa4DdNd0ZkSS9.jpg','jpg','image/jpeg','82377','2024-12-19 12:12:34','2024-12-19 12:12:34'),
(361,1,'mceu_5915208011734632698979.jpg','public_storage','media/5j1WOWLXoa8TAPFTfouiK9sxdXx5ABIwYtSxkY3Q.jpg','jpg','image/jpeg','124584','2024-12-19 12:25:01','2024-12-19 12:25:01'),
(362,1,'mceu_79143662721734632714352.jpg','public_storage','media/MTRZfyu5Z7JDjXpNWguAjKrOuKHmun6UZUpZUA1n.jpg','jpg','image/jpeg','84994','2024-12-19 12:25:16','2024-12-19 12:25:16'),
(363,1,'mceu_93921841031734632722401.jpg','public_storage','media/kJJpqXtz6HzUysTPmohNfhzvWnrjm2bGLk7J8WPa.jpg','jpg','image/jpeg','159049','2024-12-19 12:25:24','2024-12-19 12:25:24'),
(364,1,'mceu_16227857341734632729769.jpg','public_storage','media/p8Zc6Lq7HrgjnAGLyR5diB4rvg5Aoq8UISc9LKyd.jpg','jpg','image/jpeg','75607','2024-12-19 12:25:32','2024-12-19 12:25:32'),
(372,1,'ZTSHOP-WHITE.png','public_storage','media/UICG9KVoicTqLWCXkxUXjmttg2xppI1WMQTDCp3f.png','png','image/png','54430','2024-12-19 18:19:27','2024-12-19 18:19:27'),
(373,1,'Diseño_sin_título-removebg-preview.png','public_storage','media/UfASclX40dwUNtGafkuAq2Xdmh2qC6ol3jzb0ksC.png','png','image/png','24919','2024-12-20 06:51:00','2024-12-20 06:51:00'),
(374,1,'ZTSHOP-removebg-preview.png','public_storage','media/xmioYnWNpoQrwh7XpswyimfpPwkk728SxokhJNPT.png','png','image/png','56749','2024-12-20 06:51:01','2024-12-20 06:51:01'),
(376,1,'ChatGPT Image 26 abr 2025, 10_11_04.png','public_storage','media/vuROuDQB0asuIQefKUAV4qyqfrFlvBedyfELa6LH.png','png','image/png','509098','2025-04-26 04:43:33','2025-04-26 04:43:33'),
(377,1,'ChatGPT_Image_26_abr_2025__10_11_04-removebg-preview.png','public_storage','media/TLOBCgKq7cVyiB3HVGP9EtGPioK4D9wKToH1dLsX.png','png','image/png','128324','2025-04-26 04:44:00','2025-04-26 04:44:00'),
(381,1,'logoumg.png','public_storage','media/WdEKg8xNVCUF8R4oKVuR2GVlqlRXpuP8rwz4LrdY.png','png','image/png','634831','2025-04-29 20:19:59','2025-04-29 20:19:59'),
(382,1,'logoumg.png','public_storage','media/urnZde3gP4J4tRsATDTpSuuQ82ZgbWKLsMZMkVRe.png','png','image/png','634831','2025-04-29 20:31:36','2025-04-29 20:31:36'),
(383,1,'Escudo_de_la_universidad_Mariano_Gálvez_Guatemala.svg.png','public_storage','media/MOv9KWmezqjYQjfNAUShl9NzXRoblZrDqeqoPdBY.png','png','image/png','216491','2025-04-29 20:31:44','2025-04-29 20:31:44'),
(384,1,'Escudo_de_la_universidad_Mariano_Gálvez_Guatemala.svg.png','public_storage','media/Rv7SFMn2MPaZk76ZQcUAqLxFMwW11DoysIBRUVUJ.png','png','image/png','216491','2025-04-29 20:39:02','2025-04-29 20:39:02'),
(385,1,'foto de mi - copia (2).jpg','public_storage','media/s0Qr15p3Pud8bmlBT3Bc0qUjWwH0bqfUsxvziF22.jpg','jpg','image/jpeg','347339','2025-04-29 20:39:10','2025-04-29 20:39:10'),
(386,1,'57-578520_nombre-de-la-universidad-mariano-galvez-hd-png.png','public_storage','media/x3FihDvewFWEW0E1iHJYZ2KiXejFVM9TEcr2LUBY.png','png','image/png','113710','2025-05-02 16:42:05','2025-05-02 16:42:05'),
(387,1,'Escudo_de_la_universidad_Mariano_Gálvez_Guatemala.svg.png','public_storage','media/n9IojNxGq5QQ83WHubxrhtKGUQpTFHsnwgrKhba0.png','png','image/png','216491','2025-05-02 16:45:38','2025-05-02 16:45:38'),
(388,1,'ChatGPT Image 5 may 2025, 09_17_42 a.m..png','public_storage','media/RaLZLAYr0rJ57tmuDAlN96MREhdBfzsVaPWE6zJT.png','png','image/png','2008253','2025-05-05 15:20:11','2025-05-05 15:20:11'),
(389,1,'ChatGPT Image 5 may 2025, 09_17_54 a.m..png','public_storage','media/q8NAjyuXJnv3pCzdGgVqo5bPH0sOl3x24YCJTkpG.png','png','image/png','2188022','2025-05-05 15:20:12','2025-05-05 15:20:12'),
(390,1,'ChatGPT Image 5 may 2025, 09_17_59 a.m..png','public_storage','media/aeZ0dSyiTf17uZGGESK2Jl4U1Cg2BQXoBzkSkpF7.png','png','image/png','1573776','2025-05-05 15:20:13','2025-05-05 15:20:13'),
(391,1,'ChatGPT Image 5 may 2025, 09_18_06 a.m..png','public_storage','media/Mef7yqnrVYWElJ19icpEBuY3oXL4lDrINVA5iI44.png','png','image/png','1768671','2025-05-05 15:20:13','2025-05-05 15:20:13'),
(392,1,'ChatGPT Image 5 may 2025, 09_18_11 a.m..png','public_storage','media/qEal3uqithZFAfkvlUW3mWLLLg26s3UVWyFzLtmx.png','png','image/png','1665778','2025-05-05 15:20:14','2025-05-05 15:20:14'),
(393,1,'ChatGPT Image 5 may 2025, 09_18_17 a.m..png','public_storage','media/0vM4NoMmcciltcT1aH7xFwamt1UBqxkZt1kXinHx.png','png','image/png','1736322','2025-05-05 15:20:15','2025-05-05 15:20:15'),
(394,1,'31333608-lámina-de-cartón-de-color-beige-útil-como-fondo.jpg','public_storage','media/HJO4ekmb0SSBYRgjsMmfYMHyrkAtk7bWcYA2LdNv.jpg','jpg','image/jpeg','109147','2025-05-05 15:25:06','2025-05-05 15:25:06'),
(395,1,'unnamed.png','public_storage','media/1jUw7wcCxhof8isvDTe4YkSzlNwe8RmIdNpt08A7.png','png','image/png','1513','2025-05-05 15:26:11','2025-05-05 15:26:11'),
(396,1,'ChatGPT Image 5 may 2025, 09_18_17 a.m..png','public_storage','media/TpeNoIo3TsPDF3Mtk4mCMNCgIA9Ai3ck0NVUy4TJ.png','png','image/png','1736322','2025-05-05 15:35:03','2025-05-05 15:35:03'),
(397,1,'ChatGPT Image 5 may 2025, 09_36_07 a.m..png','public_storage','media/4bBhF36ndut138JBHHuWZfZURfQFhjHkdydUAX1T.png','png','image/png','1837538','2025-05-05 15:36:24','2025-05-05 15:36:24'),
(398,1,'ChatGPT Image 5 may 2025, 09_36_07 a.m..png','public_storage','media/hMdTur1i0G8Nt5vhSdXGYIA4ub6Y1ySnNWXV6ytD.png','png','image/png','1549174','2025-05-05 15:39:01','2025-05-05 15:39:01'),
(399,1,'ChatGPT Image 5 may 2025, 09_18_17 a.m..png','public_storage','media/MHO490arL2Jdqdix0kGDSP0vX5JB5TOmfPO9aCMU.png','png','image/png','1338289','2025-05-05 15:40:23','2025-05-05 15:40:23'),
(400,1,'ChatGPT Image 5 may 2025, 09_42_06 a.m..png','public_storage','media/mdogQUMiFaHEEdPNmm91VlcgmNIkQfJm1KZ1xvtQ.png','png','image/png','1359109','2025-05-05 15:43:09','2025-05-05 15:43:09'),
(401,1,'LaboratorioComputo.webp','public_storage','media/I7uA7zlFcS8VSs24lGLSoCfUzds1FDsPLJ73TvHn.webp','webp','image/webp','160908','2025-05-05 15:46:22','2025-05-05 15:46:22'),
(402,1,'e6ad4442-e8eb-4b61-b2d3-05c234103074.png','public_storage','media/xqTcjGcvCukpTgXBBJB9EugP4kjfTCu9j8aknwMZ.png','png','image/png','2924474','2025-05-05 15:51:55','2025-05-05 15:51:55'),
(403,1,'ChatGPT Image 5 may 2025, 09_56_12 a.m..png','public_storage','media/me4JrKG8TSuy4pBgyeEB6YjXuyuCgmHHVsZ50A4g.png','png','image/png','2052219','2025-05-05 15:58:36','2025-05-05 15:58:36'),
(404,1,'e6ad4442-e8eb-4b61-b2d3-05c234103074.png','public_storage','media/GF22OHZuxgtkf4pqAmTYjqvRziXbY0UHswsrNWfC.png','png','image/png','2924474','2025-05-05 16:00:17','2025-05-05 16:00:17'),
(405,1,'e6ad4442-e8eb-4b61-b2d3-05c234103074.png','public_storage','media/fzIY8zu1gP4N914KZoNjrubiDmYFsKJZnAvR8uAO.png','png','image/png','513023','2025-05-05 16:00:46','2025-05-05 16:00:46'),
(406,1,'sistemas1.webp','public_storage','media/YvuTvSvaFJQAjrucsindGUlDWicFT515sK4fgHFO.webp','webp','image/webp','1598562','2025-05-05 16:02:03','2025-05-05 16:02:03'),
(407,1,'banner2.png','public_storage','media/bGj1CWf8gEHO7BAFeyYV9Eq3fKa7FdohJNlQ5tTE.png','png','image/png','1294723','2025-05-05 16:14:04','2025-05-05 16:14:04'),
(408,1,'CITE.webp','public_storage','media/9LcShSVZv96t4OiWBnsJyixyL6TpdFbBaPTnWbL4.webp','webp','image/webp','48338','2025-05-05 16:16:26','2025-05-05 16:16:26'),
(409,1,'ing13.webp','public_storage','media/pncXiL0c8Fd5oC0MaFKJu24suty8zIRM0y0ioULx.webp','webp','image/webp','193544','2025-05-05 16:16:27','2025-05-05 16:16:27'),
(410,1,'sistemas3.webp','public_storage','media/Vkv5OrnohacJ2WdQX9yV5W1SHrVKv0lmaU3itSbk.webp','webp','image/webp','274818','2025-05-05 16:16:28','2025-05-05 16:16:28'),
(411,1,'channels4_profile.jpg','public_storage','media/lyXpiLzcflTSwb1yw8MhDU5ikCDOPr8hE0fb0i4s.jpg','jpg','image/jpeg','150151','2025-05-06 03:41:21','2025-05-06 03:41:21');

/*Table structure for table `flash_sale_product_orders` */

DROP TABLE IF EXISTS `flash_sale_product_orders`;

CREATE TABLE `flash_sale_product_orders` (
  `flash_sale_product_id` int(10) unsigned NOT NULL,
  `order_id` int(10) unsigned NOT NULL,
  `qty` int(11) NOT NULL,
  PRIMARY KEY (`flash_sale_product_id`,`order_id`),
  KEY `flash_sale_product_orders_order_id_foreign` (`order_id`),
  CONSTRAINT `flash_sale_product_orders_flash_sale_product_id_foreign` FOREIGN KEY (`flash_sale_product_id`) REFERENCES `flash_sale_products` (`id`) ON DELETE CASCADE,
  CONSTRAINT `flash_sale_product_orders_order_id_foreign` FOREIGN KEY (`order_id`) REFERENCES `orders` (`id`) ON DELETE CASCADE
) ENGINE=InnoDB DEFAULT CHARSET=utf8mb4 COLLATE=utf8mb4_unicode_ci;

/*Data for the table `flash_sale_product_orders` */

/*Table structure for table `flash_sale_products` */

DROP TABLE IF EXISTS `flash_sale_products`;

CREATE TABLE `flash_sale_products` (
  `id` int(10) unsigned NOT NULL AUTO_INCREMENT,
  `flash_sale_id` int(10) unsigned NOT NULL,
  `product_id` int(10) unsigned NOT NULL,
  `end_date` date NOT NULL,
  `price` decimal(18,4) unsigned NOT NULL,
  `qty` int(11) NOT NULL,
  `position` int(11) NOT NULL,
  PRIMARY KEY (`id`),
  KEY `flash_sale_products_flash_sale_id_foreign` (`flash_sale_id`),
  KEY `flash_sale_products_product_id_foreign` (`product_id`),
  CONSTRAINT `flash_sale_products_flash_sale_id_foreign` FOREIGN KEY (`flash_sale_id`) REFERENCES `flash_sales` (`id`) ON DELETE CASCADE,
  CONSTRAINT `flash_sale_products_product_id_foreign` FOREIGN KEY (`product_id`) REFERENCES `products` (`id`) ON DELETE CASCADE
) ENGINE=InnoDB AUTO_INCREMENT=4 DEFAULT CHARSET=utf8mb4 COLLATE=utf8mb4_unicode_ci;

/*Data for the table `flash_sale_products` */

insert  into `flash_sale_products`(`id`,`flash_sale_id`,`product_id`,`end_date`,`price`,`qty`,`position`) values 
(1,1,30,'2025-03-07',23.0000,56768,0),
(2,1,9,'2025-02-20',1200.0000,45,1),
(3,1,17,'2025-01-11',1000.0000,56,2);

/*Table structure for table `flash_sale_translations` */

DROP TABLE IF EXISTS `flash_sale_translations`;

CREATE TABLE `flash_sale_translations` (
  `id` int(10) unsigned NOT NULL AUTO_INCREMENT,
  `flash_sale_id` int(10) unsigned NOT NULL,
  `locale` varchar(191) NOT NULL,
  `campaign_name` varchar(191) NOT NULL,
  PRIMARY KEY (`id`),
  UNIQUE KEY `flash_sale_translations_flash_sale_id_locale_unique` (`flash_sale_id`,`locale`),
  CONSTRAINT `flash_sale_translations_flash_sale_id_foreign` FOREIGN KEY (`flash_sale_id`) REFERENCES `flash_sales` (`id`) ON DELETE CASCADE
) ENGINE=InnoDB AUTO_INCREMENT=2 DEFAULT CHARSET=utf8mb4 COLLATE=utf8mb4_unicode_ci;

/*Data for the table `flash_sale_translations` */

insert  into `flash_sale_translations`(`id`,`flash_sale_id`,`locale`,`campaign_name`) values 
(1,1,'es','Combo Navideño');

/*Table structure for table `flash_sales` */

DROP TABLE IF EXISTS `flash_sales`;

CREATE TABLE `flash_sales` (
  `id` int(10) unsigned NOT NULL AUTO_INCREMENT,
  `created_at` timestamp NULL DEFAULT NULL,
  `updated_at` timestamp NULL DEFAULT NULL,
  PRIMARY KEY (`id`)
) ENGINE=InnoDB AUTO_INCREMENT=2 DEFAULT CHARSET=utf8mb4 COLLATE=utf8mb4_unicode_ci;

/*Data for the table `flash_sales` */

insert  into `flash_sales`(`id`,`created_at`,`updated_at`) values 
(1,'2024-12-19 10:17:20','2024-12-19 10:23:51');

/*Table structure for table `menu_item_translations` */

DROP TABLE IF EXISTS `menu_item_translations`;

CREATE TABLE `menu_item_translations` (
  `id` int(10) unsigned NOT NULL AUTO_INCREMENT,
  `menu_item_id` int(10) unsigned NOT NULL,
  `locale` varchar(191) NOT NULL,
  `name` varchar(191) NOT NULL,
  PRIMARY KEY (`id`),
  UNIQUE KEY `menu_item_translations_menu_item_id_locale_unique` (`menu_item_id`,`locale`),
  CONSTRAINT `menu_item_translations_menu_item_id_foreign` FOREIGN KEY (`menu_item_id`) REFERENCES `menu_items` (`id`) ON DELETE CASCADE
) ENGINE=InnoDB AUTO_INCREMENT=20 DEFAULT CHARSET=utf8mb4 COLLATE=utf8mb4_unicode_ci;

/*Data for the table `menu_item_translations` */

insert  into `menu_item_translations`(`id`,`menu_item_id`,`locale`,`name`) values 
(1,1,'es','root'),
(2,2,'es','Comercio'),
(3,3,'es','Blogs'),
(5,5,'es','root'),
(6,6,'es','Relojes'),
(7,7,'es','Televisores'),
(8,8,'es','Moda'),
(9,9,'es','Mochilas'),
(10,10,'es','Tablets'),
(11,11,'es','Auriculares'),
(12,12,'es','Venta caliente'),
(13,13,'es','Zapatos'),
(14,14,'es','root'),
(15,15,'es','Política de devoluciones'),
(16,16,'es','Preguntas frecuentes'),
(17,17,'es','Términos y condiciones'),
(18,18,'es','Política de privacidad'),
(19,19,'es','Sobre nosotros');

/*Table structure for table `menu_items` */

DROP TABLE IF EXISTS `menu_items`;

CREATE TABLE `menu_items` (
  `id` int(10) unsigned NOT NULL AUTO_INCREMENT,
  `menu_id` int(10) unsigned NOT NULL,
  `parent_id` int(10) unsigned DEFAULT NULL,
  `category_id` int(10) unsigned DEFAULT NULL,
  `page_id` int(10) unsigned DEFAULT NULL,
  `type` varchar(191) NOT NULL,
  `url` varchar(191) DEFAULT NULL,
  `icon` varchar(191) DEFAULT NULL,
  `target` varchar(191) NOT NULL,
  `position` int(10) unsigned DEFAULT NULL,
  `is_root` tinyint(1) NOT NULL DEFAULT 0,
  `is_fluid` tinyint(1) NOT NULL,
  `is_active` tinyint(1) NOT NULL,
  `created_at` timestamp NULL DEFAULT NULL,
  `updated_at` timestamp NULL DEFAULT NULL,
  PRIMARY KEY (`id`),
  KEY `menu_items_parent_id_foreign` (`parent_id`),
  KEY `menu_items_category_id_foreign` (`category_id`),
  KEY `menu_items_page_id_foreign` (`page_id`),
  KEY `menu_items_menu_id_index` (`menu_id`),
  CONSTRAINT `menu_items_category_id_foreign` FOREIGN KEY (`category_id`) REFERENCES `categories` (`id`) ON DELETE CASCADE,
  CONSTRAINT `menu_items_menu_id_foreign` FOREIGN KEY (`menu_id`) REFERENCES `menus` (`id`) ON DELETE CASCADE,
  CONSTRAINT `menu_items_page_id_foreign` FOREIGN KEY (`page_id`) REFERENCES `pages` (`id`) ON DELETE CASCADE,
  CONSTRAINT `menu_items_parent_id_foreign` FOREIGN KEY (`parent_id`) REFERENCES `menu_items` (`id`) ON DELETE CASCADE
) ENGINE=InnoDB AUTO_INCREMENT=20 DEFAULT CHARSET=utf8mb4 COLLATE=utf8mb4_unicode_ci;

/*Data for the table `menu_items` */

insert  into `menu_items`(`id`,`menu_id`,`parent_id`,`category_id`,`page_id`,`type`,`url`,`icon`,`target`,`position`,`is_root`,`is_fluid`,`is_active`,`created_at`,`updated_at`) values 
(1,1,NULL,NULL,NULL,'URL',NULL,NULL,'_self',0,1,0,1,'2024-12-13 10:15:11','2024-12-13 10:15:11'),
(2,1,1,NULL,NULL,'url','/products',NULL,'_blank',0,0,0,1,'2024-12-13 10:20:00','2024-12-13 12:19:51'),
(3,1,1,NULL,NULL,'url','/blog/posts',NULL,'_blank',1,0,0,1,'2024-12-13 10:20:56','2024-12-13 12:19:51'),
(5,2,NULL,NULL,NULL,'URL',NULL,NULL,'_self',0,1,0,1,'2024-12-13 13:16:40','2024-12-13 13:16:40'),
(6,2,5,NULL,NULL,'url','/categories/watches/products','lar la-clock','_blank',NULL,0,0,1,'2024-12-13 13:17:42','2024-12-13 13:17:42'),
(7,2,5,NULL,NULL,'url','/categories/televisions/products','las la-tv','_blank',NULL,0,0,1,'2024-12-13 13:19:06','2024-12-13 13:19:06'),
(8,2,5,NULL,NULL,'url','/categories/mens-fashion/products','las la-tshirt','_blank',NULL,0,0,1,'2024-12-13 13:19:54','2024-12-13 13:19:54'),
(9,2,5,NULL,NULL,'url','/categories/backpacks/products','las la-suitcase-rolling','_blank',NULL,0,0,1,'2024-12-13 13:20:40','2024-12-13 13:20:40'),
(10,2,5,NULL,NULL,'url','/categories/tablets/products','las la-tablet','_blank',NULL,0,0,1,'2024-12-13 13:21:15','2024-12-13 13:21:15'),
(11,2,5,NULL,NULL,'url','/categories/mobile-headphones/products','las la-headphones','_blank',NULL,0,0,1,'2024-12-13 13:21:51','2024-12-13 13:21:51'),
(12,2,5,NULL,NULL,'url','/categories/hot-sale/products','las la-fire','_blank',NULL,0,0,1,'2024-12-13 13:22:38','2024-12-13 13:22:38'),
(13,2,5,NULL,NULL,'url','/categories/shoes/products','las la-shoe-prints','_blank',NULL,0,0,1,'2024-12-13 13:23:18','2024-12-13 13:23:18'),
(14,3,NULL,NULL,NULL,'URL',NULL,NULL,'_self',0,1,0,1,'2024-12-13 14:31:27','2024-12-13 14:31:27'),
(15,3,14,NULL,3,'page',NULL,NULL,'_blank',0,0,0,1,'2024-12-13 14:31:57','2024-12-19 12:43:31'),
(16,3,14,NULL,4,'page',NULL,NULL,'_blank',1,0,0,1,'2024-12-13 14:32:39','2024-12-19 12:43:31'),
(17,3,14,NULL,2,'page',NULL,NULL,'_blank',2,0,0,1,'2024-12-13 14:33:16','2024-12-19 12:44:20'),
(18,3,14,NULL,1,'page',NULL,NULL,'_blank',3,0,0,1,'2024-12-13 14:34:32','2024-12-19 12:43:31'),
(19,3,14,NULL,5,'page',NULL,NULL,'_blank',4,0,0,1,'2024-12-13 14:35:13','2024-12-19 12:43:31');

/*Table structure for table `menu_translations` */

DROP TABLE IF EXISTS `menu_translations`;

CREATE TABLE `menu_translations` (
  `id` int(10) unsigned NOT NULL AUTO_INCREMENT,
  `menu_id` int(10) unsigned NOT NULL,
  `locale` varchar(191) NOT NULL,
  `name` varchar(191) NOT NULL,
  PRIMARY KEY (`id`),
  UNIQUE KEY `menu_translations_menu_id_locale_unique` (`menu_id`,`locale`),
  CONSTRAINT `menu_translations_menu_id_foreign` FOREIGN KEY (`menu_id`) REFERENCES `menus` (`id`) ON DELETE CASCADE
) ENGINE=InnoDB AUTO_INCREMENT=4 DEFAULT CHARSET=utf8mb4 COLLATE=utf8mb4_unicode_ci;

/*Data for the table `menu_translations` */

insert  into `menu_translations`(`id`,`menu_id`,`locale`,`name`) values 
(1,1,'es','Menú principal'),
(2,2,'es','Menú de categorías'),
(3,3,'es','Menú de pie de página 1');

/*Table structure for table `menus` */

DROP TABLE IF EXISTS `menus`;

CREATE TABLE `menus` (
  `id` int(10) unsigned NOT NULL AUTO_INCREMENT,
  `is_active` tinyint(1) NOT NULL,
  `created_at` timestamp NULL DEFAULT NULL,
  `updated_at` timestamp NULL DEFAULT NULL,
  PRIMARY KEY (`id`)
) ENGINE=InnoDB AUTO_INCREMENT=4 DEFAULT CHARSET=utf8mb4 COLLATE=utf8mb4_unicode_ci;

/*Data for the table `menus` */

insert  into `menus`(`id`,`is_active`,`created_at`,`updated_at`) values 
(1,1,'2024-12-13 10:15:11','2025-04-26 04:47:33'),
(2,1,'2024-12-13 13:16:40','2024-12-13 13:16:40'),
(3,1,'2024-12-13 14:31:27','2024-12-13 14:31:27');

/*Table structure for table `meta_data` */

DROP TABLE IF EXISTS `meta_data`;

CREATE TABLE `meta_data` (
  `id` int(10) unsigned NOT NULL AUTO_INCREMENT,
  `entity_type` varchar(191) NOT NULL,
  `entity_id` bigint(20) unsigned NOT NULL,
  `created_at` timestamp NULL DEFAULT NULL,
  `updated_at` timestamp NULL DEFAULT NULL,
  PRIMARY KEY (`id`),
  KEY `meta_data_entity_type_entity_id_index` (`entity_type`,`entity_id`)
) ENGINE=InnoDB AUTO_INCREMENT=84 DEFAULT CHARSET=utf8mb4 COLLATE=utf8mb4_unicode_ci;

/*Data for the table `meta_data` */

insert  into `meta_data`(`id`,`entity_type`,`entity_id`,`created_at`,`updated_at`) values 
(1,'Modules\\Product\\Entities\\Product',1,'2024-12-13 09:27:30','2024-12-13 09:27:30'),
(2,'Modules\\Brand\\Entities\\Brand',1,'2024-12-13 09:32:50','2024-12-13 09:32:50'),
(3,'Modules\\Brand\\Entities\\Brand',2,'2024-12-13 09:35:39','2024-12-13 09:35:39'),
(4,'Modules\\Brand\\Entities\\Brand',3,'2024-12-13 09:37:32','2024-12-13 09:37:32'),
(5,'Modules\\Brand\\Entities\\Brand',4,'2024-12-13 10:53:36','2024-12-13 10:53:36'),
(6,'Modules\\Brand\\Entities\\Brand',5,'2024-12-13 10:54:53','2024-12-13 10:54:53'),
(7,'Modules\\Brand\\Entities\\Brand',6,'2024-12-13 10:58:51','2024-12-13 10:58:51'),
(8,'Modules\\Brand\\Entities\\Brand',7,'2024-12-13 10:59:27','2024-12-13 10:59:27'),
(9,'Modules\\Brand\\Entities\\Brand',8,'2024-12-13 11:00:25','2024-12-13 11:00:25'),
(10,'Modules\\Brand\\Entities\\Brand',9,'2024-12-13 11:00:49','2024-12-13 11:00:49'),
(11,'Modules\\Brand\\Entities\\Brand',10,'2024-12-13 11:02:37','2024-12-13 11:02:37'),
(12,'Modules\\Brand\\Entities\\Brand',11,'2024-12-13 11:03:09','2024-12-13 11:03:09'),
(13,'Modules\\Brand\\Entities\\Brand',12,'2024-12-13 11:05:39','2024-12-13 11:05:39'),
(14,'Modules\\Brand\\Entities\\Brand',13,'2024-12-13 11:07:54','2024-12-13 11:07:54'),
(15,'Modules\\Brand\\Entities\\Brand',14,'2024-12-13 11:08:21','2024-12-13 11:08:21'),
(16,'Modules\\Page\\Entities\\Page',1,'2024-12-13 14:20:46','2024-12-13 14:20:46'),
(17,'Modules\\Page\\Entities\\Page',2,'2024-12-13 14:22:29','2024-12-13 14:22:29'),
(18,'Modules\\Page\\Entities\\Page',3,'2024-12-13 14:25:05','2024-12-13 14:25:05'),
(19,'Modules\\Page\\Entities\\Page',4,'2024-12-13 14:26:47','2024-12-13 14:26:47'),
(20,'Modules\\Page\\Entities\\Page',5,'2024-12-13 14:28:29','2024-12-13 14:28:29'),
(21,'Modules\\Product\\Entities\\Product',2,'2024-12-13 14:50:40','2024-12-13 14:50:40'),
(22,'Modules\\Blog\\Entities\\BlogCategory',1,'2024-12-13 15:48:45','2024-12-13 15:48:45'),
(23,'Modules\\Blog\\Entities\\BlogCategory',2,'2024-12-13 15:48:58','2024-12-13 15:48:58'),
(24,'Modules\\Blog\\Entities\\BlogCategory',3,'2024-12-13 15:49:15','2024-12-13 15:49:15'),
(25,'Modules\\Blog\\Entities\\BlogCategory',4,'2024-12-13 15:49:27','2024-12-13 15:49:27'),
(26,'Modules\\Blog\\Entities\\BlogCategory',5,'2024-12-13 15:49:38','2024-12-13 15:49:38'),
(27,'Modules\\Blog\\Entities\\BlogCategory',6,'2024-12-13 15:49:47','2024-12-13 15:49:47'),
(28,'Modules\\Blog\\Entities\\BlogCategory',7,'2024-12-13 15:50:00','2024-12-13 15:50:00'),
(29,'Modules\\Blog\\Entities\\BlogTag',1,'2024-12-13 15:50:28','2024-12-13 15:50:28'),
(30,'Modules\\Blog\\Entities\\BlogTag',2,'2024-12-13 15:50:44','2024-12-13 15:50:44'),
(31,'Modules\\Blog\\Entities\\BlogTag',3,'2024-12-13 15:50:57','2024-12-13 15:50:57'),
(32,'Modules\\Blog\\Entities\\BlogTag',4,'2024-12-13 15:51:08','2024-12-13 15:51:08'),
(33,'Modules\\Blog\\Entities\\BlogTag',5,'2024-12-13 15:51:19','2024-12-13 15:51:19'),
(34,'Modules\\Blog\\Entities\\BlogTag',6,'2024-12-13 15:52:37','2024-12-13 15:52:37'),
(35,'Modules\\Blog\\Entities\\BlogTag',7,'2024-12-13 15:53:03','2024-12-13 15:53:03'),
(36,'Modules\\Blog\\Entities\\BlogTag',8,'2024-12-13 15:53:29','2024-12-13 15:53:29'),
(37,'Modules\\Blog\\Entities\\BlogTag',9,'2024-12-13 15:53:43','2024-12-13 15:53:43'),
(38,'Modules\\Blog\\Entities\\BlogTag',10,'2024-12-13 15:53:52','2024-12-13 15:53:52'),
(39,'Modules\\Blog\\Entities\\BlogTag',11,'2024-12-13 15:54:02','2024-12-13 15:54:02'),
(40,'Modules\\Blog\\Entities\\BlogTag',12,'2024-12-13 15:54:12','2024-12-13 15:54:12'),
(41,'Modules\\Blog\\Entities\\BlogTag',13,'2024-12-13 15:55:23','2024-12-13 15:55:23'),
(42,'Modules\\Blog\\Entities\\BlogTag',14,'2024-12-13 15:55:37','2024-12-13 15:55:37'),
(43,'Modules\\Blog\\Entities\\BlogTag',15,'2024-12-13 15:55:47','2024-12-13 15:55:47'),
(44,'Modules\\Blog\\Entities\\BlogPost',1,'2024-12-13 15:58:18','2024-12-13 15:58:18'),
(45,'Modules\\Blog\\Entities\\BlogPost',2,'2024-12-13 16:04:00','2024-12-13 16:04:00'),
(46,'Modules\\Blog\\Entities\\BlogPost',3,'2024-12-13 16:11:09','2024-12-13 16:11:09'),
(47,'Modules\\Blog\\Entities\\BlogPost',4,'2024-12-13 16:15:52','2024-12-13 16:15:52'),
(48,'Modules\\Blog\\Entities\\BlogPost',5,'2024-12-13 16:19:13','2024-12-13 16:19:13'),
(49,'Modules\\Blog\\Entities\\BlogPost',6,'2024-12-13 16:21:45','2024-12-13 16:21:45'),
(50,'Modules\\Product\\Entities\\Product',3,'2024-12-13 17:00:44','2024-12-13 17:00:44'),
(51,'Modules\\Product\\Entities\\Product',4,'2024-12-13 17:15:44','2024-12-13 17:15:44'),
(52,'Modules\\Product\\Entities\\Product',5,'2024-12-14 17:33:10','2024-12-14 17:33:10'),
(53,'Modules\\Product\\Entities\\Product',6,'2024-12-14 17:56:30','2024-12-14 17:56:30'),
(54,'Modules\\Product\\Entities\\Product',7,'2024-12-14 18:18:34','2024-12-14 18:18:34'),
(55,'Modules\\Product\\Entities\\Product',8,'2024-12-14 18:28:07','2024-12-14 18:28:07'),
(56,'Modules\\Product\\Entities\\Product',9,'2024-12-14 19:17:40','2024-12-14 19:17:40'),
(57,'Modules\\Product\\Entities\\Product',10,'2024-12-14 19:36:23','2024-12-14 19:36:23'),
(58,'Modules\\Product\\Entities\\Product',11,'2024-12-15 07:03:57','2024-12-15 07:03:57'),
(59,'Modules\\Product\\Entities\\Product',12,'2024-12-15 07:16:40','2024-12-15 07:16:40'),
(60,'Modules\\Product\\Entities\\Product',13,'2024-12-15 09:19:52','2024-12-15 09:19:52'),
(61,'Modules\\Product\\Entities\\Product',14,'2024-12-15 10:32:25','2024-12-15 10:32:25'),
(62,'Modules\\Product\\Entities\\Product',15,'2024-12-15 11:49:06','2024-12-15 11:49:06'),
(63,'Modules\\Product\\Entities\\Product',16,'2024-12-15 12:25:43','2024-12-15 12:25:43'),
(64,'Modules\\Product\\Entities\\Product',17,'2024-12-15 13:52:26','2024-12-15 13:52:26'),
(65,'Modules\\Product\\Entities\\Product',18,'2024-12-15 14:29:25','2024-12-15 14:29:25'),
(66,'Modules\\Product\\Entities\\Product',19,'2024-12-18 17:46:08','2024-12-18 17:46:08'),
(67,'Modules\\Brand\\Entities\\Brand',15,'2024-12-18 17:50:55','2024-12-18 17:50:55'),
(68,'Modules\\Product\\Entities\\Product',20,'2024-12-18 17:57:24','2024-12-18 17:57:24'),
(69,'Modules\\Product\\Entities\\Product',21,'2024-12-18 18:17:44','2024-12-18 18:17:44'),
(70,'Modules\\Product\\Entities\\Product',22,'2024-12-18 18:47:59','2024-12-18 18:47:59'),
(71,'Modules\\Product\\Entities\\Product',23,'2024-12-18 18:58:02','2024-12-18 18:58:02'),
(72,'Modules\\Product\\Entities\\Product',24,'2024-12-18 19:14:03','2024-12-18 19:14:03'),
(73,'Modules\\Product\\Entities\\Product',25,'2024-12-19 07:21:56','2024-12-19 07:21:56'),
(74,'Modules\\Product\\Entities\\Product',26,'2024-12-19 07:39:00','2024-12-19 07:39:00'),
(75,'Modules\\Product\\Entities\\Product',27,'2024-12-19 08:01:10','2024-12-19 08:01:10'),
(76,'Modules\\Product\\Entities\\Product',28,'2024-12-19 08:18:09','2024-12-19 08:18:09'),
(77,'Modules\\Product\\Entities\\Product',29,'2024-12-19 08:52:06','2024-12-19 08:52:06'),
(78,'Modules\\Product\\Entities\\Product',30,'2024-12-19 09:07:35','2024-12-19 09:07:35'),
(79,'Modules\\Product\\Entities\\Product',31,'2024-12-19 09:30:57','2024-12-19 09:30:57'),
(80,'Modules\\Product\\Entities\\Product',32,'2024-12-19 11:18:47','2024-12-19 11:18:47'),
(81,'Modules\\Product\\Entities\\Product',33,'2024-12-19 11:31:48','2024-12-19 11:31:48'),
(82,'Modules\\Product\\Entities\\Product',34,'2024-12-19 11:44:53','2024-12-19 11:44:53'),
(83,'Modules\\Product\\Entities\\Product',35,'2024-12-19 12:12:54','2024-12-19 12:12:54');

/*Table structure for table `meta_data_translations` */

DROP TABLE IF EXISTS `meta_data_translations`;

CREATE TABLE `meta_data_translations` (
  `id` int(10) unsigned NOT NULL AUTO_INCREMENT,
  `meta_data_id` int(10) unsigned NOT NULL,
  `locale` varchar(191) NOT NULL,
  `meta_title` varchar(191) DEFAULT NULL,
  `meta_description` text DEFAULT NULL,
  PRIMARY KEY (`id`),
  UNIQUE KEY `meta_data_translations_meta_data_id_locale_unique` (`meta_data_id`,`locale`),
  CONSTRAINT `meta_data_translations_meta_data_id_foreign` FOREIGN KEY (`meta_data_id`) REFERENCES `meta_data` (`id`) ON DELETE CASCADE
) ENGINE=InnoDB AUTO_INCREMENT=57 DEFAULT CHARSET=utf8mb4 COLLATE=utf8mb4_unicode_ci;

/*Data for the table `meta_data_translations` */

insert  into `meta_data_translations`(`id`,`meta_data_id`,`locale`,`meta_title`,`meta_description`) values 
(1,2,'es',NULL,NULL),
(2,3,'es',NULL,NULL),
(3,4,'es',NULL,NULL),
(4,5,'es',NULL,NULL),
(5,6,'es',NULL,NULL),
(6,7,'es',NULL,NULL),
(7,8,'es',NULL,NULL),
(8,9,'es',NULL,NULL),
(9,10,'es',NULL,NULL),
(10,11,'es',NULL,NULL),
(11,12,'es',NULL,NULL),
(12,13,'es',NULL,NULL),
(13,14,'es',NULL,NULL),
(14,15,'es',NULL,NULL),
(15,1,'es',NULL,NULL),
(16,16,'es',NULL,NULL),
(17,17,'es',NULL,NULL),
(18,18,'es',NULL,NULL),
(19,19,'es',NULL,NULL),
(20,20,'es',NULL,NULL),
(21,44,'es','Venta relámpago: ¡date prisa y compra tus productos favoritos antes de que se acaben! | Promociones','Experimente la emoción de ahorros inigualables con nuestra cobertura exclusiva de las últimas ofertas relámpago. Sumérjase en una selección curada de productos imprescindibles disponibles con descuentos increíbles solo por tiempo limitado.'),
(22,45,'es','Noticias emocionantes: ¡nuestro último lanzamiento de producto! | Actualizaciones de la empresa','¡Descubra la emoción que nos produce el lanzamiento de nuestra última innovación! Conozca las características, los beneficios y la inspiración detrás de nuestro último lanzamiento de producto, diseñado para satisfacer las necesidades cambiantes de nuestros valiosos clientes.'),
(23,46,'es','Espectacular temporada: ¡Compre las mejores ofertas de la temporada con nuestra guía de promociones! | Promociones','¡Descubre la guía definitiva de promociones de temporada y ofertas inigualables! Explora descuentos exclusivos y ofertas por tiempo limitado seleccionadas para ayudarte a ahorrar a lo grande en los mejores productos de la temporada.'),
(24,47,'es','El tutorial definitivo: Cómo dominar el marketing en redes sociales para el comercio electrónico | Guías y tutoriales','Descubra los secretos del éxito en el comercio electrónico con nuestro tutorial definitivo sobre marketing en redes sociales. Aprenda estrategias, tácticas y técnicas comprobadas para maximizar su presencia en línea e impulsar las ventas.'),
(25,49,'es','Reseñas positivas: escuche lo que nuestros clientes tienen para decir | Testimonios','Descubra los sinceros testimonios y las excelentes críticas de nuestros clientes satisfechos. Conozca las experiencias excepcionales que definen nuestro compromiso con la excelencia.'),
(26,21,'es',NULL,NULL),
(27,51,'es',NULL,NULL),
(28,52,'es',NULL,NULL),
(29,50,'es',NULL,NULL),
(30,56,'es',NULL,NULL),
(31,57,'es',NULL,NULL),
(32,59,'es',NULL,NULL),
(33,60,'es',NULL,NULL),
(34,62,'es',NULL,'Procesador: Intel Core i9-9980HK, procesador de ocho núcleos (caché de 16 MB, 2,4 GHz-5,0 GHz), 45 W\nRAM: 32 GB DDR4 2666 MHz | Disco duro: unidad de estado sólido NVMe de 2 TB'),
(35,58,'es',NULL,NULL),
(36,61,'es',NULL,NULL),
(37,64,'es',NULL,NULL),
(38,65,'es',NULL,NULL),
(39,66,'es',NULL,NULL),
(40,67,'es',NULL,NULL),
(41,68,'es',NULL,'El contraste y el color mejorados de HDR Pro y Color Prime Pro se destacan en el televisor LED inteligente 4K UHD de la serie UH6550. Las imágenes se mantienen vibrantes y cinematográficas, incluso desde un ángulo gracias a la tecnología IPS, en tamaños de pantalla de hasta 75 pulgadas. ¡Y el sistema operativo web 3.0 hace que la transmisión de programas y películas en 4K sea fácil y divertida!'),
(42,69,'es',NULL,NULL),
(43,70,'es',NULL,NULL),
(44,71,'es',NULL,NULL),
(45,72,'es',NULL,NULL),
(46,73,'es',NULL,NULL),
(47,74,'es',NULL,NULL),
(48,75,'es',NULL,NULL),
(49,77,'es',NULL,NULL),
(50,78,'es',NULL,NULL),
(51,79,'es',NULL,NULL),
(52,76,'es',NULL,NULL),
(53,53,'es',NULL,NULL),
(54,54,'es',NULL,NULL),
(55,80,'es',NULL,NULL),
(56,83,'es',NULL,NULL);

/*Table structure for table `migrations` */

DROP TABLE IF EXISTS `migrations`;

CREATE TABLE `migrations` (
  `id` int(10) unsigned NOT NULL AUTO_INCREMENT,
  `migration` varchar(191) NOT NULL,
  `batch` int(11) NOT NULL,
  PRIMARY KEY (`id`)
) ENGINE=InnoDB AUTO_INCREMENT=112 DEFAULT CHARSET=utf8mb4 COLLATE=utf8mb4_unicode_ci;

/*Data for the table `migrations` */

insert  into `migrations`(`id`,`migration`,`batch`) values 
(1,'2014_07_02_230147_migration_cartalyst_sentinel',1),
(2,'2014_10_14_200250_create_settings_table',1),
(3,'2014_10_26_162751_create_files_table',1),
(4,'2014_10_30_191858_create_pages_table',1),
(5,'2014_11_31_125848_create_page_translations_table',1),
(6,'2015_02_27_105241_create_entity_files_table',1),
(7,'2015_11_20_184604486385_create_translations_table',1),
(8,'2015_11_20_184604743083_create_translation_translations_table',1),
(9,'2017_05_29_155126144426_create_products_table',1),
(10,'2017_05_30_155126416338_create_product_translations_table',1),
(11,'2017_08_02_153217_create_options_table',1),
(12,'2017_08_02_153217_create_variations_table',1),
(13,'2017_08_02_153348_create_option_translations_table',1),
(14,'2017_08_02_153348_create_variation_translations_table',1),
(15,'2017_08_02_153406_create_option_values_table',1),
(16,'2017_08_02_153406_create_variation_values_table',1),
(17,'2017_08_02_153736_create_option_value_translations_table',1),
(18,'2017_08_02_153736_create_variation_value_translations_table',1),
(19,'2017_08_03_156576_create_product_options_table',1),
(20,'2017_08_17_170128_create_related_products_table',1),
(21,'2017_08_17_175236_create_up_sell_products_table',1),
(22,'2017_08_17_175828_create_cross_sell_products_table',1),
(23,'2017_11_09_141332910964_create_categories_table',1),
(24,'2017_11_09_141332931539_create_category_translations_table',1),
(25,'2017_11_26_083614526622_create_meta_data_table',1),
(26,'2017_11_26_083614526828_create_meta_data_translations_table',1),
(27,'2018_01_24_125642_create_product_categories_table',1),
(28,'2018_02_04_150917488267_create_coupons_table',1),
(29,'2018_02_04_150917488698_create_coupon_translations_table',1),
(30,'2018_03_11_181317_create_coupon_products_table',1),
(31,'2018_03_15_091937_create_coupon_categories_table',1),
(32,'2018_04_18_154028776225_create_reviews_table',1),
(33,'2018_05_17_115822452977_create_currency_rates_table',1),
(34,'2018_07_03_124153537506_create_sliders_table',1),
(35,'2018_07_03_124153537695_create_slider_translations_table',1),
(36,'2018_07_03_133107770172_create_slider_slides_table',1),
(37,'2018_07_03_133107770486_create_slider_slide_translations_table',1),
(38,'2018_07_28_190524758357_create_attribute_sets_table',1),
(39,'2018_07_28_190524758497_create_attribute_set_translations_table',1),
(40,'2018_07_28_190524758646_create_attributes_table',1),
(41,'2018_07_28_190524758877_create_attribute_translations_table',1),
(42,'2018_07_28_190524759461_create_product_attributes_table',1),
(43,'2018_08_01_001919718631_create_tax_classes_table',1),
(44,'2018_08_01_001919718935_create_tax_class_translations_table',1),
(45,'2018_08_01_001919723551_create_tax_rates_table',1),
(46,'2018_08_01_001919723781_create_tax_rate_translations_table',1),
(47,'2018_08_03_195922206748_create_attribute_values_table',1),
(48,'2018_08_03_195922207019_create_attribute_value_translations_table',1),
(49,'2018_08_04_190524764275_create_product_attribute_values_table',1),
(50,'2018_08_07_135631306565_create_orders_table',1),
(51,'2018_08_07_135631309451_create_order_products_table',1),
(52,'2018_08_07_135631309512_create_order_product_options_table',1),
(53,'2018_08_07_135631309624_create_order_product_option_values_table',1),
(54,'2018_09_11_213926106353_create_transactions_table',1),
(55,'2018_09_19_081602135631_create_order_taxes_table',1),
(56,'2018_09_19_103745_create_setting_translations_table',1),
(57,'2018_10_01_224852175056_create_wish_lists_table',1),
(58,'2018_10_04_185608_create_search_terms_table',1),
(59,'2018_11_03_160015_create_menus_table',1),
(60,'2018_11_03_160138_create_menu_translations_table',1),
(61,'2018_11_03_160753_create_menu_items_table',1),
(62,'2018_11_03_160804_create_menu_item_translation_table',1),
(63,'2019_02_05_162605_add_position_to_slider_slides_table',1),
(64,'2019_02_09_164343_remove_file_id_from_slider_slides_table',1),
(65,'2019_02_09_164434_add_file_id_to_slider_slide_translations_table',1),
(66,'2019_02_14_103408_create_attribute_categories_table',1),
(67,'2019_08_09_164759_add_slug_column_to_attributes_table',1),
(68,'2019_11_01_201511_add_special_price_type_column_to_products_table',1),
(69,'2019_11_23_193101_add_value_column_to_order_product_options_table',1),
(70,'2020_01_04_211424_add_icon_column_to_menu_items_table',1),
(71,'2020_01_05_160502_add_direction_column_to_slider_slide_translations_table',1),
(72,'2020_01_05_234014_add_speed_column_to_sliders_table',1),
(73,'2020_01_05_235014_add_fade_column_to_sliders_table',1),
(74,'2020_01_15_000346259038_create_flash_sales_table',1),
(75,'2020_01_15_000346259349_create_flash_sale_translations_table',1),
(76,'2020_01_23_011234_create_flash_sale_products_table',1),
(77,'2020_01_30_015722_create_flash_sale_product_orders_table',1),
(78,'2020_02_22_215943_delete_meta_keywords_column_from_meta_data_translations_table',1),
(79,'2020_03_05_214602901973_create_brands_table',1),
(80,'2020_03_05_214602902369_create_brand_translations_table',1),
(81,'2020_03_06_234605_add_brand_id_column_to_products_table',1),
(82,'2020_04_06_211526_add_note_column_to_orders_table',1),
(83,'2020_04_28_034118164376_create_tags_table',1),
(84,'2020_04_28_034118164618_create_tag_translations_table',1),
(85,'2020_04_28_225657_create_product_tags_table',1),
(86,'2020_05_10_041616_create_updater_scripts_table',1),
(87,'2020_10_07_175000_create_addresses_table',1),
(88,'2020_10_07_175004_create_default_addresses_table',1),
(89,'2020_11_21_163822_add_downloads_columns_to_products_table',1),
(90,'2021_01_08_203241_change_shipping_method_column_in_orders_table',1),
(91,'2021_01_09_172744_add_phone_column_to_users_table',1),
(92,'2021_01_11_170516_create_order_downloads_table',1),
(93,'2023_05_04_194556_rename_column_virtual_to_is_virtual',1),
(94,'2023_05_16_156576_create_product_variations_table',1),
(95,'2023_05_16_170651_create_product_variants_table',1),
(96,'2023_06_11_150030_create_order_product_variations_table',1),
(97,'2023_06_11_150044_create_order_product_variation_values_table',1),
(98,'2023_06_11_150456_add_product_variant_id_column_to_order_products_table',1),
(99,'2023_11_06_084429_create_carts_table',1),
(100,'2023_11_07_113308_add_timestamp_columns_to_related_products_table',1),
(101,'2023_11_07_113325_add_timestamp_columns_to_up_sell_products_table',1),
(102,'2023_11_07_113341_add_timestamp_columns_to_cross_sell_products_table',1),
(103,'2023_11_21_164218_make_price_column_in_the_products_table_nullable',1),
(104,'2024_02_12_115822452977_increase_currency_rate_decimal_total_digits',1),
(105,'2024_03_13_100000_create_blog_categories_table',1),
(106,'2024_03_13_100001_create_blog_category_translations_table',1),
(107,'2024_03_13_100002_create_blog_tags_table',1),
(108,'2024_03_13_100003_create_blog_tag_translations_table',1),
(109,'2024_03_13_100004_create_blog_posts_table',1),
(110,'2024_03_13_100005_create_blog_post_translations_table',1),
(111,'2024_03_13_100006_create_blog_post_blog_tag_table',1);

/*Table structure for table `option_translations` */

DROP TABLE IF EXISTS `option_translations`;

CREATE TABLE `option_translations` (
  `id` int(10) unsigned NOT NULL AUTO_INCREMENT,
  `option_id` int(10) unsigned NOT NULL,
  `locale` varchar(191) NOT NULL,
  `name` varchar(191) NOT NULL,
  PRIMARY KEY (`id`),
  UNIQUE KEY `option_translations_option_id_locale_unique` (`option_id`,`locale`),
  CONSTRAINT `option_translations_option_id_foreign` FOREIGN KEY (`option_id`) REFERENCES `options` (`id`) ON DELETE CASCADE
) ENGINE=InnoDB AUTO_INCREMENT=5 DEFAULT CHARSET=utf8mb4 COLLATE=utf8mb4_unicode_ci;

/*Data for the table `option_translations` */

insert  into `option_translations`(`id`,`option_id`,`locale`,`name`) values 
(1,1,'es','Color'),
(2,2,'es','RAM'),
(3,3,'es','Almacenamiento'),
(4,4,'es','Garantia');

/*Table structure for table `option_value_translations` */

DROP TABLE IF EXISTS `option_value_translations`;

CREATE TABLE `option_value_translations` (
  `id` int(10) unsigned NOT NULL AUTO_INCREMENT,
  `option_value_id` int(10) unsigned NOT NULL,
  `locale` varchar(191) NOT NULL,
  `label` varchar(191) NOT NULL,
  PRIMARY KEY (`id`),
  UNIQUE KEY `option_value_translations_option_value_id_locale_unique` (`option_value_id`,`locale`),
  CONSTRAINT `option_value_translations_option_value_id_foreign` FOREIGN KEY (`option_value_id`) REFERENCES `option_values` (`id`) ON DELETE CASCADE
) ENGINE=InnoDB AUTO_INCREMENT=12 DEFAULT CHARSET=utf8mb4 COLLATE=utf8mb4_unicode_ci;

/*Data for the table `option_value_translations` */

insert  into `option_value_translations`(`id`,`option_value_id`,`locale`,`label`) values 
(1,1,'es','Gris espacial'),
(2,2,'es','Dorado'),
(3,3,'es','Negro'),
(4,4,'es','8GB'),
(5,5,'es','16GB'),
(6,6,'es','32GB'),
(7,7,'es','500GB'),
(8,8,'es','1T'),
(9,9,'es','1 año'),
(10,10,'es','2 años'),
(11,11,'es','3 años');

/*Table structure for table `option_values` */

DROP TABLE IF EXISTS `option_values`;

CREATE TABLE `option_values` (
  `id` int(10) unsigned NOT NULL AUTO_INCREMENT,
  `option_id` int(10) unsigned NOT NULL,
  `price` decimal(18,4) unsigned DEFAULT NULL,
  `price_type` varchar(10) NOT NULL,
  `position` int(10) unsigned NOT NULL,
  `created_at` timestamp NULL DEFAULT NULL,
  `updated_at` timestamp NULL DEFAULT NULL,
  PRIMARY KEY (`id`),
  KEY `option_values_option_id_index` (`option_id`),
  CONSTRAINT `option_values_option_id_foreign` FOREIGN KEY (`option_id`) REFERENCES `options` (`id`) ON DELETE CASCADE
) ENGINE=InnoDB AUTO_INCREMENT=12 DEFAULT CHARSET=utf8mb4 COLLATE=utf8mb4_unicode_ci;

/*Data for the table `option_values` */

insert  into `option_values`(`id`,`option_id`,`price`,`price_type`,`position`,`created_at`,`updated_at`) values 
(1,1,NULL,'fixed',1,'2024-12-15 07:03:57','2024-12-15 07:03:57'),
(2,1,NULL,'fixed',2,'2024-12-15 07:03:57','2024-12-15 07:03:57'),
(3,1,NULL,'fixed',3,'2024-12-15 07:03:57','2024-12-15 07:03:57'),
(4,2,NULL,'fixed',1,'2024-12-15 07:03:57','2024-12-15 07:03:57'),
(5,2,1300.0000,'fixed',2,'2024-12-15 07:03:57','2024-12-15 07:03:57'),
(6,2,1500.0000,'fixed',3,'2024-12-15 07:03:57','2024-12-15 07:03:57'),
(7,3,NULL,'fixed',1,'2024-12-15 07:03:57','2024-12-15 07:03:57'),
(8,3,1700.0000,'fixed',2,'2024-12-15 07:03:57','2024-12-15 07:03:57'),
(9,4,1200.0000,'fixed',1,'2024-12-15 13:52:26','2024-12-15 13:52:26'),
(10,4,1300.0000,'fixed',2,'2024-12-15 13:52:26','2024-12-15 13:52:26'),
(11,4,1400.0000,'fixed',3,'2024-12-15 13:52:26','2024-12-15 13:52:26');

/*Table structure for table `options` */

DROP TABLE IF EXISTS `options`;

CREATE TABLE `options` (
  `id` int(10) unsigned NOT NULL AUTO_INCREMENT,
  `type` varchar(191) NOT NULL,
  `is_required` tinyint(1) NOT NULL,
  `is_global` tinyint(1) NOT NULL DEFAULT 1,
  `position` int(10) unsigned DEFAULT NULL,
  `deleted_at` timestamp NULL DEFAULT NULL,
  `created_at` timestamp NULL DEFAULT NULL,
  `updated_at` timestamp NULL DEFAULT NULL,
  PRIMARY KEY (`id`)
) ENGINE=InnoDB AUTO_INCREMENT=5 DEFAULT CHARSET=utf8mb4 COLLATE=utf8mb4_unicode_ci;

/*Data for the table `options` */

insert  into `options`(`id`,`type`,`is_required`,`is_global`,`position`,`deleted_at`,`created_at`,`updated_at`) values 
(1,'checkbox_custom',0,0,1,NULL,'2024-12-15 07:03:57','2024-12-15 07:03:57'),
(2,'dropdown',0,0,2,NULL,'2024-12-15 07:03:57','2024-12-15 07:03:57'),
(3,'radio',0,0,3,NULL,'2024-12-15 07:03:57','2024-12-15 07:03:57'),
(4,'radio',0,0,1,NULL,'2024-12-15 13:52:26','2024-12-15 13:53:32');

/*Table structure for table `order_downloads` */

DROP TABLE IF EXISTS `order_downloads`;

CREATE TABLE `order_downloads` (
  `id` int(10) unsigned NOT NULL AUTO_INCREMENT,
  `order_id` int(10) unsigned NOT NULL,
  `file_id` int(10) unsigned NOT NULL,
  PRIMARY KEY (`id`),
  KEY `order_downloads_order_id_foreign` (`order_id`),
  KEY `order_downloads_file_id_foreign` (`file_id`),
  CONSTRAINT `order_downloads_file_id_foreign` FOREIGN KEY (`file_id`) REFERENCES `files` (`id`) ON DELETE CASCADE,
  CONSTRAINT `order_downloads_order_id_foreign` FOREIGN KEY (`order_id`) REFERENCES `orders` (`id`) ON DELETE CASCADE
) ENGINE=InnoDB DEFAULT CHARSET=utf8mb4 COLLATE=utf8mb4_unicode_ci;

/*Data for the table `order_downloads` */

/*Table structure for table `order_product_option_values` */

DROP TABLE IF EXISTS `order_product_option_values`;

CREATE TABLE `order_product_option_values` (
  `order_product_option_id` int(10) unsigned NOT NULL,
  `option_value_id` int(10) unsigned NOT NULL,
  `price` decimal(18,4) unsigned DEFAULT NULL,
  PRIMARY KEY (`order_product_option_id`,`option_value_id`),
  KEY `order_product_option_values_option_value_id_foreign` (`option_value_id`),
  CONSTRAINT `order_product_option_values_option_value_id_foreign` FOREIGN KEY (`option_value_id`) REFERENCES `option_values` (`id`) ON DELETE CASCADE,
  CONSTRAINT `order_product_option_values_order_product_option_id_foreign` FOREIGN KEY (`order_product_option_id`) REFERENCES `order_product_options` (`id`) ON DELETE CASCADE
) ENGINE=InnoDB DEFAULT CHARSET=utf8mb4 COLLATE=utf8mb4_unicode_ci;

/*Data for the table `order_product_option_values` */

/*Table structure for table `order_product_options` */

DROP TABLE IF EXISTS `order_product_options`;

CREATE TABLE `order_product_options` (
  `id` int(10) unsigned NOT NULL AUTO_INCREMENT,
  `order_product_id` int(10) unsigned NOT NULL,
  `option_id` int(10) unsigned NOT NULL,
  `value` text DEFAULT NULL,
  PRIMARY KEY (`id`),
  UNIQUE KEY `order_product_options_order_product_id_option_id_unique` (`order_product_id`,`option_id`),
  KEY `order_product_options_option_id_foreign` (`option_id`),
  CONSTRAINT `order_product_options_option_id_foreign` FOREIGN KEY (`option_id`) REFERENCES `options` (`id`) ON DELETE CASCADE,
  CONSTRAINT `order_product_options_order_product_id_foreign` FOREIGN KEY (`order_product_id`) REFERENCES `order_products` (`id`) ON DELETE CASCADE
) ENGINE=InnoDB DEFAULT CHARSET=utf8mb4 COLLATE=utf8mb4_unicode_ci;

/*Data for the table `order_product_options` */

/*Table structure for table `order_product_variation_values` */

DROP TABLE IF EXISTS `order_product_variation_values`;

CREATE TABLE `order_product_variation_values` (
  `order_product_variation_id` int(10) unsigned NOT NULL,
  `variation_value_id` int(10) unsigned NOT NULL,
  PRIMARY KEY (`order_product_variation_id`,`variation_value_id`),
  KEY `order_product_variation_values_variation_value_id_foreign` (`variation_value_id`),
  CONSTRAINT `order_product_variation_values_order_product_variation_id` FOREIGN KEY (`order_product_variation_id`) REFERENCES `order_product_variations` (`id`) ON DELETE CASCADE,
  CONSTRAINT `order_product_variation_values_variation_value_id_foreign` FOREIGN KEY (`variation_value_id`) REFERENCES `variation_values` (`id`) ON DELETE CASCADE
) ENGINE=InnoDB DEFAULT CHARSET=utf8mb4 COLLATE=utf8mb4_unicode_ci;

/*Data for the table `order_product_variation_values` */

/*Table structure for table `order_product_variations` */

DROP TABLE IF EXISTS `order_product_variations`;

CREATE TABLE `order_product_variations` (
  `id` int(10) unsigned NOT NULL AUTO_INCREMENT,
  `order_product_id` int(10) unsigned NOT NULL,
  `variation_id` int(10) unsigned NOT NULL,
  `type` varchar(191) NOT NULL,
  `value` varchar(191) NOT NULL,
  PRIMARY KEY (`id`),
  UNIQUE KEY `order_product_variations_order_product_id_variation_id_unique` (`order_product_id`,`variation_id`),
  KEY `order_product_variations_variation_id_foreign` (`variation_id`),
  CONSTRAINT `order_product_variations_order_product_id_foreign` FOREIGN KEY (`order_product_id`) REFERENCES `order_products` (`id`) ON DELETE CASCADE,
  CONSTRAINT `order_product_variations_variation_id_foreign` FOREIGN KEY (`variation_id`) REFERENCES `variations` (`id`) ON DELETE CASCADE
) ENGINE=InnoDB DEFAULT CHARSET=utf8mb4 COLLATE=utf8mb4_unicode_ci;

/*Data for the table `order_product_variations` */

/*Table structure for table `order_products` */

DROP TABLE IF EXISTS `order_products`;

CREATE TABLE `order_products` (
  `id` int(10) unsigned NOT NULL AUTO_INCREMENT,
  `order_id` int(10) unsigned NOT NULL,
  `product_id` int(10) unsigned NOT NULL,
  `product_variant_id` bigint(20) unsigned DEFAULT NULL,
  `unit_price` decimal(18,4) unsigned NOT NULL,
  `qty` int(11) NOT NULL,
  `line_total` decimal(18,4) unsigned NOT NULL,
  PRIMARY KEY (`id`),
  KEY `order_products_order_id_foreign` (`order_id`),
  KEY `order_products_product_id_foreign` (`product_id`),
  CONSTRAINT `order_products_order_id_foreign` FOREIGN KEY (`order_id`) REFERENCES `orders` (`id`) ON DELETE CASCADE,
  CONSTRAINT `order_products_product_id_foreign` FOREIGN KEY (`product_id`) REFERENCES `products` (`id`) ON DELETE CASCADE
) ENGINE=InnoDB DEFAULT CHARSET=utf8mb4 COLLATE=utf8mb4_unicode_ci;

/*Data for the table `order_products` */

/*Table structure for table `order_taxes` */

DROP TABLE IF EXISTS `order_taxes`;

CREATE TABLE `order_taxes` (
  `order_id` int(10) unsigned NOT NULL,
  `tax_rate_id` int(10) unsigned NOT NULL,
  `amount` decimal(15,4) unsigned NOT NULL,
  PRIMARY KEY (`order_id`,`tax_rate_id`),
  KEY `order_taxes_tax_rate_id_foreign` (`tax_rate_id`),
  CONSTRAINT `order_taxes_order_id_foreign` FOREIGN KEY (`order_id`) REFERENCES `orders` (`id`) ON DELETE CASCADE,
  CONSTRAINT `order_taxes_tax_rate_id_foreign` FOREIGN KEY (`tax_rate_id`) REFERENCES `tax_rates` (`id`) ON DELETE CASCADE
) ENGINE=InnoDB DEFAULT CHARSET=utf8mb4 COLLATE=utf8mb4_unicode_ci;

/*Data for the table `order_taxes` */

/*Table structure for table `orders` */

DROP TABLE IF EXISTS `orders`;

CREATE TABLE `orders` (
  `id` int(10) unsigned NOT NULL AUTO_INCREMENT,
  `customer_id` int(11) DEFAULT NULL,
  `customer_email` varchar(191) NOT NULL,
  `customer_phone` varchar(191) DEFAULT NULL,
  `customer_first_name` varchar(191) NOT NULL,
  `customer_last_name` varchar(191) NOT NULL,
  `billing_first_name` varchar(191) NOT NULL,
  `billing_last_name` varchar(191) NOT NULL,
  `billing_address_1` varchar(191) NOT NULL,
  `billing_address_2` varchar(191) DEFAULT NULL,
  `billing_city` varchar(191) NOT NULL,
  `billing_state` varchar(191) NOT NULL,
  `billing_zip` varchar(191) NOT NULL,
  `billing_country` varchar(191) NOT NULL,
  `shipping_first_name` varchar(191) NOT NULL,
  `shipping_last_name` varchar(191) NOT NULL,
  `shipping_address_1` varchar(191) NOT NULL,
  `shipping_address_2` varchar(191) DEFAULT NULL,
  `shipping_city` varchar(191) NOT NULL,
  `shipping_state` varchar(191) NOT NULL,
  `shipping_zip` varchar(191) NOT NULL,
  `shipping_country` varchar(191) NOT NULL,
  `sub_total` decimal(18,4) unsigned NOT NULL,
  `shipping_method` varchar(191) DEFAULT NULL,
  `shipping_cost` decimal(18,4) unsigned NOT NULL,
  `coupon_id` int(11) DEFAULT NULL,
  `discount` decimal(18,4) unsigned NOT NULL,
  `total` decimal(18,4) unsigned NOT NULL,
  `payment_method` varchar(191) NOT NULL,
  `currency` varchar(191) NOT NULL,
  `currency_rate` decimal(18,4) NOT NULL,
  `locale` varchar(191) NOT NULL,
  `status` varchar(191) NOT NULL,
  `note` text DEFAULT NULL,
  `deleted_at` timestamp NULL DEFAULT NULL,
  `created_at` timestamp NULL DEFAULT NULL,
  `updated_at` timestamp NULL DEFAULT NULL,
  PRIMARY KEY (`id`),
  KEY `orders_customer_id_index` (`customer_id`),
  KEY `orders_coupon_id_index` (`coupon_id`)
) ENGINE=InnoDB DEFAULT CHARSET=utf8mb4 COLLATE=utf8mb4_unicode_ci;

/*Data for the table `orders` */

/*Table structure for table `page_translations` */

DROP TABLE IF EXISTS `page_translations`;

CREATE TABLE `page_translations` (
  `id` int(10) unsigned NOT NULL AUTO_INCREMENT,
  `page_id` int(10) unsigned NOT NULL,
  `locale` varchar(191) NOT NULL,
  `name` varchar(191) NOT NULL,
  `body` longtext NOT NULL,
  PRIMARY KEY (`id`),
  UNIQUE KEY `page_translations_page_id_locale_unique` (`page_id`,`locale`),
  CONSTRAINT `page_translations_page_id_foreign` FOREIGN KEY (`page_id`) REFERENCES `pages` (`id`) ON DELETE CASCADE
) ENGINE=InnoDB AUTO_INCREMENT=6 DEFAULT CHARSET=utf8mb4 COLLATE=utf8mb4_unicode_ci;

/*Data for the table `page_translations` */

insert  into `page_translations`(`id`,`page_id`,`locale`,`name`,`body`) values 
(1,1,'es','Política de privacidad','<h1 style=\"text-align: center;\"><span style=\"vertical-align: inherit;\"><span style=\"vertical-align: inherit;\">Pol&iacute;tica de privacidad</span></span></h1>\r\n<p><span style=\"vertical-align: inherit;\"><span style=\"vertical-align: inherit;\">Su privacidad es tan importante para nosotros como lo es para usted. Sabemos que usted odia el SPAM y nosotros tambi&eacute;n. Por eso nunca venderemos ni compartiremos su informaci&oacute;n con nadie sin su permiso expreso. Respetamos sus derechos y haremos todo lo que est&eacute; a nuestro alcance para proteger su informaci&oacute;n personal. Con el objetivo de brindar una completa transparencia, le proporcionamos este aviso que explica nuestras pr&aacute;cticas de recopilaci&oacute;n de informaci&oacute;n en l&iacute;nea. Este aviso de privacidad revela las pr&aacute;cticas de privacidad de </span></span><a href=\"https://envaysoft.com/\"><span style=\"vertical-align: inherit;\"><span style=\"vertical-align: inherit;\">EnvaySoft</span></span></a><span style=\"vertical-align: inherit;\"><span style=\"vertical-align: inherit;\"> &nbsp;(en adelante, nosotros y nuestra empresa) y se aplica &uacute;nicamente a la informaci&oacute;n recopilada por este sitio web.</span></span></p>\r\n<h4><span style=\"vertical-align: inherit;\"><span style=\"vertical-align: inherit;\">Recopilaci&oacute;n, uso y compartici&oacute;n de informaci&oacute;n</span></span></h4>\r\n<p><span style=\"vertical-align: inherit;\"><span style=\"vertical-align: inherit;\">Somos los &uacute;nicos propietarios de la informaci&oacute;n recopilada en este sitio. Solo tenemos acceso a la informaci&oacute;n que usted nos proporciona voluntariamente por correo electr&oacute;nico u otro contacto directo. No venderemos ni alquilaremos esta informaci&oacute;n a nadie. Utilizaremos su informaci&oacute;n para responderle sobre el motivo por el que se comunic&oacute; con nosotros. No compartiremos su informaci&oacute;n con ning&uacute;n tercero fuera de nuestra organizaci&oacute;n, excepto cuando sea necesario para cumplir con su solicitud, por ejemplo, para enviar un pedido.</span></span></p>\r\n<h4><span style=\"vertical-align: inherit;\"><span style=\"vertical-align: inherit;\">Divulgaci&oacute;n</span></span></h4>\r\n<p><span style=\"vertical-align: inherit;\"><span style=\"vertical-align: inherit;\">Este sitio utiliza el servicio de an&aacute;lisis web de Google. Google puede registrar los clics y movimientos del rat&oacute;n, la actividad de desplazamiento y el texto que escribe en este sitio web. Este sitio no utiliza Google para recopilar ning&uacute;n tipo de informaci&oacute;n de identificaci&oacute;n personal introducida en este sitio web. Google s&iacute; realiza un seguimiento de sus h&aacute;bitos de navegaci&oacute;n en sitios web que no utilizan los servicios de Google.</span></span></p>\r\n<h4><span style=\"vertical-align: inherit;\"><span style=\"vertical-align: inherit;\">Seguridad</span></span></h4>\r\n<p><span style=\"vertical-align: inherit;\"><span style=\"vertical-align: inherit;\">Tomamos precauciones para proteger su informaci&oacute;n. Cuando env&iacute;a informaci&oacute;n confidencial a trav&eacute;s del sitio web, su informaci&oacute;n est&aacute; protegida tanto en l&iacute;nea como fuera de l&iacute;nea.</span></span></p>\r\n<p><span style=\"vertical-align: inherit;\"><span style=\"vertical-align: inherit;\">Siempre que recopilamos informaci&oacute;n confidencial (como datos de tarjetas de cr&eacute;dito), dicha informaci&oacute;n se encripta y se nos transmite de forma segura. Puede verificar esto buscando un &iacute;cono de candado cerrado en la parte inferior de su navegador web o buscando \"https\" al comienzo de la direcci&oacute;n de la p&aacute;gina web.</span></span></p>\r\n<p><span style=\"vertical-align: inherit;\"><span style=\"vertical-align: inherit;\">Si bien utilizamos cifrado para proteger la informaci&oacute;n confidencial transmitida en l&iacute;nea, tambi&eacute;n protegemos su informaci&oacute;n fuera de l&iacute;nea. Solo los empleados que necesitan la informaci&oacute;n para realizar un trabajo espec&iacute;fico (por ejemplo, facturaci&oacute;n o servicio al cliente) tienen acceso a la informaci&oacute;n de identificaci&oacute;n personal. Las computadoras/servidores en los que almacenamos informaci&oacute;n de identificaci&oacute;n personal se mantienen en un entorno seguro.</span></span></p>\r\n<p>&nbsp;</p>\r\n<p>&nbsp;</p>\r\n<h4><span style=\"vertical-align: inherit;\"><span style=\"vertical-align: inherit;\">Pol&iacute;tica de correo electr&oacute;nico</span></span></h4>\r\n<p><span style=\"vertical-align: inherit;\"><span style=\"vertical-align: inherit;\">Las siguientes son situaciones en las que usted puede proporcionarnos su informaci&oacute;n:</span></span></p>\r\n<ul>\r\n<li>\r\n<p><span style=\"vertical-align: inherit;\"><span style=\"vertical-align: inherit;\">Cuando completa formularios o campos a trav&eacute;s de nuestros Servicios.</span></span></p>\r\n</li>\r\n<li>\r\n<p><span style=\"vertical-align: inherit;\"><span style=\"vertical-align: inherit;\">Cuando usted se registra para una cuenta en nuestro Servicio.</span></span></p>\r\n</li>\r\n<li>\r\n<p><span style=\"vertical-align: inherit;\"><span style=\"vertical-align: inherit;\">Cuando creas una suscripci&oacute;n a nuestro bolet&iacute;n o Servicios.</span></span></p>\r\n</li>\r\n<li>\r\n<p><span style=\"vertical-align: inherit;\"><span style=\"vertical-align: inherit;\">Cuando proporcionas respuestas a una encuesta.</span></span></p>\r\n</li>\r\n<li>\r\n<p><span style=\"vertical-align: inherit;\"><span style=\"vertical-align: inherit;\">Cuando respondes preguntas en un cuestionario.</span></span></p>\r\n</li>\r\n<li>\r\n<p><span style=\"vertical-align: inherit;\"><span style=\"vertical-align: inherit;\">Cuando te unes o te inscribes en un evento a trav&eacute;s de nuestros Servicios.</span></span></p>\r\n</li>\r\n<li>\r\n<p><span style=\"vertical-align: inherit;\"><span style=\"vertical-align: inherit;\">Cuando usted solicita servicios o productos desde o a trav&eacute;s de nuestro Servicio.</span></span></p>\r\n</li>\r\n<li>\r\n<p><span style=\"vertical-align: inherit;\"><span style=\"vertical-align: inherit;\">Cuando nos proporciona informaci&oacute;n a trav&eacute;s de una aplicaci&oacute;n, servicio o sitio web de terceros.</span></span></p>\r\n</li>\r\n</ul>'),
(2,2,'es','Términos y condiciones','<h1 style=\"text-align: center;\"><span style=\"vertical-align: inherit;\"><span style=\"vertical-align: inherit;\">T&eacute;rminos y condiciones</span></span></h1>\r\n<p><span style=\"vertical-align: inherit;\"><span style=\"vertical-align: inherit;\">Este sitio web es operado por a.season. En todo el sitio, los t&eacute;rminos &ldquo;nosotros&rdquo;, &ldquo;nos&rdquo; y &ldquo;nuestro&rdquo; se refieren a a.season. a.season ofrece este sitio web, incluida toda la informaci&oacute;n, las herramientas y los servicios disponibles en este sitio para usted, el usuario, con la condici&oacute;n de que acepte todos los t&eacute;rminos, condiciones, pol&iacute;ticas y avisos aqu&iacute; establecidos.</span></span></p>\r\n<p><span style=\"vertical-align: inherit;\"><span style=\"vertical-align: inherit;\">Al visitar nuestro sitio y/o comprar algo de nosotros, usted participa en nuestro &ldquo;Servicio&rdquo; y acepta estar sujeto a los siguientes t&eacute;rminos y condiciones (&ldquo;T&eacute;rminos de Servicio&rdquo;, &ldquo;T&eacute;rminos&rdquo;), incluidos los t&eacute;rminos y condiciones y pol&iacute;ticas adicionales a los que se hace referencia en este documento y/o que est&aacute;n disponibles mediante hiperv&iacute;nculos. Estos T&eacute;rminos de Servicio se aplican a todos los usuarios del sitio, incluidos, entre otros, los usuarios que son navegadores, proveedores, clientes, comerciantes y/o contribuyentes de contenido.</span></span></p>\r\n<h4><span style=\"vertical-align: inherit;\"><span style=\"vertical-align: inherit;\">Condiciones de la tienda online</span></span></h4>\r\n<p><span style=\"vertical-align: inherit;\"><span style=\"vertical-align: inherit;\">Al aceptar estos T&eacute;rminos de servicio, usted declara que tiene al menos la mayor&iacute;a de edad en su estado o provincia de residencia, o que tiene la mayor&iacute;a de edad en su estado o provincia de residencia y nos ha dado su consentimiento para permitir que cualquiera de sus dependientes menores use este sitio.</span></span></p>\r\n<h4><span style=\"vertical-align: inherit;\"><span style=\"vertical-align: inherit;\">Condiciones generales</span></span></h4>\r\n<p><span style=\"vertical-align: inherit;\"><span style=\"vertical-align: inherit;\">Nos reservamos el derecho de rechazar el servicio a cualquier persona por cualquier motivo y en cualquier momento. </span></span><br /><span style=\"vertical-align: inherit;\"><span style=\"vertical-align: inherit;\">Usted comprende que su contenido (sin incluir la informaci&oacute;n de la tarjeta de cr&eacute;dito) puede transferirse sin cifrar e implicar (a) transmisiones a trav&eacute;s de varias redes; y (b) cambios para cumplir y adaptarse a los requisitos t&eacute;cnicos de conexi&oacute;n de redes o dispositivos. La informaci&oacute;n de la tarjeta de cr&eacute;dito siempre se cifra durante la transferencia a trav&eacute;s de las redes.</span></span></p>\r\n<h4><span style=\"vertical-align: inherit;\"><span style=\"vertical-align: inherit;\">Licencia</span></span></h4>\r\n<p><span style=\"vertical-align: inherit;\"><span style=\"vertical-align: inherit;\">No debes:</span></span></p>\r\n<ul>\r\n<li><span style=\"vertical-align: inherit;\"><span style=\"vertical-align: inherit;\">Republicar material del&nbsp; </span></span><span class=\"highlight preview_website_name\"><span style=\"vertical-align: inherit;\"><span style=\"vertical-align: inherit;\">sitio web Nombre</span></span></span></li>\r\n<li><span style=\"vertical-align: inherit;\"><span style=\"vertical-align: inherit;\">Vender, alquilar o sublicenciar material de&nbsp; </span></span><span class=\"highlight preview_website_name\"><span style=\"vertical-align: inherit;\"><span style=\"vertical-align: inherit;\">Nombre del sitio web</span></span></span></li>\r\n<li><span style=\"vertical-align: inherit;\"><span style=\"vertical-align: inherit;\">Reproducir, duplicar o copiar material del&nbsp; </span></span><span class=\"highlight preview_website_name\"><span style=\"vertical-align: inherit;\"><span style=\"vertical-align: inherit;\">Nombre del sitio web</span></span></span></li>\r\n<li><span style=\"vertical-align: inherit;\"><span style=\"vertical-align: inherit;\">Redistribuir contenido de&nbsp; </span></span><span class=\"highlight preview_website_name\"><span style=\"vertical-align: inherit;\"><span style=\"vertical-align: inherit;\">Nombre del sitio web</span></span></span></li>\r\n</ul>\r\n<h4><span style=\"vertical-align: inherit;\"><span style=\"vertical-align: inherit;\">Descargo de responsabilidad</span></span></h4>\r\n<p><span style=\"vertical-align: inherit;\"><span style=\"vertical-align: inherit;\">En la medida m&aacute;xima permitida por la ley aplicable, excluimos todas las representaciones:</span></span></p>\r\n<ul>\r\n<li><span style=\"vertical-align: inherit;\"><span style=\"vertical-align: inherit;\">limitar o excluir nuestra o su responsabilidad por muerte o lesiones personales;</span></span></li>\r\n<li><span style=\"vertical-align: inherit;\"><span style=\"vertical-align: inherit;\">limitar o excluir nuestra o su responsabilidad por fraude o tergiversaci&oacute;n fraudulenta;</span></span></li>\r\n<li><span style=\"vertical-align: inherit;\"><span style=\"vertical-align: inherit;\">limitar cualquiera de nuestras responsabilidades o las suyas de cualquier manera que no est&eacute; permitida por la ley aplicable; o</span></span></li>\r\n<li><span style=\"vertical-align: inherit;\"><span style=\"vertical-align: inherit;\">excluir cualquiera de nuestras responsabilidades o las suyas que no puedan excluirse seg&uacute;n la legislaci&oacute;n aplicable.</span></span></li>\r\n</ul>\r\n<p><span style=\"vertical-align: inherit;\"><span style=\"vertical-align: inherit;\">Siempre que el sitio web y la informaci&oacute;n y los servicios en el sitio web se proporcionen de forma gratuita, no seremos responsables de ninguna p&eacute;rdida o da&ntilde;o de ning&uacute;n tipo.</span></span></p>'),
(3,3,'es','Política de devoluciones','<h1 style=\"text-align: center;\"><span style=\"vertical-align: inherit;\"><span style=\"vertical-align: inherit;\">Pol&iacute;tica de devoluciones</span></span></h1>\r\n<p><span style=\"vertical-align: inherit;\"><span style=\"vertical-align: inherit;\">Studio Lorem Ipsum aceptar&aacute; devoluciones de PRODUCTOS SIN USAR dentro de los 14 d&iacute;as posteriores a la recepci&oacute;n de su pedido. Si han pasado 14 d&iacute;as desde la recepci&oacute;n de su pedido, lamentablemente no podemos ofrecerle un reembolso o cambio.</span></span></p>\r\n<p><span style=\"vertical-align: inherit;\"><span style=\"vertical-align: inherit;\">Para poder realizar una devoluci&oacute;n, el art&iacute;culo debe estar sin usar y en las mismas condiciones en las que lo recibiste. Tambi&eacute;n debe estar en el embalaje original.</span></span></p>\r\n<p><span style=\"vertical-align: inherit;\"><span style=\"vertical-align: inherit;\">Para completar su devoluci&oacute;n, necesitamos un recibo o comprobante de compra.</span></span></p>\r\n<h4><span style=\"vertical-align: inherit;\"><span style=\"vertical-align: inherit;\">Reembolsos (si corresponde)</span></span></h4>\r\n<p><span style=\"vertical-align: inherit;\"><span style=\"vertical-align: inherit;\">Una vez que recibamos e inspeccionemos su devoluci&oacute;n, le enviaremos un correo electr&oacute;nico para notificarle que hemos recibido su art&iacute;culo devuelto. Tambi&eacute;n le notificaremos la aprobaci&oacute;n o el rechazo de su reembolso. </span></span><br /><span style=\"vertical-align: inherit;\"><span style=\"vertical-align: inherit;\">Si se aprueba, se procesar&aacute; su reembolso y se aplicar&aacute; autom&aacute;ticamente un cr&eacute;dito a su tarjeta de cr&eacute;dito o m&eacute;todo de pago original, dentro de una cierta cantidad de d&iacute;as.</span></span></p>\r\n<h4><span style=\"vertical-align: inherit;\"><span style=\"vertical-align: inherit;\">Reembolsos tard&iacute;os o faltantes (si corresponde)</span></span></h4>\r\n<ul>\r\n<li><span style=\"vertical-align: inherit;\"><span style=\"vertical-align: inherit;\">Si a&uacute;n no ha recibido un reembolso, primero revise nuevamente su cuenta bancaria.</span></span></li>\r\n<li><span style=\"vertical-align: inherit;\"><span style=\"vertical-align: inherit;\">Luego, comun&iacute;quese con la compa&ntilde;&iacute;a de su tarjeta de cr&eacute;dito; puede tomar alg&uacute;n tiempo antes de que su reembolso se publique oficialmente.</span></span></li>\r\n<li><span style=\"vertical-align: inherit;\"><span style=\"vertical-align: inherit;\">A continuaci&oacute;n, p&oacute;ngase en contacto con su banco. Suele transcurrir un tiempo antes de que se publique el reembolso.</span></span></li>\r\n<li><span style=\"vertical-align: inherit;\"><span style=\"vertical-align: inherit;\">Si has hecho todo esto y a&uacute;n no has recibido tu reembolso, por favor cont&aacute;ctanos.</span></span></li>\r\n</ul>\r\n<h4><span style=\"vertical-align: inherit;\"><span style=\"vertical-align: inherit;\">Regalos</span></span></h4>\r\n<p><span style=\"vertical-align: inherit;\"><span style=\"vertical-align: inherit;\">Si el art&iacute;culo estaba marcado como regalo cuando lo compr&oacute; y se lo enviaron directamente, recibir&aacute; un cr&eacute;dito de regalo por el valor de su devoluci&oacute;n. Una vez que recibamos el art&iacute;culo devuelto, se le enviar&aacute; por correo un certificado de regalo.</span></span></p>\r\n<p><span style=\"vertical-align: inherit;\"><span style=\"vertical-align: inherit;\">Si el art&iacute;culo no estaba marcado como regalo cuando se compr&oacute;, o si el donante hizo que le enviaran el pedido a s&iacute; mismo para entreg&aacute;rselo m&aacute;s tarde, le enviaremos un reembolso al donante y &eacute;l se enterar&aacute; de su devoluci&oacute;n.</span></span></p>\r\n<h4><span style=\"vertical-align: inherit;\"><span style=\"vertical-align: inherit;\">Env&iacute;o</span></span></h4>\r\n<p><span style=\"vertical-align: inherit;\"><span style=\"vertical-align: inherit;\">Para devolver su producto, puede solicitar la devoluci&oacute;n del producto dentro de los 14 d&iacute;as posteriores a la recepci&oacute;n de su pedido y le enviaremos por correo electr&oacute;nico la etiqueta de devoluci&oacute;n que puede utilizar para enviar el producto. Una vez que recibamos e inspeccionemos su devoluci&oacute;n, se procesar&aacute; el reembolso a su m&eacute;todo de pago original.</span></span></p>'),
(4,4,'es','Preguntas frecuentes','<h1 style=\"text-align: center;\"><span style=\"vertical-align: inherit;\"><span style=\"vertical-align: inherit;\">Ayuda y preguntas frecuentes</span></span></h1>\r\n<p><span style=\"vertical-align: inherit;\"><span style=\"vertical-align: inherit;\">Lorem Ipsum es simplemente el texto de relleno de las imprentas y archivos de texto. Lorem Ipsum ha sido el texto de relleno est&aacute;ndar de las industrias desde el a&ntilde;o 1500, cuando un impresor (an&oacute;nimo) us&oacute; una galera de tipos y los mezcl&oacute; de tal manera que logr&oacute; fabricar un libro de muestras tipogr&aacute;ficas. No s&oacute;lo sobrevivi&oacute; cinco siglos, sino que tambi&eacute;n ingres&oacute; a la composici&oacute;n tipogr&aacute;fica electr&oacute;nica, permaneciendo esencialmente inalterado. Se populariz&oacute; en la d&eacute;cada de 1960 con la publicaci&oacute;n de las hojas Letraset que conten&iacute;an pasajes de Lorem Ipsum y, m&aacute;s recientemente, con el uso de software de autoedici&oacute;n como Aldus PageMaker, que inclu&iacute;a versiones de Lorem Ipsum.</span></span></p>\r\n<h4><span style=\"vertical-align: inherit;\"><span style=\"vertical-align: inherit;\">&iquest;Qu&eacute; significa LOREM?</span></span></h4>\r\n<p><span style=\"vertical-align: inherit;\"><span style=\"vertical-align: inherit;\">El texto completo, &laquo;Lorem ipsum dolor sit amet, consectetur adipisici elit&hellip;&raquo;, es un texto de relleno que no significa nada. Se utiliza como marcador de posici&oacute;n en los dise&ntilde;os de revistas, por ejemplo, para dar una impresi&oacute;n del documento terminado. El texto es intencionalmente ininteligible para que el lector no se distraiga con el contenido. El idioma no es el lat&iacute;n real y ni siquiera existe la primera palabra &laquo;Lorem&raquo;. Se dice que el texto de Lorem ipsum ha sido com&uacute;n entre los tip&oacute;grafos desde el siglo XVI.</span></span></p>\r\n<h4><span style=\"vertical-align: inherit;\"><span style=\"vertical-align: inherit;\">&iquest;Por qu&eacute; lo utilizamos?</span></span></h4>\r\n<p><span style=\"vertical-align: inherit;\"><span style=\"vertical-align: inherit;\">Es un hecho establecido hace mucho tiempo que el lector se distraer&aacute; con el contenido legible de una p&aacute;gina cuando observe su dise&ntilde;o. El objetivo de utilizar Lorem Ipsum es que tenga una distribuci&oacute;n m&aacute;s o menos normal de las letras, a diferencia de utilizar \"Contenido aqu&iacute;, contenido aqu&iacute;\", lo que hace que parezca un ingl&eacute;s legible. Muchos paquetes de autoedici&oacute;n y editores de p&aacute;ginas web utilizan ahora Lorem Ipsum como su modelo de texto predeterminado, y una b&uacute;squeda de \"lorem ipsum\" descubrir&aacute; muchos sitios web que a&uacute;n est&aacute;n en sus inicios. A lo largo de los a&ntilde;os han evolucionado varias versiones, a veces por accidente, a veces a prop&oacute;sito (inyect&aacute;ndole humor y cosas por el estilo).</span></span></p>\r\n<h4><span style=\"vertical-align: inherit;\"><span style=\"vertical-align: inherit;\">&iquest;De donde viene?</span></span></h4>\r\n<p><span style=\"vertical-align: inherit;\"><span style=\"vertical-align: inherit;\">Contrariamente a la creencia popular, Lorem Ipsum no es un simple texto al azar. Tiene sus ra&iacute;ces en un fragmento de literatura latina cl&aacute;sica del a&ntilde;o 45 a. C., lo que le otorga m&aacute;s de 2000 a&ntilde;os de antig&uuml;edad. Richard McClintock, profesor de lat&iacute;n en el Hampden-Sydney College de Virginia, busc&oacute; una de las palabras latinas m&aacute;s desconocidas, consectetur, en un pasaje de Lorem Ipsum y, al revisar las citas de la palabra en la literatura cl&aacute;sica, descubri&oacute; la fuente indudable.</span></span></p>\r\n<h4><span style=\"vertical-align: inherit;\"><span style=\"vertical-align: inherit;\">&iquest;D&oacute;nde puedo conseguir algo?</span></span></h4>\r\n<p><span style=\"vertical-align: inherit;\"><span style=\"vertical-align: inherit;\">Existen muchas variaciones de pasajes de Lorem Ipsum disponibles, pero la mayor&iacute;a han sufrido alguna alteraci&oacute;n, ya sea por humor a&ntilde;adido o palabras aleatorias que no parecen ni un poco cre&iacute;bles. Si va a utilizar un pasaje de Lorem Ipsum, debe asegurarse de que no haya nada vergonzoso escondido en medio del texto. Todos los generadores de Lorem Ipsum en Internet tienden a repetir fragmentos predefinidos seg&uacute;n sea necesario, lo que convierte a este en el primer generador verdadero en Internet. Utiliza un diccionario de m&aacute;s de 200 palabras latinas, combinado con un pu&ntilde;ado de estructuras de oraciones modelo, para generar un Lorem Ipsum que parezca razonable. Por lo tanto, el Lorem Ipsum generado siempre est&aacute; libre de repeticiones, humor a&ntilde;adido o palabras no caracter&iacute;sticas, etc.</span></span></p>\r\n<h4><span style=\"vertical-align: inherit;\"><span style=\"vertical-align: inherit;\">&iquest;Por qu&eacute; utilizamos Lorem Ipsum?</span></span></h4>\r\n<p><span style=\"vertical-align: inherit;\"><span style=\"vertical-align: inherit;\">Muchas veces, los lectores se distraen con el texto legible cuando miran el dise&ntilde;o de una p&aacute;gina. En lugar de usar texto de relleno que diga &ldquo;Insertar contenido aqu&iacute;&rdquo;, Lorem Ipsum utiliza una distribuci&oacute;n normal de letras, lo que lo hace similar al ingl&eacute;s est&aacute;ndar. Esto hace que sea m&aacute;s f&aacute;cil para los dise&ntilde;adores centrarse en los elementos visuales, en lugar de lo que dice realmente el texto de una p&aacute;gina. Lorem Ipsum tambi&eacute;n es absolutamente necesario en la mayor&iacute;a de los casos de dise&ntilde;o. Los proyectos de dise&ntilde;o web como p&aacute;ginas de destino, redise&ntilde;os de sitios web, etc., solo lucen como se esperaba cuando est&aacute;n completamente desarrollados con contenido.</span></span></p>'),
(5,5,'es','Sobre nosotros','<h1 style=\"text-align: center;\"><span style=\"vertical-align: inherit;\"><span style=\"vertical-align: inherit;\">Sobre nosotros</span></span><img src=\"/storage/media/HmOKyObsMLWvxahqNqsnvjox2PYfZJMPNxuHMs29.jpeg\" alt=\"\" loading=\"lazy\" /><img src=\"/storage/media/HmOKyObsMLWvxahqNqsnvjox2PYfZJMPNxuHMs29.jpeg\" alt=\"\" width=\"100%\" loading=\"lazy\" /></h1>\r\n<p><span style=\"vertical-align: inherit;\"><span style=\"vertical-align: inherit;\">Existen muchas variaciones de pasajes de Lorem Ipsum disponibles, pero la mayor&iacute;a han sufrido alguna alteraci&oacute;n, ya sea por humor a&ntilde;adido o palabras aleatorias que no parecen ni un poco cre&iacute;bles. Si va a utilizar un pasaje de Lorem Ipsum, debe asegurarse de que no haya nada vergonzoso escondido en medio del texto. Todos los generadores de Lorem Ipsum en Internet tienden a repetir fragmentos predefinidos seg&uacute;n sea necesario, lo que convierte a este en el primer generador verdadero en Internet. Utiliza un diccionario de m&aacute;s de 200 palabras latinas, combinado con un pu&ntilde;ado de estructuras de oraciones modelo, para generar un Lorem Ipsum que parezca razonable. Por lo tanto, el Lorem Ipsum generado siempre est&aacute; libre de repeticiones, humor a&ntilde;adido o palabras no caracter&iacute;sticas, etc.</span></span></p>\r\n<ul>\r\n<li><span style=\"vertical-align: inherit;\"><span style=\"vertical-align: inherit;\">Lorem ipsum dolor sit amet, consectetur adipiscing elit.</span></span></li>\r\n<li><span style=\"vertical-align: inherit;\"><span style=\"vertical-align: inherit;\">In luctus nunc id lectus pellentesque lacinia.</span></span></li>\r\n<li><span style=\"vertical-align: inherit;\"><span style=\"vertical-align: inherit;\">Pellentesque laoreet mi molestie tortor aliquam, sed hendrerit nisi consectetur.</span></span></li>\r\n<li><span style=\"vertical-align: inherit;\"><span style=\"vertical-align: inherit;\">Nam sed sapien sed lacus placerat euismod in consectetur ex.</span></span></li>\r\n<li><span style=\"vertical-align: inherit;\"><span style=\"vertical-align: inherit;\">Sed et odio ultrices, sempre sem sed, scelerisque libero.</span></span></li>\r\n<li><span style=\"vertical-align: inherit;\"><span style=\"vertical-align: inherit;\">Proin ut ex varius libero viverra pellentesque.</span></span></li>\r\n</ul>');

/*Table structure for table `pages` */

DROP TABLE IF EXISTS `pages`;

CREATE TABLE `pages` (
  `id` int(10) unsigned NOT NULL AUTO_INCREMENT,
  `slug` varchar(191) NOT NULL,
  `is_active` tinyint(1) NOT NULL,
  `created_at` timestamp NULL DEFAULT NULL,
  `updated_at` timestamp NULL DEFAULT NULL,
  PRIMARY KEY (`id`),
  UNIQUE KEY `pages_slug_unique` (`slug`)
) ENGINE=InnoDB AUTO_INCREMENT=6 DEFAULT CHARSET=utf8mb4 COLLATE=utf8mb4_unicode_ci;

/*Data for the table `pages` */

insert  into `pages`(`id`,`slug`,`is_active`,`created_at`,`updated_at`) values 
(1,'politica-de-privacidad',1,'2024-12-13 14:20:46','2024-12-13 14:20:46'),
(2,'terminos-y-condiciones',1,'2024-12-13 14:22:29','2024-12-13 14:22:29'),
(3,'politica-de-devoluciones',1,'2024-12-13 14:25:05','2024-12-13 14:25:14'),
(4,'preguntas-frecuentes',1,'2024-12-13 14:26:47','2024-12-13 14:26:53'),
(5,'sobre-nosotros',1,'2024-12-13 14:28:29','2024-12-13 14:28:29');

/*Table structure for table `persistences` */

DROP TABLE IF EXISTS `persistences`;

CREATE TABLE `persistences` (
  `id` int(10) unsigned NOT NULL AUTO_INCREMENT,
  `user_id` int(10) unsigned NOT NULL,
  `code` varchar(191) NOT NULL,
  `created_at` timestamp NULL DEFAULT NULL,
  `updated_at` timestamp NULL DEFAULT NULL,
  PRIMARY KEY (`id`),
  UNIQUE KEY `persistences_code_unique` (`code`),
  KEY `persistences_user_id_foreign` (`user_id`),
  CONSTRAINT `persistences_user_id_foreign` FOREIGN KEY (`user_id`) REFERENCES `users` (`id`) ON DELETE CASCADE
) ENGINE=InnoDB AUTO_INCREMENT=46 DEFAULT CHARSET=utf8mb4 COLLATE=utf8mb4_unicode_ci;

/*Data for the table `persistences` */

insert  into `persistences`(`id`,`user_id`,`code`,`created_at`,`updated_at`) values 
(35,1,'CclPhN3KvKHhEygIJQOWSuMMFqPUu0oK','2025-04-26 04:25:16','2025-04-26 04:25:16'),
(36,1,'szGsiUfpqehHxQyFfnaBGj7RYzR4iWnA','2025-04-29 04:37:59','2025-04-29 04:37:59'),
(37,1,'zeKYzoGYEYVIzzBR6auv0yxjGLSgyKvW','2025-04-29 16:37:19','2025-04-29 16:37:19'),
(38,1,'rWIF6Y2SQ1yvmWu3l4foWBq2GClGVt5z','2025-04-29 19:49:56','2025-04-29 19:49:56'),
(40,1,'ICgKzfQPJCi6vYsBg3jGiTgvq9gGpqjA','2025-04-30 02:00:07','2025-04-30 02:00:07'),
(42,1,'QSfryUJIQ2SvdCJMiu2X1sWGk9TvNCOo','2025-04-30 18:05:34','2025-04-30 18:05:34'),
(43,1,'aCpA6epp5dC89s2nJK2I0DCA4oTtTVXW','2025-05-02 16:40:41','2025-05-02 16:40:41'),
(44,1,'WNRWFhECIVSSHLd5RikZPLpL20Aw5pWU','2025-05-05 15:19:27','2025-05-05 15:19:27'),
(45,1,'EK08eLuUj2sbxiKwYSUP5kimILPjQEBn','2025-05-06 03:30:19','2025-05-06 03:30:19');

/*Table structure for table `product_attribute_values` */

DROP TABLE IF EXISTS `product_attribute_values`;

CREATE TABLE `product_attribute_values` (
  `product_attribute_id` int(10) unsigned NOT NULL,
  `attribute_value_id` int(10) unsigned NOT NULL,
  PRIMARY KEY (`product_attribute_id`,`attribute_value_id`),
  KEY `product_attribute_values_attribute_value_id_foreign` (`attribute_value_id`),
  CONSTRAINT `product_attribute_values_attribute_value_id_foreign` FOREIGN KEY (`attribute_value_id`) REFERENCES `attribute_values` (`id`) ON DELETE CASCADE,
  CONSTRAINT `product_attribute_values_product_attribute_id_foreign` FOREIGN KEY (`product_attribute_id`) REFERENCES `product_attributes` (`id`) ON DELETE CASCADE
) ENGINE=InnoDB DEFAULT CHARSET=utf8mb4 COLLATE=utf8mb4_unicode_ci;

/*Data for the table `product_attribute_values` */

insert  into `product_attribute_values`(`product_attribute_id`,`attribute_value_id`) values 
(73,2),
(73,5),
(74,12),
(75,20),
(75,21),
(75,22),
(76,2),
(76,3),
(77,8),
(78,18),
(78,21),
(78,22),
(88,2),
(88,3),
(88,5),
(89,21),
(89,22),
(90,6),
(97,3),
(97,28),
(98,6),
(99,18),
(99,20),
(99,21),
(100,12),
(101,2),
(101,3),
(101,5),
(102,18),
(102,21),
(102,22),
(103,2),
(103,3),
(104,18),
(104,21),
(104,22),
(105,2),
(105,3),
(106,6),
(107,18),
(107,21),
(107,22),
(126,2),
(126,3),
(127,9),
(130,14),
(131,2),
(131,3),
(132,14),
(133,2),
(133,3),
(134,2),
(134,3),
(134,5),
(135,16),
(136,1),
(136,2),
(137,16),
(158,2),
(158,3),
(158,4),
(159,23),
(159,24),
(159,25),
(159,26),
(160,1),
(160,2),
(160,3),
(160,4),
(161,23),
(161,24),
(161,25),
(161,26),
(164,1),
(164,2),
(164,3),
(164,4),
(164,5),
(164,28),
(165,23),
(165,24),
(165,25),
(166,1),
(166,2),
(166,3),
(166,4),
(167,23),
(167,24),
(167,25),
(168,2),
(168,3),
(169,23),
(169,24),
(169,25),
(170,2),
(171,1),
(171,2),
(171,3),
(172,18),
(172,19),
(172,20),
(172,21),
(173,12),
(174,1),
(174,2),
(174,3),
(175,6),
(176,18),
(176,19),
(176,20),
(176,21),
(176,22),
(197,1),
(197,2),
(197,3),
(198,9),
(199,2),
(199,3),
(199,4),
(200,23),
(200,24),
(200,25),
(200,26),
(205,1),
(205,2),
(205,3),
(205,4),
(206,23),
(206,24),
(206,25),
(206,26),
(206,27);

/*Table structure for table `product_attributes` */

DROP TABLE IF EXISTS `product_attributes`;

CREATE TABLE `product_attributes` (
  `id` int(10) unsigned NOT NULL AUTO_INCREMENT,
  `product_id` int(10) unsigned NOT NULL,
  `attribute_id` int(10) unsigned NOT NULL,
  PRIMARY KEY (`id`),
  KEY `product_attributes_product_id_index` (`product_id`),
  KEY `product_attributes_attribute_id_index` (`attribute_id`),
  CONSTRAINT `product_attributes_attribute_id_foreign` FOREIGN KEY (`attribute_id`) REFERENCES `attributes` (`id`) ON DELETE CASCADE,
  CONSTRAINT `product_attributes_product_id_foreign` FOREIGN KEY (`product_id`) REFERENCES `products` (`id`) ON DELETE CASCADE
) ENGINE=InnoDB AUTO_INCREMENT=207 DEFAULT CHARSET=utf8mb4 COLLATE=utf8mb4_unicode_ci;

/*Data for the table `product_attributes` */

insert  into `product_attributes`(`id`,`product_id`,`attribute_id`) values 
(73,15,1),
(74,15,2),
(75,15,3),
(76,16,1),
(77,16,2),
(78,16,3),
(88,10,1),
(89,10,3),
(90,10,2),
(97,9,1),
(98,9,2),
(99,9,3),
(100,11,2),
(101,11,1),
(102,11,3),
(103,12,1),
(104,12,3),
(105,13,1),
(106,13,2),
(107,13,3),
(126,24,1),
(127,24,2),
(130,22,2),
(131,22,1),
(132,19,2),
(133,19,1),
(134,18,1),
(135,18,2),
(136,17,1),
(137,17,2),
(158,31,1),
(159,31,4),
(160,30,1),
(161,30,4),
(164,29,1),
(165,29,4),
(166,28,1),
(167,28,4),
(168,26,1),
(169,26,4),
(170,25,1),
(171,5,1),
(172,5,3),
(173,5,2),
(174,6,1),
(175,6,2),
(176,6,3),
(197,32,1),
(198,32,2),
(199,34,1),
(200,34,4),
(205,35,1),
(206,35,4);

/*Table structure for table `product_categories` */

DROP TABLE IF EXISTS `product_categories`;

CREATE TABLE `product_categories` (
  `product_id` int(10) unsigned NOT NULL,
  `category_id` int(10) unsigned NOT NULL,
  PRIMARY KEY (`product_id`,`category_id`),
  KEY `product_categories_category_id_foreign` (`category_id`),
  CONSTRAINT `product_categories_category_id_foreign` FOREIGN KEY (`category_id`) REFERENCES `categories` (`id`) ON DELETE CASCADE,
  CONSTRAINT `product_categories_product_id_foreign` FOREIGN KEY (`product_id`) REFERENCES `products` (`id`) ON DELETE CASCADE
) ENGINE=InnoDB DEFAULT CHARSET=utf8mb4 COLLATE=utf8mb4_unicode_ci;

/*Data for the table `product_categories` */

insert  into `product_categories`(`product_id`,`category_id`) values 
(1,1),
(1,7),
(1,8),
(2,1),
(2,7),
(2,8),
(3,7),
(3,10),
(4,7),
(4,8),
(5,1),
(5,7),
(5,8),
(6,7),
(6,10),
(7,7),
(7,10),
(8,7),
(8,8),
(9,21),
(10,21),
(11,1),
(11,21),
(12,1),
(12,21),
(13,1),
(13,21),
(14,1),
(14,21),
(15,1),
(15,21),
(16,1),
(16,21),
(17,1),
(17,20),
(18,1),
(18,20),
(19,1),
(19,20),
(20,1),
(20,20),
(21,1),
(21,20),
(22,1),
(22,20),
(23,1),
(23,20),
(24,1),
(24,20),
(25,2),
(26,2),
(26,14),
(27,2),
(27,15),
(28,2),
(28,14),
(29,2),
(29,14),
(30,2),
(30,14),
(31,2),
(31,14),
(32,2),
(33,2),
(33,14),
(34,2),
(34,14),
(35,2),
(35,14);

/*Table structure for table `product_options` */

DROP TABLE IF EXISTS `product_options`;

CREATE TABLE `product_options` (
  `product_id` int(10) unsigned NOT NULL,
  `option_id` int(10) unsigned NOT NULL,
  PRIMARY KEY (`product_id`,`option_id`),
  KEY `product_options_option_id_foreign` (`option_id`),
  CONSTRAINT `product_options_option_id_foreign` FOREIGN KEY (`option_id`) REFERENCES `options` (`id`) ON DELETE CASCADE,
  CONSTRAINT `product_options_product_id_foreign` FOREIGN KEY (`product_id`) REFERENCES `products` (`id`) ON DELETE CASCADE
) ENGINE=InnoDB DEFAULT CHARSET=utf8mb4 COLLATE=utf8mb4_unicode_ci;

/*Data for the table `product_options` */

insert  into `product_options`(`product_id`,`option_id`) values 
(11,1),
(11,2),
(11,3),
(17,4);

/*Table structure for table `product_tags` */

DROP TABLE IF EXISTS `product_tags`;

CREATE TABLE `product_tags` (
  `product_id` int(10) unsigned NOT NULL,
  `tag_id` int(10) unsigned NOT NULL,
  PRIMARY KEY (`product_id`,`tag_id`),
  KEY `product_tags_tag_id_foreign` (`tag_id`),
  CONSTRAINT `product_tags_product_id_foreign` FOREIGN KEY (`product_id`) REFERENCES `products` (`id`) ON DELETE CASCADE,
  CONSTRAINT `product_tags_tag_id_foreign` FOREIGN KEY (`tag_id`) REFERENCES `tags` (`id`) ON DELETE CASCADE
) ENGINE=InnoDB DEFAULT CHARSET=utf8mb4 COLLATE=utf8mb4_unicode_ci;

/*Data for the table `product_tags` */

insert  into `product_tags`(`product_id`,`tag_id`) values 
(19,1),
(20,1),
(22,1),
(23,1),
(24,1),
(25,2),
(25,3),
(25,7),
(27,3),
(29,3),
(29,7),
(30,3),
(31,3),
(32,3),
(34,3);

/*Table structure for table `product_translations` */

DROP TABLE IF EXISTS `product_translations`;

CREATE TABLE `product_translations` (
  `id` int(10) unsigned NOT NULL AUTO_INCREMENT,
  `product_id` int(10) unsigned NOT NULL,
  `locale` varchar(191) NOT NULL,
  `name` varchar(191) NOT NULL,
  `description` longtext NOT NULL,
  `short_description` text DEFAULT NULL,
  PRIMARY KEY (`id`),
  UNIQUE KEY `product_translations_product_id_locale_unique` (`product_id`,`locale`),
  FULLTEXT KEY `name` (`name`),
  CONSTRAINT `product_translations_product_id_foreign` FOREIGN KEY (`product_id`) REFERENCES `products` (`id`) ON DELETE CASCADE
) ENGINE=InnoDB AUTO_INCREMENT=36 DEFAULT CHARSET=utf8mb4 COLLATE=utf8mb4_unicode_ci;

/*Data for the table `product_translations` */

insert  into `product_translations`(`id`,`product_id`,`locale`,`name`,`description`,`short_description`) values 
(1,1,'es','Huawei P30 Pro 128GB+8GB RAM (VOG-L29) 40MP LTE Factory Unlocked GSM Smartphone','<p><span class=\"a-list-item\"><span style=\"vertical-align: inherit;\"><span style=\"vertical-align: inherit;\">6,47 pulgadas 1080 x 2340 p&iacute;xeles, relaci&oacute;n de aspecto 19,5:9 (densidad de ~398 ppp) - Android 9.0 + EMUI 9.0 - Resistente al agua y al polvo IP68 - Cristal frontal y trasero, marco de aluminio</span></span></span></p>\n<p><span class=\"a-list-item\"><span style=\"vertical-align: inherit;\"><span style=\"vertical-align: inherit;\">128GB + 8GB RAM - NM (Nano Memory), hasta 256GB (usa SIM 2) - Bater&iacute;a Li-Po 4200 mAh no extra&iacute;ble - Hisilicon Kirin 980 Octa-core 2.6GHz</span></span></span></p>\n<p><span class=\"a-list-item\"><span style=\"vertical-align: inherit;\"><span style=\"vertical-align: inherit;\">C&aacute;mara trasera: 40 MP, f/1.6, 27 mm (gran angular) + 20 MP, f/2.2, 16 mm (ultra gran angular) + Periscopio 8 MP, f/3.4, 125 mm (telefoto) - C&aacute;mara frontal: 32 MP, f/2.0, (gran angular) - V&iacute;deo: </span></span><a href=\"mailto:2160p@30fps\"><span style=\"vertical-align: inherit;\"><span style=\"vertical-align: inherit;\">2160p a 30 fps</span></span></a></span></p>\n<p>&nbsp;</p>\n<p><span class=\"a-list-item\"><span style=\"vertical-align: inherit;\"><span style=\"vertical-align: inherit;\">Los tel&eacute;fonos celulares desbloqueados son compatibles con la mayor&iacute;a de los operadores GSM (como T-Mobile o AT&amp;T), pero tenga en cuenta que no son compatibles con los operadores CDMA (como Sprint o Verizon Wireless, por ejemplo).</span></span></span></p>\n<p><span class=\"a-list-item\"><span style=\"vertical-align: inherit;\"><span style=\"vertical-align: inherit;\">3G HSDPA 800 / 850 / 900 / 1700(AWS) / 1900 / 2100 - Banda 4G LTE 1(2100), 2(1900), 3(1800), 4(1700/2100), 5(850), 6(900), 7(2600), 8(900), 9(1800), 12(700), 17(700), 18(800), 19(800), 20(800), 26(850), 28(700), 32(1500), 34(2000), 38(2600), 39(1900), 40(2300) - SIM dual h&iacute;brida (Nano-SIM, modo de espera dual) &gt; (garantizar para comprobar la compatibilidad con su operador antes de la compra)6.47 pulgadas 1080 x 2340 p&iacute;xeles, relaci&oacute;n 19.5:9 (densidad de ~398 ppi) - Android 9.0 + EMUI 9.0 - Resistente al agua y al polvo IP68 - Cristal frontal/trasero, marco de aluminio128 GB + 8 GB de RAM - NM (Nano Memory), hasta 256 GB (usa SIM 2) - Bater&iacute;a Li-Po 4200 mAh no extra&iacute;ble - Hisilicon Kirin 980 Octa-core 2.6GHzC&aacute;mara trasera: 40 MP, f/1.6, 27 mm (gran angular) + 20 MP, f/2.2, 16 mm (ultra gran angular) + Periscopio 8 MP, f/3.4, 125 mm (telefoto) - C&aacute;mara frontal: 32 MP, f/2.0, (gran angular) - V&iacute;deo: 2160p a 30 fpsLos tel&eacute;fonos m&oacute;viles desbloqueados son compatibles con la mayor&iacute;a del operador GSM (como T-Mobile o AT&amp;T), pero tenga en cuenta que no son compatibles con operadores CDMA (como Sprint o Verizon Wireless, por ejemplo)</span></span><br /></span></p>\n<p>&nbsp;</p>\n<p><span class=\"a-list-item\"><span style=\"vertical-align: inherit;\"><span style=\"vertical-align: inherit;\">Este tel&eacute;fono funcionar&aacute; con tarjetas SIM GSM como AT&amp;T o T-Mobile o cualquier otro proveedor de red de tarjetas SIM GSM, pero NO funcionar&aacute; con CDMA como Sprint, Verizon o US Cellular o Boost Mobile o cualquier otra red CDMA.</span></span></span></p>\n<p>&nbsp;</p>\n<p><span style=\"text-decoration: underline;\"><strong><span class=\"a-list-item\"><span style=\"vertical-align: inherit;\"><span style=\"vertical-align: inherit;\">Presupuesto:</span></span></span></strong></span></p>\n<p>&nbsp;</p>\n<table id=\"productDetails_detailBullets_sections1\" class=\"a-keyvalue prodDetTable\" style=\"height: 126px;\" role=\"presentation\">\n<tbody>\n<tr style=\"height: 21px;\">\n<th class=\"a-color-secondary a-size-base prodDetSectionEntry\" style=\"height: 21px; width: 154.219px; text-align: left;\"><span style=\"vertical-align: inherit;\"><span style=\"vertical-align: inherit;\">Dimensiones del producto</span></span></th>\n<td class=\"a-size-base\" style=\"height: 21px; width: 330.219px; text-align: right;\"><span style=\"vertical-align: inherit;\"><span style=\"vertical-align: inherit;\">2,6 x 1,6 x 0,6 pulgadas</span></span></td>\n</tr>\n<tr style=\"height: 21px;\">\n<th class=\"a-color-secondary a-size-base prodDetSectionEntry\" style=\"height: 21px; width: 154.219px; text-align: left;\"><span style=\"vertical-align: inherit;\"><span style=\"vertical-align: inherit;\">Peso del art&iacute;culo</span></span></th>\n<td class=\"a-size-base\" style=\"height: 21px; width: 330.219px; text-align: right;\"><span style=\"vertical-align: inherit;\"><span style=\"vertical-align: inherit;\">1,1 libras</span></span></td>\n</tr>\n<tr style=\"height: 21px;\">\n<th class=\"a-color-secondary a-size-base prodDetSectionEntry\" style=\"height: 21px; width: 154.219px; text-align: left;\"><span style=\"vertical-align: inherit;\"><span style=\"vertical-align: inherit;\">Peso del env&iacute;o</span></span></th>\n<td class=\"a-size-base\" style=\"height: 21px; width: 330.219px; text-align: right;\"><span style=\"vertical-align: inherit;\"><span style=\"vertical-align: inherit;\">1,19 libras</span></span></td>\n</tr>\n<tr style=\"height: 21px;\">\n<th class=\"a-color-secondary a-size-base prodDetSectionEntry\" style=\"height: 21px; width: 154.219px; text-align: left;\"><span style=\"vertical-align: inherit;\"><span style=\"vertical-align: inherit;\">ASIN</span></span></th>\n<td class=\"a-size-base\" style=\"height: 21px; width: 330.219px; text-align: right;\"><span style=\"vertical-align: inherit;\"><span style=\"vertical-align: inherit;\">B07PX3ZRJ6</span></span></td>\n</tr>\n<tr style=\"height: 21px;\">\n<th class=\"a-color-secondary a-size-base prodDetSectionEntry\" style=\"height: 21px; width: 154.219px; text-align: left;\"><span style=\"vertical-align: inherit;\"><span style=\"vertical-align: inherit;\">N&uacute;mero de modelo del art&iacute;culo</span></span></th>\n<td class=\"a-size-base\" style=\"height: 21px; width: 330.219px; text-align: right;\"><span style=\"vertical-align: inherit;\"><span style=\"vertical-align: inherit;\">6901443293186</span></span></td>\n</tr>\n<tr style=\"height: 21px;\">\n<th class=\"a-color-secondary a-size-base prodDetSectionEntry\" style=\"height: 21px; width: 154.219px; text-align: left;\"><span style=\"vertical-align: inherit;\"><span style=\"vertical-align: inherit;\">Bater&iacute;as</span></span></th>\n<td class=\"a-size-base\" style=\"height: 21px; width: 330.219px; text-align: right;\"><span style=\"vertical-align: inherit;\"><span style=\"vertical-align: inherit;\">Se requieren 1 bater&iacute;a de pol&iacute;mero de litio (incluida).</span></span></td>\n</tr>\n</tbody>\n</table>\n<p>&nbsp;</p>','6.47 pulgadas 1080 x 2340 píxeles, relación de aspecto 19.5:9 (densidad de ~398 ppi) - Android 9.0 + EMUI 9.0 - Resistente al agua y al polvo IP68 - Cristal frontal/trasero, marco de aluminio 128 GB + 8 GB de RAM - NM (Nano Memory), hasta 256 GB (usa SIM 2) - Batería Li-Po 4200 mAh no extraíble - Hisilicon Kirin 980 Octa-core 2.6GHz'),
(2,2,'es','Samsung Galaxy S20 (SM-G980F/DS) Dual SIM 128 GB, 6,2\" (versión internacional)','<p><span class=\"a-list-item\"><span style=\"vertical-align: inherit;\"><span style=\"vertical-align: inherit;\">M&aacute;s c&aacute;mara, m&aacute;s potencia, m&aacute;s diversi&oacute;n, en un formato delgado y equilibrado. Crea en cualquier lugar con el elegante y potente Galaxy S20 5G con una amplia pantalla Infinity-O de 6.2&rdquo; y un nuevo y radical zoom espacial de 30x. El dise&ntilde;o moderno del Galaxy S20 5G te brinda una experiencia inmersiva de calidad cinematogr&aacute;fica con una funcionalidad de siguiente nivel. Toma im&aacute;genes y videos de alta resoluci&oacute;n con calidad profesional con una innovadora c&aacute;mara de 64 MP y un sistema completo de lentes de estudio con s&uacute;per estabilizaci&oacute;n. Las funciones como Single Take AI hacen que sea r&aacute;pido y f&aacute;cil capturar m&uacute;ltiples fotos y videos con un solo toque. Ac&eacute;rcate, incluso a 100 pies de distancia, y captura im&aacute;genes n&iacute;tidas de noche, incluso sin flash, con el modo Bright Night. Comparte tu contenido en tiempo real con el uso compartido con dos toques y obt&eacute;n horas de energ&iacute;a con minutos de carga con la carga superr&aacute;pida. La bater&iacute;a inteligente del Galaxy S20 5G dura todo el d&iacute;a para alimentar cada desplazamiento, clic, llamada, toque, lista de reproducci&oacute;n y final de temporada. Haz m&aacute;s de lo que amas con el dispositivo que te da m&aacute;s. Nota: Samsung Galaxy S20 5G no funciona en la red 5G mmW de Verizon. Funcionar&aacute; en la red 4G LTE de Verizon. Consulta con los operadores para obtener m&aacute;s detalles.</span></span></span></p>\n<p><span class=\"a-list-item\"><span style=\"vertical-align: inherit;\"><span style=\"vertical-align: inherit;\">Poder 5G: obt&eacute;n potencia de siguiente nivel para todo lo que amas hacer con Samsung Galaxy 5G; comparte m&aacute;s, juega m&aacute;s duro, experimenta m&aacute;s y nunca te pierdas el ritmo</span></span></span></p>\n<p><span class=\"a-list-item\"><span style=\"vertical-align: inherit;\"><span style=\"vertical-align: inherit;\">Single Take AI: captura videos y m&uacute;ltiples tipos de im&aacute;genes con solo tocar el bot&oacute;n del obturador; lentes, efectos y filtros capturan lo mejor de cada momento, en todo momento</span></span></span></p>\n<p><span class=\"a-list-item\"><span style=\"vertical-align: inherit;\"><span style=\"vertical-align: inherit;\">Zoom de c&aacute;mara de alta resoluci&oacute;n: captura im&aacute;genes de alta resoluci&oacute;n como si estuvieras a 3 pies de distancia, desde 100 pies de distancia; ya sea que quieras acercar el zoom desde lejos o ampliar los detalles cercanos, el nuevo zoom espacial de 30x te brinda una potencia y una claridad impresionantes</span></span></span></p>\n<p>&nbsp;</p>\n<p><span class=\"a-list-item\"><span style=\"vertical-align: inherit;\"><span style=\"vertical-align: inherit;\">Modo Noche brillante: captura im&aacute;genes n&iacute;tidas y videos vibrantes en el modo Noche brillante y crea contenido de alta calidad con poca luz, sin necesidad de flash</span></span></span></p>\n<p>&nbsp;</p>\n<p><span class=\"a-list-item\"><span style=\"vertical-align: inherit;\"><span style=\"vertical-align: inherit;\">Carga superr&aacute;pida: carga m&aacute;s r&aacute;pido con la carga superr&aacute;pida para que puedas seguir en movimiento con m&aacute;s bater&iacute;a; dale a tus auriculares (o auriculares Galaxy) un impulso de energ&iacute;a con Wireless PowerShare directamente desde el Galaxy S20 5G</span></span></span></p>\n<p><span class=\"a-list-item\"><span style=\"vertical-align: inherit;\"><span style=\"vertical-align: inherit;\">Bater&iacute;a que dura todo el d&iacute;a: la bater&iacute;a inteligente del Galaxy S20 5G utiliza un algoritmo que aprende de tu estilo de vida para optimizar la energ&iacute;a y llevarte a trav&eacute;s de un d&iacute;a o m&aacute;s de trabajo y vida sin fallar nunca.</span></span></span></p>\n<p><span class=\"a-list-item\"><span style=\"vertical-align: inherit;\"><span style=\"vertical-align: inherit;\">Almacenamiento masivo: el almacenamiento generoso listo para usar y la memoria expandible significan que nunca tendr&aacute; que eliminar lo que es importante para usted; la tarjeta de memoria se vende por separado</span></span></span></p>\n<p><span style=\"text-decoration: underline;\"><strong><span class=\"a-list-item\"><span style=\"vertical-align: inherit;\"><span style=\"vertical-align: inherit;\">Detalles del producto:</span></span></span></strong></span></p>\n<table id=\"productDetails_detailBullets_sections1\" class=\"a-keyvalue prodDetTable\" role=\"presentation\">\n<tbody>\n<tr>\n<th class=\"a-color-secondary a-size-base prodDetSectionEntry\" style=\"text-align: left;\"><strong><span style=\"vertical-align: inherit;\"><span style=\"vertical-align: inherit;\">Dimensiones del producto</span></span></strong></th>\n<td class=\"a-size-base\" style=\"text-align: right;\"><span style=\"vertical-align: inherit;\"><span style=\"vertical-align: inherit;\">6,7 x 3,4 x 2,4 pulgadas</span></span></td>\n</tr>\n<tr>\n<th class=\"a-color-secondary a-size-base prodDetSectionEntry\" style=\"text-align: left;\"><strong><span style=\"vertical-align: inherit;\"><span style=\"vertical-align: inherit;\">Peso del art&iacute;culo</span></span></strong></th>\n<td class=\"a-size-base\" style=\"text-align: right;\"><span style=\"vertical-align: inherit;\"><span style=\"vertical-align: inherit;\">5,8 onzas</span></span></td>\n</tr>\n<tr>\n<th class=\"a-color-secondary a-size-base prodDetSectionEntry\" style=\"text-align: left;\"><strong><span style=\"vertical-align: inherit;\"><span style=\"vertical-align: inherit;\">Peso del env&iacute;o</span></span></strong></th>\n<td class=\"a-size-base\" style=\"text-align: right;\"><span style=\"vertical-align: inherit;\"><span style=\"vertical-align: inherit;\">15,2 onzas</span></span></td>\n</tr>\n<tr>\n<th class=\"a-color-secondary a-size-base prodDetSectionEntry\" style=\"text-align: left;\"><strong><span style=\"vertical-align: inherit;\"><span style=\"vertical-align: inherit;\">ASIN</span></span></strong></th>\n<td class=\"a-size-base\" style=\"text-align: right;\"><span style=\"vertical-align: inherit;\"><span style=\"vertical-align: inherit;\">B082XXKZRC</span></span></td>\n</tr>\n<tr>\n<th class=\"a-color-secondary a-size-base prodDetSectionEntry\" style=\"text-align: left;\"><strong><span style=\"vertical-align: inherit;\"><span style=\"vertical-align: inherit;\">N&uacute;mero de modelo del art&iacute;culo</span></span></strong></th>\n<td class=\"a-size-base\" style=\"text-align: right;\"><span style=\"vertical-align: inherit;\"><span style=\"vertical-align: inherit;\">SM-G981ULBAXAA</span></span></td>\n</tr>\n<tr>\n<th class=\"a-color-secondary a-size-base prodDetSectionEntry\" style=\"text-align: left;\"><strong><span style=\"vertical-align: inherit;\"><span style=\"vertical-align: inherit;\">Bater&iacute;as</span></span></strong></th>\n<td class=\"a-size-base\" style=\"text-align: right;\"><span style=\"vertical-align: inherit;\"><span style=\"vertical-align: inherit;\">1 Se requieren bater&iacute;as de iones de litio. (incluidas)</span></span></td>\n</tr>\n</tbody>\n</table>\n<p>&nbsp;</p>','Poder de 5G: obtén potencia de siguiente nivel para todo lo que amas hacer con Samsung Galaxy 5G; comparte más, juega más duro, experimenta más y nunca te pierdas un ritmo\nInteligencia artificial de toma única: captura videos y múltiples tipos de imágenes con solo tocar el botón del obturador; los lentes, efectos y filtros capturan lo mejor de cada momento, en todo momento'),
(3,3,'es','Teléfono original iPhone 11 Pro Max 64G de 6,5 pulgadas con doble tarjeta y pantalla completa','<p><span class=\"a-list-item\"><span style=\"vertical-align: inherit;\"><span style=\"vertical-align: inherit;\">Operador: este tel&eacute;fono est&aacute; bloqueado para Simple Mobile de Tracfone, lo que significa que este dispositivo solo se puede usar en la red inal&aacute;mbrica Simple Mobile.</span></span></span></p>\n<p><span class=\"a-list-item\"><span style=\"vertical-align: inherit;\"><span style=\"vertical-align: inherit;\">Planes: Simple Mobile ofrece una variedad de planes de cobertura, que incluyen llamadas, mensajes de texto y datos ilimitados durante 30 d&iacute;as. Sin cargos de activaci&oacute;n, sin verificaci&oacute;n de cr&eacute;dito y sin complicaciones en una red nacional ultrarr&aacute;pida. Para obtener m&aacute;s informaci&oacute;n o conocer las opciones de planes, visite el sitio web de Simple Mobile.</span></span></span></p>\n<p><span class=\"a-list-item\"><span style=\"vertical-align: inherit;\"><span style=\"vertical-align: inherit;\">Activaci&oacute;n: recibir&aacute;s un kit SIM simple para m&oacute;viles con este iPhone. Sigue las instrucciones para activar el servicio con el plan de telefon&iacute;a m&oacute;vil simple que elijas.</span></span></span></p>\n<p><span class=\"a-list-item\"><span style=\"vertical-align: inherit;\"><span style=\"vertical-align: inherit;\">Pantalla OLED Super Retina XDR de 6,5 pulgadas</span></span></span></p>\n<p><span class=\"a-list-item\"><span style=\"vertical-align: inherit;\"><span style=\"vertical-align: inherit;\">Resistente al agua y al polvo (4 metros durante un m&aacute;ximo de 30 minutos, IP68)</span></span></span></p>\n<p><span class=\"a-list-item\"><span style=\"vertical-align: inherit;\"><span style=\"vertical-align: inherit;\">Sistema de triple c&aacute;mara con c&aacute;maras ultra anchas, gran angular y telefoto de 12 MP; modo nocturno, modo retrato y video 4K hasta 60 fps</span></span></span></p>\n<p><span class=\"a-list-item\"><span style=\"vertical-align: inherit;\"><span style=\"vertical-align: inherit;\">C&aacute;mara frontal True Depth de 12 MP con modo retrato, video 4K y c&aacute;mara lenta</span></span></span></p>\n<p><span style=\"text-decoration: underline;\"><strong><span style=\"vertical-align: inherit;\"><span style=\"vertical-align: inherit;\">Presupuesto:</span></span></strong></span></p>\n<div class=\"a-column a-span6 block-content block-type-table textalign-left\">\n<div class=\"content-grid-block\">\n<table class=\"a-bordered\">\n<tbody>\n<tr>\n<td style=\"width: 71.2188px; text-align: left;\">\n<p><strong><span style=\"vertical-align: inherit;\"><span style=\"vertical-align: inherit;\">Mostrar</span></span></strong></p>\n</td>\n<td style=\"width: 455.219px; text-align: right;\">\n<p><span style=\"vertical-align: inherit;\"><span style=\"vertical-align: inherit;\">Pantalla Super Retina HD de 6,5 pulgadas con XDR y True Tone</span></span></p>\n</td>\n</tr>\n<tr>\n<td style=\"width: 71.2188px; text-align: left;\">\n<p><strong><span style=\"vertical-align: inherit;\"><span style=\"vertical-align: inherit;\">Capacidad</span></span></strong></p>\n</td>\n<td style=\"width: 455.219px; text-align: right;\">\n<p><span style=\"vertical-align: inherit;\"><span style=\"vertical-align: inherit;\">64 GB, 256 GB, 512 GB</span></span></p>\n</td>\n</tr>\n<tr>\n<td style=\"width: 71.2188px; text-align: left;\">\n<p><strong><span style=\"vertical-align: inherit;\"><span style=\"vertical-align: inherit;\">Resistente a salpicaduras, agua y polvo.</span></span></strong></p>\n</td>\n<td style=\"width: 455.219px; text-align: right;\">\n<p><span style=\"vertical-align: inherit;\"><span style=\"vertical-align: inherit;\">Dise&ntilde;o totalmente de vidrio y acero inoxidable, resistente al agua y al polvo (clasificaci&oacute;n IP68)</span></span></p>\n</td>\n</tr>\n<tr>\n<td style=\"width: 71.2188px; text-align: left;\">\n<p><strong><span style=\"vertical-align: inherit;\"><span style=\"vertical-align: inherit;\">C&aacute;mara y v&iacute;deo</span></span></strong></p>\n</td>\n<td style=\"width: 455.219px; text-align: right;\">\n<p><span style=\"vertical-align: inherit;\"><span style=\"vertical-align: inherit;\">C&aacute;maras triples de 12 MP con modo retrato, control de profundidad, iluminaci&oacute;n de retrato, HDR inteligente y video 4K de hasta 60 fps</span></span></p>\n</td>\n</tr>\n<tr>\n<td style=\"width: 71.2188px; text-align: left;\">\n<p><strong><span style=\"vertical-align: inherit;\"><span style=\"vertical-align: inherit;\">C&aacute;mara frontal</span></span></strong></p>\n</td>\n<td style=\"width: 455.219px; text-align: right;\">\n<p><span style=\"vertical-align: inherit;\"><span style=\"vertical-align: inherit;\">C&aacute;mara frontal TrueDepth de 12 MP con modo retrato, control de profundidad, iluminaci&oacute;n de retrato y HDR inteligente</span></span></p>\n</td>\n</tr>\n<tr>\n<td style=\"width: 71.2188px; text-align: left;\">\n<p><strong><span style=\"vertical-align: inherit;\"><span style=\"vertical-align: inherit;\">Energ&iacute;a y bater&iacute;a</span></span></strong></p>\n</td>\n<td style=\"width: 455.219px; text-align: right;\">\n<p><span style=\"vertical-align: inherit;\"><span style=\"vertical-align: inherit;\">Dura hasta 5 horas m&aacute;s que el iPhone XS Max; Reproducci&oacute;n de video: hasta 20 horas; Reproducci&oacute;n de video (transmisi&oacute;n): hasta 12 horas; Reproducci&oacute;n de audio: hasta 80 horas; Adaptador de 18 W incluido Capacidad de carga r&aacute;pida: hasta un 50 % de carga en aproximadamente 30 minutos con un adaptador de 18 W o superior</span></span></p>\n</td>\n</tr>\n</tbody>\n</table>\n</div>\n</div>\n<div class=\"a-column a-span6 block-content block-type-table textalign-left a-span-last\">\n<div class=\"content-grid-block\">\n<table class=\"a-bordered\">\n<tbody>\n<tr>\n<td style=\"width: 70.2188px; text-align: left;\">\n<p><strong><span style=\"vertical-align: inherit;\"><span style=\"vertical-align: inherit;\">En la caja</span></span></strong></p>\n</td>\n<td style=\"width: 456.219px; text-align: right;\">\n<p><span style=\"vertical-align: inherit;\"><span style=\"vertical-align: inherit;\">iPhone con iOS 13, EarPods con conector Lightning, cable USB-C a Lightning, adaptador de corriente USB-C de 18 W, documentaci&oacute;n</span></span></p>\n</td>\n</tr>\n<tr>\n<td style=\"width: 70.2188px; text-align: left;\">\n<p><strong><span style=\"vertical-align: inherit;\"><span style=\"vertical-align: inherit;\">Altura</span></span></strong></p>\n</td>\n<td style=\"width: 456.219px; text-align: right;\">\n<p><span style=\"vertical-align: inherit;\"><span style=\"vertical-align: inherit;\">6,22 pulgadas (158,0 mm)</span></span></p>\n</td>\n</tr>\n<tr>\n<td style=\"width: 70.2188px; text-align: left;\">\n<p><strong><span style=\"vertical-align: inherit;\"><span style=\"vertical-align: inherit;\">Ancho</span></span></strong></p>\n</td>\n<td style=\"width: 456.219px; text-align: right;\">\n<p><span style=\"vertical-align: inherit;\"><span style=\"vertical-align: inherit;\">3,06 pulgadas (77,8 mm)</span></span></p>\n</td>\n</tr>\n<tr>\n<td style=\"width: 70.2188px; text-align: left;\">\n<p><strong><span style=\"vertical-align: inherit;\"><span style=\"vertical-align: inherit;\">Profundidad</span></span></strong></p>\n</td>\n<td style=\"width: 456.219px; text-align: right;\">\n<p><span style=\"vertical-align: inherit;\"><span style=\"vertical-align: inherit;\">0,32 pulgadas (8,1 mm)</span></span></p>\n</td>\n</tr>\n<tr>\n<td style=\"width: 70.2188px; text-align: left;\">\n<p><strong><span style=\"vertical-align: inherit;\"><span style=\"vertical-align: inherit;\">Peso</span></span></strong></p>\n</td>\n<td style=\"width: 456.219px; text-align: right;\">\n<p><span style=\"vertical-align: inherit;\"><span style=\"vertical-align: inherit;\">7,97 onzas (226 gramos)</span></span></p>\n</td>\n</tr>\n<tr>\n<td style=\"width: 70.2188px; text-align: left;\">\n<p><strong><span style=\"vertical-align: inherit;\"><span style=\"vertical-align: inherit;\">Fecha de lanzamiento</span></span></strong></p>\n</td>\n<td style=\"width: 456.219px; text-align: right;\">\n<p><span style=\"vertical-align: inherit;\"><span style=\"vertical-align: inherit;\">20/09/2019</span></span></p>\n</td>\n</tr>\n</tbody>\n</table>\n</div>\n</div>\n<p>&nbsp;</p>','Resistente al agua y al polvo (4 metros durante hasta 30 minutos, IP68)\nSistema de triple cámara con cámaras ultra anchas, gran angular y telefoto de 12 MP; modo nocturno, modo retrato y video 4K de hasta 60 fps'),
(4,4,'es','Huawei Mate 30 Pro 6.53\" 128 GB 8 GB RAM (solo GSM, sin CDMA) Desbloqueado de fábrica','<p><span style=\"vertical-align: inherit;\"><span style=\"vertical-align: inherit;\">Huawei Mate 30 y Mate 30 Pro no incluyen oficialmente los servicios y aplicaciones de Google. Los tel&eacute;fonos celulares desbloqueados son compatibles con operadores GSM como AT&amp;T y T-Mobile, pero no son compatibles con operadores CDMA como Verizon y Sprint. El Huawei Mate 30 Pro ejecuta EMUI 10 basado en Android 10 y tiene 128 GB de almacenamiento incorporado (hasta 256 GB). El Huawei Mate 30 Pro es un tel&eacute;fono inteligente dual-SIM (GSM y GSM) que acepta tarjetas Nano-SIM y Nano-SIM. Las opciones de conectividad en el Huawei Mate 30 Pro incluyen Wi-Fi 802.11 a / b / g / n / ac, GPS, NFC, USB Tipo-C, 3G y 4G (con soporte para Band 40 utilizado por algunas redes LTE en India). Los sensores del tel&eacute;fono incluyen aceler&oacute;metro, sensor de luz ambiental, bar&oacute;metro, br&uacute;jula / magnet&oacute;metro, giroscopio, sensor de proximidad y sensor de huellas dactilares. El Huawei Mate 30 Pro es compatible con el desbloqueo facial con reconocimiento facial 3D. El Huawei Mate 30 Pro mide 158,10 x 73,10 x 8,80 mm (alto x ancho x grosor) y pesa 198,00 gramos. Se lanz&oacute; en los colores Space Silver, Emerald Green, Cosmic Purple, Black, Vegan Forest Green y Vegan Orange.</span></span></p>\n<p><span style=\"text-decoration: underline;\"><strong><span style=\"vertical-align: inherit;\"><span style=\"vertical-align: inherit;\">Presupuesto:</span></span></strong></span></p>\n<table id=\"productDetails_detailBullets_sections1\" class=\"a-keyvalue prodDetTable\" role=\"presentation\">\n<tbody>\n<tr>\n<th class=\"a-color-secondary a-size-base prodDetSectionEntry\" style=\"text-align: left;\"><span style=\"vertical-align: inherit;\"><span style=\"vertical-align: inherit;\">Dimensiones del producto</span></span></th>\n<td class=\"a-size-base\" style=\"text-align: right;\"><span style=\"vertical-align: inherit;\"><span style=\"vertical-align: inherit;\">6,2 x 2,9 x 0,3 pulgadas</span></span></td>\n</tr>\n<tr>\n<th class=\"a-color-secondary a-size-base prodDetSectionEntry\" style=\"text-align: left;\"><span style=\"vertical-align: inherit;\"><span style=\"vertical-align: inherit;\">Peso del art&iacute;culo</span></span></th>\n<td class=\"a-size-base\" style=\"text-align: right;\"><span style=\"vertical-align: inherit;\"><span style=\"vertical-align: inherit;\">7 onzas</span></span></td>\n</tr>\n<tr>\n<th class=\"a-color-secondary a-size-base prodDetSectionEntry\" style=\"text-align: left;\"><span style=\"vertical-align: inherit;\"><span style=\"vertical-align: inherit;\">Peso del env&iacute;o</span></span></th>\n<td class=\"a-size-base\" style=\"text-align: right;\"><span style=\"vertical-align: inherit;\"><span style=\"vertical-align: inherit;\">7 onzas</span></span></td>\n</tr>\n<tr>\n<th class=\"a-color-secondary a-size-base prodDetSectionEntry\" style=\"text-align: left;\"><span style=\"vertical-align: inherit;\"><span style=\"vertical-align: inherit;\">ASIN</span></span></th>\n<td class=\"a-size-base\" style=\"text-align: right;\"><span style=\"vertical-align: inherit;\"><span style=\"vertical-align: inherit;\">B07YZW2FVM</span></span></td>\n</tr>\n<tr>\n<th class=\"a-color-secondary a-size-base prodDetSectionEntry\" style=\"text-align: left;\"><span style=\"vertical-align: inherit;\"><span style=\"vertical-align: inherit;\">N&uacute;mero de modelo del art&iacute;culo</span></span></th>\n<td class=\"a-size-base\" style=\"text-align: right;\"><span style=\"vertical-align: inherit;\"><span style=\"vertical-align: inherit;\">Mate 30 Pro</span></span></td>\n</tr>\n<tr>\n<th class=\"a-color-secondary a-size-base prodDetSectionEntry\" style=\"text-align: left;\"><span style=\"vertical-align: inherit;\"><span style=\"vertical-align: inherit;\">Bater&iacute;as</span></span></th>\n<td class=\"a-size-base\" style=\"text-align: right;\"><span style=\"vertical-align: inherit;\"><span style=\"vertical-align: inherit;\">1 Se requieren bater&iacute;as de iones de litio. (incluidas)</span></span></td>\n</tr>\n</tbody>\n</table>',NULL),
(5,5,'es','Teléfono inteligente ASUS ROG Phone 2 (ZS660KL) 128 GB de ROM 8 GB de RAM Snapdragon 855 Plus','<p><span style=\"vertical-align: inherit;\"><span style=\"vertical-align: inherit;\">Los tel&eacute;fonos celulares desbloqueados son compatibles con operadores GSM como AT&amp;T y T-Mobile, pero no son compatibles con operadores CDMA como Verizon y Sprint. Pantalla t&aacute;ctil capacitiva AMOLED, 16M colores, 6.59 pulgadas, 106.6 cm2 (~80.3% relaci&oacute;n pantalla-cuerpo), 1080 x 2340 p&iacute;xeles, relaci&oacute;n 19.5:9 (~391 densidad de ppi) HDR10, 120 Hz, 240 Hz detecci&oacute;n t&aacute;ctil Android 9.0 (Pie), ROG UI, Qualcomm SDM855 Snapdragon 855+ (7 nm), Octa-core (1x2.96 GHz Kryo 485 y 3x2.42 GHz Kryo 485 y 4x1.78 GHz Kryo 485) Adreno 640 (700 MHz), 48 MP, f/1.8, 26mm (ancho), 1/2\", 0,8 &micro;m, PDAF, Laser AF 13 MP, f/2.4, 11 mm (ultraancho), 2160p a 30/60 fps, 1080p a 30/60/240 fps, 720p a 480 fps; giroscopio EIS (excepto a 240/480 fps)</span></span></p>\n<p><span style=\"text-decoration: underline;\"><strong><span style=\"vertical-align: inherit;\"><span style=\"vertical-align: inherit;\">Detalles del producto:</span></span></strong></span></p>\n<table id=\"productDetails_detailBullets_sections1\" class=\"a-keyvalue prodDetTable\" role=\"presentation\">\n<tbody>\n<tr>\n<th class=\"a-color-secondary a-size-base prodDetSectionEntry\" style=\"text-align: left;\"><span style=\"vertical-align: inherit;\"><span style=\"vertical-align: inherit;\">Dimensiones del producto</span></span></th>\n<td class=\"a-size-base\" style=\"text-align: right;\"><span style=\"vertical-align: inherit;\"><span style=\"vertical-align: inherit;\">7 x 3 x 2,5 pulgadas</span></span></td>\n</tr>\n<tr>\n<th class=\"a-color-secondary a-size-base prodDetSectionEntry\" style=\"text-align: left;\"><span style=\"vertical-align: inherit;\"><span style=\"vertical-align: inherit;\">Peso del art&iacute;culo</span></span></th>\n<td class=\"a-size-base\" style=\"text-align: right;\"><span style=\"vertical-align: inherit;\"><span style=\"vertical-align: inherit;\">8,5 onzas</span></span></td>\n</tr>\n<tr>\n<th class=\"a-color-secondary a-size-base prodDetSectionEntry\" style=\"text-align: left;\"><span style=\"vertical-align: inherit;\"><span style=\"vertical-align: inherit;\">Peso del env&iacute;o</span></span></th>\n<td class=\"a-size-base\" style=\"text-align: right;\"><span style=\"vertical-align: inherit;\"><span style=\"vertical-align: inherit;\">1,25 libras&nbsp;</span></span></td>\n</tr>\n<tr>\n<th class=\"a-color-secondary a-size-base prodDetSectionEntry\" style=\"text-align: left;\"><span style=\"vertical-align: inherit;\"><span style=\"vertical-align: inherit;\">ASIN</span></span></th>\n<td class=\"a-size-base\" style=\"text-align: right;\"><span style=\"vertical-align: inherit;\"><span style=\"vertical-align: inherit;\">B07YBVZ2PW</span></span></td>\n</tr>\n<tr>\n<th class=\"a-color-secondary a-size-base prodDetSectionEntry\" style=\"text-align: left;\"><span style=\"vertical-align: inherit;\"><span style=\"vertical-align: inherit;\">N&uacute;mero de modelo del art&iacute;culo</span></span></th>\n<td class=\"a-size-base\" style=\"text-align: right;\"><span style=\"vertical-align: inherit;\"><span style=\"vertical-align: inherit;\">ZS660KL</span></span></td>\n</tr>\n<tr>\n<th class=\"a-color-secondary a-size-base prodDetSectionEntry\" style=\"text-align: left;\"><span style=\"vertical-align: inherit;\"><span style=\"vertical-align: inherit;\">Bater&iacute;as</span></span></th>\n<td class=\"a-size-base\" style=\"text-align: right;\"><span style=\"vertical-align: inherit;\"><span style=\"vertical-align: inherit;\">1 Se requieren bater&iacute;as de iones de litio. (incluidas)</span></span></td>\n</tr>\n</tbody>\n</table>','Adreno 640 (700 MHz), 48 MP, f/1.8, 26 mm (gran angular), 1/2\", 0,8 µm, PDAF, Laser AF 13 MP, f/2.4, 11 mm (ultra gran angular), 2160p a 30/60 fps, 1080p a 30/60/240 fps, 720p a 480 fps; giroscopio EIS (excepto a 240/480 fps)'),
(6,6,'es','Apple iPhone XS (64 GB) - Gris espacial','<p><span class=\"a-list-item\"><span style=\"vertical-align: inherit;\"><span style=\"vertical-align: inherit;\">OPERADOR: Este tel&eacute;fono est&aacute; bloqueado para Simple Mobile de Tracfone, lo que significa que este dispositivo solo se puede usar en la red inal&aacute;mbrica de Simple Mobile.</span></span></span></p>\n<p><span class=\"a-list-item\"><span style=\"vertical-align: inherit;\"><span style=\"vertical-align: inherit;\">PLANES - Simple Mobile ofrece una variedad de planes de cobertura, que incluyen llamadas, mensajes de texto y datos ilimitados por 30 d&iacute;as. Sin cargos de activaci&oacute;n, sin verificaci&oacute;n de cr&eacute;dito y sin problemas en una red nacional ultrarr&aacute;pida. Para obtener m&aacute;s informaci&oacute;n o conocer las opciones de planes, visite el sitio web de Simple Mobile.</span></span></span></p>\n<p><span class=\"a-list-item\"><span style=\"vertical-align: inherit;\"><span style=\"vertical-align: inherit;\">ACTIVACI&Oacute;N - Recibir&aacute;s un kit SIM de Simple Mobile con este iPhone. Sigue las instrucciones para activar el servicio con el plan de Simple Mobile que elijas.</span></span></span></p>\n<p><span class=\"a-list-item\"><span style=\"vertical-align: inherit;\"><span style=\"vertical-align: inherit;\">Pantalla Super Retina de 5,8 pulgadas (OLED) con HDR</span></span></span></p>\n<p><span class=\"a-list-item\"><span style=\"vertical-align: inherit;\"><span style=\"vertical-align: inherit;\">Resistente al agua y al polvo IP68 (profundidad m&aacute;xima de 2 metros durante 30 minutos)</span></span></span></p>\n<p><span class=\"a-list-item\"><span style=\"vertical-align: inherit;\"><span style=\"vertical-align: inherit;\">C&aacute;maras duales de 12 MP con OIS dual y c&aacute;mara frontal TrueDepth de 7 MP: modo retrato, iluminaci&oacute;n de retrato, control de profundidad y HDR inteligente</span></span></span></p>\n<p><span class=\"a-list-item\"><span style=\"vertical-align: inherit;\"><span style=\"vertical-align: inherit;\">Face ID para autenticaci&oacute;n segura y Apple Pay</span></span></span></p>\n<div class=\"a-row a-expander-container a-expander-inline-container\" aria-live=\"polite\">\n<div class=\"a-expander-content a-expander-extend-content a-expander-content-expanded\" aria-expanded=\"true\">\n<p><span class=\"a-list-item\"><span style=\"vertical-align: inherit;\"><span style=\"vertical-align: inherit;\">A12 Bionic con Neural Engine de &uacute;ltima generaci&oacute;n</span></span></span></p>\n<p><span class=\"a-list-item\"><span style=\"vertical-align: inherit;\"><span style=\"vertical-align: inherit;\">Carga inal&aacute;mbrica: funciona con cargadores Qi</span></span></span></p>\n<p><span class=\"a-list-item\"><span style=\"vertical-align: inherit;\"><span style=\"vertical-align: inherit;\">iOS 12 con Memoji, Screen Time, atajos de Siri y FaceTime grupal</span></span></span></p>\n<p><span style=\"text-decoration: underline;\"><strong><span class=\"a-list-item\"><span style=\"vertical-align: inherit;\"><span style=\"vertical-align: inherit;\">Presupuesto:</span></span></span></strong></span></p>\n<table class=\"a-bordered\">\n<tbody>\n<tr>\n<td style=\"text-align: left; width: 110.556px;\">\n<p><strong><span style=\"vertical-align: inherit;\"><span style=\"vertical-align: inherit;\">Mostrar</span></span></strong></p>\n</td>\n<td style=\"width: 487.222px; text-align: right;\">\n<p><span style=\"vertical-align: inherit;\"><span style=\"vertical-align: inherit;\">Pantalla Super Retina HD de 5,8 pulgadas con HDR y True Tone</span></span></p>\n</td>\n</tr>\n<tr>\n<td style=\"text-align: left; width: 110.556px;\">\n<p><strong><span style=\"vertical-align: inherit;\"><span style=\"vertical-align: inherit;\">Capacidad</span></span></strong></p>\n</td>\n<td style=\"width: 487.222px; text-align: right;\">\n<p><span style=\"vertical-align: inherit;\"><span style=\"vertical-align: inherit;\">64 GB, 256 GB, 512 GB</span></span></p>\n</td>\n</tr>\n<tr>\n<td style=\"text-align: left; width: 110.556px;\">\n<p><strong><span style=\"vertical-align: inherit;\"><span style=\"vertical-align: inherit;\">Resistente a salpicaduras, agua y polvo.</span></span></strong></p>\n</td>\n<td style=\"width: 487.222px; text-align: right;\">\n<p><span style=\"vertical-align: inherit;\"><span style=\"vertical-align: inherit;\">Dise&ntilde;o totalmente de vidrio y acero inoxidable, resistente al agua y al polvo (clasificaci&oacute;n IP68)</span></span></p>\n</td>\n</tr>\n<tr>\n<td style=\"text-align: left; width: 110.556px;\">\n<p><strong><span style=\"vertical-align: inherit;\"><span style=\"vertical-align: inherit;\">C&aacute;mara y v&iacute;deo</span></span></strong></p>\n</td>\n<td style=\"width: 487.222px; text-align: right;\">\n<p><span style=\"vertical-align: inherit;\"><span style=\"vertical-align: inherit;\">C&aacute;maras duales de 12 MP con modo retrato, control de profundidad, iluminaci&oacute;n de retrato, HDR inteligente y video 4K de hasta 60 fps</span></span></p>\n</td>\n</tr>\n<tr>\n<td style=\"text-align: left; width: 110.556px;\">\n<p><strong><span style=\"vertical-align: inherit;\"><span style=\"vertical-align: inherit;\">C&aacute;mara frontal</span></span></strong></p>\n</td>\n<td style=\"width: 487.222px; text-align: right;\">\n<p><span style=\"vertical-align: inherit;\"><span style=\"vertical-align: inherit;\">C&aacute;mara frontal TrueDepth de 7 MP con modo retrato, control de profundidad, iluminaci&oacute;n de retrato y HDR inteligente</span></span></p>\n</td>\n</tr>\n<tr>\n<td style=\"text-align: left; width: 110.556px;\">\n<p><strong><span style=\"vertical-align: inherit;\"><span style=\"vertical-align: inherit;\">Energ&iacute;a y bater&iacute;a</span></span></strong></p>\n</td>\n<td style=\"width: 487.222px; text-align: right;\">\n<p><span style=\"vertical-align: inherit;\"><span style=\"vertical-align: inherit;\">Tiempo de conversaci&oacute;n (inal&aacute;mbrico): Hasta 20 horas; Uso de Internet: Hasta 12 horas; Reproducci&oacute;n de video (inal&aacute;mbrica): Hasta 14 horas; Reproducci&oacute;n de audio (inal&aacute;mbrica): Hasta 60 horas</span></span></p>\n</td>\n</tr>\n<tr>\n<td style=\"text-align: left; width: 110.556px;\">\n<p><strong><span style=\"vertical-align: inherit;\"><span style=\"vertical-align: inherit;\">En la caja</span></span></strong></p>\n</td>\n<td style=\"width: 487.222px; text-align: right;\">\n<p><span style=\"vertical-align: inherit;\"><span style=\"vertical-align: inherit;\">iPhone con iOS 12, EarPods con conector Lightning, cable Lightning a USB, adaptador de corriente USB, documentaci&oacute;n</span></span></p>\n</td>\n</tr>\n</tbody>\n</table>\n</div>\n</div>','Pantalla Super Retina de 5,8 pulgadas (OLED) con HDR\nResistente al agua y al polvo según norma IP68 (hasta 2 metros de profundidad durante 30 minutos)\nCámaras duales de 12 MP con OIS dual y cámara frontal TrueDepth de 7 MP: modo retrato, iluminación de retrato, control de profundidad y HDR inteligente'),
(7,7,'es','Apple iPhone 15 Pro Max','<h1 class=\"a-size-base-plus a-text-bold\"><span style=\"vertical-align: inherit;\"><span style=\"vertical-align: inherit;\">Acerca de este art&iacute;culo</span></span></h1>\n<ul class=\"a-unordered-list a-vertical a-spacing-mini\">\n<li class=\"a-spacing-mini\"><span class=\"a-list-item\"><span style=\"vertical-align: inherit;\"><span style=\"vertical-align: inherit;\">FORJADO EN TITANIO: el iPhone 15 Pro Max tiene un dise&ntilde;o de titanio de grado aeroespacial resistente y liviano con una parte posterior de vidrio mate texturizado. Tambi&eacute;n cuenta con un frente con Ceramic Shield que es m&aacute;s resistente que el vidrio de cualquier tel&eacute;fono inteligente. Y es resistente a las salpicaduras, al agua y al polvo.</span></span></span></li>\n<li class=\"a-spacing-mini\"><span class=\"a-list-item\"><span style=\"vertical-align: inherit;\"><span style=\"vertical-align: inherit;\">PANTALLA AVANZADA: la pantalla Super Retina XDR de 6,7&rdquo; con ProMotion aumenta la frecuencia de actualizaci&oacute;n a 120 Hz cuando necesitas un rendimiento gr&aacute;fico excepcional. Dynamic Island muestra alertas y notificaciones en vivo. Adem&aacute;s, con la pantalla Always-On, tu pantalla de bloqueo permanece visible, por lo que no tienes que tocarla para estar al tanto.</span></span></span></li>\n<li class=\"a-spacing-mini\"><span class=\"a-list-item\"><span style=\"vertical-align: inherit;\"><span style=\"vertical-align: inherit;\">CHIP A17 PRO QUE CAMBIA LAS REGLAS DEL JUEGO: una GPU de clase profesional hace que los juegos m&oacute;viles se sientan muy inmersivos, con entornos enriquecidos y personajes realistas. El chip A17 Pro tambi&eacute;n es incre&iacute;blemente eficiente y ayuda a ofrecer una incre&iacute;ble duraci&oacute;n de bater&iacute;a durante todo el d&iacute;a.</span></span></span></li>\n<li class=\"a-spacing-mini\"><span class=\"a-list-item\"><span style=\"vertical-align: inherit;\"><span style=\"vertical-align: inherit;\">SISTEMA DE C&Aacute;MARA PROFESIONAL POTENTE: obtenga una incre&iacute;ble flexibilidad de encuadre con 7 lentes profesionales. Capture fotos de resoluci&oacute;n s&uacute;per alta con m&aacute;s color y detalle con la c&aacute;mara principal de 48 MP. Y tome primeros planos m&aacute;s n&iacute;tidos desde m&aacute;s lejos con la c&aacute;mara telefoto 5x en el iPhone 15 Pro Max.</span></span></span></li>\n<li class=\"a-spacing-mini\"><span class=\"a-list-item\"><span style=\"vertical-align: inherit;\"><span style=\"vertical-align: inherit;\">BOT&Oacute;N DE ACCI&Oacute;N PERSONALIZABLE: el bot&oacute;n de acci&oacute;n es una v&iacute;a r&aacute;pida para acceder a tu funci&oacute;n favorita. Solo tienes que configurar la que quieras, como el modo Silencio, C&aacute;mara, Nota de voz, Acceso directo y m&aacute;s. Luego, mant&eacute;n presionado para iniciar la acci&oacute;n.</span></span></span></li>\n</ul>','El iPhone 15 Pro Max tiene un diseño de titanio de grado aeroespacial resistente y liviano con una parte posterior de vidrio mate texturizado. También cuenta con un frente con Ceramic Shield que es más resistente que el vidrio de cualquier teléfono inteligente. Y es resistente a las salpicaduras, al agua y al polvo.'),
(8,8,'es','ZTE Nubia Red Magic 3 6.65\" 128GB 8GB Dual Sim Desbloqueado de fábrica - Stock internacional','<p>International Model Factory Unlocked for GSM ONLY will NOT work on CDMA such as Sprint or Verizon or any other CDMA networks in USA, Will work on GSM Networks around the worldBody: 171.7 x 78.5 x 9.7 mm, 215 grams, Corning Gorilla Glass (unspecified version) front, metal unibody. Screen: 6.65\" AMOLED, 1080 x 2340px resolution; 19.5:9 aspect ratio; 388ppi.Chipset: Qualcomm SDM855 Snapdragon 855 (7 nm); Octa-core (1x2.84 GHz Kryo 485 &amp; 3x2.42 GHz Kryo 485 &amp; 4x1.80 GHz Kryo 485); Adreno 640. Memory: 128 GB, 8 GB RAM OS: Android 9.0 (Pie);</p>\n<p>Redmagic 2.0Rear camera: Main: 48MP, f/1.7, 1/2\", 0.8&micro;m pixel size; PDAF; 4320p@15fps, 2160p@30/60fps video recording. h264/h265 and 10bit HDR recording options Front camera: 16MP, f/2.0, 2.0&micro;m; 1080p@30fps video recording.Battery: 5,000 mAh, 18W fast charging. Misc: Game mode slider, stereo loudspeakers with DTS:X, rear-mounted fingerprint reader, USB-C 3.1 connector, customizable 16.8 million color RGB strip on the back, build-in cooling fan, available in Black, Red, Camouflage, Red/Blue.</p>\n<p><span style=\"text-decoration: underline;\"><strong><span class=\"a-list-item\">Specifications:</span></strong></span></p>\n<table id=\"productDetails_detailBullets_sections1\" class=\"a-keyvalue prodDetTable\" role=\"presentation\">\n<tbody>\n<tr>\n<th class=\"a-color-secondary a-size-base prodDetSectionEntry\" style=\"text-align: left;\">Product Dimensions</th>\n<td class=\"a-size-base\" style=\"text-align: right;\">6.8 x 3.1 x 0.4 inches</td>\n</tr>\n<tr>\n<th class=\"a-color-secondary a-size-base prodDetSectionEntry\" style=\"text-align: left;\">Item Weight</th>\n<td class=\"a-size-base\" style=\"text-align: right;\">7.5 ounces</td>\n</tr>\n<tr>\n<th class=\"a-color-secondary a-size-base prodDetSectionEntry\" style=\"text-align: left;\">Shipping Weight</th>\n<td class=\"a-size-base\" style=\"text-align: right;\">9.1 ounces</td>\n</tr>\n<tr>\n<th class=\"a-color-secondary a-size-base prodDetSectionEntry\" style=\"text-align: left;\">ASIN</th>\n<td class=\"a-size-base\" style=\"text-align: right;\">B07WFHXVPG</td>\n</tr>\n<tr>\n<th class=\"a-color-secondary a-size-base prodDetSectionEntry\" style=\"text-align: left;\">Batteries</th>\n<td class=\"a-size-base\" style=\"text-align: right;\">1 Lithium ion batteries required. (included)</td>\n</tr>\n</tbody>\n</table>\n<p>&nbsp;</p>',NULL),
(9,9,'es','Apple MacBook Air (13 pulgadas, 8 GB de RAM, 256 GB de almacenamiento, Intel Core i5 de 1,6 GHz) - Dorado','<p><img src=\"/storage/media/djHRIjjD2wrCGMyaTM0r6U1xlgdAKApH9F8GNPso.jpg\" loading=\"lazy\" /></p>\n<p><img src=\"/storage/media/dVe0zSObDpC5f7DMM0Je2vQEXmQyUOE9tW3TyyOq.jpg\" loading=\"lazy\" /></p>\n<p><span style=\"vertical-align: inherit;\"><span style=\"vertical-align: inherit;\"><img src=\"/storage/media/fCkLtHFq9psCkUWtS4uGWtv2ClpqWKJNVSmZZ45H.jpg\" loading=\"lazy\" /></span></span></p>\n<p><span style=\"vertical-align: inherit;\"><span style=\"vertical-align: inherit;\"><img src=\"/storage/media/HMy9Hcga3cL0bHptAWRGiP4YfpOXSZvO3VARf7uX.jpg\" loading=\"lazy\" /></span></span></p>\n<p><span style=\"vertical-align: inherit;\"><span style=\"vertical-align: inherit;\">Por primera vez, el MacBook Air (2019) de Apple se puede utilizar en cualquier entorno. Gracias a True Tone, la pantalla se adapta autom&aacute;ticamente a la cantidad de luz de la habitaci&oacute;n. Tus ojos te lo agradecer&aacute;n. Gracias a Touch ID, no necesitar&aacute;s introducir una contrase&ntilde;a, ya que podr&aacute;s desbloquear el MacBook Air con un solo toque. Gracias a su c&oacute;modo tama&ntilde;o de 13 pulgadas, podr&aacute;s guardarlo f&aacute;cilmente en tu bolso y llevarlo desde el aula hasta el comedor. Utiliza el SSD de 128 GB para almacenar todos tus informes. Y despu&eacute;s, todav&iacute;a tendr&aacute;s suficiente espacio para tus fotos de vacaciones.<br /></span></span></p>','Impresionante pantalla Retina de 13,3 pulgadas con True Tone y Touch ID. Procesador Intel Core i5 de doble núcleo de octava generación con gráficos Intel UHD 617. Almacenamiento SSD rápido y memoria de 8 GB.'),
(10,10,'es','Portátil ASUS Mothership X (Intel i9-9980HK de 8 núcleos, 64 GB de RAM, SSD PCIe de 2 TB, pantalla Full HD de 17,3\")','<p><span class=\"a-list-item\"><span style=\"vertical-align: inherit;\"><span style=\"vertical-align: inherit;\">Procesador Intel Core i9-9980HK de novena generaci&oacute;n a 2,40 GHz (hasta 5,0 GHz, 16 MB de cach&eacute;, 8 n&uacute;cleos); gr&aacute;ficos dedicados NVIDIA RTX 2080 de 8 GB GDDR6, compatible con VR Ready</span></span></span></p>\n<p><span class=\"a-list-item\"><span style=\"vertical-align: inherit;\"><span style=\"vertical-align: inherit;\">RAM SODIMM DDR4 de 64 GB; Wifi 802.11ax, Bluetooth 5.0, LAN Ethernet (RJ-45), c&aacute;mara web Full HD de 1080p, teclado retroiluminado</span></span></span></p>\n<p><span class=\"a-list-item\"><span style=\"vertical-align: inherit;\"><span style=\"vertical-align: inherit;\">Pantalla Full HD de 17,3\" (1920 x 1080) 144 Hz; fuente de alimentaci&oacute;n de 2 x 280 W, bater&iacute;a de 6 celdas de 90 Wh; color negro</span></span></span></p>\n<p><span class=\"a-list-item\"><span style=\"vertical-align: inherit;\"><span style=\"vertical-align: inherit;\">SSD PCIe NVMe de 2 TB; 1 USB 3.1 Gen1, 3 USB 3.1 Gen2, 1 HDMI, 2 x USB 3.2 Tipo-C Gen1, 1 x conector de micr&oacute;fono, 1 x conector de auriculares.</span></span></span></p>\n<p><span class=\"a-list-item\"><span style=\"vertical-align: inherit;\"><span style=\"vertical-align: inherit;\">Windows 10 Pro-64, garant&iacute;a del fabricante de 1 a&ntilde;o de MichaelElectronics2 (actualizado profesionalmente por MichaelElectronics2)</span></span></span></p>\n<p><span style=\"text-decoration: underline;\"><strong><span class=\"a-list-item\"><span style=\"vertical-align: inherit;\"><span style=\"vertical-align: inherit;\">Presupuesto:</span></span></span></strong></span></p>\n<table id=\"productDetails_techSpec_section_1\" class=\"a-keyvalue prodDetTable\" role=\"presentation\">\n<tbody>\n<tr>\n<th class=\"a-color-secondary a-size-base prodDetSectionEntry\" style=\"text-align: left; width: 172.778px;\"><span style=\"vertical-align: inherit;\"><span style=\"vertical-align: inherit;\">Tama&ntilde;o de pantalla</span></span></th>\n<td class=\"a-size-base\" style=\"width: 422.778px; text-align: right;\"><span style=\"vertical-align: inherit;\"><span style=\"vertical-align: inherit;\">17,3 pulgadas</span></span></td>\n</tr>\n<tr>\n<th class=\"a-color-secondary a-size-base prodDetSectionEntry\" style=\"text-align: left; width: 172.778px;\"><span style=\"vertical-align: inherit;\"><span style=\"vertical-align: inherit;\">Resoluci&oacute;n de pantalla</span></span></th>\n<td class=\"a-size-base\" style=\"width: 422.778px; text-align: right;\"><span style=\"vertical-align: inherit;\"><span style=\"vertical-align: inherit;\">1920 x 1080</span></span></td>\n</tr>\n<tr>\n<th class=\"a-color-secondary a-size-base prodDetSectionEntry\" style=\"text-align: left; width: 172.778px;\"><span style=\"vertical-align: inherit;\"><span style=\"vertical-align: inherit;\">Procesador</span></span></th>\n<td class=\"a-size-base\" style=\"width: 422.778px; text-align: right;\"><span style=\"vertical-align: inherit;\"><span style=\"vertical-align: inherit;\">Core i9 de 2,4 GHz</span></span></td>\n</tr>\n<tr>\n<th class=\"a-color-secondary a-size-base prodDetSectionEntry\" style=\"text-align: left; width: 172.778px;\"><span style=\"vertical-align: inherit;\"><span style=\"vertical-align: inherit;\">RAM</span></span></th>\n<td class=\"a-size-base\" style=\"width: 422.778px; text-align: right;\"><span style=\"vertical-align: inherit;\"><span style=\"vertical-align: inherit;\">SO-DIMM de 64 GB</span></span></td>\n</tr>\n<tr>\n<th class=\"a-color-secondary a-size-base prodDetSectionEntry\" style=\"text-align: left; width: 172.778px;\"><span style=\"vertical-align: inherit;\"><span style=\"vertical-align: inherit;\">Disco duro</span></span></th>\n<td class=\"a-size-base\" style=\"width: 422.778px; text-align: right;\"><span style=\"vertical-align: inherit;\"><span style=\"vertical-align: inherit;\">Unidad de estado s&oacute;lido PCIe</span></span></td>\n</tr>\n<tr>\n<th class=\"a-color-secondary a-size-base prodDetSectionEntry\" style=\"text-align: left; width: 172.778px;\"><span style=\"vertical-align: inherit;\"><span style=\"vertical-align: inherit;\">Coprocesador gr&aacute;fico</span></span></th>\n<td class=\"a-size-base\" style=\"width: 422.778px; text-align: right;\"><span style=\"vertical-align: inherit;\"><span style=\"vertical-align: inherit;\">NVIDIA GeForce RTX 2080</span></span></td>\n</tr>\n<tr>\n<th class=\"a-color-secondary a-size-base prodDetSectionEntry\" style=\"text-align: left; width: 172.778px;\"><span style=\"vertical-align: inherit;\"><span style=\"vertical-align: inherit;\">Tipo inal&aacute;mbrico</span></span></th>\n<td class=\"a-size-base\" style=\"width: 422.778px; text-align: right;\"><span style=\"vertical-align: inherit;\"><span style=\"vertical-align: inherit;\">Frecuencia de radio de 2,4 GHz, Bluetooth, 802.11ax, Frecuencia de radio de 5 GHz</span></span></td>\n</tr>\n<tr>\n<th class=\"a-color-secondary a-size-base prodDetSectionEntry\" style=\"text-align: left; width: 172.778px;\"><span style=\"vertical-align: inherit;\"><span style=\"vertical-align: inherit;\">N&uacute;mero de puertos USB 3.0</span></span></th>\n<td class=\"a-size-base\" style=\"width: 422.778px; text-align: right;\"><span style=\"vertical-align: inherit;\"><span style=\"vertical-align: inherit;\">1</span></span></td>\n</tr>\n</tbody>\n</table>\n<p>&nbsp;</p>','Procesador Intel Core i9-9980HK de 9.ª generación a 2,40 GHz (hasta 5,0 GHz, 16 MB de caché, 8 núcleos); gráficos dedicados NVIDIA RTX 2080 de 8 GB GDDR6, compatible con VR Ready; RAM SODIMM DDR4 de 64 GB; Wifi 802.11ax, Bluetooth 5.0, LAN Ethernet (RJ-45), cámara web Full HD de 1080p, teclado retroiluminado'),
(11,11,'es','Portátil para juegos ASUS ROG Zephyrus S GX502GV Intel i7-9750H, 32 GB de RAM','<p><span style=\"vertical-align: inherit;\"><span style=\"vertical-align: inherit;\">Equipado con la potencia y la versatilidad necesarias para superar tanto los juegos AAA como el trabajo profesional, el ROG Zephyrus S GX502 redefine los l&iacute;mites de los juegos ultradelgados con Windows 10. Su innovador dise&ntilde;o de refrigeraci&oacute;n libera el verdadero potencial de la &uacute;ltima CPU Intel Core i7 de novena generaci&oacute;n y la GPU NVIDIA GeForce RTX 2060, lo que les permite aprovechar al m&aacute;ximo la pantalla ultra sensible de 144 Hz/3 ms validada por PANTONE. Su adaptabilidad brilla con los modos G-SYNC y Optimus, que te dan la libertad de cambiar entre un juego excepcionalmente fluido y una mejor duraci&oacute;n de la bater&iacute;a mientras est&aacute;s en movimiento.</span></span></p>\n<p><strong><span class=\"a-list-item\"><span style=\"vertical-align: inherit;\"><span style=\"vertical-align: inherit;\">Presupuesto:</span></span></span></strong></p>\n<table id=\"productDetails_techSpec_section_1\" class=\"a-keyvalue prodDetTable\" role=\"presentation\">\n<tbody>\n<tr>\n<th class=\"a-color-secondary a-size-base prodDetSectionEntry\" style=\"text-align: left;\"><span style=\"vertical-align: inherit;\"><span style=\"vertical-align: inherit;\">Tama&ntilde;o de pantalla</span></span></th>\n<td class=\"a-size-base\" style=\"text-align: right;\"><span style=\"vertical-align: inherit;\"><span style=\"vertical-align: inherit;\">15,6 pulgadas</span></span></td>\n</tr>\n<tr>\n<th class=\"a-color-secondary a-size-base prodDetSectionEntry\" style=\"text-align: left;\"><span style=\"vertical-align: inherit;\"><span style=\"vertical-align: inherit;\">Resoluci&oacute;n de pantalla</span></span></th>\n<td class=\"a-size-base\" style=\"text-align: right;\"><span style=\"vertical-align: inherit;\"><span style=\"vertical-align: inherit;\">1920 x 1080</span></span></td>\n</tr>\n<tr>\n<th class=\"a-color-secondary a-size-base prodDetSectionEntry\" style=\"text-align: left;\"><span style=\"vertical-align: inherit;\"><span style=\"vertical-align: inherit;\">Resoluci&oacute;n m&aacute;xima de pantalla</span></span></th>\n<td class=\"a-size-base\" style=\"text-align: right;\"><span style=\"vertical-align: inherit;\"><span style=\"vertical-align: inherit;\">1920 x 1080</span></span></td>\n</tr>\n<tr>\n<th class=\"a-color-secondary a-size-base prodDetSectionEntry\" style=\"text-align: left;\"><span style=\"vertical-align: inherit;\"><span style=\"vertical-align: inherit;\">Procesador</span></span></th>\n<td class=\"a-size-base\" style=\"text-align: right;\"><span style=\"vertical-align: inherit;\"><span style=\"vertical-align: inherit;\">Intel Core i7 de 2,6 GHz</span></span></td>\n</tr>\n<tr>\n<th class=\"a-color-secondary a-size-base prodDetSectionEntry\" style=\"text-align: left;\"><span style=\"vertical-align: inherit;\"><span style=\"vertical-align: inherit;\">RAM</span></span></th>\n<td class=\"a-size-base\" style=\"text-align: right;\"><span style=\"vertical-align: inherit;\"><span style=\"vertical-align: inherit;\">32 GB DDR4</span></span></td>\n</tr>\n<tr>\n<th class=\"a-color-secondary a-size-base prodDetSectionEntry\" style=\"text-align: left;\"><span style=\"vertical-align: inherit;\"><span style=\"vertical-align: inherit;\">Velocidad de la memoria</span></span></th>\n<td class=\"a-size-base\" style=\"text-align: right;\"><span style=\"vertical-align: inherit;\"><span style=\"vertical-align: inherit;\">2666 MHz</span></span></td>\n</tr>\n<tr>\n<th class=\"a-color-secondary a-size-base prodDetSectionEntry\" style=\"text-align: left;\"><span style=\"vertical-align: inherit;\"><span style=\"vertical-align: inherit;\">Disco duro</span></span></th>\n<td class=\"a-size-base\" style=\"text-align: right;\"><span style=\"vertical-align: inherit;\"><span style=\"vertical-align: inherit;\">1000 GB de memoria flash de estado s&oacute;lido</span></span></td>\n</tr>\n<tr>\n<th class=\"a-color-secondary a-size-base prodDetSectionEntry\" style=\"text-align: left;\"><span style=\"vertical-align: inherit;\"><span style=\"vertical-align: inherit;\">Coprocesador gr&aacute;fico</span></span></th>\n<td class=\"a-size-base\" style=\"text-align: right;\"><span style=\"vertical-align: inherit;\"><span style=\"vertical-align: inherit;\">NVIDIA GeForce RTX 2060</span></span></td>\n</tr>\n<tr>\n<th class=\"a-color-secondary a-size-base prodDetSectionEntry\" style=\"text-align: left;\"><span style=\"vertical-align: inherit;\"><span style=\"vertical-align: inherit;\">Marca del chipset</span></span></th>\n<td class=\"a-size-base\" style=\"text-align: right;\"><span style=\"vertical-align: inherit;\"><span style=\"vertical-align: inherit;\">NVIDIA</span></span></td>\n</tr>\n<tr>\n<th class=\"a-color-secondary a-size-base prodDetSectionEntry\" style=\"text-align: left;\"><span style=\"vertical-align: inherit;\"><span style=\"vertical-align: inherit;\">Descripci&oacute;n de la tarjeta</span></span></th>\n<td class=\"a-size-base\" style=\"text-align: right;\"><span style=\"vertical-align: inherit;\"><span style=\"vertical-align: inherit;\">Dedicado</span></span></td>\n</tr>\n<tr>\n<th class=\"a-color-secondary a-size-base prodDetSectionEntry\" style=\"text-align: left;\"><span style=\"vertical-align: inherit;\"><span style=\"vertical-align: inherit;\">Tama&ntilde;o de RAM de la tarjeta gr&aacute;fica</span></span></th>\n<td class=\"a-size-base\" style=\"text-align: right;\"><span style=\"vertical-align: inherit;\"><span style=\"vertical-align: inherit;\">6.00</span></span></td>\n</tr>\n<tr>\n<th class=\"a-color-secondary a-size-base prodDetSectionEntry\" style=\"text-align: left;\"><span style=\"vertical-align: inherit;\"><span style=\"vertical-align: inherit;\">Tipo inal&aacute;mbrico</span></span></th>\n<td class=\"a-size-base\" style=\"text-align: right;\"><span style=\"vertical-align: inherit;\"><span style=\"vertical-align: inherit;\">802.11ac</span></span></td>\n</tr>\n</tbody>\n</table>','Procesador: Procesador Intel i7-9750H de seis núcleos (caché de 12 MB, 2,6 MHz-4,5 GHz), 45 W RAM: 32 GB DDR4 de 2666 MHz (16 GB integrados) | Disco duro: Unidad de estado sólido NVMe de 1 TB'),
(12,12,'es','MSI Modern 14 A10M-460 Portátil profesional ultradelgado y liviano de 14\" Intel Core i5','<p><span class=\"a-list-item\"><span style=\"vertical-align: inherit;\"><span style=\"vertical-align: inherit;\">14\" BISEL DELGADO Full HD IPS-Level 72% NTSC UMA</span></span></span></p>\n<p><span class=\"a-list-item\"><span style=\"vertical-align: inherit;\"><span style=\"vertical-align: inherit;\">Procesador Intel 9560 Jefferson Peak de 1,6 a 4,2 GHz (2 x 2 802.11 ac)</span></span></span></p>\n<p><span class=\"a-list-item\"><span style=\"vertical-align: inherit;\"><span style=\"vertical-align: inherit;\">HDD 512 GB NV Me SSD 8 GB (8G*1) DDR4 2666 MHz 1 z&oacute;calo; memoria m&aacute;xima 32 GB</span></span></span></p>\n<p><span class=\"a-list-item\"><span style=\"vertical-align: inherit;\"><span style=\"vertical-align: inherit;\">USB 3. 2 Gen 1 Tipo C *2 USB 3. 2 Gen1 *2 C&aacute;mara web HD 720p de 84 teclas con retroiluminaci&oacute;n blanca</span></span></span></p>\n<p><span class=\"a-list-item\"><span style=\"vertical-align: inherit;\"><span style=\"vertical-align: inherit;\">Sistema operativo Win 10 PRO Bater&iacute;a/Horas 4 celdas (50 Wh) Pol&iacute;mero de litio C&aacute;mara web HD de 720p Panel t&aacute;ctil Teclado multit&aacute;ctil Retroiluminaci&oacute;n blanca 84 teclas</span></span></span></p>\n<p><span style=\"text-decoration: underline;\"><strong><span class=\"a-list-item\"><span style=\"vertical-align: inherit;\"><span style=\"vertical-align: inherit;\">Presupuesto:</span></span></span></strong></span></p>\n<table id=\"productDetails_techSpec_section_1\" class=\"a-keyvalue prodDetTable\" role=\"presentation\">\n<tbody>\n<tr>\n<th class=\"a-color-secondary a-size-base prodDetSectionEntry\" style=\"text-align: left;\"><span style=\"vertical-align: inherit;\"><span style=\"vertical-align: inherit;\">Tama&ntilde;o de pantalla</span></span></th>\n<td class=\"a-size-base\" style=\"text-align: right;\"><span style=\"vertical-align: inherit;\"><span style=\"vertical-align: inherit;\">14,1 pulgadas</span></span></td>\n</tr>\n<tr>\n<th class=\"a-color-secondary a-size-base prodDetSectionEntry\" style=\"text-align: left;\"><span style=\"vertical-align: inherit;\"><span style=\"vertical-align: inherit;\">Resoluci&oacute;n m&aacute;xima de pantalla</span></span></th>\n<td class=\"a-size-base\" style=\"text-align: right;\"><span style=\"vertical-align: inherit;\"><span style=\"vertical-align: inherit;\">1920 x 1080 p&iacute;xeles</span></span></td>\n</tr>\n<tr>\n<th class=\"a-color-secondary a-size-base prodDetSectionEntry\" style=\"text-align: left;\"><span style=\"vertical-align: inherit;\"><span style=\"vertical-align: inherit;\">Procesador</span></span></th>\n<td class=\"a-size-base\" style=\"text-align: right;\"><span style=\"vertical-align: inherit;\"><span style=\"vertical-align: inherit;\">Intel Core i5 de 3,4 GHz</span></span></td>\n</tr>\n<tr>\n<th class=\"a-color-secondary a-size-base prodDetSectionEntry\" style=\"text-align: left;\"><span style=\"vertical-align: inherit;\"><span style=\"vertical-align: inherit;\">RAM</span></span></th>\n<td class=\"a-size-base\" style=\"text-align: right;\"><span style=\"vertical-align: inherit;\"><span style=\"vertical-align: inherit;\">8 GB DDR4</span></span></td>\n</tr>\n<tr>\n<th class=\"a-color-secondary a-size-base prodDetSectionEntry\" style=\"text-align: left;\"><span style=\"vertical-align: inherit;\"><span style=\"vertical-align: inherit;\">Velocidad de la memoria</span></span></th>\n<td class=\"a-size-base\" style=\"text-align: right;\"><span style=\"vertical-align: inherit;\"><span style=\"vertical-align: inherit;\">2666 MHz</span></span></td>\n</tr>\n<tr>\n<th class=\"a-color-secondary a-size-base prodDetSectionEntry\" style=\"text-align: left;\"><span style=\"vertical-align: inherit;\"><span style=\"vertical-align: inherit;\">Disco duro</span></span></th>\n<td class=\"a-size-base\" style=\"text-align: right;\"><span style=\"vertical-align: inherit;\"><span style=\"vertical-align: inherit;\">Memoria Flash de estado s&oacute;lido</span></span></td>\n</tr>\n<tr>\n<th class=\"a-color-secondary a-size-base prodDetSectionEntry\" style=\"text-align: left;\"><span style=\"vertical-align: inherit;\"><span style=\"vertical-align: inherit;\">Marca del chipset</span></span></th>\n<td class=\"a-size-base\" style=\"text-align: right;\"><span style=\"vertical-align: inherit;\"><span style=\"vertical-align: inherit;\">NVIDIA</span></span></td>\n</tr>\n<tr>\n<th class=\"a-color-secondary a-size-base prodDetSectionEntry\" style=\"text-align: left;\"><span style=\"vertical-align: inherit;\"><span style=\"vertical-align: inherit;\">Descripci&oacute;n de la tarjeta</span></span></th>\n<td class=\"a-size-base\" style=\"text-align: right;\"><span style=\"vertical-align: inherit;\"><span style=\"vertical-align: inherit;\">Dedicado</span></span></td>\n</tr>\n<tr>\n<th class=\"a-color-secondary a-size-base prodDetSectionEntry\" style=\"text-align: left;\"><span style=\"vertical-align: inherit;\"><span style=\"vertical-align: inherit;\">Tipo inal&aacute;mbrico</span></span></th>\n<td class=\"a-size-base\" style=\"text-align: right;\"><span style=\"vertical-align: inherit;\"><span style=\"vertical-align: inherit;\">802.11ac</span></span></td>\n</tr>\n<tr>\n<th class=\"a-color-secondary a-size-base prodDetSectionEntry\" style=\"text-align: left;\"><span style=\"vertical-align: inherit;\"><span style=\"vertical-align: inherit;\">N&uacute;mero de puertos USB 2.0</span></span></th>\n<td class=\"a-size-base\" style=\"text-align: right;\"><span style=\"vertical-align: inherit;\"><span style=\"vertical-align: inherit;\">2</span></span></td>\n</tr>\n<tr>\n<th class=\"a-color-secondary a-size-base prodDetSectionEntry\" style=\"text-align: left;\"><span style=\"vertical-align: inherit;\"><span style=\"vertical-align: inherit;\">N&uacute;mero de puertos USB 3.0</span></span></th>\n<td class=\"a-size-base\" style=\"text-align: right;\"><span style=\"vertical-align: inherit;\"><span style=\"vertical-align: inherit;\">2</span></span></td>\n</tr>\n<tr>\n<th class=\"a-color-secondary a-size-base prodDetSectionEntry\" style=\"text-align: left;\"><span style=\"vertical-align: inherit;\"><span style=\"vertical-align: inherit;\">Duraci&oacute;n media de la bater&iacute;a (en horas)</span></span></th>\n<td class=\"a-size-base\" style=\"text-align: right;\"><span style=\"vertical-align: inherit;\"><span style=\"vertical-align: inherit;\">8 horas</span></span></td>\n</tr>\n</tbody>\n</table>','14\" BEZEL DELGADO Full HD IPS-Level 72% NTSC UMA\nCORE i5-10210U 1. 6 - 4. 2GHz Intel 9560 Jefferson Peak (2x2 802. 11 ac)\nHDD 512GB NV Me SSD 8GB (8G*1)DDR4 2666MHz 1'),
(13,13,'es','MacBook Pro de Apple, modelo 2019 (13 pulgadas, Intel Core i5, 1,4 GHz, 8 GB, 128 GB)','<div id=\"dpx-product-description_feature_div\">\n<div id=\"descriptionAndDetails\" class=\"a-section a-spacing-extra-large\">\n<div id=\"productDescription_feature_div\" class=\"celwidget\" data-feature-name=\"productDescription\" data-cel-widget=\"productDescription_feature_div\">\n<div id=\"productDescription_feature_div\" class=\"a-row feature\" data-feature-name=\"productDescription\" data-template-name=\"productDescription\" data-cel-widget=\"productDescription_feature_div\">\n<div id=\"productDescription\" class=\"a-section a-spacing-small\">\n<h1 style=\"text-align: center;\"><span style=\"vertical-align: inherit;\"><span style=\"vertical-align: inherit;\">MacBook Pro de Apple 2019</span></span></h1>\n<p><img src=\"/storage/media/N6nId5NOP7e9GODBWgtTRADWF0g54vNEneySdJzJ.jpeg\" alt=\"\" width=\"1500\" loading=\"lazy\" /><img src=\"/storage/media/N6nId5NOP7e9GODBWgtTRADWF0g54vNEneySdJzJ.jpeg\" alt=\"\" width=\"1500\" loading=\"lazy\" /></p>\n<p><img src=\"/storage/media/AYQYwMFFxMHPDggxPG5z3EArFOBEgqkxVGNCKu49.jpg\" loading=\"lazy\" /></p>\n<h4><span style=\"vertical-align: inherit;\"><span style=\"vertical-align: inherit;\"><img src=\"/storage/media/nRskh6wbfoXkKYZisYdN3wLiye1rBcA8pcjpZ16q.jpg\" loading=\"lazy\" /></span></span></h4>\n<h4><span style=\"vertical-align: inherit;\"><span style=\"vertical-align: inherit;\"><img src=\"/storage/media/tZ00uCg1nz5VxHSIp5QkL3UPnrjmH5fAMJDfqf4j.jpg\" loading=\"lazy\" /></span></span></h4>\n<h4><span style=\"vertical-align: inherit;\"><span style=\"vertical-align: inherit;\"><img src=\"/storage/media/kfeQxKzT7sChJt5OnqC1k79svvD8t1IF0E410AVs.jpg\" loading=\"lazy\" /></span></span></h4>\n<h4><span style=\"vertical-align: inherit;\"><span style=\"vertical-align: inherit;\">Detalles del producto:</span></span></h4>\n<p><span style=\"vertical-align: inherit;\"><span style=\"vertical-align: inherit;\">Un toque de genialidad. La MacBook Pro de 13,3\" con Touch Bar de Apple es m&aacute;s r&aacute;pida y potente que antes, pero notablemente m&aacute;s fina y ligera. Tiene la pantalla m&aacute;s brillante y colorida de un port&aacute;til Mac hasta la fecha. Y presenta la Touch Bar, una tira de cristal con tecnolog&iacute;a Multi-Touch integrada en el teclado para acceder al instante a las herramientas que quieras, justo cuando las necesites. La nueva MacBook Pro est&aacute; basada en ideas revolucionarias. Y est&aacute; lista para las tuyas.</span></span></p>\n<p><strong><span style=\"vertical-align: inherit;\"><span style=\"vertical-align: inherit;\">Compatible con Thunderbolt 3</span></span></strong></p>\n<p><span style=\"vertical-align: inherit;\"><span style=\"vertical-align: inherit;\">El Thunderbolt 3 es un cable USB-C revolucionario que se puede utilizar para transferir videos 4K en segundos, conectar su computadora port&aacute;til a una pantalla de TV u otro dispositivo, o proporcionar energ&iacute;a y cargar su computadora port&aacute;til m&aacute;s r&aacute;pido que nunca. La MacBook Pro de Apple tiene cuatro puertos Thunderbolt 3 para que pueda aprovechar esta conexi&oacute;n ultrarr&aacute;pida y con gran cantidad de p&iacute;xeles.</span></span></p>\n<p><strong><span style=\"vertical-align: inherit;\"><span style=\"vertical-align: inherit;\">Elegante y con estilo</span></span></strong></p>\n<p><span style=\"vertical-align: inherit;\"><span style=\"vertical-align: inherit;\">La MacBook Pro tiene un cuerpo delgado que se puede transportar f&aacute;cilmente en una mochila o malet&iacute;n. El acabado en gris espacial es elegante y duradero, y caracter&iacute;sticas como el teclado ergon&oacute;mico y el trackpad de vidrio de gran tama&ntilde;o facilitan su uso. El sistema operativo High Sierra es intuitivo y cuenta con una pr&aacute;ctica variedad de aplicaciones, entre ellas iCloud.</span></span></p>\n<p><strong><span style=\"vertical-align: inherit;\"><span style=\"vertical-align: inherit;\">Barra t&aacute;ctil con Touch ID</span></span></strong></p>\n<p><span style=\"vertical-align: inherit;\"><span style=\"vertical-align: inherit;\">La MacBook Pro de 256 GB de Apple incluye una barra LED sensible al tacto en lugar de las teclas de funci&oacute;n en la parte superior del teclado. Esta barra muestra las opciones que funcionan mejor con la aplicaci&oacute;n que est&aacute;s usando actualmente y no requiere la memorizaci&oacute;n necesaria para realizar un seguimiento de los usos de cada tecla de funci&oacute;n. Touch ID est&aacute; integrado en el bot&oacute;n de encendido de esta computadora port&aacute;til de Apple y se puede utilizar para autorizar compras en Apple Pay. Touch ID escanea con precisi&oacute;n tu huella digital para poder compararla con Secure Enclave en el chip coprocesador Apple T2 de la computadora port&aacute;til. Realiza pagos con facilidad y tranquilidad sabiendo que la tecnolog&iacute;a Touch ID funciona con el mayor grado de precisi&oacute;n.</span></span></p>\n<p>&nbsp;</p>\n</div>\n</div>\n</div>\n</div>\n</div>\n<div id=\"dpx-btf-renewed-program-description_feature_div\">\n<div id=\"renewedProgramDescriptionBtf_feature_div\" class=\"celwidget\" data-feature-name=\"renewedProgramDescriptionBtf\" data-cel-widget=\"renewedProgramDescriptionBtf_feature_div\"></div>\n</div>','Procesador Intel Core i7 de 6 núcleos de novena generación Impresionante pantalla Retina de 16 pulgadas con tecnología True Tone Touch Bar y Touch ID Gráficos AMD Radeon Pro 5300M con memoria GDDR6'),
(14,14,'es','Dell G5 15 Gaming Laptop Intel Core i7-9750H, NVIDIA GTX 1650, 15.6\" FHD LCD','<p class=\"a-spacing-base\"><span class=\"a-text-bold\"><span style=\"vertical-align: inherit;\"><span style=\"vertical-align: inherit;\">Aumente el rendimiento:</span></span></span><span style=\"vertical-align: inherit;\"><span style=\"vertical-align: inherit;\"> &nbsp;dise&ntilde;ado con procesador Intel Core i7-9750H de novena generaci&oacute;n y 16 GB de memoria para lograr un rendimiento potente y un juego ininterrumpido.</span></span></p>\n<p class=\"a-spacing-base\"><span class=\"a-text-bold\"><span style=\"vertical-align: inherit;\"><span style=\"vertical-align: inherit;\">Sin escasez de almacenamiento:</span></span></span><span style=\"vertical-align: inherit;\"><span style=\"vertical-align: inherit;\"> &nbsp;experimente tiempos de carga m&aacute;s r&aacute;pidos y un sistema m&aacute;s silencioso gracias al almacenamiento m&uacute;ltiple que incluye unidades duales con unidad de estado s&oacute;lido M.2 PCIe NVMe de 256 GB + disco duro SATA de 5400 rpm y 1 TB.</span></span></p>\n<p class=\"a-spacing-base\"><span class=\"a-text-bold\"><span style=\"vertical-align: inherit;\"><span style=\"vertical-align: inherit;\">Listo para la batalla:</span></span></span><span style=\"vertical-align: inherit;\"><span style=\"vertical-align: inherit;\"> &nbsp;mantente en la lucha con una conexi&oacute;n WiFi mejorada y estable.</span></span></p>\n<p><span style=\"text-decoration: underline;\"><strong><span style=\"vertical-align: inherit;\"><span style=\"vertical-align: inherit;\">Presupuesto:</span></span></strong></span></p>\n<table id=\"productDetails_techSpec_section_1\" class=\"a-keyvalue prodDetTable\" style=\"height: 392px;\" role=\"presentation\">\n<tbody>\n<tr style=\"height: 20px;\">\n<th class=\"a-color-secondary a-size-base prodDetSectionEntry\" style=\"text-align: left; height: 20px; width: 139.444px;\"><span style=\"vertical-align: inherit;\"><span style=\"vertical-align: inherit;\">Tama&ntilde;o de pantalla</span></span></th>\n<td class=\"a-size-base\" style=\"height: 20px; width: 456.111px; text-align: right;\"><span style=\"vertical-align: inherit;\"><span style=\"vertical-align: inherit;\">15,6 pulgadas</span></span></td>\n</tr>\n<tr style=\"height: 42px;\">\n<th class=\"a-color-secondary a-size-base prodDetSectionEntry\" style=\"text-align: left; height: 42px; width: 139.444px;\"><span style=\"vertical-align: inherit;\"><span style=\"vertical-align: inherit;\">Resoluci&oacute;n m&aacute;xima de pantalla</span></span></th>\n<td class=\"a-size-base\" style=\"height: 42px; width: 456.111px; text-align: right;\"><span style=\"vertical-align: inherit;\"><span style=\"vertical-align: inherit;\">1920 x 1080 p&iacute;xeles</span></span></td>\n</tr>\n<tr style=\"height: 20px;\">\n<th class=\"a-color-secondary a-size-base prodDetSectionEntry\" style=\"text-align: left; height: 20px; width: 139.444px;\"><span style=\"vertical-align: inherit;\"><span style=\"vertical-align: inherit;\">Procesador</span></span></th>\n<td class=\"a-size-base\" style=\"height: 20px; width: 456.111px; text-align: right;\"><span style=\"vertical-align: inherit;\"><span style=\"vertical-align: inherit;\">Familia Core i7 de 4,5 GHz</span></span></td>\n</tr>\n<tr style=\"height: 20px;\">\n<th class=\"a-color-secondary a-size-base prodDetSectionEntry\" style=\"text-align: left; height: 20px; width: 139.444px;\"><span style=\"vertical-align: inherit;\"><span style=\"vertical-align: inherit;\">RAM</span></span></th>\n<td class=\"a-size-base\" style=\"height: 20px; width: 456.111px; text-align: right;\"><span style=\"vertical-align: inherit;\"><span style=\"vertical-align: inherit;\">16 GB DDR4</span></span></td>\n</tr>\n<tr style=\"height: 20px;\">\n<th class=\"a-color-secondary a-size-base prodDetSectionEntry\" style=\"text-align: left; height: 20px; width: 139.444px;\"><span style=\"vertical-align: inherit;\"><span style=\"vertical-align: inherit;\">Velocidad de la memoria</span></span></th>\n<td class=\"a-size-base\" style=\"height: 20px; width: 456.111px; text-align: right;\"><span style=\"vertical-align: inherit;\"><span style=\"vertical-align: inherit;\">2666 MHz</span></span></td>\n</tr>\n<tr style=\"height: 42px;\">\n<th class=\"a-color-secondary a-size-base prodDetSectionEntry\" style=\"text-align: left; height: 42px; width: 139.444px;\"><span style=\"vertical-align: inherit;\"><span style=\"vertical-align: inherit;\">Disco duro</span></span></th>\n<td class=\"a-size-base\" style=\"height: 42px; width: 456.111px; text-align: right;\"><span style=\"vertical-align: inherit;\"><span style=\"vertical-align: inherit;\">Unidad de estado s&oacute;lido M.2 PCIe NVMe de 256 GB y 256 GB + disco duro SATA de 2,5\" y 5400 rpm de 1 TB</span></span></td>\n</tr>\n<tr style=\"height: 42px;\">\n<th class=\"a-color-secondary a-size-base prodDetSectionEntry\" style=\"text-align: left; height: 42px; width: 139.444px;\"><span style=\"vertical-align: inherit;\"><span style=\"vertical-align: inherit;\">Coprocesador gr&aacute;fico</span></span></th>\n<td class=\"a-size-base\" style=\"height: 42px; width: 456.111px; text-align: right;\"><span style=\"vertical-align: inherit;\"><span style=\"vertical-align: inherit;\">Tarjeta gr&aacute;fica NVIDIA GeForce GTX 1050 Ti</span></span></td>\n</tr>\n<tr style=\"height: 20px;\">\n<th class=\"a-color-secondary a-size-base prodDetSectionEntry\" style=\"text-align: left; height: 20px; width: 139.444px;\"><span style=\"vertical-align: inherit;\"><span style=\"vertical-align: inherit;\">Marca del chipset</span></span></th>\n<td class=\"a-size-base\" style=\"height: 20px; width: 456.111px; text-align: right;\"><span style=\"vertical-align: inherit;\"><span style=\"vertical-align: inherit;\">Tarjeta gr&aacute;fica NVIDIA GeForce GTX 1650 Ti</span></span></td>\n</tr>\n<tr style=\"height: 20px;\">\n<th class=\"a-color-secondary a-size-base prodDetSectionEntry\" style=\"text-align: left; height: 20px; width: 139.444px;\"><span style=\"vertical-align: inherit;\"><span style=\"vertical-align: inherit;\">Descripci&oacute;n de la tarjeta</span></span></th>\n<td class=\"a-size-base\" style=\"height: 20px; width: 456.111px; text-align: right;\"><span style=\"vertical-align: inherit;\"><span style=\"vertical-align: inherit;\">Dedicado</span></span></td>\n</tr>\n<tr style=\"height: 42px;\">\n<th class=\"a-color-secondary a-size-base prodDetSectionEntry\" style=\"text-align: left; height: 42px; width: 139.444px;\"><span style=\"vertical-align: inherit;\"><span style=\"vertical-align: inherit;\">Tama&ntilde;o de RAM de la tarjeta gr&aacute;fica</span></span></th>\n<td class=\"a-size-base\" style=\"height: 42px; width: 456.111px; text-align: right;\"><span style=\"vertical-align: inherit;\"><span style=\"vertical-align: inherit;\">4 GB</span></span></td>\n</tr>\n<tr style=\"height: 20px;\">\n<th class=\"a-color-secondary a-size-base prodDetSectionEntry\" style=\"text-align: left; height: 20px; width: 139.444px;\"><span style=\"vertical-align: inherit;\"><span style=\"vertical-align: inherit;\">Tipo inal&aacute;mbrico</span></span></th>\n<td class=\"a-size-base\" style=\"height: 20px; width: 456.111px; text-align: right;\"><span style=\"vertical-align: inherit;\"><span style=\"vertical-align: inherit;\">Frecuencia de radio de 5 GHz</span></span></td>\n</tr>\n<tr style=\"height: 42px;\">\n<th class=\"a-color-secondary a-size-base prodDetSectionEntry\" style=\"text-align: left; height: 42px; width: 139.444px;\"><span style=\"vertical-align: inherit;\"><span style=\"vertical-align: inherit;\">N&uacute;mero de puertos USB 2.0</span></span></th>\n<td class=\"a-size-base\" style=\"height: 42px; width: 456.111px; text-align: right;\"><span style=\"vertical-align: inherit;\"><span style=\"vertical-align: inherit;\">1</span></span></td>\n</tr>\n<tr style=\"height: 42px;\">\n<th class=\"a-color-secondary a-size-base prodDetSectionEntry\" style=\"text-align: left; height: 42px; width: 139.444px;\"><span style=\"vertical-align: inherit;\"><span style=\"vertical-align: inherit;\">N&uacute;mero de puertos USB 3.0</span></span></th>\n<td class=\"a-size-base\" style=\"height: 42px; width: 456.111px; text-align: right;\"><span style=\"vertical-align: inherit;\"><span style=\"vertical-align: inherit;\">2</span></span></td>\n</tr>\n</tbody>\n</table>\n<p>&nbsp;</p>','Laptop para juegos Dell G5 15 Pantalla LCD FHD de 15,6\" Intel Core i7-9750H de novena generación NVIDIA GTX 1650 4 GB GDDR5 SSD de 256 GB + almacenamiento en disco duro SATA de 1 TB 16 GB de RAM G5590-7679BLK-PUS'),
(15,15,'es','Portátil con pantalla táctil ZenBook Pro Duo UX581 y Screenpad Plus (Intel i9-9980HK, GeForce RTX 2060)','<p><span class=\"a-list-item\"><span style=\"vertical-align: inherit;\"><span style=\"vertical-align: inherit;\">Procesador: Intel Core i9-9980HK Procesador de ocho n&uacute;cleos (cach&eacute; de 16 MB, 2,4 GHz-5,0 GHz) 45 W</span></span></span></p>\n<p><span class=\"a-list-item\"><span style=\"vertical-align: inherit;\"><span style=\"vertical-align: inherit;\">RAM: 32 GB DDR4 2666 MHz | Disco duro: Unidad de estado s&oacute;lido NVMe de 2 TB</span></span></span></p>\n<p><span class=\"a-list-item\"><span style=\"vertical-align: inherit;\"><span style=\"vertical-align: inherit;\">Gr&aacute;ficos: GeForce RTX 2060 6GB | Pantalla: Pantalla t&aacute;ctil brillante NanoEdge 4K UHD de 15,6\" (3840 x 2160) con Screenpad Plus: Pantalla t&aacute;ctil mate 4K de 14\"</span></span></span></p>\n<p><span class=\"a-list-item\"><span style=\"vertical-align: inherit;\"><span style=\"vertical-align: inherit;\">Caracter&iacute;sticas: Screenpad Plus le permite extender la pantalla o dividir Windows y aplicaciones en ambas pantallas, dise&ntilde;o exclusivo ErgoLift para una mejor posici&oacute;n de escritura, reposamanos desmontable y l&aacute;piz &oacute;ptico ASUS Active Stylus incluido | Sistema operativo: Windows 10 Pro x64</span></span></span></p>\n<p><span class=\"a-list-item\"><span style=\"vertical-align: inherit;\"><span style=\"vertical-align: inherit;\">Actualizaci&oacute;n de SSD NVMe de 2 TB | Garant&iacute;a limitada XPC de 3 a&ntilde;os (consulte la secci&oacute;n de garant&iacute;a a continuaci&oacute;n para obtener m&aacute;s detalles).</span></span></span></p>\n<p>&nbsp;</p>\n<p><span style=\"text-decoration: underline;\"><strong><span class=\"a-list-item\"><span style=\"vertical-align: inherit;\"><span style=\"vertical-align: inherit;\">Presupuesto:</span></span></span></strong></span></p>\n<p>&nbsp;</p>\n<table id=\"productDetails_techSpec_section_1\" class=\"a-keyvalue prodDetTable\" style=\"height: 220px;\" role=\"presentation\">\n<tbody>\n<tr style=\"height: 20px;\">\n<th class=\"a-color-secondary a-size-base prodDetSectionEntry\" style=\"height: 20px; width: 169.444px; text-align: left;\"><span style=\"vertical-align: inherit;\"><span style=\"vertical-align: inherit;\">Tama&ntilde;o de pantalla</span></span></th>\n<td class=\"a-size-base\" style=\"height: 20px; width: 207.222px; text-align: right;\"><span style=\"vertical-align: inherit;\"><span style=\"vertical-align: inherit;\">15,6 pulgadas</span></span></td>\n</tr>\n<tr style=\"height: 20px;\">\n<th class=\"a-color-secondary a-size-base prodDetSectionEntry\" style=\"height: 20px; width: 169.444px; text-align: left;\"><span style=\"vertical-align: inherit;\"><span style=\"vertical-align: inherit;\">Resoluci&oacute;n de pantalla</span></span></th>\n<td class=\"a-size-base\" style=\"height: 20px; width: 207.222px; text-align: right;\"><span style=\"vertical-align: inherit;\"><span style=\"vertical-align: inherit;\">3840 x 2160</span></span></td>\n</tr>\n<tr style=\"height: 20px;\">\n<th class=\"a-color-secondary a-size-base prodDetSectionEntry\" style=\"height: 20px; width: 169.444px; text-align: left;\"><span style=\"vertical-align: inherit;\"><span style=\"vertical-align: inherit;\">Resoluci&oacute;n m&aacute;xima de pantalla</span></span></th>\n<td class=\"a-size-base\" style=\"height: 20px; width: 207.222px; text-align: right;\"><span style=\"vertical-align: inherit;\"><span style=\"vertical-align: inherit;\">3840 x 2160</span></span></td>\n</tr>\n<tr style=\"height: 20px;\">\n<th class=\"a-color-secondary a-size-base prodDetSectionEntry\" style=\"height: 20px; width: 169.444px; text-align: left;\"><span style=\"vertical-align: inherit;\"><span style=\"vertical-align: inherit;\">Procesador</span></span></th>\n<td class=\"a-size-base\" style=\"height: 20px; width: 207.222px; text-align: right;\"><span style=\"vertical-align: inherit;\"><span style=\"vertical-align: inherit;\">Core i9 de 2,4 GHz</span></span></td>\n</tr>\n<tr style=\"height: 20px;\">\n<th class=\"a-color-secondary a-size-base prodDetSectionEntry\" style=\"height: 20px; width: 169.444px; text-align: left;\"><span style=\"vertical-align: inherit;\"><span style=\"vertical-align: inherit;\">RAM</span></span></th>\n<td class=\"a-size-base\" style=\"height: 20px; width: 207.222px; text-align: right;\"><span style=\"vertical-align: inherit;\"><span style=\"vertical-align: inherit;\">32 GB DDR4</span></span></td>\n</tr>\n<tr style=\"height: 20px;\">\n<th class=\"a-color-secondary a-size-base prodDetSectionEntry\" style=\"height: 20px; width: 169.444px; text-align: left;\"><span style=\"vertical-align: inherit;\"><span style=\"vertical-align: inherit;\">Velocidad de la memoria</span></span></th>\n<td class=\"a-size-base\" style=\"height: 20px; width: 207.222px; text-align: right;\"><span style=\"vertical-align: inherit;\"><span style=\"vertical-align: inherit;\">2666 MHz</span></span></td>\n</tr>\n<tr style=\"height: 20px;\">\n<th class=\"a-color-secondary a-size-base prodDetSectionEntry\" style=\"height: 20px; width: 169.444px; text-align: left;\"><span style=\"vertical-align: inherit;\"><span style=\"vertical-align: inherit;\">Disco duro</span></span></th>\n<td class=\"a-size-base\" style=\"height: 20px; width: 207.222px; text-align: right;\"><span style=\"vertical-align: inherit;\"><span style=\"vertical-align: inherit;\">Memoria flash de estado s&oacute;lido de 2 TB</span></span></td>\n</tr>\n<tr style=\"height: 20px;\">\n<th class=\"a-color-secondary a-size-base prodDetSectionEntry\" style=\"height: 20px; width: 169.444px; text-align: left;\"><span style=\"vertical-align: inherit;\"><span style=\"vertical-align: inherit;\">Coprocesador gr&aacute;fico</span></span></th>\n<td class=\"a-size-base\" style=\"height: 20px; width: 207.222px; text-align: right;\"><span style=\"vertical-align: inherit;\"><span style=\"vertical-align: inherit;\">GeForce RTX 2060</span></span></td>\n</tr>\n<tr style=\"height: 20px;\">\n<th class=\"a-color-secondary a-size-base prodDetSectionEntry\" style=\"height: 20px; width: 169.444px; text-align: left;\"><span style=\"vertical-align: inherit;\"><span style=\"vertical-align: inherit;\">Marca del chipset</span></span></th>\n<td class=\"a-size-base\" style=\"height: 20px; width: 207.222px; text-align: right;\"><span style=\"vertical-align: inherit;\"><span style=\"vertical-align: inherit;\">NVIDIA</span></span></td>\n</tr>\n<tr style=\"height: 20px;\">\n<th class=\"a-color-secondary a-size-base prodDetSectionEntry\" style=\"height: 20px; width: 169.444px; text-align: left;\"><span style=\"vertical-align: inherit;\"><span style=\"vertical-align: inherit;\">Descripci&oacute;n de la tarjeta</span></span></th>\n<td class=\"a-size-base\" style=\"height: 20px; width: 207.222px; text-align: right;\"><span style=\"vertical-align: inherit;\"><span style=\"vertical-align: inherit;\">Dedicado</span></span></td>\n</tr>\n<tr style=\"height: 20px;\">\n<th class=\"a-color-secondary a-size-base prodDetSectionEntry\" style=\"height: 20px; width: 169.444px; text-align: left;\"><span style=\"vertical-align: inherit;\"><span style=\"vertical-align: inherit;\">Tipo inal&aacute;mbrico</span></span></th>\n<td class=\"a-size-base\" style=\"height: 20px; width: 207.222px; text-align: right;\"><span style=\"vertical-align: inherit;\"><span style=\"vertical-align: inherit;\">802.11ac</span></span></td>\n</tr>\n</tbody>\n</table>',NULL),
(16,16,'es','Huawei Kepler MateBook D 14\" - AMD R5 - 8 GB + 256 GB, Plata Mística','<p><span class=\"a-list-item\"><span style=\"vertical-align: inherit;\"><span style=\"vertical-align: inherit;\">Premium y elegante: carcasa unibody met&aacute;lica en color plata m&iacute;stica, de tan solo 0,62 pulgadas de grosor y 3,5 libras de peso.</span></span></span></p>\n<p><span class=\"a-list-item\"><span style=\"vertical-align: inherit;\"><span style=\"vertical-align: inherit;\">Productividad maximizada: teclado retroiluminado tipo chiclet de tama&ntilde;o completo, el panel t&aacute;ctil m&aacute;s grande posible para una computadora port&aacute;til de 14 pulgadas, puertos USB-C, USB-A, HDMI y bater&iacute;a de gran capacidad de 57,4 Wh en un cuerpo delgado</span></span></span></p>\n<p><span class=\"a-list-item\"><span style=\"vertical-align: inherit;\"><span style=\"vertical-align: inherit;\">R&aacute;pido y potente: Windows 10 Signature Edition viene limpio, sin bloatware que lo ralentice y equipado con un procesador AMD R5.</span></span></span></p>\n<p><span class=\"a-list-item\"><span style=\"vertical-align: inherit;\"><span style=\"vertical-align: inherit;\">Pantalla t&aacute;ctil: bisel ultradelgado de solo 5,2 mm, pantalla LCD IPS de alta definici&oacute;n completa (FHD) de 1920 x 1080 y formato ancho de 16:9</span></span></span></p>\n<p><span class=\"a-list-item\"><span style=\"vertical-align: inherit;\"><span style=\"vertical-align: inherit;\">Sonido de cine en casa: sistema de sonido Dolby ATMOS con cuatro altavoces y configuraci&oacute;n de frecuencia dividida con sonidos que fluyen por encima y a tu alrededor para una experiencia envolvente</span></span></span></p>\n<p><span style=\"text-decoration: underline;\"><strong><span class=\"a-list-item\"><span style=\"vertical-align: inherit;\"><span style=\"vertical-align: inherit;\">Presupuesto:</span></span></span></strong></span></p>\n<table id=\"productDetails_techSpec_section_1\" class=\"a-keyvalue prodDetTable\" role=\"presentation\">\n<tbody>\n<tr>\n<th class=\"a-color-secondary a-size-base prodDetSectionEntry\" style=\"text-align: left;\"><span style=\"vertical-align: inherit;\"><span style=\"vertical-align: inherit;\">Tama&ntilde;o de pantalla</span></span></th>\n<td class=\"a-size-base\" style=\"text-align: right;\"><span style=\"vertical-align: inherit;\"><span style=\"vertical-align: inherit;\">14 pulgadas</span></span></td>\n</tr>\n<tr>\n<th class=\"a-color-secondary a-size-base prodDetSectionEntry\" style=\"text-align: left;\"><span style=\"vertical-align: inherit;\"><span style=\"vertical-align: inherit;\">Resoluci&oacute;n m&aacute;xima de pantalla</span></span></th>\n<td class=\"a-size-base\" style=\"text-align: right;\"><span style=\"vertical-align: inherit;\"><span style=\"vertical-align: inherit;\">1920 X 1080 p&iacute;xeles</span></span></td>\n</tr>\n<tr>\n<th class=\"a-color-secondary a-size-base prodDetSectionEntry\" style=\"text-align: left;\"><span style=\"vertical-align: inherit;\"><span style=\"vertical-align: inherit;\">Procesador</span></span></th>\n<td class=\"a-size-base\" style=\"text-align: right;\"><span style=\"vertical-align: inherit;\"><span style=\"vertical-align: inherit;\">2 GHz 8032</span></span></td>\n</tr>\n<tr>\n<th class=\"a-color-secondary a-size-base prodDetSectionEntry\" style=\"text-align: left;\"><span style=\"vertical-align: inherit;\"><span style=\"vertical-align: inherit;\">RAM</span></span></th>\n<td class=\"a-size-base\" style=\"text-align: right;\"><span style=\"vertical-align: inherit;\"><span style=\"vertical-align: inherit;\">8 GB DDR4</span></span></td>\n</tr>\n<tr>\n<th class=\"a-color-secondary a-size-base prodDetSectionEntry\" style=\"text-align: left;\"><span style=\"vertical-align: inherit;\"><span style=\"vertical-align: inherit;\">Disco duro</span></span></th>\n<td class=\"a-size-base\" style=\"text-align: right;\"><span style=\"vertical-align: inherit;\"><span style=\"vertical-align: inherit;\">Memoria Flash de estado s&oacute;lido de 256 GB</span></span></td>\n</tr>\n<tr>\n<th class=\"a-color-secondary a-size-base prodDetSectionEntry\" style=\"text-align: left;\"><span style=\"vertical-align: inherit;\"><span style=\"vertical-align: inherit;\">Coprocesador gr&aacute;fico</span></span></th>\n<td class=\"a-size-base\" style=\"text-align: right;\"><span style=\"vertical-align: inherit;\"><span style=\"vertical-align: inherit;\">AMD Radeon Vega 8</span></span></td>\n</tr>\n<tr>\n<th class=\"a-color-secondary a-size-base prodDetSectionEntry\" style=\"text-align: left;\"><span style=\"vertical-align: inherit;\"><span style=\"vertical-align: inherit;\">Marca del chipset</span></span></th>\n<td class=\"a-size-base\" style=\"text-align: right;\"><span style=\"vertical-align: inherit;\"><span style=\"vertical-align: inherit;\">y</span></span></td>\n</tr>\n<tr>\n<th class=\"a-color-secondary a-size-base prodDetSectionEntry\" style=\"text-align: left;\"><span style=\"vertical-align: inherit;\"><span style=\"vertical-align: inherit;\">Descripci&oacute;n de la tarjeta</span></span></th>\n<td class=\"a-size-base\" style=\"text-align: right;\"><span style=\"vertical-align: inherit;\"><span style=\"vertical-align: inherit;\">Dedicado</span></span></td>\n</tr>\n<tr>\n<th class=\"a-color-secondary a-size-base prodDetSectionEntry\" style=\"text-align: left;\"><span style=\"vertical-align: inherit;\"><span style=\"vertical-align: inherit;\">Tama&ntilde;o de RAM de la tarjeta gr&aacute;fica</span></span></th>\n<td class=\"a-size-base\" style=\"text-align: right;\"><span style=\"vertical-align: inherit;\"><span style=\"vertical-align: inherit;\">2 GB</span></span></td>\n</tr>\n<tr>\n<th class=\"a-color-secondary a-size-base prodDetSectionEntry\" style=\"text-align: left;\"><span style=\"vertical-align: inherit;\"><span style=\"vertical-align: inherit;\">Tipo inal&aacute;mbrico</span></span></th>\n<td class=\"a-size-base\" style=\"text-align: right;\"><span style=\"vertical-align: inherit;\"><span style=\"vertical-align: inherit;\">802.11abg</span></span></td>\n</tr>\n<tr>\n<th class=\"a-color-secondary a-size-base prodDetSectionEntry\" style=\"text-align: left;\"><span style=\"vertical-align: inherit;\"><span style=\"vertical-align: inherit;\">N&uacute;mero de puertos USB 2.0</span></span></th>\n<td class=\"a-size-base\" style=\"text-align: right;\"><span style=\"vertical-align: inherit;\"><span style=\"vertical-align: inherit;\">1</span></span></td>\n</tr>\n<tr>\n<th class=\"a-color-secondary a-size-base prodDetSectionEntry\" style=\"text-align: left;\"><span style=\"vertical-align: inherit;\"><span style=\"vertical-align: inherit;\">N&uacute;mero de puertos USB 3.0</span></span></th>\n<td class=\"a-size-base\" style=\"text-align: right;\"><span style=\"vertical-align: inherit;\"><span style=\"vertical-align: inherit;\">1</span></span></td>\n</tr>\n</tbody>\n</table>\n<p>&nbsp;</p>','Premium y elegante: cuerpo unibody metálico en color plata mística, solo 0,62 pulgadas de espesor y 3,5 libras. Windows 10 Signature Edition viene limpio, sin bloatware que lo ralentice y equipado con un procesador AMD R5.'),
(17,17,'es','Televisor Sony X950G de 55 pulgadas: televisor LED inteligente 4K Ultra HD','<h1 id=\"title\" class=\"a-size-large a-spacing-none\" style=\"text-align: center;\"><span id=\"productTitle\" class=\"a-size-large\"><span style=\"vertical-align: inherit;\"><span style=\"vertical-align: inherit;\">Televisor Sony X950G de 55 pulgadas: televisor LED inteligente 4K Ultra HD</span></span></span></h1>\n<p><img src=\"/storage/media/tLZ7UB1mJRMRXwCK449pJMUlMtAvnh8LVLiNyJ0l.jpg\" loading=\"lazy\" /></p>\n<h2><img src=\"/storage/media/BOcFsL0jwv273id62eLcQf2st8JQns9wht8ld9fu.jpg\" loading=\"lazy\" /></h2>\n<p><strong><span style=\"vertical-align: inherit;\"><span style=\"vertical-align: inherit;\"><img src=\"/storage/media/X2H7uFXn6KVmqHp7CL1WxIhyZecVyH7sjmhgaHUY.jpg\" loading=\"lazy\" /></span></span></strong></p>\n<p><strong><span style=\"vertical-align: inherit;\"><span style=\"vertical-align: inherit;\"><img src=\"/storage/media/3COcLEsTpVIjbT8yf6ovIzU7YpSdDJHe4OvckOd5.jpg\" loading=\"lazy\" /></span></span></strong></p>\n<p><strong><span style=\"vertical-align: inherit;\"><span style=\"vertical-align: inherit;\"><img src=\"/storage/media/k1y53GnXHijmqEWTBQtxRVPILSQ3kQRLmQAzPZH7.jpg\" loading=\"lazy\" /></span></span></strong></p>\n<p><strong><span style=\"vertical-align: inherit;\"><span style=\"vertical-align: inherit;\">Detalles:</span></span></strong></p>\n<ul class=\"a-unordered-list a-vertical a-spacing-none\">\n<li><span class=\"a-list-item\"><span style=\"vertical-align: inherit;\"><span style=\"vertical-align: inherit;\">ALTO RANGO DIN&Aacute;MICO: Experimente detalles, brillo y claridad incre&iacute;bles con resoluci&oacute;n 4K UHD</span></span></span></li>\n<li><span class=\"a-list-item\"><span style=\"vertical-align: inherit;\"><span style=\"vertical-align: inherit;\">&Aacute;NGULO GRANDE X: si&eacute;ntese en cualquier lugar de la habitaci&oacute;n para disfrutar de un incre&iacute;ble color del mundo real con el X950G de 85 pulgadas</span></span></span></li>\n<li><span class=\"a-list-item\"><span style=\"vertical-align: inherit;\"><span style=\"vertical-align: inherit;\">AUDIO INMERSIVO: Acoustic Multi-Audio sincroniza el sonido con la acci&oacute;n para crear una realidad de sonido a partir de la imagen.</span></span></span></li>\n<li><span class=\"a-list-item\"><span style=\"vertical-align: inherit;\"><span style=\"vertical-align: inherit;\">M&Aacute;XIMO REALISMO: disfrute de colores n&iacute;tidos y vibrantes con la pantalla TRILUMINOS y el mapeo de bits 4K HDR Super</span></span></span></li>\n<li><span class=\"a-list-item\"><span style=\"vertical-align: inherit;\"><span style=\"vertical-align: inherit;\">SIN DESENFOQUE DE MOVIMIENTO: observe la acci&oacute;n realista en pantalla pr&aacute;cticamente sin desenfocar con la tecnolog&iacute;a Motion flow XR</span></span></span></li>\n<li><span class=\"a-list-item\"><span style=\"vertical-align: inherit;\"><span style=\"vertical-align: inherit;\">COMPATIBILIDAD CON APPLE AIRPLAY 2 Y HOMEKIT: integre sin problemas sus dispositivos iPhone y Siri con su televisor Sony para una gesti&oacute;n sencilla del hogar inteligente y la transmisi&oacute;n de contenido.</span></span></span></li>\n<li><span class=\"a-list-item\"><span style=\"vertical-align: inherit;\"><span style=\"vertical-align: inherit;\">FUNCIONA CON ALEXA: Transmite las im&aacute;genes de la c&aacute;mara inteligente con tu voz. A trav&eacute;s de un dispositivo habilitado para Alexa, solo p&iacute;dele a Alexa que reproduzca m&uacute;sica, inicie aplicaciones de video, suba el volumen y m&aacute;s.</span></span></span></li>\n</ul>\n<div class=\"a-row a-expander-container a-expander-inline-container\" aria-live=\"polite\">\n<div class=\"a-expander-content a-expander-extend-content a-expander-content-expanded\" aria-expanded=\"true\">\n<ul class=\"a-unordered-list a-vertical a-spacing-none\">\n<li><span class=\"a-list-item\"><span style=\"vertical-align: inherit;\"><span style=\"vertical-align: inherit;\">ANDROID TV: TV de pantalla plana de 55 pulgadas con Asistente de Google integrado; compatible con Alexa y Google Home.</span></span></span></li>\n<li><span class=\"a-list-item\"><span style=\"vertical-align: inherit;\"><span style=\"vertical-align: inherit;\">DIMENSIONES: TV con soporte: 48 3/8 x 30 5/8 x 10 7/8 pulgadas; Sin soporte: 48 3/8 x 28 x 2 3/4 pulgadas</span></span></span></li>\n<li><span class=\"a-list-item\"><span style=\"vertical-align: inherit;\"><span style=\"vertical-align: inherit;\">EN LA CAJA: TV de 55 pulgadas, soporte, control remoto, bater&iacute;as, cable de alimentaci&oacute;n, transmisor de infrarrojos, gu&iacute;a de inicio y manual</span></span></span></li>\n</ul>\n<p>&nbsp;</p>\n<div class=\"a-row\">\n<div class=\"a-column a-span6\">\n<p class=\"a-size-medium a-spacing-small\"><strong><span style=\"vertical-align: inherit;\"><span style=\"vertical-align: inherit;\">Detalles t&eacute;cnicos:</span></span></strong></p>\n<p>&nbsp;</p>\n</div>\n</div>\n<div class=\"a-expander-content a-expander-extend-content\" aria-expanded=\"true\">\n<div class=\"a-row a-expander-container a-expander-inline-container\" aria-live=\"polite\">\n<div class=\"a-expander-content a-expander-section-content a-section-expander-inner\" aria-expanded=\"true\">\n<table id=\"productDetails_techSpec_section_1\" class=\"a-keyvalue prodDetTable\" role=\"presentation\">\n<tbody>\n<tr>\n<th class=\"a-color-secondary a-size-base prodDetSectionEntry\" style=\"text-align: left;\"><span style=\"vertical-align: inherit;\"><span style=\"vertical-align: inherit;\">Nombre de marca</span></span></th>\n<td class=\"a-size-base\" style=\"text-align: right;\"><span style=\"vertical-align: inherit;\"><span style=\"vertical-align: inherit;\">Sony</span></span></td>\n</tr>\n<tr>\n<th class=\"a-color-secondary a-size-base prodDetSectionEntry\" style=\"text-align: left;\"><span style=\"vertical-align: inherit;\"><span style=\"vertical-align: inherit;\">Peso del art&iacute;culo</span></span></th>\n<td class=\"a-size-base\" style=\"text-align: right;\"><span style=\"vertical-align: inherit;\"><span style=\"vertical-align: inherit;\">41,9 libras</span></span></td>\n</tr>\n<tr>\n<th class=\"a-color-secondary a-size-base prodDetSectionEntry\" style=\"text-align: left;\"><span style=\"vertical-align: inherit;\"><span style=\"vertical-align: inherit;\">Dimensiones del producto</span></span></th>\n<td class=\"a-size-base\" style=\"text-align: right;\"><span style=\"vertical-align: inherit;\"><span style=\"vertical-align: inherit;\">30,6 x 10,9 x 48,4 pulgadas</span></span></td>\n</tr>\n<tr>\n<th class=\"a-color-secondary a-size-base prodDetSectionEntry\" style=\"text-align: left;\"><span style=\"vertical-align: inherit;\"><span style=\"vertical-align: inherit;\">Residentes de California</span></span></th>\n<td class=\"a-size-base\" style=\"text-align: right;\"><span style=\"vertical-align: inherit;\"><span style=\"vertical-align: inherit;\">&nbsp;para la advertencia de la Proposici&oacute;n 65</span></span></td>\n</tr>\n<tr>\n<th class=\"a-color-secondary a-size-base prodDetSectionEntry\" style=\"text-align: left;\"><span style=\"vertical-align: inherit;\"><span style=\"vertical-align: inherit;\">N&uacute;mero de modelo del art&iacute;culo</span></span></th>\n<td class=\"a-size-base\" style=\"text-align: right;\"><span style=\"vertical-align: inherit;\"><span style=\"vertical-align: inherit;\">XBR55X950G</span></span></td>\n</tr>\n<tr>\n<th class=\"a-color-secondary a-size-base prodDetSectionEntry\" style=\"text-align: left;\"><span style=\"vertical-align: inherit;\"><span style=\"vertical-align: inherit;\">Bater&iacute;as</span></span></th>\n<td class=\"a-size-base\" style=\"text-align: right;\"><span style=\"vertical-align: inherit;\"><span style=\"vertical-align: inherit;\">Se requieren 2 pilas AAA (incluidas).</span></span></td>\n</tr>\n<tr>\n<th class=\"a-color-secondary a-size-base prodDetSectionEntry\" style=\"text-align: left;\"><span style=\"vertical-align: inherit;\"><span style=\"vertical-align: inherit;\">Nombre del color</span></span></th>\n<td class=\"a-size-base\" style=\"text-align: right;\"><span style=\"vertical-align: inherit;\"><span style=\"vertical-align: inherit;\">Negro</span></span></td>\n</tr>\n</tbody>\n</table>\n</div>\n</div>\n</div>\n<p>&nbsp;</p>\n</div>\n</div>\n<p>&nbsp;</p>','ALTO RANGO DINÁMICO: experimente detalles increíbles, brillo y claridad con resolución 4K UHD ÁNGULO X-WIDE: siéntese en cualquier lugar de la habitación para disfrutar de un color increíble del mundo real con el X950G de 85 pulgadas AUDIO INMERSIVO: Acoustic Multi-Audio sincroniza el sonido con la acción para crear Sound-from Picture Reality'),
(18,18,'es','Televisor LED inteligente Sony XBR49X900F 4K Ultra HD de 49 pulgadas','<h1 id=\"title\" class=\"a-size-large a-spacing-none\" style=\"text-align: center;\"><span id=\"productTitle\" class=\"a-size-large\"><span style=\"vertical-align: inherit;\"><span style=\"vertical-align: inherit;\">Televisor LED inteligente Sony 4K Ultra HD de 49 pulgadas&nbsp;</span></span></span></h1>\n<p><span class=\"a-size-large\"><img src=\"/storage/media/0iHG3Ka2EfY6u1ZMVdSnzLGOJp3vstWDLBE2M1EJ.jpeg\" alt=\"\" width=\"1464\" loading=\"lazy\" /></span></p>\n<p><span class=\"a-size-large\"><img src=\"/storage/media/s9KP6XyAQA3JWtEzgSu3UFJaIBaQqBx87HSGHogs.jpg\" loading=\"lazy\" /></span></p>\n<p><strong><span class=\"a-size-large\"><span style=\"vertical-align: inherit;\"><span style=\"vertical-align: inherit;\"><img src=\"/storage/media/yaTzGLiUNJ7EnM6RpPRP0FDhKleETWPstKWhmjnh.jpg\" loading=\"lazy\" /></span></span></span></strong></p>\n<p><strong><span class=\"a-size-large\"><span style=\"vertical-align: inherit;\"><span style=\"vertical-align: inherit;\"><img src=\"/storage/media/PdsfYrfmq3IicfSapfJOfy38Afr1v19XdhsJrsfu.jpg\" loading=\"lazy\" /></span></span></span></strong></p>\n<p><strong><span class=\"a-size-large\"><span style=\"vertical-align: inherit;\"><span style=\"vertical-align: inherit;\"><img src=\"/storage/media/pRHkfMJLwfLrNS6KAjDpBNDITX7P1BMv8J32EAIC.jpg\" loading=\"lazy\" /></span></span></span></strong></p>\n<p><strong><span class=\"a-size-large\"><span style=\"vertical-align: inherit;\"><span style=\"vertical-align: inherit;\"><img src=\"/storage/media/uEFeYVSnBrDbbjp8vjz4aWGRc404gwfLnAbsjClb.jpg\" loading=\"lazy\" /></span></span></span></strong></p>\n<p><strong><span class=\"a-size-large\"><span style=\"vertical-align: inherit;\"><span style=\"vertical-align: inherit;\"><img src=\"/storage/media/hnCqZuwA7kFXrQTtZNgMWLNiqKiqhUpTFVmggzXB.jpg\" loading=\"lazy\" /></span></span></span></strong></p>\n<p><strong><span class=\"a-size-large\"><span style=\"vertical-align: inherit;\"><span style=\"vertical-align: inherit;\">Detalles:</span></span></span></strong></p>\n<ul class=\"a-unordered-list a-vertical a-spacing-none\">\n<li><span class=\"a-list-item\"><span style=\"vertical-align: inherit;\"><span style=\"vertical-align: inherit;\">M&Aacute;S ALL&Aacute; DE LA ALTA DEFINICI&Oacute;N: la imagen HDTV 4K ofrece una claridad sorprendente y un alto rango din&aacute;mico de color y detalles.</span></span></span></li>\n<li><span class=\"a-list-item\"><span style=\"vertical-align: inherit;\"><span style=\"vertical-align: inherit;\">CALIDAD MEJORADA: Con el procesador X1 Extreme, disfrute de un contraste controlado y una amplia gama de brillo. Conectividad Bluetooth</span></span></span></li>\n<li><span class=\"a-list-item\"><span style=\"vertical-align: inherit;\"><span style=\"vertical-align: inherit;\">DILO. V&Eacute;ALO.: Conecte Alexa a su televisor Sony compatible para transmitir las se&ntilde;ales de la c&aacute;mara inteligente con su voz. Tambi&eacute;n puede pedirle a Alexa que reproduzca m&uacute;sica, inicie aplicaciones de video y m&aacute;s, y verlo todo en su televisor Sony.</span></span></span></li>\n<li><span class=\"a-list-item\"><span style=\"vertical-align: inherit;\"><span style=\"vertical-align: inherit;\">PANTALLA PREMIUM: disfrute de colores vibrantes con TRILUMINOS y acci&oacute;n n&iacute;tida en pantalla con X-Motion Clarity</span></span></span></li>\n<li><span class=\"a-list-item\"><span style=\"vertical-align: inherit;\"><span style=\"vertical-align: inherit;\">COMPATIBILIDAD DE VOZ: el televisor de 49 pulgadas es compatible con Amazon Alexa y Google Home para cambiar canales y m&aacute;s</span></span></span></li>\n<li><span class=\"a-list-item\"><span style=\"vertical-align: inherit;\"><span style=\"vertical-align: inherit;\">DIMENSIONES: Sin soporte: 43 1/8 x 24 7/8 x 2 3/4 pulgadas, con soporte: 43 1/8 x 27 3/8 x 10 5/8 pulgadas</span></span></span></li>\n<li><span class=\"a-list-item\"><span style=\"vertical-align: inherit;\"><span style=\"vertical-align: inherit;\">ENTRADAS M&Uacute;LTIPLES: El televisor de 49 pulgadas tiene 4 puertos HDMI, 2 USB 2.0, 1 USB 3.0 y 1 puerto compuesto para cambiar f&aacute;cilmente las entradas</span></span></span></li>\n</ul>\n<div class=\"a-row a-expander-container a-expander-inline-container\" aria-live=\"polite\">\n<div class=\"a-expander-content a-expander-extend-content a-expander-content-expanded\" aria-expanded=\"true\">\n<ul class=\"a-unordered-list a-vertical a-spacing-none\">\n<li><span class=\"a-list-item\"><span style=\"vertical-align: inherit;\"><span style=\"vertical-align: inherit;\">LA CAJA INCLUYE: Control remoto por voz, bater&iacute;as, cable de alimentaci&oacute;n, transmisor de infrarrojos, manual de funcionamiento, gu&iacute;a de instalaci&oacute;n y soporte</span></span></span></li>\n<li><span class=\"a-list-item\"><span style=\"vertical-align: inherit;\"><span style=\"vertical-align: inherit;\">Conectividad_Tecnolog&iacute;a: Wi-Fi integrado, HDMI, USB</span></span></span></li>\n</ul>\n<div class=\"a-row\">\n<div class=\"a-column a-span6\">\n<p class=\"a-size-medium a-spacing-small\"><strong><span style=\"vertical-align: inherit;\"><span style=\"vertical-align: inherit;\">Detalles t&eacute;cnicos:</span></span></strong></p>\n</div>\n</div>\n<div class=\"a-expander-content a-expander-extend-content\" aria-expanded=\"true\">\n<div class=\"a-row a-expander-container a-expander-inline-container\" aria-live=\"polite\">\n<div class=\"a-expander-content a-expander-section-content a-section-expander-inner\" aria-expanded=\"true\">\n<table id=\"productDetails_techSpec_section_1\" class=\"a-keyvalue prodDetTable\" role=\"presentation\">\n<tbody>\n<tr>\n<th class=\"a-color-secondary a-size-base prodDetSectionEntry\" style=\"text-align: left;\"><span style=\"vertical-align: inherit;\"><span style=\"vertical-align: inherit;\">Nombre de marca</span></span></th>\n<td class=\"a-size-base\" style=\"text-align: right;\"><span style=\"vertical-align: inherit;\"><span style=\"vertical-align: inherit;\">Sony</span></span></td>\n</tr>\n<tr>\n<th class=\"a-color-secondary a-size-base prodDetSectionEntry\" style=\"text-align: left;\"><span style=\"vertical-align: inherit;\"><span style=\"vertical-align: inherit;\">Peso del art&iacute;culo</span></span></th>\n<td class=\"a-size-base\" style=\"text-align: right;\"><span style=\"vertical-align: inherit;\"><span style=\"vertical-align: inherit;\">19 libras</span></span></td>\n</tr>\n<tr>\n<th class=\"a-color-secondary a-size-base prodDetSectionEntry\" style=\"text-align: left;\"><span style=\"vertical-align: inherit;\"><span style=\"vertical-align: inherit;\">Dimensiones del producto</span></span></th>\n<td class=\"a-size-base\" style=\"text-align: right;\"><span style=\"vertical-align: inherit;\"><span style=\"vertical-align: inherit;\">53 x 7 x 29,2 pulgadas</span></span></td>\n</tr>\n<tr>\n<th class=\"a-color-secondary a-size-base prodDetSectionEntry\" style=\"text-align: left;\"><span style=\"vertical-align: inherit;\"><span style=\"vertical-align: inherit;\">Residentes de California</span></span></th>\n<td class=\"a-size-base\" style=\"text-align: right;\"><span style=\"vertical-align: inherit;\"><span style=\"vertical-align: inherit;\">&nbsp;para la advertencia de la Proposici&oacute;n 65</span></span></td>\n</tr>\n<tr>\n<th class=\"a-color-secondary a-size-base prodDetSectionEntry\" style=\"text-align: left;\"><span style=\"vertical-align: inherit;\"><span style=\"vertical-align: inherit;\">N&uacute;mero de modelo del art&iacute;culo</span></span></th>\n<td class=\"a-size-base\" style=\"text-align: right;\"><span style=\"vertical-align: inherit;\"><span style=\"vertical-align: inherit;\">XBR49X900F</span></span></td>\n</tr>\n<tr>\n<th class=\"a-color-secondary a-size-base prodDetSectionEntry\" style=\"text-align: left;\"><span style=\"vertical-align: inherit;\"><span style=\"vertical-align: inherit;\">Bater&iacute;as</span></span></th>\n<td class=\"a-size-base\" style=\"text-align: right;\"><span style=\"vertical-align: inherit;\"><span style=\"vertical-align: inherit;\">Se requieren 2 pilas AA (incluidas).</span></span></td>\n</tr>\n<tr>\n<th class=\"a-color-secondary a-size-base prodDetSectionEntry\" style=\"text-align: left;\"><span style=\"vertical-align: inherit;\"><span style=\"vertical-align: inherit;\">Nombre del color</span></span></th>\n<td class=\"a-size-base\" style=\"text-align: right;\"><span style=\"vertical-align: inherit;\"><span style=\"vertical-align: inherit;\">Negro</span></span></td>\n</tr>\n</tbody>\n</table>\n</div>\n</div>\n</div>\n</div>\n</div>','MÁS ALLÁ DE LA ALTA DEFINICIÓN: la imagen HDTV 4K ofrece una claridad sorprendente y un color y detalle de alto rango dinámico CALIDAD MEJORADA: con el procesador X1 Extreme, disfrute de un contraste controlado y un amplio rango de brillo. Conectividad Bluetooth'),
(19,19,'es','LG 86SM9070PUA Alexa Built-in Nano 9 Series 86\" 4K','<h1 style=\"text-align: center;\"><strong><span style=\"vertical-align: inherit;\"><span style=\"vertical-align: inherit;\">Televisor LG 4K de 86\" Serie 9 86SM9070PUA</span></span></strong></h1>\n<p><img src=\"/storage/media/h92tcfj32no8BnE2XzgbvIcbDlbeoiQhkf6f0lsx.jpg\" loading=\"lazy\" /></p>\n<p class=\"default\"><img src=\"/storage/media/j8ZYg7RHZY1jKesbv8Eux3v8Ae10t1mTUAWFyt6c.jpg\" loading=\"lazy\" /></p>\n<p class=\"default\"><strong><span style=\"vertical-align: inherit;\"><span style=\"vertical-align: inherit;\"><img src=\"/storage/media/jBJNVXKzRT5LTsHbK9fTkrI0JWDvKbLJ7t39gENA.jpg\" loading=\"lazy\" /></span></span></strong></p>\n<p class=\"default\"><strong><span style=\"vertical-align: inherit;\"><span style=\"vertical-align: inherit;\"><img src=\"/storage/media/ywLu0orQAifRlzImcHyQtM8uEZB0J5wfv3yHJwCA.jpg\" loading=\"lazy\" /></span></span></strong></p>\n<p class=\"default\"><strong><span style=\"vertical-align: inherit;\"><span style=\"vertical-align: inherit;\"><img src=\"/storage/media/ccwKpKquv2t8NVxdPG9ZZXihncD4Aptpuc3LcGgc.jpg\" loading=\"lazy\" /></span></span></strong></p>\n<p class=\"default\"><strong><span style=\"vertical-align: inherit;\"><span style=\"vertical-align: inherit;\">Descripci&oacute;n del Producto:</span></span></strong></p>\n<div id=\"productDescription\" class=\"a-section a-spacing-small\">\n<div class=\"disclaim\"><strong><span style=\"vertical-align: inherit;\"><span style=\"vertical-align: inherit;\">Tama&ntilde;o: 86 pulgadas</span></span></strong></div>\n<p><span style=\"vertical-align: inherit;\"><span style=\"vertical-align: inherit;\">Las pantallas LED m&aacute;s grandes de LG son una belleza en cada cent&iacute;metro. Ya sea que elijas el televisor LG NanoCell TV Nano 9 Series, SM9070 de 86 o 75 pulgadas, disfrutar&aacute;s de una experiencia m&aacute;s grande que la vida. Las pel&iacute;culas, los deportes y los juegos obtienen un impulso de color realista de Nano Accuracy y el espectro completo de Nano Color. El procesador inteligente &alpha;7 Gen 2 de LG enriquece tu contenido. El control de atenuaci&oacute;n local de matriz completa brinda una iluminaci&oacute;n precisa en toda la pantalla. La imagen y el sonido se elevan con Dolby Vision y Dolby Atmos premium. Y la tecnolog&iacute;a de LG ThinQ se integra con el control de voz de Google Assistant* y Alexa para controlar el entretenimiento y el hogar conectado. Elige Ultra Large. Nunca ha habido una raz&oacute;n m&aacute;s grande para elegir un televisor LG NanoCell. *Servicio limitado a ciertos idiomas. Algunas funciones requieren suscripciones a servicios de terceros. Google es una marca comercial de Google LLC.</span></span></p>\n</div>\n<p>&nbsp;</p>\n<div class=\"a-row\">\n<div class=\"a-column a-span6\">\n<p class=\"a-size-medium a-spacing-small\"><strong><span style=\"vertical-align: inherit;\"><span style=\"vertical-align: inherit;\">Detalles t&eacute;cnicos:</span></span></strong></p>\n</div>\n</div>\n<div class=\"a-expander-content a-expander-extend-content\" aria-expanded=\"true\">\n<div class=\"a-row a-expander-container a-expander-inline-container\" aria-live=\"polite\">\n<div class=\"a-expander-content a-expander-section-content a-section-expander-inner\" aria-expanded=\"true\">\n<table id=\"productDetails_techSpec_section_1\" class=\"a-keyvalue prodDetTable\" style=\"height: 140px;\" role=\"presentation\">\n<tbody>\n<tr style=\"height: 20px;\">\n<th class=\"a-color-secondary a-size-base prodDetSectionEntry\" style=\"text-align: left; height: 20px; width: 235.977px;\"><span style=\"vertical-align: inherit;\"><span style=\"vertical-align: inherit;\">Nombre de marca</span></span></th>\n<td class=\"a-size-base\" style=\"height: 20px; width: 195.977px; text-align: right;\"><span style=\"vertical-align: inherit;\"><span style=\"vertical-align: inherit;\">LG</span></span></td>\n</tr>\n<tr style=\"height: 20px;\">\n<th class=\"a-color-secondary a-size-base prodDetSectionEntry\" style=\"text-align: left; height: 20px; width: 235.977px;\"><span style=\"vertical-align: inherit;\"><span style=\"vertical-align: inherit;\">Peso del art&iacute;culo</span></span></th>\n<td class=\"a-size-base\" style=\"height: 20px; width: 195.977px; text-align: right;\"><span style=\"vertical-align: inherit;\"><span style=\"vertical-align: inherit;\">127 libras</span></span></td>\n</tr>\n<tr style=\"height: 20px;\">\n<th class=\"a-color-secondary a-size-base prodDetSectionEntry\" style=\"text-align: left; height: 20px; width: 235.977px;\"><span style=\"vertical-align: inherit;\"><span style=\"vertical-align: inherit;\">Dimensiones del producto</span></span></th>\n<td class=\"a-size-base\" style=\"height: 20px; width: 195.977px; text-align: right;\"><span style=\"vertical-align: inherit;\"><span style=\"vertical-align: inherit;\">18,3 x 75,8 x 46,6 pulgadas</span></span></td>\n</tr>\n<tr style=\"height: 20px;\">\n<th class=\"a-color-secondary a-size-base prodDetSectionEntry\" style=\"text-align: left; height: 20px; width: 235.977px;\"><span style=\"vertical-align: inherit;\"><span style=\"vertical-align: inherit;\">Residentes de California</span></span></th>\n<td class=\"a-size-base\" style=\"height: 20px; width: 195.977px; text-align: right;\"><span style=\"vertical-align: inherit;\"><span style=\"vertical-align: inherit;\">para la advertencia de la Proposici&oacute;n 65</span></span></td>\n</tr>\n<tr style=\"height: 20px;\">\n<th class=\"a-color-secondary a-size-base prodDetSectionEntry\" style=\"text-align: left; height: 20px; width: 235.977px;\"><span style=\"vertical-align: inherit;\"><span style=\"vertical-align: inherit;\">N&uacute;mero de modelo del art&iacute;culo</span></span></th>\n<td class=\"a-size-base\" style=\"height: 20px; width: 195.977px; text-align: right;\"><span style=\"vertical-align: inherit;\"><span style=\"vertical-align: inherit;\">86SM9070PUA</span></span></td>\n</tr>\n<tr style=\"height: 20px;\">\n<th class=\"a-color-secondary a-size-base prodDetSectionEntry\" style=\"text-align: left; height: 20px; width: 235.977px;\"><span style=\"vertical-align: inherit;\"><span style=\"vertical-align: inherit;\">Descatalogado por el fabricante</span></span></th>\n<td class=\"a-size-base\" style=\"height: 20px; width: 195.977px; text-align: right;\"><span style=\"vertical-align: inherit;\"><span style=\"vertical-align: inherit;\">S&iacute;</span></span></td>\n</tr>\n<tr style=\"height: 20px;\">\n<th class=\"a-color-secondary a-size-base prodDetSectionEntry\" style=\"text-align: left; height: 20px; width: 235.977px;\"><span style=\"vertical-align: inherit;\"><span style=\"vertical-align: inherit;\">Nombre del color</span></span></th>\n<td class=\"a-size-base\" style=\"height: 20px; width: 195.977px; text-align: right;\"><span style=\"vertical-align: inherit;\"><span style=\"vertical-align: inherit;\">Negro</span></span></td>\n</tr>\n</tbody>\n</table>\n</div>\n</div>\n</div>','PROCESADOR INTELIGENTE LG a7 GEN 2: Las imágenes, la acción y el color cobran nueva vida para mejorar instantáneamente la calidad de la imagen a través del mejor procesador 4K de LG, potenciado por IA en su núcleo.'),
(20,20,'es','Televisor LED inteligente 4K Ultra HD de 75 pulgadas LG Electronics 75UH6550','<h1 id=\"title\" class=\"a-size-large a-spacing-none\" style=\"text-align: center;\"><span id=\"productTitle\" class=\"a-size-large\"><span style=\"vertical-align: inherit;\"><span style=\"vertical-align: inherit;\">Televisor inteligente LG 75UH6550 4K Ultra HD de 75 pulgadas</span></span></span></h1>\n<p>&nbsp;</p>\n<h3 class=\"a-spacing-mini\" style=\"text-align: center;\"><span style=\"vertical-align: inherit;\"><span style=\"vertical-align: inherit;\">Claridad impresionante y detalles de imagen finos que sorprender&aacute;n.</span></span></h3>\n<p style=\"text-align: center;\"><span style=\"vertical-align: inherit;\"><span style=\"vertical-align: inherit;\">Televisor LED inteligente 4K UHD - Clase 75\" (diag 74,6\") - 75UH6550.</span></span></p>\n<p style=\"text-align: center;\"><strong><span style=\"vertical-align: inherit;\"><span style=\"vertical-align: inherit;\">Caracter&iacute;sticas principales:</span></span></strong></p>\n<p style=\"text-align: center;\"><span style=\"vertical-align: inherit;\"><span style=\"vertical-align: inherit;\">- 8,3 millones de p&iacute;xeles para una resoluci&oacute;n 4 veces superior a la de los televisores Full HD.</span></span></p>\n<p style=\"text-align: center;\"><span style=\"vertical-align: inherit;\"><span style=\"vertical-align: inherit;\">- webOS 3.0: Un mundo de opciones de entretenimiento a tu alcance.</span></span></p>\n<p style=\"text-align: center;\"><span style=\"vertical-align: inherit;\"><span style=\"vertical-align: inherit;\">Los televisores LG 4K Ultra HD contienen 8,3 millones de p&iacute;xeles, por lo que su resoluci&oacute;n es cuatro veces mayor que la de los Full HD. &iquest;El resultado? Una claridad impresionante y detalles de imagen n&iacute;tidos que sorprender&aacute;n, incluso cuando se vean de cerca.</span></span></p>\n<p style=\"text-align: center;\">&nbsp;</p>\n<table style=\"border-collapse: collapse; width: 100%; margin-left: auto; margin-right: auto;\" border=\"0\">\n<tbody>\n<tr>\n<td style=\"width: 33.3333%;\">\n<h4 class=\"a-spacing-mini\" style=\"text-align: left;\"><span style=\"vertical-align: inherit;\"><span style=\"vertical-align: inherit;\">4K UHD</span></span></h4>\n<blockquote>\n<p class=\"a-size-small\"><span style=\"vertical-align: inherit;\"><span style=\"vertical-align: inherit;\"><img src=\"/storage/media/NI9AoiCRd0nyENfc2cmhM5BpmbYPG3mvM2AGQrJY.jpg\" alt=\"\" width=\"220\" loading=\"lazy\" /></span></span></p>\n</blockquote>\n<p class=\"a-size-small\"><span style=\"vertical-align: inherit;\"><span style=\"vertical-align: inherit;\">Los televisores de ultraalta definici&oacute;n ofrecen cuatro veces la resoluci&oacute;n de los televisores Full HD. La tecnolog&iacute;a UHD, tambi&eacute;n conocida como \"4K\", ofrece una claridad y un nivel de detalle excepcionales para todo el contenido de video.</span></span></p>\n</td>\n<td style=\"width: 33.3333%;\">\n<h4 class=\"a-spacing-mini\" style=\"text-align: center;\"><span style=\"vertical-align: inherit;\"><span style=\"vertical-align: inherit;\">Color de amplia gama</span></span></h4>\n<p><span style=\"vertical-align: inherit;\"><span style=\"vertical-align: inherit;\"><img src=\"/storage/media/OtAWJllIKeduDViUBpwuZUYR9Lu7DwHdroRxvArD.jpg\" alt=\"\" width=\"220\" loading=\"lazy\" /></span></span></p>\n<p class=\"a-size-small\"><span style=\"vertical-align: inherit;\"><span style=\"vertical-align: inherit;\">Color Prime Pro produce una gama m&aacute;s amplia de colores para lograr una imagen m&aacute;s precisa y realista que se puede disfrutar desde un &aacute;ngulo de visi&oacute;n m&aacute;s amplio.</span></span></p>\n</td>\n<td style=\"width: 33.3333%;\">\n<h4 class=\"a-spacing-mini\" style=\"text-align: right;\"><span style=\"vertical-align: inherit;\"><span style=\"vertical-align: inherit;\">TruMotion 120 Hz</span></span></h4>\n<p class=\"a-size-small\"><span style=\"vertical-align: inherit;\"><span style=\"vertical-align: inherit;\"><img src=\"/storage/media/4nAJi48t63LMweHC4iAlDYHm6kPIns9b54x3nkI1.jpg\" alt=\"\" width=\"220\" loading=\"lazy\" /></span></span></p>\n<p class=\"a-size-small\"><span style=\"vertical-align: inherit;\"><span style=\"vertical-align: inherit;\">La tecnolog&iacute;a TruMotion de 120 Hz te permite ver deportes, videojuegos y acci&oacute;n a alta velocidad pr&aacute;cticamente sin distorsi&oacute;n de movimiento. Ahora tu televisor puede seguir el ritmo de tus movimientos r&aacute;pidos.</span></span></p>\n</td>\n</tr>\n</tbody>\n</table>\n<p>&nbsp;</p>\n<h4 class=\"a-spacing-mini\" style=\"text-align: center;\"><span style=\"vertical-align: inherit;\"><span style=\"vertical-align: inherit;\">Televisor inteligente con webOS 3.0</span></span></h4>\n<p class=\"a-size-small\" style=\"text-align: center;\"><span style=\"vertical-align: inherit;\"><span style=\"vertical-align: inherit;\">La &uacute;ltima generaci&oacute;n de la exclusiva y galardonada plataforma Smart TV de LG es incre&iacute;blemente f&aacute;cil de usar, con una configuraci&oacute;n y un descubrimiento de contenido sencillos.</span></span></p>\n<p class=\"a-size-small\" style=\"text-align: center;\"><span style=\"vertical-align: inherit;\"><span style=\"vertical-align: inherit;\">Descargo de responsabilidad: consulte con los proveedores de contenido el ancho de banda necesario para transmitir videos. El servicio inteligente del producto est&aacute; sujeto a cambios. Es posible que algunas aplicaciones que aparecen en la imagen de la pantalla no est&eacute;n preinstaladas; se requiere conexi&oacute;n a Internet para descargarlas.</span></span></p>\n<p class=\"a-size-small\" style=\"text-align: left;\"><strong><span style=\"vertical-align: inherit;\"><span style=\"vertical-align: inherit;\">Detalles:</span></span></strong></p>\n<ul class=\"a-unordered-list a-vertical a-spacing-none\">\n<li><span class=\"a-list-item\"><span style=\"vertical-align: inherit;\"><span style=\"vertical-align: inherit;\">Frecuencia de actualizaci&oacute;n: TruMotion 240 Hz</span></span></span></li>\n<li><span class=\"a-list-item\"><span style=\"vertical-align: inherit;\"><span style=\"vertical-align: inherit;\">Retroiluminaci&oacute;n: LED</span></span></span></li>\n<li><span class=\"a-list-item\"><span style=\"vertical-align: inherit;\"><span style=\"vertical-align: inherit;\">Funcionalidad inteligente: S&iacute; - 3.0</span></span></span></li>\n<li><span class=\"a-list-item\"><span style=\"vertical-align: inherit;\"><span style=\"vertical-align: inherit;\">Dimensiones (An. x Al. x Pr. con soporte): 66,2\" x 40,2\" x 13,4\"</span></span></span></li>\n<li><span class=\"a-list-item\"><span style=\"vertical-align: inherit;\"><span style=\"vertical-align: inherit;\">Entradas: 3 HDMI, 3 USB, 1 RF, 1 componente, 1 compuesto, 1 &oacute;ptico, 1 RS232C, 1 Ethernet<br /></span></span></span></li>\n</ul>','PROCESADOR INTELIGENTE LG a7 GEN 2: Las imágenes, la acción y el color cobran nueva vida para mejorar instantáneamente la calidad de la imagen a través del mejor procesador 4K de LG, potenciado por IA en su núcleo.'),
(21,21,'es','Televisor LED inteligente 4K Roku de 55 pulgadas TCL 55S425','<h1 id=\"title\" class=\"a-size-large a-spacing-none\" style=\"text-align: center;\"><span id=\"productTitle\" class=\"a-size-large\"><span style=\"vertical-align: inherit;\"><span style=\"vertical-align: inherit;\">TCL 55S425 Televisor LED inteligente 4K de 55 pulgadas</span></span></span></h1>\n<p>&nbsp;</p>\n<p><img src=\"/storage/media/qm3l8IFwsMalCHygS2CFrKaso2txNDlP0UmrVssv.png\" loading=\"lazy\" /><img src=\"/storage/media/Iy4QjWr7sYFVlTSK0UoPbiBHVA2tBprVgiPlkFdw.jpg\" loading=\"lazy\" /></p>\n<p><strong><span style=\"vertical-align: inherit;\"><span style=\"vertical-align: inherit;\">Descripci&oacute;n:</span></span></strong></p>\n<ul class=\"a-unordered-list a-vertical a-spacing-none\">\n<li><span class=\"a-list-item\"><span style=\"vertical-align: inherit;\"><span style=\"vertical-align: inherit;\">Dimensiones (An. x Al. x Pr.): TV sin soporte: 49 X 28,4 X 3,1 pulgadas, TV con soporte: 49 X 30,6 X 8 pulgadas</span></span></span></li>\n<li><span class=\"a-list-item\"><span style=\"vertical-align: inherit;\"><span style=\"vertical-align: inherit;\">La funcionalidad inteligente ofrece todo tu contenido favorito con m&aacute;s de 500 000 pel&iacute;culas y episodios de TV, accesibles a trav&eacute;s del sencillo e intuitivo Roku TV.</span></span></span></li>\n<li><span class=\"a-list-item\"><span style=\"vertical-align: inherit;\"><span style=\"vertical-align: inherit;\">Combina la claridad de imagen 4K Ultra HD con el contraste, el color y el detalle del alto rango din&aacute;mico (HDR) para obtener la imagen m&aacute;s realista. Wi-Fi: 802.11ac 2x2 de doble banda (compatible con 2,4 GHz y 5 GHz)</span></span></span></li>\n<li><span class=\"a-list-item\"><span style=\"vertical-align: inherit;\"><span style=\"vertical-align: inherit;\">El LED de iluminaci&oacute;n directa produce una excelente calidad de imagen. Especificaciones de montaje VESA: patr&oacute;n de orificios VESA: 200 mm (V) x 200 mm (H). Tama&ntilde;o de los tornillos: M6 x 12</span></span></span></li>\n<li><span class=\"a-list-item\"><span style=\"vertical-align: inherit;\"><span style=\"vertical-align: inherit;\">Entradas: 3 HDMI 2.0 con HDCP 2.2 (una con HDMI ARC), 1 USB (reproductor multimedia), RF, compuesto, conector para auriculares, salida de audio &oacute;ptica, Ethernet</span></span></span></li>\n<li><span class=\"a-list-item\"><span style=\"vertical-align: inherit;\"><span style=\"vertical-align: inherit;\">Compatible con Alexa y Google Assistant</span></span></span></li>\n</ul>\n<p><strong><span style=\"vertical-align: inherit;\"><span style=\"vertical-align: inherit;\">Informaci&oacute;n del producto:</span></span></strong></p>\n<table id=\"productDetails_techSpec_section_1\" class=\"a-keyvalue prodDetTable\" role=\"presentation\">\n<tbody>\n<tr>\n<th class=\"a-color-secondary a-size-base prodDetSectionEntry\" style=\"text-align: left;\"><span style=\"vertical-align: inherit;\"><span style=\"vertical-align: inherit;\">Nombre de marca</span></span></th>\n<td class=\"a-size-base\" style=\"text-align: right;\"><span style=\"vertical-align: inherit;\"><span style=\"vertical-align: inherit;\">TCL</span></span></td>\n</tr>\n<tr style=\"text-align: right;\">\n<th class=\"a-color-secondary a-size-base prodDetSectionEntry\" style=\"text-align: left;\"><span style=\"vertical-align: inherit;\"><span style=\"vertical-align: inherit;\">Peso del art&iacute;culo</span></span></th>\n<td class=\"a-size-base\"><span style=\"vertical-align: inherit;\"><span style=\"vertical-align: inherit;\">27,1 libras</span></span></td>\n</tr>\n<tr style=\"text-align: right;\">\n<th class=\"a-color-secondary a-size-base prodDetSectionEntry\" style=\"text-align: left;\"><span style=\"vertical-align: inherit;\"><span style=\"vertical-align: inherit;\">Dimensiones del producto</span></span></th>\n<td class=\"a-size-base\"><span style=\"vertical-align: inherit;\"><span style=\"vertical-align: inherit;\">49 x 8 x 30,6 pulgadas</span></span></td>\n</tr>\n<tr style=\"text-align: right;\">\n<th class=\"a-color-secondary a-size-base prodDetSectionEntry\" style=\"text-align: left;\"><span style=\"vertical-align: inherit;\"><span style=\"vertical-align: inherit;\">Residentes de California</span></span></th>\n<td class=\"a-size-base\"><span style=\"vertical-align: inherit;\"><span style=\"vertical-align: inherit;\">Advertencia sobre la Proposici&oacute;n 65</span></span></td>\n</tr>\n<tr style=\"text-align: right;\">\n<th class=\"a-color-secondary a-size-base prodDetSectionEntry\" style=\"text-align: left;\"><span style=\"vertical-align: inherit;\"><span style=\"vertical-align: inherit;\">N&uacute;mero de modelo del art&iacute;culo</span></span></th>\n<td class=\"a-size-base\"><span style=\"vertical-align: inherit;\"><span style=\"vertical-align: inherit;\">55S425</span></span></td>\n</tr>\n<tr style=\"text-align: right;\">\n<th class=\"a-color-secondary a-size-base prodDetSectionEntry\" style=\"text-align: left;\"><span style=\"vertical-align: inherit;\"><span style=\"vertical-align: inherit;\">Bater&iacute;as</span></span></th>\n<td class=\"a-size-base\"><span style=\"vertical-align: inherit;\"><span style=\"vertical-align: inherit;\">Se requieren 2 pilas AAA.</span></span></td>\n</tr>\n<tr style=\"text-align: right;\">\n<th class=\"a-color-secondary a-size-base prodDetSectionEntry\" style=\"text-align: left;\"><span style=\"vertical-align: inherit;\"><span style=\"vertical-align: inherit;\">N&uacute;mero de salidas de componentes</span></span></th>\n<td class=\"a-size-base\"><span style=\"vertical-align: inherit;\"><span style=\"vertical-align: inherit;\">&Oacute;ptico</span></span></td>\n</tr>\n</tbody>\n</table>\n<p>&nbsp;</p>','TCL, uno de los fabricantes de televisores más grandes del mundo y la marca de televisores de más rápido crecimiento en Estados Unidos, ofrece lo último en tecnología y diseño 4K. Hemos simplificado el televisor 4K Ultra HD para que puedas disfrutar al instante de un entretenimiento sin límites.'),
(22,22,'es','LG Electronics OLED65E8PUA Televisor Ultra HD 4K de 65 pulgadas','<ul>\n<li id=\"title\" class=\"a-size-large a-spacing-none\" style=\"text-align: center;\"><span id=\"productTitle\" class=\"a-size-large\"><span style=\"vertical-align: inherit;\"><span style=\"vertical-align: inherit;\">LG Electronics OLED65E8PUA de 65 pulgadas</span></span></span></li>\n</ul>\n<p><img src=\"/storage/media/jjI8qa1mffwsZ78yYrzsihMfwQsiNPVvJ745nPp7.jpg\" loading=\"lazy\" /></p>\n<p><img src=\"/storage/media/7yzNReflSNfOigKJSTjkoM9O2l4ZnnKID5YAP2Dy.jpg\" loading=\"lazy\" /></p>\n<p>&nbsp;</p>\n<h2 style=\"text-align: center;\"><strong><span style=\"vertical-align: inherit;\"><span style=\"vertical-align: inherit;\">Caracter&iacute;sticas</span></span></strong></h2>\n<h2>&nbsp;</h2>\n<h4 class=\"a-spacing-mini\" style=\"text-align: center;\"><span style=\"vertical-align: inherit;\"><span style=\"vertical-align: inherit;\">Dolby Vision y Dolby Atmos, aut&eacute;ntico cine en casa</span></span></h4>\n<p class=\"a-size-small\" style=\"text-align: center;\"><span style=\"vertical-align: inherit;\"><span style=\"vertical-align: inherit;\">El televisor LG OLED es la m&aacute;xima expresi&oacute;n de una experiencia de calidad cinematogr&aacute;fica en el hogar.</span></span></p>\n<p class=\"a-size-small\" style=\"text-align: center;\"><span style=\"vertical-align: inherit;\"><span style=\"vertical-align: inherit;\">El contenido premium alcanza la m&aacute;xima calidad de imagen gracias a Active HDR con Dolby Vision.</span></span></p>\n<p class=\"a-size-small\" style=\"text-align: center;\"><span style=\"vertical-align: inherit;\"><span style=\"vertical-align: inherit;\">El audio Dolby Atmos es igual de impresionante, envolviendo a la audiencia como en los cines m&aacute;s avanzados.</span></span></p>\n<p class=\"a-size-small\">&nbsp;</p>\n<p class=\"a-size-small\"><img src=\"/storage/media/7V9dusjBUKNfidXP1R2f8H5ZUYc7m3lnQHiI30fw.jpeg\" alt=\"\" width=\"300\" loading=\"lazy\" /></p>\n<h4 class=\"a-spacing-mini\" style=\"text-align: center;\">&nbsp;</h4>\n<h4 class=\"a-spacing-mini\" style=\"text-align: center;\"><span style=\"vertical-align: inherit;\"><span style=\"vertical-align: inherit;\">Un cerebro brillante</span></span></h4>\n<p style=\"text-align: center;\"><span style=\"vertical-align: inherit;\"><span style=\"vertical-align: inherit;\">LG, l&iacute;der de la industria de televisores OLED, hizo que el mejor televisor de todos los tiempos fuera a&uacute;n mejor al desarrollar el procesador inteligente &alpha;9.</span></span></p>\n<p style=\"text-align: center;\"><span style=\"vertical-align: inherit;\"><span style=\"vertical-align: inherit;\">El procesador m&aacute;s potente de LG proporciona im&aacute;genes realistas con colores incre&iacute;blemente ricos,</span></span></p>\n<p style=\"text-align: center;\"><span style=\"vertical-align: inherit;\"><span style=\"vertical-align: inherit;\">Nitidez y profundidad para ofrecer la m&aacute;xima calidad de imagen.</span></span></p>\n<p>&nbsp;</p>\n<p><img src=\"/storage/media/ErmAOVpT7RecWoBU5Luy13jKG55g4zETnUlwZtFf.jpeg\" alt=\"\" width=\"300\" loading=\"lazy\" /></p>\n<h4 class=\"a-spacing-mini\" style=\"text-align: center;\">&nbsp;</h4>\n<h4 class=\"a-spacing-mini\" style=\"text-align: center;\"><span style=\"vertical-align: inherit;\"><span style=\"vertical-align: inherit;\">Atenuaci&oacute;n del nivel de p&iacute;xeles de OLED</span></span></h4>\n<p style=\"text-align: center;\"><span style=\"vertical-align: inherit;\"><span style=\"vertical-align: inherit;\">Cada uno de los 8,3 millones de p&iacute;xeles iluminados individualmente del televisor LG OLED con AI ThinQ puede iluminar,</span></span></p>\n<p style=\"text-align: center;\"><span style=\"vertical-align: inherit;\"><span style=\"vertical-align: inherit;\">oscurecer o apagar por completo, logrando un negro perfecto y mostrando un nivel de detalle de imagen</span></span></p>\n<p style=\"text-align: center;\"><span style=\"vertical-align: inherit;\"><span style=\"vertical-align: inherit;\">imposible con cualquier otra tecnolog&iacute;a de televisi&oacute;n.</span></span></p>\n<p>&nbsp;</p>\n<p><img src=\"/storage/media/9zRMZB8s3aeL45PBiR1oWDgj9GZL80QryTR8SqRT.jpeg\" alt=\"\" width=\"300\" loading=\"lazy\" /></p>\n<h4 class=\"a-spacing-mini\" style=\"text-align: center;\">&nbsp;</h4>\n<h4 class=\"a-spacing-mini\" style=\"text-align: center;\"><span style=\"vertical-align: inherit;\"><span style=\"vertical-align: inherit;\">Pantalla OLED</span></span></h4>\n<p style=\"text-align: center;\"><span style=\"vertical-align: inherit;\"><span style=\"vertical-align: inherit;\">Pel&iacute;culas, deportes, juegos y m&aacute;s cobran nueva y emocionante vida con el negro perfecto.</span></span></p>\n<p style=\"text-align: center;\"><span style=\"vertical-align: inherit;\"><span style=\"vertical-align: inherit;\">y el color intenso de la pantalla OLED de LG. El televisor OLED de LG con AI ThinQ utiliza los &uacute;ltimos paneles,</span></span></p>\n<p style=\"text-align: center;\"><span style=\"vertical-align: inherit;\"><span style=\"vertical-align: inherit;\">con p&iacute;xeles m&aacute;s brillantes y autoiluminados que realmente ofrecen la mejor imagen jam&aacute;s vista.</span></span></p>\n<p>&nbsp;</p>\n<p><img src=\"/storage/media/MMYvyAzt3wf5xjGkE1JVtKVC8gl81I7kBBhiSW70.jpeg\" alt=\"\" width=\"300\" loading=\"lazy\" /></p>\n<h4 class=\"a-spacing-mini\" style=\"text-align: center;\">&nbsp;</h4>\n<h4 class=\"a-spacing-mini\" style=\"text-align: center;\"><span style=\"vertical-align: inherit;\"><span style=\"vertical-align: inherit;\">Opciones de contenido premium</span></span></h4>\n<p style=\"text-align: center;\"><span style=\"vertical-align: inherit;\"><span style=\"vertical-align: inherit;\">El televisor LG OLED con AI ThinQ cuenta con soporte integral para los principales rangos din&aacute;micos altos</span></span></p>\n<p style=\"text-align: center;\"><span style=\"vertical-align: inherit;\"><span style=\"vertical-align: inherit;\">formatos que incluyen Dolby Vision HDR del cine, as&iacute; como HDR10 y HLG, ambos</span></span></p>\n<p style=\"text-align: center;\"><span style=\"vertical-align: inherit;\"><span style=\"vertical-align: inherit;\">con la avanzada tecnolog&iacute;a de mapeo de tonos de LG que proporciona optimizaci&oacute;n escena por escena.</span></span></p>\n<p>&nbsp;</p>\n<p><img src=\"/storage/media/YSTEMW79mYCTppXrM8DQ3zNm5KJNH8pdRjN5Zyaj.jpeg\" alt=\"\" width=\"300\" loading=\"lazy\" /></p>\n<h4 class=\"a-spacing-mini\" style=\"text-align: center;\">&nbsp;</h4>\n<h4 class=\"a-spacing-mini\" style=\"text-align: center;\"><span style=\"vertical-align: inherit;\"><span style=\"vertical-align: inherit;\">Sonido cinematogr&aacute;fico en casa con Dolby Atmos</span></span></h4>\n<p style=\"text-align: center;\"><span style=\"vertical-align: inherit;\"><span style=\"vertical-align: inherit;\">Dolby Atmos te transporta con un audio conmovedor: grillos cantando por todas partes,</span></span></p>\n<p style=\"text-align: center;\"><span style=\"vertical-align: inherit;\"><span style=\"vertical-align: inherit;\">un monstruo rugiendo detr&aacute;s o un avi&oacute;n volando por encima. El contenido Dolby Atmos crea un ambiente m&aacute;s</span></span></p>\n<p style=\"text-align: center;\"><span style=\"vertical-align: inherit;\"><span style=\"vertical-align: inherit;\">Una experiencia de sonido detallada que parece provenir de todas partes para un realismo maravilloso.</span></span></p>\n<p style=\"text-align: center;\"><span style=\"vertical-align: inherit;\"><span style=\"vertical-align: inherit;\">Experiencia inmersiva que te sit&uacute;a dentro de la historia.</span></span></p>\n<p>&nbsp;</p>\n<p><strong><span style=\"vertical-align: inherit;\"><span style=\"vertical-align: inherit;\">Descripci&oacute;n:</span></span></strong></p>\n<p>&nbsp;</p>\n<ul class=\"a-unordered-list a-vertical a-spacing-none\">\n<li><span class=\"a-list-item\"><span style=\"vertical-align: inherit;\"><span style=\"vertical-align: inherit;\">El televisor LG OLED con IA (inteligencia artificial) ThinQ tiene el Asistente de Google integrado, por lo que puedes controlar dispositivos dom&eacute;sticos inteligentes compatibles usando solo tu voz a trav&eacute;s del control remoto LG Magic. Crea un centro para tu hogar inteligente y m&aacute;s. Adem&aacute;s, funciona con dispositivos Amazon Alexa (se venden por separado)</span></span></span></li>\n</ul>\n<p>&nbsp;</p>\n<ul class=\"a-unordered-list a-vertical a-spacing-none\">\n<li><span class=\"a-list-item\"><span style=\"vertical-align: inherit;\"><span style=\"vertical-align: inherit;\">El procesador inteligente &alpha;9 del televisor LG OLED con AI ThinQ es el m&aacute;s potente de LG hasta la fecha. Desarrollado exclusivamente para el televisor LG OLED, el nuevo procesador &alpha;9 mejora notablemente la nitidez y la profundidad, a la vez que ofrece colores mucho m&aacute;s precisos para una calidad de imagen superior.</span></span></span></li>\n</ul>\n<p>&nbsp;</p>\n<ul class=\"a-unordered-list a-vertical a-spacing-none\">\n<li><span class=\"a-list-item\"><span style=\"vertical-align: inherit;\"><span style=\"vertical-align: inherit;\">Pixel Level Dimming permite que cada uno de los 8,3 millones de p&iacute;xeles iluminados individualmente del televisor LG OLED con AI ThinQ se iluminen, aten&uacute;en o apaguen por completo, logrando un negro perfecto y mostrando un nivel de detalle de imagen imposible con cualquier otra tecnolog&iacute;a de televisi&oacute;n.</span></span></span></li>\n</ul>\n<p>&nbsp;</p>\n<ul class=\"a-unordered-list a-vertical a-spacing-none\">\n<li><span class=\"a-list-item\"><span style=\"vertical-align: inherit;\"><span style=\"vertical-align: inherit;\">4K Cinema HDR en el televisor LG OLED con AI ThinQ cuenta con soporte integral para los principales formatos de alto rango din&aacute;mico, incluidos Dolby Vision, as&iacute; como HDR10 y HLG, ambos con la tecnolog&iacute;a avanzada de mapeo de tonos de LG que brinda optimizaci&oacute;n escena por escena.</span></span></span></li>\n</ul>\n<p>&nbsp;</p>\n<ul class=\"a-unordered-list a-vertical a-spacing-none\">\n<li><span class=\"a-list-item\"><span style=\"vertical-align: inherit;\"><span style=\"vertical-align: inherit;\">Dolby Atmos es la misma tecnolog&iacute;a de audio desarrollada para cines de &uacute;ltima generaci&oacute;n, con un sonido envolvente que parece provenir de todas partes, coloc&aacute;ndote en el medio de toda la emoci&oacute;n.</span></span></span></li>\n<li><span class=\"a-list-item\"><span style=\"vertical-align: inherit;\"><span style=\"vertical-align: inherit;\">La pantalla OLED de LG utiliza los paneles m&aacute;s modernos, con p&iacute;xeles m&aacute;s brillantes y autoiluminados que ofrecen un negro perfecto y colores intensos. El televisor OLED de LG con AI ThinQ da nueva vida a pel&iacute;culas, deportes, juegos y m&aacute;s</span></span></span></li>\n</ul>\n<p>&nbsp;</p>\n<ul class=\"a-unordered-list a-vertical a-spacing-none\">\n<li><span class=\"a-list-item\"><span style=\"vertical-align: inherit;\"><span style=\"vertical-align: inherit;\">Entradas: 4 HDMI, 3 USB, 1 RF, 1 entrada compuesta, 1 Ethernet, 1 &oacute;ptica, 1 RS232C (miniconector) y soporte de canal de retorno de audio a trav&eacute;s de HDMI</span></span></span></li>\n</ul>\n<p>&nbsp;</p>\n<p><strong><span style=\"vertical-align: inherit;\"><span style=\"vertical-align: inherit;\">Informaci&oacute;n del producto:</span></span></strong></p>\n<p>&nbsp;</p>\n<table id=\"productDetails_techSpec_section_1\" class=\"a-keyvalue prodDetTable\" style=\"height: 134px;\" role=\"presentation\">\n<tbody>\n<tr style=\"height: 20px;\">\n<th class=\"a-color-secondary a-size-base prodDetSectionEntry\" style=\"text-align: left; height: 20px; width: 149.875px;\"><span style=\"vertical-align: inherit;\"><span style=\"vertical-align: inherit;\">Nombre de marca</span></span></th>\n<td class=\"a-size-base\" style=\"height: 20px; width: 260.542px; text-align: right;\"><span style=\"vertical-align: inherit;\"><span style=\"vertical-align: inherit;\">LG</span></span></td>\n</tr>\n<tr style=\"height: 19px;\">\n<th class=\"a-color-secondary a-size-base prodDetSectionEntry\" style=\"text-align: left; height: 19px; width: 149.875px;\"><span style=\"vertical-align: inherit;\"><span style=\"vertical-align: inherit;\">Peso del art&iacute;culo</span></span></th>\n<td class=\"a-size-base\" style=\"height: 19px; width: 260.542px; text-align: right;\"><span style=\"vertical-align: inherit;\"><span style=\"vertical-align: inherit;\">60,8 libras</span></span></td>\n</tr>\n<tr style=\"height: 19px;\">\n<th class=\"a-color-secondary a-size-base prodDetSectionEntry\" style=\"text-align: left; height: 19px; width: 149.875px;\"><span style=\"vertical-align: inherit;\"><span style=\"vertical-align: inherit;\">Dimensiones del producto</span></span></th>\n<td class=\"a-size-base\" style=\"height: 19px; width: 260.542px; text-align: right;\"><span style=\"vertical-align: inherit;\"><span style=\"vertical-align: inherit;\">57 x 8,7 x 36 pulgadas</span></span></td>\n</tr>\n<tr style=\"height: 19px;\">\n<th class=\"a-color-secondary a-size-base prodDetSectionEntry\" style=\"text-align: left; height: 19px; width: 149.875px;\"><span style=\"vertical-align: inherit;\"><span style=\"vertical-align: inherit;\">Residentes de California</span></span></th>\n<td class=\"a-size-base\" style=\"height: 19px; width: 260.542px; text-align: right;\"><span style=\"vertical-align: inherit;\"><span style=\"vertical-align: inherit;\">para la advertencia de la Proposici&oacute;n 65</span></span></td>\n</tr>\n<tr style=\"height: 19px;\">\n<th class=\"a-color-secondary a-size-base prodDetSectionEntry\" style=\"text-align: left; height: 19px; width: 149.875px;\"><span style=\"vertical-align: inherit;\"><span style=\"vertical-align: inherit;\">N&uacute;mero de modelo del art&iacute;culo</span></span></th>\n<td class=\"a-size-base\" style=\"height: 19px; width: 260.542px; text-align: right;\"><span style=\"vertical-align: inherit;\"><span style=\"vertical-align: inherit;\">65E8PUA</span></span></td>\n</tr>\n<tr style=\"height: 19px;\">\n<th class=\"a-color-secondary a-size-base prodDetSectionEntry\" style=\"text-align: left; height: 19px; width: 149.875px;\"><span style=\"vertical-align: inherit;\"><span style=\"vertical-align: inherit;\">Bater&iacute;as</span></span></th>\n<td class=\"a-size-base\" style=\"height: 19px; width: 260.542px; text-align: right;\"><span style=\"vertical-align: inherit;\"><span style=\"vertical-align: inherit;\">Se requieren 2 pilas AA (incluidas).</span></span></td>\n</tr>\n<tr style=\"height: 19px;\">\n<th class=\"a-color-secondary a-size-base prodDetSectionEntry\" style=\"text-align: left; height: 19px; width: 149.875px;\"><span style=\"vertical-align: inherit;\"><span style=\"vertical-align: inherit;\">Nombre del color</span></span></th>\n<td class=\"a-size-base\" style=\"height: 19px; width: 260.542px; text-align: right;\"><span style=\"vertical-align: inherit;\"><span style=\"vertical-align: inherit;\">Negro</span></span></td>\n</tr>\n</tbody>\n</table>\n<p>&nbsp;</p>\n<p>&nbsp;</p>','El elegante E8 está elaborado de manera exquisita con un diseño de vidrio único para dejar una impresión cautivadora en su sala de estar. Este nuevo televisor LG OLED con AI (Inteligencia Artificial) ThinQ se convierte en el centro de la casa inteligente: con el control de voz inteligente, hable al control remoto LG Magic para llamar a la familia.'),
(23,23,'es','Televisor inteligente LG OLED65CXPUA de 65\" con resolución 4K Ultra HD y Alexa integrada, serie CX','<h1 id=\"title\" class=\"a-size-large a-spacing-none\"><span id=\"productTitle\" class=\"a-size-large\"><span>Televisor inteligente LG OLED 4K Ultra HD de 65\" con Alexa integrada</span></span></h1>\n<p>&nbsp;</p>\n<p><span class=\"a-size-large\"><img src=\"https://demo.fleetcart.envaysoft.com/storage/media/mvAaJUVURekJ7KdNUsRgEvR0ML1v2kbbIiSRVEaH.jpeg\" alt=\"\" width=\"679\" loading=\"lazy\" /><br /></span></p>\n<p>&nbsp;</p>\n<p>&nbsp;</p>\n<table border=\"0\">\n<tbody>\n<tr>\n<td>\n<h2 class=\"a-text-center premium-module-4-heading aplus-h1 a-text-bold\"><img src=\"https://demo.fleetcart.envaysoft.com/storage/media/s9RV2CoY5JM8hrnQQjIWifVTyZEY4qYHj4IIqYXs.jpeg\" alt=\"\" width=\"355\" loading=\"lazy\" /></h2>\n</td>\n<td>\n<h2 class=\"a-text-center premium-module-4-heading aplus-h1 a-text-bold\"><img src=\"https://demo.fleetcart.envaysoft.com/storage/media/yfJEgQoQGZ9jkVQ3RIbHYb8zp0GP6CR2b97FwO6X.jpeg\" alt=\"\" width=\"91\" loading=\"lazy\" /></h2>\n</td>\n<td>\n<h2 class=\"a-text-center premium-module-4-heading aplus-h1 a-text-bold\"><span class=\"a-size-large\"><img src=\"https://demo.fleetcart.envaysoft.com/storage/media/EMSSU6oraCTvlPynsC9q4NlDPexYr2s8jRQrjsM1.jpeg\" alt=\"\" width=\"355\" loading=\"lazy\" /></span></h2>\n</td>\n</tr>\n</tbody>\n</table>\n<h2 class=\"a-text-center premium-module-4-heading aplus-h1 a-text-bold\"><span class=\"a-size-large\">&nbsp;</span></h2>\n<h2 class=\"a-text-center premium-module-4-heading aplus-h1 a-text-bold\">&nbsp;</h2>\n<h2 class=\"a-text-center premium-module-4-heading aplus-h1 a-text-bold\"><span>Caracter&iacute;sticas de OLED CX</span></h2>\n<p>&nbsp;</p>\n<p><img src=\"https://demo.fleetcart.envaysoft.com/storage/media/04z2dSrkhdOgFUcbLDA2wvlGGf6hBOswUtk09gJz.jpeg\" alt=\"\" width=\"651\" loading=\"lazy\" /></p>\n<div class=\"a-section a-spacing-none column-heading\">\n<h1 class=\"aplus-h3 a-text-bold\">&nbsp;</h1>\n<h1 class=\"aplus-h3 a-text-bold\"><span>Vea m&aacute;s de su contenido en 4K</span></h1>\n</div>\n<div class=\"a-section a-spacing-none column-description\">\n<p class=\"aplus-p3\"><span>El procesador 4K utiliza IA y aprendizaje profundo para mejorar de manera aut&eacute;ntica la resoluci&oacute;n m&aacute;s baja</span></p>\n<p class=\"aplus-p3\"><span>contenido, traduciendo la fuente a 8,3 millones de p&iacute;xeles en 4K. La tecnolog&iacute;a es tan buena,</span></p>\n<p class=\"aplus-p3\"><span>Podr&iacute;as confundir el formato no 4K con el 4K verdadero*.</span></p>\n<p class=\"aplus-p3\"><span>*La calidad de la imagen del contenido ampliado variar&aacute; seg&uacute;n la resoluci&oacute;n de la fuente.</span></p>\n</div>\n<p>&nbsp;</p>\n<p>&nbsp;</p>\n<p>&nbsp;<img src=\"https://demo.fleetcart.envaysoft.com/storage/media/2nKFBAEuUP3jez0hdkFolUxxws30AGduSb6T54nD.jpeg\" alt=\"\" width=\"651\" loading=\"lazy\" /></p>\n<p>&nbsp;</p>\n<p>&nbsp;</p>\n<div class=\"a-section a-spacing-none column-heading\">\n<h1 class=\"aplus-h3 a-text-bold\"><span>Imagen y sonido cinematogr&aacute;ficos</span></h1>\n</div>\n<div class=\"a-section a-spacing-none column-description\">\n<p class=\"aplus-p3\"><span>Dolby Vision IQ ajusta autom&aacute;ticamente la configuraci&oacute;n de la imagen seg&uacute;n el entorno.</span></p>\n<p class=\"aplus-p3\"><span>condiciones de iluminaci&oacute;n y g&eacute;neros de contenido. Dolby Atmos te coloca en el centro de</span></p>\n<p class=\"aplus-p3\"><span>la acci&oacute;n con sonido envolvente multidimensional que parece fluir a tu alrededor.</span></p>\n<p class=\"aplus-p3\">&nbsp;</p>\n<p class=\"aplus-p3\">&nbsp;</p>\n<p class=\"aplus-p3\"><strong><span>Detalles:</span></strong></p>\n<ul class=\"a-unordered-list a-vertical a-spacing-none\">\n<li><span class=\"a-list-item\"><span>LG OLED TV: Solo los p&iacute;xeles OLED emiten su propia luz, lo que permite un negro perfecto, un color intenso y una imagen impactante.</span></span></li>\n<li><span class=\"a-list-item\"><span>ATENUACI&Oacute;N DEL NIVEL DE P&Iacute;XELES: 8,3 millones de p&iacute;xeles controlan el espect&aacute;culo de luces. Millones de p&iacute;xeles emiten su propia luz. Solo OLED puede apagar los p&iacute;xeles por completo e independientemente. Vea im&aacute;genes impresionantes, negros perfectos, contraste infinito y m&aacute;s de mil millones de colores intensos.</span></span></li>\n</ul>\n<p>&nbsp;</p>\n<ul class=\"a-unordered-list a-vertical a-spacing-none\">\n<li><span class=\"a-list-item\"><span>WEBOS Y MAGIC REMOTE: La plataforma webOS, favorita de los fan&aacute;ticos de LG, hace que sea sorprendentemente r&aacute;pido y f&aacute;cil transmitir pel&iacute;culas y programas con tus aplicaciones favoritas y encontrar nuevas obsesiones en funci&oacute;n de lo que te gusta. Mientras que nuestro Magic Remote hace honor a su nombre con control de voz y movimiento: solo habla o simplemente apunta, despl&aacute;zate y haz clic.</span></span></li>\n<li><span class=\"a-list-item\"><span>PROCESADOR AI 4K &alpha;9 GEN 3: Todo lo que ves y escuchas se vuelve autom&aacute;ticamente mejor, m&aacute;s claro, m&aacute;s fluido y m&aacute;s din&aacute;mico con nuestro procesador AI 4K &alpha;9 Gen 3. No tienes que hacer nada. Nuestro procesador 4K m&aacute;s avanzado lo hace por ti con AI Picture Pro, AI Sound Pro, AI 4K Upscaling y la capacidad de ayudar a tu TV a evolucionar con el tiempo.</span></span></li>\n</ul>\n<p>&nbsp;</p>\n<ul class=\"a-unordered-list a-vertical a-spacing-none\">\n<li><span class=\"a-list-item\"><span>GAMING: El televisor LG OLED est&aacute; dise&ntilde;ado para jugar. La calidad de imagen impulsada por IA te transporta al momento presente. Las funciones de juego y la &uacute;ltima tecnolog&iacute;a, como NVIDIA G-SYNC y FreeSync, te brindan una ventaja con menos demoras, altas frecuencias de actualizaci&oacute;n y una experiencia de juego incre&iacute;blemente fluida y con capacidad de respuesta.</span></span></li>\n<li><span class=\"a-list-item\"><span>Tecnolog&iacute;a de conectividad: inal&aacute;mbrica</span></span></li>\n<li><span class=\"a-list-item\"><span>Configuraci&oacute;n de canal de sonido envolvente: 2.2</span></span></li>\n<li><span class=\"a-list-item\"><span>Componentes incluidos: Cable de alimentaci&oacute;n, control remoto, soporte</span></span></li>\n</ul>\n<p class=\"aplus-p3\">&nbsp;</p>\n<p class=\"aplus-p3\"><strong><span>Descripci&oacute;n del Producto:</span></strong></p>\n<table id=\"productDetails_techSpec_section_1\" class=\"a-keyvalue prodDetTable\" role=\"presentation\">\n<tbody>\n<tr>\n<th class=\"a-color-secondary a-size-base prodDetSectionEntry\"><span>Nombre de marca</span></th>\n<td class=\"a-size-base\"><span>LG</span></td>\n</tr>\n<tr>\n<th class=\"a-color-secondary a-size-base prodDetSectionEntry\"><span>Peso del art&iacute;culo</span></th>\n<td class=\"a-size-base\"><span>71,9 libras</span></td>\n</tr>\n<tr>\n<th class=\"a-color-secondary a-size-base prodDetSectionEntry\"><span>Dimensiones del producto</span></th>\n<td class=\"a-size-base\"><span>9,9 x 57 x 33,9 pulgadas</span></td>\n</tr>\n<tr>\n<th class=\"a-color-secondary a-size-base prodDetSectionEntry\"><span>N&uacute;mero de modelo del art&iacute;culo</span></th>\n<td class=\"a-size-base\"><span>OLED65CXPUA</span></td>\n</tr>\n<tr>\n<th class=\"a-color-secondary a-size-base prodDetSectionEntry\"><span>Tipo de altavoz</span></th>\n<td class=\"a-size-base\"><span>Incorporado</span></td>\n</tr>\n</tbody>\n</table>\n</div>\n<p>&nbsp;</p>','El televisor LG OLED CX redefine todo lo que ves. Una vez que hayas visto el televisor LG OLED, otros televisores palidecen en comparación. El OLED marca la diferencia en películas, programas, deportes y juegos. Desde el campo de juego hasta el trono de hierro, ningún detalle pasa desapercibido. Y solo los píxeles OLED emiten su propia luz para lograr un negro perfecto, colores intensos e imágenes impresionantes.'),
(24,24,'es','Samsung QN55Q80RAFXZA Plana QLED 4K de 55 pulgadas','<h1 style=\"text-align: center;\"><span style=\"vertical-align: inherit;\"><span style=\"vertical-align: inherit;\">Samsung QN55Q80RAFXZA Plana QLED 4K de 55 pulgadas</span></span></h1>\n<p><img src=\"/storage/media/Lrx91en1tw0LNjuteE3w4ktlRydLjgXxkyl437Eh.jpg\" loading=\"lazy\" /></p>\n<p>&nbsp;</p>\n<h3 class=\"aplus-p3\" style=\"text-align: center;\"><span style=\"vertical-align: inherit;\"><span style=\"vertical-align: inherit;\">Matriz completa directa 8X</span></span></h3>\n<h1 class=\"aplus-h1 a-text-bold\" style=\"text-align: center;\"><span style=\"vertical-align: inherit;\"><span style=\"vertical-align: inherit;\">La precisi&oacute;n hace la perfecci&oacute;n</span></span></h1>\n<p class=\"description aplus-p1\" style=\"text-align: center;\"><span style=\"vertical-align: inherit;\"><span style=\"vertical-align: inherit;\">Los LED controlados con precisi&oacute;n se ajustan de forma inteligente para ofrecer negros intensos y blancos n&iacute;tidos y brillantes.</span></span></p>\n<div class=\"a-section a-spacing-none column-heading\">\n<h1 class=\"aplus-h3 a-text-bold\" style=\"text-align: center;\"><span style=\"vertical-align: inherit;\"><span style=\"vertical-align: inherit;\">Volumen de color del 100 % con puntos cu&aacute;nticos*</span></span></h1>\n</div>\n<div class=\"a-section a-spacing-none column-description\">\n<p class=\"aplus-p3\" style=\"text-align: center;\"><span style=\"vertical-align: inherit;\"><span style=\"vertical-align: inherit;\">M&aacute;s de mil millones de tonos de colores brillantes, impulsados ​​por puntos cu&aacute;nticos, brindan nuestra imagen m&aacute;s realista.</span></span></p>\n<p class=\"aplus-p3\" style=\"text-align: center;\"><span class=\"a-text-italic\"><span style=\"vertical-align: inherit;\"><span style=\"vertical-align: inherit;\">*Los televisores QLED pueden producir un volumen de color del 100% en el espacio de color DCI-P3, el formato para la mayor&iacute;a de las pantallas de cine y pel&iacute;culas HDR para televisi&oacute;n.</span></span></span></p>\n<p class=\"aplus-p3\" style=\"text-align: center;\">&nbsp;</p>\n</div>\n<div class=\"a-section a-spacing-none column-heading\">\n<h1 class=\"aplus-h3 a-text-bold\" style=\"text-align: center;\"><span style=\"vertical-align: inherit;\"><span style=\"vertical-align: inherit;\">Modo ambiente</span></span></h1>\n</div>\n<div class=\"a-section a-spacing-none column-description\">\n<p class=\"aplus-p3\" style=\"text-align: center;\"><span style=\"vertical-align: inherit;\"><span style=\"vertical-align: inherit;\">Complementa tu espacio convirtiendo una pantalla en blanco en im&aacute;genes atractivas o noticias de un vistazo.*</span></span></p>\n<p class=\"aplus-p3\" style=\"text-align: center;\"><span class=\"a-text-italic\"><span style=\"vertical-align: inherit;\"><span style=\"vertical-align: inherit;\">*La precisi&oacute;n de la funci&oacute;n de fondo puede variar seg&uacute;n la ubicaci&oacute;n del televisor y depende de los dise&ntilde;os, patrones y/o colores de las paredes.</span></span></span></p>\n<p class=\"aplus-p3\" style=\"text-align: center;\"><span class=\"a-text-italic\"><span style=\"vertical-align: inherit;\"><span style=\"vertical-align: inherit;\">Se requiere la aplicaci&oacute;n SmartThings en un dispositivo m&oacute;vil (Android, iOS) para algunas funciones.</span></span></span></p>\n</div>\n<p><img src=\"/storage/media/tBAhDCDnH8vTU2IfqfZcfAmw9L0LZCzd6n21v1xt.jpeg\" alt=\"\" width=\"650\" loading=\"lazy\" /></p>\n<div class=\"a-section a-spacing-none column-description\">\n<p class=\"aplus-p3\"><img src=\"/storage/media/3Gb0PKB7LjN7n6TJ0rk6hY78Fnb5Tesm1wnx8lRn.jpg\" loading=\"lazy\" /></p>\n<div class=\"a-section a-spacing-none column-heading\">\n<h1 class=\"aplus-h3 a-text-bold\" style=\"text-align: center;\"><span style=\"vertical-align: inherit;\"><span style=\"vertical-align: inherit;\">Bixby en la televisi&oacute;n</span></span></h1>\n</div>\n<div class=\"a-section a-spacing-none column-description\">\n<p class=\"aplus-p3\" style=\"text-align: center;\"><span style=\"vertical-align: inherit;\"><span style=\"vertical-align: inherit;\">Controla tu TV s&oacute;lo con tu voz.*</span></span></p>\n<p class=\"aplus-p3\" style=\"text-align: center;\"><span class=\"a-text-italic\"><span style=\"vertical-align: inherit;\"><span style=\"vertical-align: inherit;\">*El comando de voz de Bixby reconoce ingl&eacute;s (EE. UU.), chino mandar&iacute;n y coreano. No se reconocen todos los acentos, dialectos y expresiones.</span></span></span></p>\n<p class=\"aplus-p3\" style=\"text-align: center;\"><span class=\"a-text-italic\"><span style=\"vertical-align: inherit;\"><span style=\"vertical-align: inherit;\">La lista de funciones que se pueden controlar mediante comandos de voz a trav&eacute;s de Bixby seguir&aacute; ampli&aacute;ndose.</span></span></span></p>\n<p class=\"aplus-p3\">&nbsp;</p>\n<p class=\"aplus-p3\"><span class=\"a-text-italic\"><img src=\"/storage/media/5pyHITOdidJmfGVoajrqy5lkR14JyMQDNrhKpNhK.jpeg\" alt=\"\" width=\"650\" loading=\"lazy\" /></span></p>\n</div>\n<p class=\"aplus-p3\">&nbsp;</p>\n<p class=\"aplus-p3\">&nbsp;</p>\n</div>\n<div class=\"a-section a-spacing-none column-heading\">\n<h1 class=\"aplus-h3 a-text-bold\" style=\"text-align: center;\"><span style=\"vertical-align: inherit;\"><span style=\"vertical-align: inherit;\">Smart TV con Gu&iacute;a Universal</span></span></h1>\n</div>\n<div class=\"a-section a-spacing-none column-description\" style=\"text-align: center;\">\n<p class=\"aplus-p3\"><span style=\"vertical-align: inherit;\"><span style=\"vertical-align: inherit;\">Nuestra sencilla gu&iacute;a en pantalla es una manera f&aacute;cil de encontrar contenido de transmisi&oacute;n y programas de TV en vivo.</span></span></p>\n</div>\n<p style=\"text-align: center;\">&nbsp;</p>\n<p><strong><span class=\"a-list-item\"><span style=\"vertical-align: inherit;\"><span style=\"vertical-align: inherit;\">Descripci&oacute;n:</span></span></span></strong></p>\n<ul class=\"a-unordered-list a-vertical a-spacing-none\">\n<li><span class=\"a-list-item\"><span style=\"vertical-align: inherit;\"><span style=\"vertical-align: inherit;\">VOLUMEN DE COLOR DEL 100 % CON PUNTOS CU&Aacute;NTICOS: Con tecnolog&iacute;a de puntos cu&aacute;nticos, el televisor QLED 4K de Samsung ofrece m&aacute;s de mil millones de tonos de color brillante y un volumen de color del 100 % para una profundidad de detalle excepcional que lo atraer&aacute; a la imagen para la mejor experiencia de TV 4K.</span></span></span></li>\n<li><span class=\"a-list-item\"><span style=\"vertical-align: inherit;\"><span style=\"vertical-align: inherit;\">RETROILUMINACI&Oacute;N DIRECTA DE MATRIZ COMPLETA 8X: Las zonas concentradas de LED controlados con precisi&oacute;n ajustan autom&aacute;ticamente el contraste entre blancos puros y negros ultra profundos, revelando detalles ocultos incluso en las escenas m&aacute;s oscuras</span></span></span></li>\n<li><span class=\"a-list-item\"><span style=\"vertical-align: inherit;\"><span style=\"vertical-align: inherit;\">PROCESADOR CU&Aacute;NTICO 4K: El procesador con potencia inteligente mejora instant&aacute;neamente el contenido a 4K para obtener detalles n&iacute;tidos y colores refinados; Tama&ntilde;o del soporte (An. x Al. x Pr.) 1 x 7 x 10,1 pulgadas</span></span></span></li>\n<li><span class=\"a-list-item\"><span style=\"vertical-align: inherit;\"><span style=\"vertical-align: inherit;\">QUANTUM HDR 12X: la profundidad de detalle 4K con alto rango din&aacute;mico impulsado por HDR10+ ofrece los colores m&aacute;s claros a los m&aacute;s oscuros, escena por escena, para un realismo de imagen asombroso</span></span></span></li>\n<li><span class=\"a-list-item\"><span style=\"vertical-align: inherit;\"><span style=\"vertical-align: inherit;\">&Aacute;NGULO DE VISI&Oacute;N ULTRA: Dise&ntilde;ado para reducir el deslumbramiento y mejorar el color incluso en habitaciones luminosas, el &aacute;ngulo de visi&oacute;n ultra proporciona una imagen vibrante sin importar d&oacute;nde se siente alrededor de este televisor de pantalla grande.</span></span></span></li>\n</ul>\n<p>&nbsp;</p>\n<p><strong><span style=\"vertical-align: inherit;\"><span style=\"vertical-align: inherit;\">Informaci&oacute;n del producto:</span></span></strong></p>\n<p>&nbsp;</p>\n<table id=\"productDetails_techSpec_section_1\" class=\"a-keyvalue prodDetTable\" role=\"presentation\">\n<tbody>\n<tr>\n<th class=\"a-color-secondary a-size-base prodDetSectionEntry\" style=\"text-align: left;\"><span style=\"vertical-align: inherit;\"><span style=\"vertical-align: inherit;\">Nombre de marca</span></span></th>\n<td class=\"a-size-base\" style=\"text-align: right;\"><span style=\"vertical-align: inherit;\"><span style=\"vertical-align: inherit;\">Samsung</span></span></td>\n</tr>\n<tr>\n<th class=\"a-color-secondary a-size-base prodDetSectionEntry\" style=\"text-align: left;\"><span style=\"vertical-align: inherit;\"><span style=\"vertical-align: inherit;\">Peso del art&iacute;culo</span></span></th>\n<td class=\"a-size-base\" style=\"text-align: right;\"><span style=\"vertical-align: inherit;\"><span style=\"vertical-align: inherit;\">42,1 libras</span></span></td>\n</tr>\n<tr>\n<th class=\"a-color-secondary a-size-base prodDetSectionEntry\" style=\"text-align: left;\"><span style=\"vertical-align: inherit;\"><span style=\"vertical-align: inherit;\">Dimensiones del producto</span></span></th>\n<td class=\"a-size-base\" style=\"text-align: right;\"><span style=\"vertical-align: inherit;\"><span style=\"vertical-align: inherit;\">2,4 x 48,4 x 27,9 pulgadas</span></span></td>\n</tr>\n<tr>\n<th class=\"a-color-secondary a-size-base prodDetSectionEntry\" style=\"text-align: left;\"><span style=\"vertical-align: inherit;\"><span style=\"vertical-align: inherit;\">Residentes de California</span></span></th>\n<td class=\"a-size-base\" style=\"text-align: right;\"><a href=\"https://www.amazon.com/gp/help/customer/display.html/ref=dp_prop65_warn?ie=UTF8&amp;nodeId=3234041\"><span style=\"vertical-align: inherit;\"><span style=\"vertical-align: inherit;\">Haga clic aqu&iacute;</span></span></a><span style=\"vertical-align: inherit;\"><span style=\"vertical-align: inherit;\"> &nbsp;para ver la advertencia sobre la Proposici&oacute;n 65</span></span></td>\n</tr>\n<tr>\n<th class=\"a-color-secondary a-size-base prodDetSectionEntry\" style=\"text-align: left;\"><span style=\"vertical-align: inherit;\"><span style=\"vertical-align: inherit;\">N&uacute;mero de modelo del art&iacute;culo</span></span></th>\n<td class=\"a-size-base\" style=\"text-align: right;\"><span style=\"vertical-align: inherit;\"><span style=\"vertical-align: inherit;\">QN55Q80RAFXZA</span></span></td>\n</tr>\n<tr>\n<th class=\"a-color-secondary a-size-base prodDetSectionEntry\" style=\"text-align: left;\"><span style=\"vertical-align: inherit;\"><span style=\"vertical-align: inherit;\">Descatalogado por el fabricante</span></span></th>\n<td class=\"a-size-base\" style=\"text-align: right;\"><span style=\"vertical-align: inherit;\"><span style=\"vertical-align: inherit;\">S&iacute;</span></span></td>\n</tr>\n<tr>\n<th class=\"a-color-secondary a-size-base prodDetSectionEntry\" style=\"text-align: left;\"><span style=\"vertical-align: inherit;\"><span style=\"vertical-align: inherit;\">Nombre del color</span></span></th>\n<td class=\"a-size-base\" style=\"text-align: right;\"><span style=\"vertical-align: inherit;\"><span style=\"vertical-align: inherit;\">Plata</span></span></td>\n</tr>\n<tr>\n<th class=\"a-color-secondary a-size-base prodDetSectionEntry\" style=\"text-align: left;\"><span style=\"vertical-align: inherit;\"><span style=\"vertical-align: inherit;\">Tipo de altavoz</span></span></th>\n<td class=\"a-size-base\" style=\"text-align: right;\"><span style=\"vertical-align: inherit;\"><span style=\"vertical-align: inherit;\">4.1 canales</span></span></td>\n</tr>\n</tbody>\n</table>','VOLUMEN DE COLOR DEL 100 % CON PUNTOS CUÁNTICOS: Con tecnología de puntos cuánticos, el televisor QLED 4K de Samsung ofrece más de mil millones de tonos de color brillante y un volumen de color del 100 % para una profundidad de detalle excepcional que lo atraerá a la imagen para la mejor experiencia de TV 4K.'),
(25,25,'es','Cinturones de cuero de moda para hombre WILLIAMPOLO con hebilla sólida','<h1 style=\"text-align: center;\">WILLIAMPOLO Fashion Men Leather Belts</h1>\n<p><img src=\"/storage/media/Hz8PBCqwrEvCIpdqGiPAViORnvq1ROFPFCQ3PIYZ.webp\" loading=\"lazy\" /></p>\n<p><img src=\"/storage/media/jFcya2USFJ9EicfGbn8JdTzXN0WXJG8Olszl9Kgo.webp\" loading=\"lazy\" /></p>\n<p><img src=\"/storage/media/RY8FhNfdvJfYnegktGv8FRJjv09k1Hmw8xKzYtBf.webp\" alt=\"\" width=\"967\" loading=\"lazy\" /></p>\n<p><img src=\"/storage/media/wKZEDU8D3RW7OYvQcejzFntQaE5Vu2NTUbzEzWpb.webp\" loading=\"lazy\" /></p>\n<p><img src=\"/storage/media/atBPIcKbGFnsAU8DYu9Jg4oLzuAGxV67ggR0Mpl0.webp\" alt=\"\" width=\"967\" loading=\"lazy\" /></p>\n<p>&nbsp;</p>\n<h3><img src=\"/storage/media/3lacOxdRh9RDpgiVvshOnjVyha2OmAyNl7ItunAH.webp\" loading=\"lazy\" /></h3>\n<h4><img src=\"/storage/media/QUuFlAMXpgzrtiy5Do20E47pv3kvbRrtwdRdAW1e.webp\" loading=\"lazy\" /></h4>\n<h4>Product Details:</h4>\n<ul class=\"product-specs-list util-clearfix\">\n<li class=\"product-prop line-limit-length\"><span class=\"property-title\">Brand Name:&nbsp;</span><span class=\"property-desc line-limit-length\" title=\"WILLIAMPOLO\">WILLIAMPOLO</span></li>\n<li class=\"product-prop line-limit-length\"><span class=\"property-title\">Belts Material:&nbsp;</span><span class=\"property-desc line-limit-length\" title=\"Cowskin\">Cowskin</span></li>\n<li class=\"product-prop line-limit-length\"><span class=\"property-title\">Gender:&nbsp;</span><span class=\"property-desc line-limit-length\" title=\"MEN\">MEN</span></li>\n<li class=\"product-prop line-limit-length\"><span class=\"property-title\">Department Name:&nbsp;</span><span class=\"property-desc line-limit-length\" title=\"Adult\">Adult</span></li>\n<li class=\"product-prop line-limit-length\"><span class=\"property-title\">Model Number:&nbsp;</span><span class=\"property-desc line-limit-length\" title=\"WILLIAMPOLO-18221-223\">WILLIAMPOLO-18221-223</span></li>\n<li class=\"product-prop line-limit-length\"><span class=\"property-title\">Pattern Type:&nbsp;</span><span class=\"property-desc line-limit-length\" title=\"Solid\">Solid</span></li>\n<li class=\"product-prop line-limit-length\"><span class=\"property-title\">Item Type:&nbsp;</span><span class=\"property-desc line-limit-length\" title=\"Belts\">Belts</span></li>\n<li class=\"product-prop line-limit-length\"><span class=\"property-title\">Belt Width:&nbsp;</span><span class=\"property-desc line-limit-length\" title=\"3.5cm\">3.5cm</span></li>\n<li class=\"product-prop line-limit-length\"><span class=\"property-title\">Buckle Length:&nbsp;</span><span class=\"property-desc line-limit-length\" title=\"7cm\">7cm</span></li>\n<li class=\"product-prop line-limit-length\"><span class=\"property-title\">Style:&nbsp;</span><span class=\"property-desc line-limit-length\" title=\"Fashion\">Fashion</span></li>\n<li class=\"product-prop line-limit-length\"><span class=\"property-title\">Buckle Width:&nbsp;</span><span class=\"property-desc line-limit-length\" title=\"4cm\">4cm</span></li>\n<li class=\"product-prop line-limit-length\"><span class=\"property-title\">feature:&nbsp;</span><span class=\"property-desc line-limit-length\" title=\"strap male genuine leather\">strap male genuine leather</span></li>\n<li class=\"product-prop line-limit-length\"><span class=\"property-title\">feature 1:&nbsp;</span><span class=\"property-desc line-limit-length\" title=\"belt luxury men belts for dresses\">belt luxury men belts for dresses</span></li>\n<li class=\"product-prop line-limit-length\"><span class=\"property-title\">feature 2:&nbsp;</span><span class=\"property-desc line-limit-length\" title=\"luxury brand mens belt\">luxury brand mens belt</span></li>\n<li class=\"product-prop line-limit-length\"><span class=\"property-title\">feature 3:&nbsp;</span><span class=\"property-desc line-limit-length\" title=\"fashion man 2019 leather belt\">fashion man 2019 leather belt</span></li>\n<li class=\"product-prop line-limit-length\"><span class=\"property-title\">feature 4:&nbsp;</span><span class=\"property-desc line-limit-length\" title=\"belt buckles for men\">belt buckles for men</span></li>\n<li class=\"product-prop line-limit-length\"><span class=\"property-title\">feature 5:&nbsp;</span><span class=\"property-desc line-limit-length\" title=\"Fashion Automatic head designer belt\">Fashion Automatic head designer belt</span></li>\n<li class=\"product-prop line-limit-length\"><span class=\"property-title\">feature 6:&nbsp;</span><span class=\"property-desc line-limit-length\" title=\"Automatic Buckle strap male genuine leather\">Automatic Buckle strap male genuine leather</span></li>\n<li class=\"product-prop line-limit-length\"><span class=\"property-title\">feature 7:&nbsp;</span><span class=\"property-desc line-limit-length\" title=\"designer belts men high quality\">designer belts men high quality</span></li>\n<li class=\"product-prop line-limit-length\"><span class=\"property-title\">style:&nbsp;</span><span class=\"property-desc line-limit-length\" title=\"Business/fashion\">Business/fashion</span></li>\n<li class=\"product-prop line-limit-length\"><span class=\"property-title\">style 1:&nbsp;</span><span class=\"property-desc line-limit-length\" title=\"men belts genuine leather luxury\">men belts genuine leather luxury</span></li>\n<li class=\"product-prop line-limit-length\" data-spm-anchor-id=\"a2g0o.detail.0.i9.ea8b66a1sGcujA\"><span class=\"property-title\">style 2:&nbsp;</span><span class=\"property-desc line-limit-length\" title=\"belts for male luxury designer brand\">belts for male luxury designer brand</span></li>\n</ul>\n<p>&nbsp;</p>','Marca: WILLIAMPOLO \nMaterial del cinturón: Piel de vaca \nGénero: HOMBRES \nClase: Adulto'),
(26,26,'es','Chaqueta impermeable para hombre para acampar al aire libre y esquiar','<div id=\"PicturePanel\" class=\"pp-c\">\n<h1 align=\"center\"><strong>Men\'s Winter Hooded Windproof Solid Long Sleeve Soft Coat Shell Jacket</strong></h1>\n<p align=\"center\">&nbsp;</p>\n<p align=\"center\">Please check the&nbsp;Size Chart&nbsp;before order. If you are not sure the size, please send message to us.</p>\n</div>\n<p align=\"center\"><img src=\"/storage/media/R07bNrPjKrPAREhv1jXO2hbLeG7RQwEhmAunr4LU.jpg\" loading=\"lazy\" /></p>\n<h2 align=\"left\"><img src=\"/storage/media/0grz5fQEhEYaFul5sA9rFsYhKhhQqviKvYV1FPIW.jpg\" loading=\"lazy\" /></h2>\n<p><span class=\"a-list-item\"><img src=\"/storage/media/ZsgmBeeg0zmDCYF81iUrquVexs2sZUu41x1orJ4k.jpeg\" alt=\"\" width=\"1024\" loading=\"lazy\" /></span></p>\n<p><img src=\"/storage/media/SqLNDtJyaI6vgWgIfU2aB5J1Hi800wq37OzbYXEs.jpg\" loading=\"lazy\" /></p>\n<p><span class=\"a-list-item\"><img src=\"/storage/media/XYsU0i0HGtpkPfSaFDDpb5i1bl4VCtPNAZK5Zrg9.jpeg\" alt=\"\" width=\"1024\" loading=\"lazy\" /></span></p>\n<p><img src=\"/storage/media/SHHxrZ7LpOVsU72rdD6hUpgqyfPekaEEf7bQPoLP.jpg\" loading=\"lazy\" /></p>\n<p><span class=\"a-list-item\"><img src=\"/storage/media/crFNW8CtCp3y3lRYwxj4pal1dFJ5uBkSfMW2aSnh.jpeg\" alt=\"\" width=\"1024\" loading=\"lazy\" /></span></p>\n<p><img src=\"/storage/media/2l8ww5IgvfqElW4lfKPytc2U0dOu1IMtTICPE3jS.jpg\" loading=\"lazy\" /></p>\n<p><span class=\"a-list-item\"><img src=\"/storage/media/S78AKGDnEkjCaiY6YdcufFO2fSA3tE9l1iZ8u189.jpeg\" alt=\"\" loading=\"lazy\" /></span></p>\n<p><img src=\"/storage/media/peQcCcJsVnXSlFGzkXRn5QmWlJ0nozCBUKlT8BnU.jpg\" loading=\"lazy\" /></p>\n<p><span class=\"a-list-item\"><img src=\"/storage/media/l8SDDnoxs7a8JyyOfoD5GIflzAeY1xXi2uhQg5oS.jpeg\" alt=\"\" width=\"1024\" loading=\"lazy\" /></span></p>\n<p>&nbsp;</p>\n<p><span class=\"a-list-item\"><img src=\"/storage/media/BCkBIYoMwKF1kPTr8tUFdYYAz5uuumx5ZKgVevtf.jpeg\" alt=\"\" width=\"1000\" loading=\"lazy\" /></span></p>\n<p>&nbsp;</p>\n<h2 align=\"left\"><span class=\"a-list-item\">Features:</span></h2>\n<p align=\"left\"><span class=\"a-list-item\">1.It is made of high quality materials,durable enought for your daily wearing</span></p>\n<p align=\"left\"><span class=\"a-list-item\">2.Stylish and fashion design make you more attractive,It contains elements of national style</span></p>\n<p align=\"left\"><span class=\"a-list-item\">3.Perfect Match with your favorite shorts,leggings, black slacks, denim jeans, etc</span></p>\n<p align=\"left\"><span class=\"a-list-item\">4.Great for Daily,Casual,I am sure you will like it!</span></p>\n<p align=\"left\"><span class=\"a-list-item\">5.100% Brand new and high quality.</span></p>\n<h2 align=\"left\">&nbsp;</h2>\n<h2 align=\"left\">Product information:</h2>\n<p align=\"left\">Season:Autumn,Winter</p>\n<p align=\"left\">Gender:Men</p>\n<p align=\"left\">Sport Type:Camping Hiking</p>\n<p align=\"left\">Occasion:Daily,Casual</p>\n<p align=\"left\">Material:Polyester</p>\n<p align=\"left\">Outerwear Type:Jackets</p>\n<p align=\"left\">Feature:Waterproof</p>\n<p align=\"left\">Material Technology:Gore-Tex</p>\n<p align=\"left\">Sleeve length:Long Sleeve</p>\n<p align=\"left\">collar:Hooded</p>\n<p align=\"left\">Fit:Fits ture to size</p>\n<p align=\"left\">Thickness:Standard</p>\n<p align=\"left\">How to wash:Hand wash Cold,Hang or Line Dry</p>\n<p data-spm-anchor-id=\"a2g0o.detail.1000023.i2.5680632aimCteZ\">What you get:1 PC Men Coat</p>\n<p data-spm-anchor-id=\"a2g0o.detail.1000023.i2.5680632aimCteZ\">&nbsp;</p>\n<p data-spm-anchor-id=\"a2g0o.detail.1000023.i2.5680632aimCteZ\">&nbsp;</p>\n<h2 data-spm-anchor-id=\"a2g0o.detail.1000023.i2.5680632aimCteZ\">Specifications:</h2>\n<ul class=\"product-specs-list util-clearfix\">\n<li class=\"product-prop line-limit-length\"><span class=\"property-title\">Brand Name:&nbsp;</span><span class=\"property-desc line-limit-length\" title=\"KLV\">KLV</span></li>\n<li class=\"product-prop line-limit-length\"><span class=\"property-title\">Gender:&nbsp;</span><span class=\"property-desc line-limit-length\" title=\"MEN\">MEN</span></li>\n<li class=\"product-prop line-limit-length\"><span class=\"property-title\">Material:&nbsp;</span><span class=\"property-desc line-limit-length\" title=\"Polyester\">Polyester</span></li>\n<li class=\"product-prop line-limit-length\"><span class=\"property-title\">Fit:&nbsp;</span><span class=\"property-desc line-limit-length\" title=\"Fits true to size, take your normal size\">Fits true to size, take your normal size</span></li>\n<li class=\"product-prop line-limit-length\"><span class=\"property-title\">Collar:&nbsp;</span><span class=\"property-desc line-limit-length\" title=\"Turn-down Collar\">Turn-down Collar</span></li>\n<li class=\"product-prop line-limit-length\"><span class=\"property-title\">Feature:&nbsp;</span><span class=\"property-desc line-limit-length\" title=\"Waterproof\">Waterproof</span></li>\n<li class=\"product-prop line-limit-length\"><span class=\"property-title\">Feature:&nbsp;</span><span class=\"property-desc line-limit-length\" title=\"Windproof\">Windproof</span></li>\n<li class=\"product-prop line-limit-length\" data-spm-anchor-id=\"a2g0o.detail.0.i9.5680632aimCteZ\"><span class=\"property-title\">Model Number:&nbsp;</span><span class=\"property-desc line-limit-length\" title=\"X93\">X93</span></li>\n</ul>','Características: 1. Está hecho de materiales de alta calidad, lo suficientemente duraderos para su uso diario 2. El diseño elegante y de moda te hace más atractivo, contiene elementos de estilo nacional 3. Combina perfectamente con tus pantalones cortos favoritos, leggings, pantalones negros, jeans de mezclilla, etc. 4. Ideal para uso diario, informal, ¡estoy seguro de que te gustará! 5.100% nuevo y de alta calidad.'),
(27,27,'es','Zapatillas NIKE AIR MAX 270 para padre e hijo originales','<h1 style=\"text-align: center;\">NIKE AIR MAX 270 Parent-child Shoes Original</h1>\n<p><img src=\"/storage/media/fSYgHrloUKeArQknlbcBG9JWnYafbZDUsA7IJkld.webp\" loading=\"lazy\" /></p>\n<p><img src=\"/storage/media/wXwFumuJQdKli3082r2Q1TpZsx9mSOE1rsv7MkVP.webp\" alt=\"\" width=\"800\" loading=\"lazy\" /></p>\n<p><img src=\"/storage/media/J4AAfoRhnum2g3fZHvDoLam4WJ7dCQk1iUDnCTP2.webp\" loading=\"lazy\" /></p>\n<p><img src=\"/storage/media/235wgGXN54ZrCKgybOu1RUhof8Af5aY6ZrZedLoc.webp\" alt=\"\" width=\"800\" loading=\"lazy\" /></p>\n<p>&nbsp;</p>\n<p><img src=\"/storage/media/Io9Ttk7d3zUQRK0mgOUssSk4PIBWOTnn9FxZaF8Z.webp\" alt=\"\" width=\"800\" loading=\"lazy\" /></p>\n<p><img src=\"/storage/media/9m0iJnSt1oW175Wkp96gFsxkHir5DGpNNPSmKetI.webp\" loading=\"lazy\" /></p>\n<h4><img src=\"/storage/media/43vrtXbPGuyuI1rECUPkGXLrVhgf3GsqhCLjQiAg.jpg\" loading=\"lazy\" /></h4>\n<h4>Product Description:</h4>\n<ul class=\"product-specs-list util-clearfix\">\n<li class=\"product-prop line-limit-length\"><span class=\"property-title\">Brand Name:&nbsp;</span><span class=\"property-desc line-limit-length\" title=\"Nike\">Nike</span></li>\n<li class=\"product-prop line-limit-length\"><span class=\"property-title\">Outsole Material:&nbsp;</span><span class=\"property-desc line-limit-length\" title=\"Rubber\">Rubber</span></li>\n<li class=\"product-prop line-limit-length\"><span class=\"property-title\">Insole Material:&nbsp;</span><span class=\"property-desc line-limit-length\" title=\"Rubber\">Rubber</span></li>\n<li class=\"product-prop line-limit-length\"><span class=\"property-title\">Fit:&nbsp;</span><span class=\"property-desc line-limit-length\" title=\"Fits true to size, take your normal size\">Fits true to size, take your normal size</span></li>\n<li class=\"product-prop line-limit-length\"><span class=\"property-title\">Upper Material:&nbsp;</span><span class=\"property-desc line-limit-length\" title=\"Mesh (Air mesh)\">Mesh (Air mesh)</span></li>\n<li class=\"product-prop line-limit-length\"><span class=\"property-title\">Closure Type:&nbsp;</span><span class=\"property-desc line-limit-length\" title=\"Lace-Up\">Lace-Up</span></li>\n<li class=\"product-prop line-limit-length\"><span class=\"property-title\">Pattern Type:&nbsp;</span><span class=\"property-desc line-limit-length\" title=\"Solid\">Solid</span></li>\n<li class=\"product-prop line-limit-length\"><span class=\"property-title\">Season:&nbsp;</span><span class=\"property-desc line-limit-length\" title=\"All season\">All season</span></li>\n<li class=\"product-prop line-limit-length\"><span class=\"property-title\">Feature:&nbsp;</span><span class=\"property-desc line-limit-length\" title=\"Breathable\">Breathable</span></li>\n<li class=\"product-prop line-limit-length\"><span class=\"property-title\">Lining Material:&nbsp;</span><span class=\"property-desc line-limit-length\" title=\"Synthetic\">Synthetic</span></li>\n<li class=\"product-prop line-limit-length\"><span class=\"property-title\">Gender:&nbsp;</span><span class=\"property-desc line-limit-length\" title=\"Unisex\">Unisex</span></li>\n<li class=\"product-prop line-limit-length\" data-spm-anchor-id=\"a2g0o.detail.0.i11.55833eabDKX37C\"><span class=\"property-title\">Age Range:&nbsp;</span><span class=\"property-desc line-limit-length\" title=\"Adult and Children\">Adult and Children</span></li>\n</ul>','Marca: Nike Material de la suela: Caucho Material de la plantilla: Caucho Ajuste: Se ajusta al tamaño real, elija su talla normal Material superior: Malla (malla Air)'),
(28,28,'es','Camisa de hombre de algodón de marca de talla grande 5XL, ropa para hombre, camisa lisa y suave','<h1 style=\"text-align: center;\">5XL Plus Size Mens Clothing Solid Soft Men Shirt</h1>\n<p>&nbsp;</p>\n<p>&nbsp;</p>\n<p><img src=\"/storage/media/UfdhhWqfD0ezOWNGLd4cFu5srxIYJg2SRc0gzMXK.jpg\" loading=\"lazy\" /></p>\n<h3><strong><img src=\"/storage/media/PXJmBdw8KExRxQQVTxbJwlgFTlxI8H6kLoc61oi9.jpg\" loading=\"lazy\" /></strong></h3>\n<h3><strong><img src=\"/storage/media/KqQeifdM6dyeGxzfc4iabmTUIVhHVOrtbuuy9rNp.webp\" loading=\"lazy\" /></strong></h3>\n<h3><strong><img src=\"/storage/media/UQ47HMtg8AVQ01rejeOnBoUZeguwFBPxKxYDHmQX.webp\" loading=\"lazy\" /></strong></h3>\n<h3><strong>Specifications:</strong></h3>\n<ul class=\"product-specs-list util-clearfix\">\n<li class=\"product-prop line-limit-length\"><span class=\"property-title\">Gender:&nbsp;</span><span class=\"property-desc line-limit-length\" title=\"MEN\">MEN</span></li>\n<li class=\"product-prop line-limit-length\"><span class=\"property-title\">Item Type:&nbsp;</span><span class=\"property-desc line-limit-length\" title=\"Shirts\">Shirts</span></li>\n<li class=\"product-prop line-limit-length\"><span class=\"property-title\">Shirts Type:&nbsp;</span><span class=\"property-desc line-limit-length\" title=\"Tuxedo Shirts\">Tuxedo Shirts</span></li>\n<li class=\"product-prop line-limit-length\"><span class=\"property-title\">Material:&nbsp;</span><span class=\"property-desc line-limit-length\" title=\"COTTON\">COTTON</span></li>\n<li class=\"product-prop line-limit-length\"><span class=\"property-title\">Material:&nbsp;</span><span class=\"property-desc line-limit-length\" title=\"Polyester\">Polyester</span></li>\n<li class=\"product-prop line-limit-length\"><span class=\"property-title\">Sleeve Length(cm):&nbsp;</span><span class=\"property-desc line-limit-length\" title=\"Full\">Full</span></li>\n<li class=\"product-prop line-limit-length\"><span class=\"property-title\">Collar:&nbsp;</span><span class=\"property-desc line-limit-length\" title=\"MANDARIN COLLAR\">MANDARIN COLLAR</span></li>\n<li class=\"product-prop line-limit-length\"><span class=\"property-title\">Style:&nbsp;</span><span class=\"property-desc line-limit-length\" title=\"Casual\">Casual</span></li>\n<li class=\"product-prop line-limit-length\"><span class=\"property-title\">Fabric Type:&nbsp;</span><span class=\"property-desc line-limit-length\" title=\"Broadcloth\">Broadcloth</span></li>\n<li class=\"product-prop line-limit-length\"><span class=\"property-title\">Model Number:&nbsp;</span><span class=\"property-desc line-limit-length\" title=\"M-5XL\">M-5XL</span></li>\n<li class=\"product-prop line-limit-length\"><span class=\"property-title\">Sleeve Style:&nbsp;</span><span class=\"property-desc line-limit-length\" title=\"REGULAR\">REGULAR</span></li>\n<li class=\"product-prop line-limit-length\"><span class=\"property-title\">Pattern Type:&nbsp;</span><span class=\"property-desc line-limit-length\" title=\"Plaid\">Plaid</span></li>\n<li class=\"product-prop line-limit-length\"><span class=\"property-title\">Closure Type:&nbsp;</span><span class=\"property-desc line-limit-length\" title=\"Single Breasted\">Single Breasted</span></li>\n<li class=\"product-prop line-limit-length\"><span class=\"property-title\">Brand Name:&nbsp;</span><span class=\"property-desc line-limit-length\" title=\"CW\">CW</span></li>\n<li class=\"product-prop line-limit-length\"><span class=\"property-title\">pointy collar (routine):&nbsp;</span><span class=\"property-desc line-limit-length\" title=\"Collar type:\">Collar type:</span></li>\n<li class=\"product-prop line-limit-length\"><span class=\"property-title\">long sleeve:&nbsp;</span><span class=\"property-desc line-limit-length\" title=\"Sleeve length:\">Sleeve length:</span></li>\n<li class=\"product-prop line-limit-length\"><span class=\"property-title\">gender:&nbsp;</span><span class=\"property-desc line-limit-length\" title=\"Men\">Men</span></li>\n<li class=\"product-prop line-limit-length\"><span class=\"property-title\">four seasons.:&nbsp;</span><span class=\"property-desc line-limit-length\" title=\"Applicable season:\">Applicable season:</span></li>\n<li class=\"product-prop line-limit-length\"><span class=\"property-title\">item type:&nbsp;</span><span class=\"property-desc line-limit-length\" title=\"Shirts\">Shirts</span></li>\n<li class=\"product-prop line-limit-length\" data-spm-anchor-id=\"a2g0o.detail.0.i11.1b7570bb7aRaXK\"><span class=\"property-title\">youth is popular.:&nbsp;</span><span class=\"property-desc line-limit-length\" title=\"Basic style:\">Basic style:</span></li>\n</ul>','Género: HOMBRES Tipo de artículo: Camisas Tipo de camisas: Camisas de esmoquin Material: ALGODÓN Material: Poliéster Largo de manga (cm): Completo Cuello: CUELLO MANDARÍN'),
(29,29,'es','Polo informal con bordado de ciervo para hombre','<h1 style=\"text-align: center;\"><span style=\"vertical-align: inherit;\"><span style=\"vertical-align: inherit;\">&nbsp;Polo informal con bordado de ciervo para hombre&nbsp;</span></span></h1>\n<p><img src=\"/storage/media/ou0k1DFRFR5J8eC80xSleGpjFvfHmC9BqVvcDMfi.jpg\" loading=\"lazy\" /></p>\n<p><img src=\"/storage/media/nZtb7MihegJ8XW2BWCB5EsT6kQokSYgUqNQBB22o.jpeg\" alt=\"\" width=\"800\" loading=\"lazy\" /></p>\n<p><img src=\"/storage/media/xFskMbOcBaQjPkHsOAc9VNzoEsc52zYKFZVocsmV.jpg\" loading=\"lazy\" /></p>\n<p><img src=\"/storage/media/KTQEO56oR2DwlJ3Hitj5SLWiet4F3IBOvlTCOEwq.jpeg\" alt=\"\" width=\"800\" loading=\"lazy\" /></p>\n<p><img src=\"/storage/media/caZguG3X0wiVzBZoncpjLoH7MccE3LmL0ouRewgY.jpg\" loading=\"lazy\" /></p>\n<p><img src=\"/storage/media/B3WKUOZELwOj7g5dy5zuLZRsLMBZoQ7T9rvZJBB8.jpeg\" alt=\"\" width=\"800\" loading=\"lazy\" /></p>\n<p><img src=\"/storage/media/jxxcQT9BI62njL3mthasaxULPJtFkyzU3iJF3ppq.jpg\" loading=\"lazy\" /></p>\n<p><img src=\"/storage/media/jkzSNzoo0M8LaZCY1DsT4aieaDQy5DVebWPTlC2F.jpeg\" alt=\"\" width=\"800\" loading=\"lazy\" /></p>\n<p>&nbsp;</p>\n<p><img src=\"/storage/media/xe7bBFoRqskqPJK0pKRBaGC6WEeyDgcbAqPCQhOi.jpeg\" alt=\"\" width=\"800\" loading=\"lazy\" /></p>\n<p>&nbsp;</p>\n<p><img src=\"/storage/media/gvGtOZSGuahayloLrm7zAp40p0JAKHWC2LA6bXzr.jpeg\" alt=\"\" width=\"900\" loading=\"lazy\" /></p>\n<p>&nbsp;</p>\n<p><img src=\"/storage/media/RSVPZE39bRdMHLY5ZmSFvWOJAGIPEJIhR7Jcvnz8.jpeg\" alt=\"\" width=\"900\" loading=\"lazy\" /></p>\n<p>&nbsp;</p>\n<h3>&nbsp;</h3>\n<h3><span style=\"vertical-align: inherit;\"><span style=\"vertical-align: inherit;\">Presupuesto:</span></span></h3>\n<p>&nbsp;</p>\n<ul class=\"product-specs-list util-clearfix\">\n<li class=\"product-prop line-limit-length\"><span class=\"property-title\"><span style=\"vertical-align: inherit;\"><span style=\"vertical-align: inherit;\">Largo de manga (cm):&nbsp; </span></span></span><span class=\"property-desc line-limit-length\" title=\"Corto\"><span style=\"vertical-align: inherit;\"><span style=\"vertical-align: inherit;\">corto</span></span></span></li>\n<li class=\"product-prop line-limit-length\"><span class=\"property-title\"><span style=\"vertical-align: inherit;\"><span style=\"vertical-align: inherit;\">Estilo:&nbsp; </span></span></span><span class=\"property-desc line-limit-length\" title=\"Casual\"><span style=\"vertical-align: inherit;\"><span style=\"vertical-align: inherit;\">Casual</span></span></span></li>\n<li class=\"product-prop line-limit-length\"><span class=\"property-title\"><span style=\"vertical-align: inherit;\"><span style=\"vertical-align: inherit;\">Tipo:&nbsp; </span></span></span><span class=\"property-desc line-limit-length\" title=\"Delgado\"><span style=\"vertical-align: inherit;\"><span style=\"vertical-align: inherit;\">Delgado</span></span></span></li>\n<li class=\"product-prop line-limit-length\"><span class=\"property-title\"><span style=\"vertical-align: inherit;\"><span style=\"vertical-align: inherit;\">Decoraci&oacute;n:&nbsp; </span></span></span><span class=\"property-desc line-limit-length\" title=\"Bordado\"><span style=\"vertical-align: inherit;\"><span style=\"vertical-align: inherit;\">Bordado</span></span></span></li>\n<li class=\"product-prop line-limit-length\"><span class=\"property-title\"><span style=\"vertical-align: inherit;\"><span style=\"vertical-align: inherit;\">Tipo de patr&oacute;n:&nbsp; </span></span></span><span class=\"property-desc line-limit-length\" title=\"S&oacute;lido\"><span style=\"vertical-align: inherit;\"><span style=\"vertical-align: inherit;\">s&oacute;lido</span></span></span></li>\n<li class=\"product-prop line-limit-length\"><span class=\"property-title\"><span style=\"vertical-align: inherit;\"><span style=\"vertical-align: inherit;\">Material:&nbsp; </span></span></span><span class=\"property-desc line-limit-length\" title=\"Poli&eacute;ster\"><span style=\"vertical-align: inherit;\"><span style=\"vertical-align: inherit;\">poli&eacute;ster</span></span></span></li>\n<li class=\"product-prop line-limit-length\"><span class=\"property-title\"><span style=\"vertical-align: inherit;\"><span style=\"vertical-align: inherit;\">Caracter&iacute;stica:&nbsp; </span></span></span><span class=\"property-desc line-limit-length\" title=\"Secado r&aacute;pido\"><span style=\"vertical-align: inherit;\"><span style=\"vertical-align: inherit;\">Secado r&aacute;pido</span></span></span></li>\n<li class=\"product-prop line-limit-length\" data-spm-anchor-id=\"a2g0o.detail.0.i10.1411b109tgi0Bp\"><span class=\"property-title\"><span style=\"vertical-align: inherit;\"><span style=\"vertical-align: inherit;\">Estilo de color:&nbsp; </span></span></span><span class=\"property-desc line-limit-length\" title=\"S&oacute;lido\"><span style=\"vertical-align: inherit;\"><span style=\"vertical-align: inherit;\">S&oacute;lido</span></span></span></li>\n</ul>','Largo de manga (cm): corto\nEstilo: informal\nTipo: ajustado\nDecoración: bordado\nTipo de estampado: liso'),
(30,30,'es','Camisa Masculina de Manga Larga Camisa de Hombre Camisa Elegante para Club Público','<h1 style=\"text-align: center;\"><span style=\"vertical-align: inherit;\"><span style=\"vertical-align: inherit;\">Masculina Chemise Hombres Club P&uacute;blico Camisa de lujo</span></span></h1>\n<p><img src=\"/storage/media/Uw4UyjY2lKe0OC5JfRD1LkdwqJ8JN0kxOmkTApqU.jpg\" loading=\"lazy\" /></p>\n<h4>&nbsp;</h4>\n<h4>&nbsp;</h4>\n<h4><strong><span style=\"vertical-align: inherit;\"><span style=\"vertical-align: inherit;\"><img src=\"/storage/media/49HBMuPwgS1u5F5V7eQmxnRXBS5Ju5zi5bYGUyiN.jpg\" loading=\"lazy\" /></span></span></strong></h4>\n<h4><strong><span style=\"vertical-align: inherit;\"><span style=\"vertical-align: inherit;\">Presupuesto:</span></span></strong></h4>\n<ul class=\"product-specs-list util-clearfix\">\n<li class=\"product-prop line-limit-length\"><span class=\"property-title\"><span style=\"vertical-align: inherit;\"><span style=\"vertical-align: inherit;\">Tipo de camisas:&nbsp; </span></span></span><span class=\"property-desc line-limit-length\" title=\"Camisas de vestir\"><span style=\"vertical-align: inherit;\"><span style=\"vertical-align: inherit;\">Camisas de vestir</span></span></span></li>\n<li class=\"product-prop line-limit-length\"><span class=\"property-title\"><span style=\"vertical-align: inherit;\"><span style=\"vertical-align: inherit;\">Largo de manga (cm):&nbsp; </span></span></span><span class=\"property-desc line-limit-length\" title=\"Lleno\"><span style=\"vertical-align: inherit;\"><span style=\"vertical-align: inherit;\">Completo</span></span></span></li>\n<li class=\"product-prop line-limit-length\"><span class=\"property-title\"><span style=\"vertical-align: inherit;\"><span style=\"vertical-align: inherit;\">Material:&nbsp; </span></span></span><span class=\"property-desc line-limit-length\" title=\"ALGOD&Oacute;N\"><span style=\"vertical-align: inherit;\"><span style=\"vertical-align: inherit;\">ALGOD&Oacute;N</span></span></span></li>\n<li class=\"product-prop line-limit-length\"><span class=\"property-title\"><span style=\"vertical-align: inherit;\"><span style=\"vertical-align: inherit;\">Tipo de tela:&nbsp; </span></span></span><span class=\"property-desc line-limit-length\" title=\"Pa&ntilde;o fino\"><span style=\"vertical-align: inherit;\"><span style=\"vertical-align: inherit;\">pa&ntilde;o grueso y suave</span></span></span></li>\n<li class=\"product-prop line-limit-length\"><span class=\"property-title\"><span style=\"vertical-align: inherit;\"><span style=\"vertical-align: inherit;\">Tipo de patr&oacute;n:&nbsp; </span></span></span><span class=\"property-desc line-limit-length\" title=\"Imprimir\"><span style=\"vertical-align: inherit;\"><span style=\"vertical-align: inherit;\">Estampado</span></span></span></li>\n<li class=\"product-prop line-limit-length\"><span class=\"property-title\"><span style=\"vertical-align: inherit;\"><span style=\"vertical-align: inherit;\">Tipo de cierre:&nbsp; </span></span></span><span class=\"property-desc line-limit-length\" title=\"De un solo pecho\"><span style=\"vertical-align: inherit;\"><span style=\"vertical-align: inherit;\">Botonadura sencilla</span></span></span></li>\n<li class=\"product-prop line-limit-length\"><span class=\"property-title\"><span style=\"vertical-align: inherit;\"><span style=\"vertical-align: inherit;\">G&eacute;nero:&nbsp; </span></span></span><span class=\"property-desc line-limit-length\" title=\"HOMBRES\"><span style=\"vertical-align: inherit;\"><span style=\"vertical-align: inherit;\">HOMBRES</span></span></span></li>\n<li class=\"product-prop line-limit-length\"><span class=\"property-title\"><span style=\"vertical-align: inherit;\"><span style=\"vertical-align: inherit;\">Cuello:&nbsp; </span></span></span><span class=\"property-desc line-limit-length\" title=\"Pararse\"><span style=\"vertical-align: inherit;\"><span style=\"vertical-align: inherit;\">alto</span></span></span></li>\n<li class=\"product-prop line-limit-length\"><span class=\"property-title\"><span style=\"vertical-align: inherit;\"><span style=\"vertical-align: inherit;\">Estilo:&nbsp; </span></span></span><span class=\"property-desc line-limit-length\" title=\"Hip-hop\"><span style=\"vertical-align: inherit;\"><span style=\"vertical-align: inherit;\">Hip Hop</span></span></span></li>\n<li class=\"product-prop line-limit-length\"><span class=\"property-title\"><span style=\"vertical-align: inherit;\"><span style=\"vertical-align: inherit;\">Tipo de art&iacute;culo:&nbsp; </span></span></span><span class=\"property-desc line-limit-length\" title=\"Camisas\"><span style=\"vertical-align: inherit;\"><span style=\"vertical-align: inherit;\">Camisas</span></span></span></li>\n<li class=\"product-prop line-limit-length\"><span class=\"property-title\"><span style=\"vertical-align: inherit;\"><span style=\"vertical-align: inherit;\">Estilo de manga:&nbsp; </span></span></span><span class=\"property-desc line-limit-length\" title=\"REGULAR\"><span style=\"vertical-align: inherit;\"><span style=\"vertical-align: inherit;\">REGULAR</span></span></span></li>\n<li class=\"product-prop line-limit-length\" data-spm-anchor-id=\"a2g0o.detail.0.i10.7dba601b1BDo99\"><span class=\"property-title\"><span style=\"vertical-align: inherit;\"><span style=\"vertical-align: inherit;\">N&uacute;mero de modelo:&nbsp; </span></span></span><span class=\"property-desc line-limit-length\" title=\"Camisa de hombre\"><span style=\"vertical-align: inherit;\"><span style=\"vertical-align: inherit;\">Camisa para hombre</span></span></span></li>\n</ul>\n<p>&nbsp;</p>','Tipo de camisa: Camisas de vestir\nLargo de manga (cm): Largo\nMaterial: ALGODÓN\nTipo de tela: Paño fino\nTipo de estampado: Estampado'),
(31,31,'es','Nueva chaqueta vaquera de invierno para hombre de HENCHIRY','<h1 style=\"text-align: center;\"><span style=\"vertical-align: inherit;\"><span style=\"vertical-align: inherit;\">Nueva chaqueta vaquera de invierno para hombre de HENCHIRY</span></span></h1>\n<p><span style=\"vertical-align: inherit;\"><span style=\"vertical-align: inherit;\"><img src=\"/storage/media/xjK7kVZIOZd0Wo5AYHyBz2EV6Oizv7YPVN6R0dWx.jpg\" loading=\"lazy\" /></span></span></p>\n<h2><strong><span style=\"vertical-align: inherit;\"><span style=\"vertical-align: inherit;\"><img src=\"/storage/media/RCl0fQfXyncP9c2c5xvGl3UqjZVoa54rPXb1vcmi.jpg\" loading=\"lazy\" /></span></span></strong></h2>\n<h2><strong><span style=\"vertical-align: inherit;\"><span style=\"vertical-align: inherit;\"><img src=\"/storage/media/eYNj8ohp7pV6xbwszF7rnmABt6FB7aOKmHu3ICsj.jpg\" loading=\"lazy\" /></span></span></strong></h2>\n<h2><strong><span style=\"vertical-align: inherit;\"><span style=\"vertical-align: inherit;\"><img src=\"/storage/media/gUIkbiodOqJ357tt4YoFzKeqMB18JkXyWU1GHaE4.jpg\" loading=\"lazy\" /></span></span></strong></h2>\n<h2><strong><span style=\"vertical-align: inherit;\"><span style=\"vertical-align: inherit;\"><img src=\"/storage/media/jNXuNkp9P3oL03Gru837KuZsSjDL9hj6YHwZeR9g.jpg\" loading=\"lazy\" /></span></span></strong></h2>\n<h2><strong><span style=\"vertical-align: inherit;\"><span style=\"vertical-align: inherit;\"><img src=\"/storage/media/eFlfqH8dCz89NJWsL1HT5d2NeAHXQ8YLslcA1Txm.jpg\" loading=\"lazy\" /></span></span></strong></h2>\n<h2><strong><span style=\"vertical-align: inherit;\"><span style=\"vertical-align: inherit;\"><img src=\"/storage/media/kZiW3EbZtoTvoQVHlGKDb6TMYWOag6g5G6vqQHKy.jpg\" loading=\"lazy\" /></span></span></strong></h2>\n<h2><strong><span style=\"vertical-align: inherit;\"><span style=\"vertical-align: inherit;\">Aviso al comprador</span></span></strong></h2>\n<p><span style=\"vertical-align: inherit;\"><span style=\"vertical-align: inherit;\">Espa&ntilde;olTodos nuestros tama&ntilde;os son asi&aacute;ticos, 2-3 tama&ntilde;os m&aacute;s peque&ntilde;os que el tama&ntilde;o de EE. UU./Europa. Todos los compradores deben leer nuestro tama&ntilde;o antes de comprar. Los datos de tama&ntilde;o son solo de referencia y todo est&aacute; sujeto a los productos recibidos. Si no est&aacute; seguro del tama&ntilde;o, d&iacute;game su altura, peso y tama&ntilde;o en su pa&iacute;s. Le recomendaremos el tama&ntilde;o adecuado para usted y le daremos una referencia. Gracias por su comprensi&oacute;n, &iexcl;que tenga un buen d&iacute;a!</span></span></p>\n<p>&nbsp;</p>\n<p>&nbsp;</p>','Marca: HENCHIRY\nGrosor: Grueso (invierno) Con capucha: No\nMaterial: ALGODÓN\nTipo de cierre: Cremallera\nTipo de estampado: Liso\nGénero: HOMBRE'),
(32,32,'es','Reloj inteligente Samsung Galaxy Watch (46 mm, GPS, Bluetooth) – Plata/Negro','<p><span class=\"a-list-item\"><img src=\"/storage/media/2plK6n6zym2uqHFDx8YbmFWPZu0qVE3xMQJ4mIQk.jpeg\" alt=\"\" width=\"1464\" loading=\"lazy\" /></span></p>\n<p><img src=\"/storage/media/ehwArCEZuUvIOVbEudcdQD1lx3FHCSepjDJbFuUL.jpg\" loading=\"lazy\" /></p>\n<p><span class=\"a-list-item\"><span style=\"vertical-align: inherit;\"><span style=\"vertical-align: inherit;\">Vive una vida m&aacute;s fuerte e inteligente con Galaxy Watch en tu mu&ntilde;eca. Descansa bien y mantente activo con el seguimiento de salud integrado y una conexi&oacute;n Bluetooth que te permite tener todo en tu mu&ntilde;eca. Adem&aacute;s, puedes pasar d&iacute;as sin cargarlo.</span></span></span></p>\n<p><span class=\"a-list-item\"><span style=\"vertical-align: inherit;\"><span style=\"vertical-align: inherit;\">Con una sola carga, puedes trabajar sin parar durante d&iacute;as. El cargador inal&aacute;mbrico te permite cargar tu dispositivo sin disminuir la velocidad. (Rendimiento promedio esperado basado en un uso t&iacute;pico. Los resultados pueden variar).</span></span></span></p>\n<p>&nbsp;</p>\n<p><span class=\"a-list-item\"><img src=\"/storage/media/JnZ8j5G4nmUKY9IkPfpchVOMl10uh7r85XGJGgF9.jpeg\" alt=\"\" width=\"800\" loading=\"lazy\" /></span></p>\n<p><img src=\"/storage/media/9dJcyRl7XYV0AQEybWNt3ahFbKS2cHX7RF3xDLQ4.jpg\" loading=\"lazy\" /></p>\n<p>&nbsp;</p>\n<p><span class=\"a-list-item\"><img src=\"/storage/media/tcLDmXwKVZ1R2OwNuB8kzxwadpNMetpVscCUoRJI.jpeg\" alt=\"\" width=\"800\" loading=\"lazy\" /></span></p>\n<p><span class=\"a-list-item\"><span style=\"vertical-align: inherit;\"><span style=\"vertical-align: inherit;\">Disponible en dos tama&ntilde;os y tres colores, el Galaxy Watch ofrece esferas elegantes tan realistas que apenas parecen digitales. Adem&aacute;s, puedes elegir entre una colecci&oacute;n de correas intercambiables.</span></span></span></p>\n<p><span class=\"a-list-item\"><span style=\"vertical-align: inherit;\"><span style=\"vertical-align: inherit;\">Se empareja con tel&eacute;fonos inteligentes Android e iOS a trav&eacute;s de conexi&oacute;n Bluetooth.</span></span></span></p>\n<p><span class=\"a-list-item\"><span style=\"vertical-align: inherit;\"><span style=\"vertical-align: inherit;\">Incluido en la caja: Galaxy Watch, correa adicional (grande y peque&ntilde;a incluidas), base de carga inal&aacute;mbrica, adaptador de viaje, gu&iacute;a de inicio r&aacute;pido, manual del usuario (garant&iacute;a: 1 a&ntilde;o para piezas y mano de obra est&aacute;ndar)</span></span></span></p>\n<p>&nbsp;</p>\n<p><span class=\"a-list-item\"><img src=\"/storage/media/LfZPd1dTdXVYYx2CV3NUBtpqm8N4hwA13sB73DHh.jpeg\" alt=\"\" width=\"800\" loading=\"lazy\" /></span></p>\n<p>&nbsp;</p>\n<p><img src=\"/storage/media/bSZMaLnHfVNRA17Nc33fBIubqdqO6b0t0FTTDi8V.jpg\" loading=\"lazy\" /></p>\n<p><span class=\"a-list-item\"><img src=\"/storage/media/oEzsjhMS9QqOOO789QhXKo148azC9Ipsb0gmaKpI.jpeg\" alt=\"\" width=\"800\" loading=\"lazy\" /></span></p>\n<p>&nbsp;</p>\n<p>&nbsp;</p>\n<p>&nbsp;</p>\n<p>&nbsp;</p>\n<p><strong><span class=\"a-list-item\"><span style=\"vertical-align: inherit;\"><span style=\"vertical-align: inherit;\">Detalles del producto:</span></span></span></strong></p>\n<p>&nbsp;</p>\n<table id=\"productDetails_detailBullets_sections1\" class=\"a-keyvalue prodDetTable\" style=\"height: 140px;\" role=\"presentation\">\n<tbody>\n<tr style=\"height: 20px;\">\n<th class=\"a-color-secondary a-size-base prodDetSectionEntry\" style=\"text-align: left; height: 20px; width: 157.227px;\"><span style=\"vertical-align: inherit;\"><span style=\"vertical-align: inherit;\">Dimensiones del producto</span></span></th>\n<td class=\"a-size-base\" style=\"height: 20px; width: 328.477px; text-align: right;\"><span style=\"vertical-align: inherit;\"><span style=\"vertical-align: inherit;\">0,5 x 1,8 x 1,9 pulgadas</span></span></td>\n</tr>\n<tr style=\"height: 20px;\">\n<th class=\"a-color-secondary a-size-base prodDetSectionEntry\" style=\"text-align: left; height: 20px; width: 157.227px;\"><span style=\"vertical-align: inherit;\"><span style=\"vertical-align: inherit;\">Peso del art&iacute;culo</span></span></th>\n<td class=\"a-size-base\" style=\"height: 20px; width: 328.477px; text-align: right;\"><span style=\"vertical-align: inherit;\"><span style=\"vertical-align: inherit;\">2,88 onzas</span></span></td>\n</tr>\n<tr style=\"height: 20px;\">\n<th class=\"a-color-secondary a-size-base prodDetSectionEntry\" style=\"text-align: left; height: 20px; width: 157.227px;\"><span style=\"vertical-align: inherit;\"><span style=\"vertical-align: inherit;\">Peso del env&iacute;o</span></span></th>\n<td class=\"a-size-base\" style=\"height: 20px; width: 328.477px; text-align: right;\"><span style=\"vertical-align: inherit;\"><span style=\"vertical-align: inherit;\">13,6 onzas</span></span></td>\n</tr>\n<tr style=\"height: 20px;\">\n<th class=\"a-color-secondary a-size-base prodDetSectionEntry\" style=\"text-align: left; height: 20px; width: 157.227px;\"><span style=\"vertical-align: inherit;\"><span style=\"vertical-align: inherit;\">ASIN</span></span></th>\n<td class=\"a-size-base\" style=\"height: 20px; width: 328.477px; text-align: right;\"><span style=\"vertical-align: inherit;\"><span style=\"vertical-align: inherit;\">B07FTKJCMT</span></span></td>\n</tr>\n<tr style=\"height: 20px;\">\n<th class=\"a-color-secondary a-size-base prodDetSectionEntry\" style=\"text-align: left; height: 20px; width: 157.227px;\"><span style=\"vertical-align: inherit;\"><span style=\"vertical-align: inherit;\">Residentes de California</span></span></th>\n<td class=\"a-size-base\" style=\"height: 20px; width: 328.477px; text-align: right;\"><a href=\"https://www.amazon.com/gp/help/customer/display.html/ref=dp_prop65_warn?ie=UTF8&amp;nodeId=3234041\"><span style=\"vertical-align: inherit;\"><span style=\"vertical-align: inherit;\">Haga clic aqu&iacute;</span></span></a><span style=\"vertical-align: inherit;\"><span style=\"vertical-align: inherit;\"> &nbsp;para ver la advertencia sobre la Proposici&oacute;n 65</span></span></td>\n</tr>\n<tr style=\"height: 20px;\">\n<th class=\"a-color-secondary a-size-base prodDetSectionEntry\" style=\"text-align: left; height: 20px; width: 157.227px;\"><span style=\"vertical-align: inherit;\"><span style=\"vertical-align: inherit;\">N&uacute;mero de modelo del art&iacute;culo</span></span></th>\n<td class=\"a-size-base\" style=\"height: 20px; width: 328.477px; text-align: right;\"><span style=\"vertical-align: inherit;\"><span style=\"vertical-align: inherit;\">SM-R800NZSAXAR</span></span></td>\n</tr>\n<tr style=\"height: 20px;\">\n<th class=\"a-color-secondary a-size-base prodDetSectionEntry\" style=\"text-align: left; height: 20px; width: 157.227px;\"><span style=\"vertical-align: inherit;\"><span style=\"vertical-align: inherit;\">Bater&iacute;as</span></span></th>\n<td class=\"a-size-base\" style=\"height: 20px; width: 328.477px; text-align: right;\"><span style=\"vertical-align: inherit;\"><span style=\"vertical-align: inherit;\">Se requieren 1 bater&iacute;a de metal de litio (incluida).</span></span></td>\n</tr>\n</tbody>\n</table>\n<p>&nbsp;</p>','Vive una vida más fuerte e inteligente con Galaxy Watch en tu muñeca. Descansa bien, mantente activo y mantén a raya el estrés con el seguimiento de salud integrado. Pasa días sin cargar tu reloj. La conexión Bluetooth te permite tener todo a mano.'),
(33,33,'es','Pantalones vaqueros rectos ajustados de tiro medio informales clásicos para hombre, pantalones largos para jóvenes','<h1 style=\"text-align: center;\"><span style=\"vertical-align: inherit;\"><span style=\"vertical-align: inherit;\">Pantalones vaqueros rectos ajustados de tiro medio informales para hombre</span></span></h1>\n<p><img src=\"/storage/media/T77Kga2D2vcksesF2jx7TPNFWJ3yR8X6wb2jW9lx.webp\" loading=\"lazy\" /></p>\n<p><img src=\"/storage/media/awjitXpb64nPkWBKhVXDF8ShhZHS3QJoyDdXO2o3.webp\" loading=\"lazy\" /></p>\n<p><img src=\"/storage/media/BDaPUJrsEZ8fbafT8HC60OdwFINxENLKTCQ6jq4W.webp\" alt=\"\" width=\"1001\" loading=\"lazy\" /></p>\n<p><img src=\"/storage/media/W2dc5TDbZdOr3lKqcwKIGiixRXLt6H3lO0Y9j4uS.webp\" loading=\"lazy\" /></p>\n<p><img src=\"/storage/media/KDO8uBmA26UT4mplG44UcD648CaRGY0klIEeEXi0.webp\" alt=\"\" width=\"1001\" loading=\"lazy\" /></p>\n<p><img src=\"/storage/media/XbuTM8YsZoJpf2D15KwuWKZq3wlNYeBVuVNDuSnp.webp\" loading=\"lazy\" /><img src=\"/storage/media/3ll70n7JEuwS9Ic6opJJNtaRil94h9i2ufdhzwFN.webp\" alt=\"\" width=\"1001\" loading=\"lazy\" /></p>\n<h4><span style=\"vertical-align: inherit;\"><span style=\"vertical-align: inherit;\">Descripci&oacute;n del Producto:</span></span></h4>\n<ul class=\"product-specs-list util-clearfix\">\n<li class=\"product-prop line-limit-length\"><span class=\"property-title\"><span style=\"vertical-align: inherit;\"><span style=\"vertical-align: inherit;\">Marca:&nbsp; </span></span></span><span class=\"property-desc line-limit-length\" title=\"MADERA SANADA\"><span style=\"vertical-align: inherit;\"><span style=\"vertical-align: inherit;\">SANWOOD</span></span></span></li>\n<li class=\"product-prop line-limit-length\"><span class=\"property-title\"><span style=\"vertical-align: inherit;\"><span style=\"vertical-align: inherit;\">Tipo de cierre:&nbsp; </span></span></span><span class=\"property-desc line-limit-length\" title=\"Bragueta con cremallera\"><span style=\"vertical-align: inherit;\"><span style=\"vertical-align: inherit;\">bragueta con cremallera</span></span></span></li>\n<li class=\"product-prop line-limit-length\"><span class=\"property-title\"><span style=\"vertical-align: inherit;\"><span style=\"vertical-align: inherit;\">Tipo de cintura:&nbsp; </span></span></span><span class=\"property-desc line-limit-length\" title=\"Bajo\"><span style=\"vertical-align: inherit;\"><span style=\"vertical-align: inherit;\">Baja</span></span></span></li>\n<li class=\"product-prop line-limit-length\"><span class=\"property-title\"><span style=\"vertical-align: inherit;\"><span style=\"vertical-align: inherit;\">Decoraci&oacute;n:&nbsp; </span></span></span><span class=\"property-desc line-limit-length\" title=\"Bolsillos\"><span style=\"vertical-align: inherit;\"><span style=\"vertical-align: inherit;\">Bolsillos</span></span></span></li>\n<li class=\"product-prop line-limit-length\"><span class=\"property-title\"><span style=\"vertical-align: inherit;\"><span style=\"vertical-align: inherit;\">Tipo de patr&oacute;n:&nbsp; </span></span></span><span class=\"property-desc line-limit-length\" title=\"S&oacute;lido\"><span style=\"vertical-align: inherit;\"><span style=\"vertical-align: inherit;\">s&oacute;lido</span></span></span></li>\n<li class=\"product-prop line-limit-length\"><span class=\"property-title\"><span style=\"vertical-align: inherit;\"><span style=\"vertical-align: inherit;\">N&uacute;mero de modelo:&nbsp; </span></span></span><span class=\"property-desc line-limit-length\" title=\"36918\"><span style=\"vertical-align: inherit;\"><span style=\"vertical-align: inherit;\">36918</span></span></span></li>\n<li class=\"product-prop line-limit-length\"><span class=\"property-title\"><span style=\"vertical-align: inherit;\"><span style=\"vertical-align: inherit;\">Estilo de jeans:&nbsp; </span></span></span><span class=\"property-desc line-limit-length\" title=\"Derecho\"><span style=\"vertical-align: inherit;\"><span style=\"vertical-align: inherit;\">recto</span></span></span></li>\n<li class=\"product-prop line-limit-length\"><span class=\"property-title\"><span style=\"vertical-align: inherit;\"><span style=\"vertical-align: inherit;\">Lavado:&nbsp; </span></span></span><span class=\"property-desc line-limit-length\" title=\"Luz\"><span style=\"vertical-align: inherit;\"><span style=\"vertical-align: inherit;\">Ligero</span></span></span></li>\n<li class=\"product-prop line-limit-length\"><span class=\"property-title\"><span style=\"vertical-align: inherit;\"><span style=\"vertical-align: inherit;\">Tipo de ajuste:&nbsp; </span></span></span><span class=\"property-desc line-limit-length\" title=\"Delgado\"><span style=\"vertical-align: inherit;\"><span style=\"vertical-align: inherit;\">ajustado</span></span></span></li>\n<li class=\"product-prop line-limit-length\"><span class=\"property-title\"><span style=\"vertical-align: inherit;\"><span style=\"vertical-align: inherit;\">Estilo:&nbsp; </span></span></span><span class=\"property-desc line-limit-length\" title=\"Casual\"><span style=\"vertical-align: inherit;\"><span style=\"vertical-align: inherit;\">Casual</span></span></span></li>\n<li class=\"product-prop line-limit-length\" data-spm-anchor-id=\"a2g0o.detail.0.i11.6bac3098wzQQJU\"><span class=\"property-title\"><span style=\"vertical-align: inherit;\"><span style=\"vertical-align: inherit;\">Grosor:&nbsp; </span></span></span><span class=\"property-desc line-limit-length\" title=\"Peso medio\"><span style=\"vertical-align: inherit;\"><span style=\"vertical-align: inherit;\">Peso medio</span></span></span></li>\n<li class=\"product-prop line-limit-length\" data-spm-anchor-id=\"a2g0o.detail.0.i10.6bac3098wzQQJU\"><span class=\"property-title\"><span style=\"vertical-align: inherit;\"><span style=\"vertical-align: inherit;\">Longitud:&nbsp; </span></span></span><span class=\"property-desc line-limit-length\" title=\"Longitud total\"><span style=\"vertical-align: inherit;\"><span style=\"vertical-align: inherit;\">Longitud total</span></span></span></li>\n<li class=\"product-prop line-limit-length\" data-spm-anchor-id=\"a2g0o.detail.0.i12.6bac3098wzQQJU\"><span class=\"property-title\"><span style=\"vertical-align: inherit;\"><span style=\"vertical-align: inherit;\">Tipo de tejido:&nbsp; </span></span></span><span class=\"property-desc line-limit-length\" title=\"Suavizante\"><span style=\"vertical-align: inherit;\"><span style=\"vertical-align: inherit;\">Suavizante</span></span></span></li>\n</ul>\n<p>&nbsp;</p>','Marca: SANWOOD\nTipo de cierre: Bragueta con cremallera\nTipo de cintura: Baja\nDecoración: Bolsillos'),
(34,34,'es','Chaquetas vaqueras para hombre de NaranjaSabor','<p><img src=\"/storage/media/1GbtU74OseXlM43SrnnXj1WdPpIj5UaEgB2LoeHs.jpeg\" alt=\"\" width=\"800\" loading=\"lazy\" /></p>\n<p><img src=\"/storage/media/Pi1bbcuT8Aw1ClA8THIkd6rDESXqGvd8rxcCCZix.jpg\" loading=\"lazy\" /></p>\n<p><img src=\"/storage/media/iLAuyQwmh6JSJRtG5zrFbMqoeWvcP3nMV3pFk5If.jpeg\" alt=\"\" width=\"850\" loading=\"lazy\" /></p>\n<p><img src=\"/storage/media/t3tRWKsKgmdiPA5AtizTB3GxmcLZqgpQSx0MOI6u.jpg\" loading=\"lazy\" /></p>\n<p><img src=\"/storage/media/iiX8wd6fareDsXaRDkzUKvhux59HMkrNLllHImxI.jpeg\" alt=\"\" width=\"850\" loading=\"lazy\" /></p>\n<p><img src=\"/storage/media/6Od2EuAVTjXX3ZE4hXUgPknCmJyPtVLVhZA6tzmd.jpg\" loading=\"lazy\" /></p>\n<p><img src=\"/storage/media/vHfeKpWkFsalXoklzShIoJTh83mBrefe3kBjicLF.jpeg\" alt=\"\" width=\"850\" loading=\"lazy\" /></p>\n<p>&nbsp;</p>\n<p><img src=\"/storage/media/3x4Ry1vGPL1MgqWhZPuOImOi1q3sb3q36Nb5gopm.jpg\" loading=\"lazy\" /></p>\n<p><img src=\"/storage/media/7OyZfoNMmDLdu3sRt7r8Jpzb9Km6E2ZtSxkVfBYu.jpeg\" alt=\"\" width=\"800\" loading=\"lazy\" /></p>\n<p><img src=\"/storage/media/VKfEMznrEt4lZhuvAcbn3pXunhoQZ7z7fVdgINey.jpg\" loading=\"lazy\" /></p>\n<p>&nbsp;</p>\n<p><img src=\"/storage/media/XPsyGPks1oMMHow0GeYp6uXcIrwUhMpcD1u3Vve1.jpeg\" alt=\"\" width=\"850\" loading=\"lazy\" /></p>\n<p><img src=\"/storage/media/kTQBY0TunjMlqjm4w8uQXbP2rp05jLLnD07KYaSy.jpeg\" alt=\"\" width=\"850\" loading=\"lazy\" /></p>\n<h2><img src=\"/storage/media/TrtM8S3CuSYH7jcwcv91YDB0Tq0bSFodHW3LAo8E.jpg\" loading=\"lazy\" /></h2>\n<h2><strong><span style=\"vertical-align: inherit;\"><span style=\"vertical-align: inherit;\">Presupuesto:</span></span></strong></h2>\n<ul class=\"product-specs-list util-clearfix\">\n<li class=\"product-prop line-limit-length\"><span class=\"property-title\"><span style=\"vertical-align: inherit;\"><span style=\"vertical-align: inherit;\">G&eacute;nero:&nbsp; </span></span></span><span class=\"property-desc line-limit-length\" title=\"HOMBRES\"><span style=\"vertical-align: inherit;\"><span style=\"vertical-align: inherit;\">HOMBRES</span></span></span></li>\n<li class=\"product-prop line-limit-length\"><span class=\"property-title\"><span style=\"vertical-align: inherit;\"><span style=\"vertical-align: inherit;\">Tipo de art&iacute;culo:&nbsp; </span></span></span><span class=\"property-desc line-limit-length\" title=\"Ropa de abrigo y abrigos\"><span style=\"vertical-align: inherit;\"><span style=\"vertical-align: inherit;\">abrigos y prendas de abrigo</span></span></span></li>\n<li class=\"product-prop line-limit-length\"><span class=\"property-title\"><span style=\"vertical-align: inherit;\"><span style=\"vertical-align: inherit;\">Tipo de ropa de abrigo:&nbsp; </span></span></span><span class=\"property-desc line-limit-length\" title=\"Chaquetas\"><span style=\"vertical-align: inherit;\"><span style=\"vertical-align: inherit;\">Chaquetas</span></span></span></li>\n<li class=\"product-prop line-limit-length\"><span class=\"property-title\"><span style=\"vertical-align: inherit;\"><span style=\"vertical-align: inherit;\">Cuello:&nbsp; </span></span></span><span class=\"property-desc line-limit-length\" title=\"Cuello vuelto\"><span style=\"vertical-align: inherit;\"><span style=\"vertical-align: inherit;\">Cuello vuelto</span></span></span></li>\n<li class=\"product-prop line-limit-length\"><span class=\"property-title\"><span style=\"vertical-align: inherit;\"><span style=\"vertical-align: inherit;\">Tipo de cierre:&nbsp; </span></span></span><span class=\"property-desc line-limit-length\" title=\"De un solo pecho\"><span style=\"vertical-align: inherit;\"><span style=\"vertical-align: inherit;\">Botonadura sencilla</span></span></span></li>\n<li class=\"product-prop line-limit-length\"><span class=\"property-title\"><span style=\"vertical-align: inherit;\"><span style=\"vertical-align: inherit;\">Decoraci&oacute;n:&nbsp; </span></span></span><span class=\"property-desc line-limit-length\" title=\"PATR&Oacute;N\"><span style=\"vertical-align: inherit;\"><span style=\"vertical-align: inherit;\">PATR&Oacute;N</span></span></span></li>\n<li class=\"product-prop line-limit-length\"><span class=\"property-title\"><span style=\"vertical-align: inherit;\"><span style=\"vertical-align: inherit;\">Estilo de manga:&nbsp; </span></span></span><span class=\"property-desc line-limit-length\" title=\"REGULAR\"><span style=\"vertical-align: inherit;\"><span style=\"vertical-align: inherit;\">REGULAR</span></span></span></li>\n<li class=\"product-prop line-limit-length\"><span class=\"property-title\"><span style=\"vertical-align: inherit;\"><span style=\"vertical-align: inherit;\">Material del revestimiento:&nbsp; </span></span></span><span class=\"property-desc line-limit-length\" title=\"Poli&eacute;ster\"><span style=\"vertical-align: inherit;\"><span style=\"vertical-align: inherit;\">poli&eacute;ster</span></span></span></li>\n<li class=\"product-prop line-limit-length\"><span class=\"property-title\"><span style=\"vertical-align: inherit;\"><span style=\"vertical-align: inherit;\">Espesor:&nbsp; </span></span></span><span class=\"property-desc line-limit-length\" title=\"EST&Aacute;NDAR\"><span style=\"vertical-align: inherit;\"><span style=\"vertical-align: inherit;\">EST&Aacute;NDAR</span></span></span></li>\n<li class=\"product-prop line-limit-length\"><span class=\"property-title\"><span style=\"vertical-align: inherit;\"><span style=\"vertical-align: inherit;\">N&uacute;mero de modelo:&nbsp; </span></span></span><span class=\"property-desc line-limit-length\" title=\"NZXX439\"><span style=\"vertical-align: inherit;\"><span style=\"vertical-align: inherit;\">NZXX439</span></span></span></li>\n<li class=\"product-prop line-limit-length\"><span class=\"property-title\"><span style=\"vertical-align: inherit;\"><span style=\"vertical-align: inherit;\">Marca:&nbsp; </span></span></span><span class=\"property-desc line-limit-length\" title=\"NaranjaSabor\"><span style=\"vertical-align: inherit;\"><span style=\"vertical-align: inherit;\">NaranjaSabor</span></span></span></li>\n<li class=\"product-prop line-limit-length\"><span class=\"property-title\"><span style=\"vertical-align: inherit;\"><span style=\"vertical-align: inherit;\">Material:&nbsp; </span></span></span><span class=\"property-desc line-limit-length\" title=\"Poli&eacute;ster\"><span style=\"vertical-align: inherit;\"><span style=\"vertical-align: inherit;\">poli&eacute;ster</span></span></span></li>\n<li class=\"product-prop line-limit-length\"><span class=\"property-title\"><span style=\"vertical-align: inherit;\"><span style=\"vertical-align: inherit;\">Tipo:&nbsp; </span></span></span><span class=\"property-desc line-limit-length\" title=\"Delgado\"><span style=\"vertical-align: inherit;\"><span style=\"vertical-align: inherit;\">Delgado</span></span></span></li>\n<li class=\"product-prop line-limit-length\"><span class=\"property-title\"><span style=\"vertical-align: inherit;\"><span style=\"vertical-align: inherit;\">Tipo de patr&oacute;n:&nbsp; </span></span></span><span class=\"property-desc line-limit-length\" title=\"Imprimir\"><span style=\"vertical-align: inherit;\"><span style=\"vertical-align: inherit;\">Estampado</span></span></span></li>\n<li class=\"product-prop line-limit-length\"><span class=\"property-title\"><span style=\"vertical-align: inherit;\"><span style=\"vertical-align: inherit;\">Estilo de pu&ntilde;o:&nbsp; </span></span></span><span class=\"property-desc line-limit-length\" title=\"Convencional\"><span style=\"vertical-align: inherit;\"><span style=\"vertical-align: inherit;\">convencional</span></span></span></li>\n<li class=\"product-prop line-limit-length\"><span class=\"property-title\"><span style=\"vertical-align: inherit;\"><span style=\"vertical-align: inherit;\">Largo de la prenda:&nbsp; </span></span></span><span class=\"property-desc line-limit-length\" title=\"REGULAR\"><span style=\"vertical-align: inherit;\"><span style=\"vertical-align: inherit;\">REGULAR</span></span></span></li>\n<li class=\"product-prop line-limit-length\"><span class=\"property-title\"><span style=\"vertical-align: inherit;\"><span style=\"vertical-align: inherit;\">Parte desmontable:&nbsp; </span></span></span><span class=\"property-desc line-limit-length\" title=\"NINGUNO\"><span style=\"vertical-align: inherit;\"><span style=\"vertical-align: inherit;\">NINGUNA</span></span></span></li>\n<li class=\"product-prop line-limit-length\"><span class=\"property-title\"><span style=\"vertical-align: inherit;\"><span style=\"vertical-align: inherit;\">Con capucha:&nbsp; </span></span></span><span class=\"property-desc line-limit-length\" title=\"No\"><span style=\"vertical-align: inherit;\"><span style=\"vertical-align: inherit;\">No</span></span></span></li>\n<li class=\"product-prop line-limit-length\"><span class=\"property-title\"><span style=\"vertical-align: inherit;\"><span style=\"vertical-align: inherit;\">Estilo:&nbsp; </span></span></span><span class=\"property-desc line-limit-length\" title=\"Casual\"><span style=\"vertical-align: inherit;\"><span style=\"vertical-align: inherit;\">Casual</span></span></span></li>\n<li class=\"product-prop line-limit-length\"><span class=\"property-title\"><span style=\"vertical-align: inherit;\"><span style=\"vertical-align: inherit;\">Art&iacute;culo:&nbsp; </span></span></span><span class=\"property-desc line-limit-length\" title=\"Chaquetas vaqueras para hombre\"><span style=\"vertical-align: inherit;\"><span style=\"vertical-align: inherit;\">Chaquetas vaqueras para hombre</span></span></span></li>\n<li class=\"product-prop line-limit-length\"><span class=\"property-title\"><span style=\"vertical-align: inherit;\"><span style=\"vertical-align: inherit;\">Color:&nbsp; </span></span></span><span class=\"property-desc line-limit-length\" title=\"Azul vaquero\"><span style=\"vertical-align: inherit;\"><span style=\"vertical-align: inherit;\">Azul vaquero</span></span></span></li>\n<li class=\"product-prop line-limit-length\"><span class=\"property-title\"><span style=\"vertical-align: inherit;\"><span style=\"vertical-align: inherit;\">Tama&ntilde;o:&nbsp; </span></span></span><span class=\"property-desc line-limit-length\" title=\"Tallas grandes: M, L, XL, XXL, XXXL\"><span style=\"vertical-align: inherit;\"><span style=\"vertical-align: inherit;\">M, L, XL, XXL, XXXL</span></span></span></li>\n<li class=\"product-prop line-limit-length\"><span class=\"property-title\"><span style=\"vertical-align: inherit;\"><span style=\"vertical-align: inherit;\">Temporada:&nbsp; </span></span></span><span class=\"property-desc line-limit-length\" title=\"Primavera, Oto&ntilde;o, Invierno\"><span style=\"vertical-align: inherit;\"><span style=\"vertical-align: inherit;\">Primavera, Oto&ntilde;o, Invierno</span></span></span></li>\n<li class=\"product-prop line-limit-length\"><span class=\"property-title\"><span style=\"vertical-align: inherit;\"><span style=\"vertical-align: inherit;\">Estilo:&nbsp; </span></span></span><span class=\"property-desc line-limit-length\" title=\"Moda, ropa de calle\"><span style=\"vertical-align: inherit;\"><span style=\"vertical-align: inherit;\">Moda, ropa de calle</span></span></span></li>\n<li class=\"product-prop line-limit-length\"><span class=\"property-title\"><span style=\"vertical-align: inherit;\"><span style=\"vertical-align: inherit;\">Tipo:&nbsp; </span></span></span><span class=\"property-desc line-limit-length\" title=\"Chaqueta vaquera para hombre\"><span style=\"vertical-align: inherit;\"><span style=\"vertical-align: inherit;\">Chaqueta vaquera para hombre</span></span></span></li>\n<li class=\"product-prop line-limit-length\" data-spm-anchor-id=\"a2g0o.detail.0.i10.5bc04820OaF43I\"><span class=\"property-title\"><span style=\"vertical-align: inherit;\"><span style=\"vertical-align: inherit;\">Env&iacute;o directo:&nbsp; </span></span></span><span class=\"property-desc line-limit-length\" title=\"Env&iacute;o directo\"><span style=\"vertical-align: inherit;\"><span style=\"vertical-align: inherit;\">dropshipping</span></span></span></li>\n</ul>','Chaqueta vaquera de NaranjaSabor para hombre, chaqueta vaquera de corte entallado con rayas y estrellas en el bolsillo, ropa de abrigo para hombre, ropa de marca para hombre N439'),
(35,35,'es','Chaqueta vaquera para hombre, talla 6XL, estilo militar, de algodón, estilo militar, estilo militar, para hombre','<h2 style=\"text-align: center;\"><strong data-spm-anchor-id=\"a2g0o.detail.1000023.i5.f6d83956RZFsjW\"><span style=\"vertical-align: inherit;\"><span style=\"vertical-align: inherit;\">Chaqueta vaquera para hombre talla grande 6XL, estilo militar, de algod&oacute;n, estilo militar, estilo Air Force One, ropa de marca para hombre, chaquetas de bombardero para primavera y oto&ntilde;o para hombre</span></span></strong></h2>\n<p><img src=\"/storage/media/5j1WOWLXoa8TAPFTfouiK9sxdXx5ABIwYtSxkY3Q.jpg\" loading=\"lazy\" /></p>\n<p><strong data-spm-anchor-id=\"a2g0o.detail.1000023.i5.f6d83956RZFsjW\"><img src=\"/storage/media/nCNgGE49tcnCqza05pcn19sdc7XJztmXwbVKYlA4.jpeg\" alt=\"\" width=\"1000\" loading=\"lazy\" /></strong></p>\n<p>&nbsp;</p>\n<p><strong data-spm-anchor-id=\"a2g0o.detail.1000023.i5.f6d83956RZFsjW\"><img src=\"/storage/media/kdWDVtN6S859p21tgKmOSqvoA7LA0umEqOrupRIL.jpeg\" alt=\"\" width=\"790\" loading=\"lazy\" /></strong></p>\n<p><strong data-spm-anchor-id=\"a2g0o.detail.1000023.i5.f6d83956RZFsjW\"><img src=\"/storage/media/EkRIUwE9IUrEGW4uXyDaHjYi5DRahr3HreBeQMVC.jpeg\" alt=\"\" width=\"790\" loading=\"lazy\" /></strong></p>\n<p><img src=\"/storage/media/MTRZfyu5Z7JDjXpNWguAjKrOuKHmun6UZUpZUA1n.jpg\" loading=\"lazy\" /></p>\n<p><strong data-spm-anchor-id=\"a2g0o.detail.1000023.i5.f6d83956RZFsjW\"><img src=\"/storage/media/J0j2qqxoT5tWJn8mOiRLNmPSYwJf6hRoVXzDWOUn.jpeg\" alt=\"\" width=\"790\" loading=\"lazy\" /></strong></p>\n<p><img src=\"/storage/media/kJJpqXtz6HzUysTPmohNfhzvWnrjm2bGLk7J8WPa.jpg\" loading=\"lazy\" /></p>\n<p><strong data-spm-anchor-id=\"a2g0o.detail.1000023.i5.f6d83956RZFsjW\"><img src=\"/storage/media/5HObz6cI9VAyj13lugxgq89GAsqOYNwZyNeCEgnS.jpeg\" alt=\"\" width=\"790\" loading=\"lazy\" /></strong></p>\n<p><img src=\"/storage/media/p8Zc6Lq7HrgjnAGLyR5diB4rvg5Aoq8UISc9LKyd.jpg\" loading=\"lazy\" /></p>\n<p>&nbsp;</p>\n<h2><strong data-spm-anchor-id=\"a2g0o.detail.1000023.i5.f6d83956RZFsjW\"><span style=\"vertical-align: inherit;\"><span style=\"vertical-align: inherit;\">Presupuesto:</span></span></strong></h2>\n<ul class=\"product-specs-list util-clearfix\">\n<li class=\"product-prop line-limit-length\"><span class=\"property-title\"><span style=\"vertical-align: inherit;\"><span style=\"vertical-align: inherit;\">Marca:&nbsp; </span></span></span><span class=\"property-desc line-limit-length\" title=\"Hanqiu\"><span style=\"vertical-align: inherit;\"><span style=\"vertical-align: inherit;\">HANQIU</span></span></span></li>\n<li class=\"product-prop line-limit-length\"><span class=\"property-title\"><span style=\"vertical-align: inherit;\"><span style=\"vertical-align: inherit;\">Tipo de cierre:&nbsp; </span></span></span><span class=\"property-desc line-limit-length\" title=\"cremallera\"><span style=\"vertical-align: inherit;\"><span style=\"vertical-align: inherit;\">cremallera</span></span></span></li>\n<li class=\"product-prop line-limit-length\"><span class=\"property-title\"><span style=\"vertical-align: inherit;\"><span style=\"vertical-align: inherit;\">N&uacute;mero de modelo:&nbsp; </span></span></span><span class=\"property-desc line-limit-length\" title=\"CHAQUETA\"><span style=\"vertical-align: inherit;\"><span style=\"vertical-align: inherit;\">CHAQUETA</span></span></span></li>\n<li class=\"product-prop line-limit-length\"><span class=\"property-title\"><span style=\"vertical-align: inherit;\"><span style=\"vertical-align: inherit;\">Estilo de manga:&nbsp; </span></span></span><span class=\"property-desc line-limit-length\" title=\"REGULAR\"><span style=\"vertical-align: inherit;\"><span style=\"vertical-align: inherit;\">REGULAR</span></span></span></li>\n<li class=\"product-prop line-limit-length\"><span class=\"property-title\"><span style=\"vertical-align: inherit;\"><span style=\"vertical-align: inherit;\">Grosor:&nbsp; </span></span></span><span class=\"property-desc line-limit-length\" title=\"Delgado (verano)\"><span style=\"vertical-align: inherit;\"><span style=\"vertical-align: inherit;\">Fino (Verano)</span></span></span></li>\n<li class=\"product-prop line-limit-length\"><span class=\"property-title\"><span style=\"vertical-align: inherit;\"><span style=\"vertical-align: inherit;\">Con capucha:&nbsp; </span></span></span><span class=\"property-desc line-limit-length\" title=\"No\"><span style=\"vertical-align: inherit;\"><span style=\"vertical-align: inherit;\">No</span></span></span></li>\n<li class=\"product-prop line-limit-length\"><span class=\"property-title\"><span style=\"vertical-align: inherit;\"><span style=\"vertical-align: inherit;\">Parte desmontable:&nbsp; </span></span></span><span class=\"property-desc line-limit-length\" title=\"NINGUNO\"><span style=\"vertical-align: inherit;\"><span style=\"vertical-align: inherit;\">NINGUNA</span></span></span></li>\n<li class=\"product-prop line-limit-length\"><span class=\"property-title\"><span style=\"vertical-align: inherit;\"><span style=\"vertical-align: inherit;\">Material del forro:&nbsp; </span></span></span><span class=\"property-desc line-limit-length\" title=\"ALGOD&Oacute;N\"><span style=\"vertical-align: inherit;\"><span style=\"vertical-align: inherit;\">ALGOD&Oacute;N</span></span></span></li>\n<li class=\"product-prop line-limit-length\"><span class=\"property-title\"><span style=\"vertical-align: inherit;\"><span style=\"vertical-align: inherit;\">Tipo:&nbsp; </span></span></span><span class=\"property-desc line-limit-length\" title=\"Perder\"><span style=\"vertical-align: inherit;\"><span style=\"vertical-align: inherit;\">Suelto</span></span></span></li>\n<li class=\"product-prop line-limit-length\"><span class=\"property-title\"><span style=\"vertical-align: inherit;\"><span style=\"vertical-align: inherit;\">Tipo de patr&oacute;n:&nbsp; </span></span></span><span class=\"property-desc line-limit-length\" title=\"S&oacute;lido\"><span style=\"vertical-align: inherit;\"><span style=\"vertical-align: inherit;\">s&oacute;lido</span></span></span></li>\n<li class=\"product-prop line-limit-length\"><span class=\"property-title\"><span style=\"vertical-align: inherit;\"><span style=\"vertical-align: inherit;\">Largo de la prenda:&nbsp; </span></span></span><span class=\"property-desc line-limit-length\" title=\"REGULAR\"><span style=\"vertical-align: inherit;\"><span style=\"vertical-align: inherit;\">REGULAR</span></span></span></li>\n<li class=\"product-prop line-limit-length\"><span class=\"property-title\"><span style=\"vertical-align: inherit;\"><span style=\"vertical-align: inherit;\">Decoraci&oacute;n:&nbsp; </span></span></span><span class=\"property-desc line-limit-length\" title=\"Bolsillos\"><span style=\"vertical-align: inherit;\"><span style=\"vertical-align: inherit;\">Bolsillos</span></span></span></li>\n<li class=\"product-prop line-limit-length\"><span class=\"property-title\"><span style=\"vertical-align: inherit;\"><span style=\"vertical-align: inherit;\">Estilo:&nbsp; </span></span></span><span class=\"property-desc line-limit-length\" title=\"Casual\"><span style=\"vertical-align: inherit;\"><span style=\"vertical-align: inherit;\">Casual</span></span></span></li>\n<li class=\"product-prop line-limit-length\"><span class=\"property-title\"><span style=\"vertical-align: inherit;\"><span style=\"vertical-align: inherit;\">Material:&nbsp; </span></span></span><span class=\"property-desc line-limit-length\" title=\"ALGOD&Oacute;N\"><span style=\"vertical-align: inherit;\"><span style=\"vertical-align: inherit;\">ALGOD&Oacute;N</span></span></span></li>\n<li class=\"product-prop line-limit-length\"><span class=\"property-title\"><span style=\"vertical-align: inherit;\"><span style=\"vertical-align: inherit;\">Cuello:&nbsp; </span></span></span><span class=\"property-desc line-limit-length\" title=\"Pararse\"><span style=\"vertical-align: inherit;\"><span style=\"vertical-align: inherit;\">alto</span></span></span></li>\n<li class=\"product-prop line-limit-length\"><span class=\"property-title\"><span style=\"vertical-align: inherit;\"><span style=\"vertical-align: inherit;\">Estilo de pu&ntilde;o:&nbsp; </span></span></span><span class=\"property-desc line-limit-length\" title=\"Convencional\"><span style=\"vertical-align: inherit;\"><span style=\"vertical-align: inherit;\">convencional</span></span></span></li>\n<li class=\"product-prop line-limit-length\"><span class=\"property-title\"><span style=\"vertical-align: inherit;\"><span style=\"vertical-align: inherit;\">Temporada:&nbsp; </span></span></span><span class=\"property-desc line-limit-length\" title=\"Primavera, Oto&ntilde;o\"><span style=\"vertical-align: inherit;\"><span style=\"vertical-align: inherit;\">Primavera, Oto&ntilde;o</span></span></span></li>\n<li class=\"product-prop line-limit-length\"><span class=\"property-title\"><span style=\"vertical-align: inherit;\"><span style=\"vertical-align: inherit;\">Rango de edad:&nbsp; </span></span></span><span class=\"property-desc line-limit-length\" title=\"24-35\"><span style=\"vertical-align: inherit;\"><span style=\"vertical-align: inherit;\">24-35</span></span></span></li>\n<li class=\"product-prop line-limit-length\"><span class=\"property-title\"><span style=\"vertical-align: inherit;\"><span style=\"vertical-align: inherit;\">Tama&ntilde;o:&nbsp; </span></span></span><span class=\"property-desc line-limit-length\" title=\"Tallas M, L, XL, XXL, 3XL, 4XL, 5XL, 6XL\"><span style=\"vertical-align: inherit;\"><span style=\"vertical-align: inherit;\">M, L, XL, XXL, 3XL, 4XL, 5XL, 6XL</span></span></span></li>\n<li class=\"product-prop line-limit-length\" data-spm-anchor-id=\"a2g0o.detail.0.i9.f6d83956RZFsjW\"><span class=\"property-title\"><span style=\"vertical-align: inherit;\"><span style=\"vertical-align: inherit;\">G&eacute;nero:&nbsp; </span></span></span><span class=\"property-desc line-limit-length\" title=\"Hombres,Hombre,Masculino\"><span style=\"vertical-align: inherit;\"><span style=\"vertical-align: inherit;\">Hombres,Hombre,Masculino</span></span></span></li>\n</ul>\n<p>&nbsp;</p>\n<p>&nbsp;</p>','Chaqueta vaquera para hombre talla grande 6XL, estilo militar, de algodón, estilo militar, estilo Air Force One, ropa de marca para hombre, chaquetas de bombardero para primavera y otoño para hombre');

/*Table structure for table `product_variants` */

DROP TABLE IF EXISTS `product_variants`;

CREATE TABLE `product_variants` (
  `id` int(10) unsigned NOT NULL AUTO_INCREMENT,
  `uid` varchar(191) NOT NULL,
  `uids` text NOT NULL,
  `product_id` int(10) unsigned NOT NULL,
  `name` varchar(191) NOT NULL,
  `price` decimal(18,4) unsigned DEFAULT NULL,
  `special_price` decimal(18,4) unsigned DEFAULT NULL,
  `special_price_type` varchar(191) DEFAULT NULL,
  `special_price_start` date DEFAULT NULL,
  `special_price_end` date DEFAULT NULL,
  `selling_price` decimal(18,4) unsigned DEFAULT NULL,
  `sku` varchar(191) DEFAULT NULL,
  `manage_stock` tinyint(1) DEFAULT NULL,
  `qty` int(11) DEFAULT NULL,
  `in_stock` tinyint(1) DEFAULT NULL,
  `is_default` tinyint(1) DEFAULT NULL,
  `is_active` tinyint(1) DEFAULT NULL,
  `position` int(10) unsigned DEFAULT NULL,
  `deleted_at` timestamp NULL DEFAULT NULL,
  `created_at` timestamp NULL DEFAULT NULL,
  `updated_at` timestamp NULL DEFAULT NULL,
  PRIMARY KEY (`id`),
  KEY `product_variants_product_id_foreign` (`product_id`),
  CONSTRAINT `product_variants_product_id_foreign` FOREIGN KEY (`product_id`) REFERENCES `products` (`id`) ON DELETE CASCADE
) ENGINE=InnoDB AUTO_INCREMENT=45 DEFAULT CHARSET=utf8mb4 COLLATE=utf8mb4_unicode_ci;

/*Data for the table `product_variants` */

insert  into `product_variants`(`id`,`uid`,`uids`,`product_id`,`name`,`price`,`special_price`,`special_price_type`,`special_price_start`,`special_price_end`,`selling_price`,`sku`,`manage_stock`,`qty`,`in_stock`,`is_default`,`is_active`,`position`,`deleted_at`,`created_at`,`updated_at`) values 
(1,'37796431b0338a8908658e6dbc869ef7','yqu7lc9img.yujx1snim',3,'Space Grey / 1 año',1581.0000,NULL,'fixed',NULL,NULL,1581.0000,NULL,0,NULL,1,1,1,1,NULL,'2024-12-13 17:00:44','2024-12-14 18:51:26'),
(2,'5470cca82cd64c6ba99e35a4bd9c3552','2247meojwj.yqu7lc9img',3,'Space Grey / 2 años',1620.0000,NULL,'fixed',NULL,NULL,1620.0000,NULL,0,NULL,1,0,1,2,NULL,'2024-12-13 17:00:44','2024-12-14 18:51:26'),
(3,'1233b3e069bb0dee9d75ca0e55cc116d','dn29x50ni.yqu7lc9img',3,'Space Grey / 3 años',1645.0000,NULL,'fixed',NULL,NULL,1645.0000,NULL,0,NULL,1,0,1,3,NULL,'2024-12-13 17:00:44','2024-12-14 18:51:26'),
(4,'be6b4b7353cd182bfbf5b8eb702128d8','pmszm0wg2.yujx1snim',3,'Rose Gold / 1 año',1581.0000,NULL,'fixed',NULL,NULL,1581.0000,NULL,0,NULL,1,0,1,4,NULL,'2024-12-13 17:00:44','2024-12-14 18:51:26'),
(5,'d0af837420a7dcc85f107eac1b5d584d','2247meojwj.pmszm0wg2',3,'Rose Gold / 2 años',1620.0000,NULL,'fixed',NULL,NULL,1620.0000,NULL,0,NULL,1,0,1,5,NULL,'2024-12-13 17:00:44','2024-12-14 18:51:26'),
(6,'565a4ac602f03f836a9ea73b4ab1c241','dn29x50ni.pmszm0wg2',3,'Rose Gold / 3 años',1645.0000,NULL,'fixed',NULL,NULL,1645.0000,NULL,0,NULL,1,0,1,6,NULL,'2024-12-13 17:00:44','2024-12-14 18:51:26'),
(7,'0e75869975467b46701ff5a0062d93ec','19kb0h1sb.yujx1snim',3,'Red / 1 año',1581.0000,NULL,'fixed',NULL,NULL,1581.0000,NULL,0,NULL,1,0,1,7,NULL,'2024-12-13 17:00:44','2024-12-14 18:51:26'),
(8,'67c219098b766683d2e4037887826f7c','19kb0h1sb.2247meojwj',3,'Red / 2 años',1620.0000,NULL,'fixed',NULL,NULL,1620.0000,NULL,0,NULL,1,0,1,8,NULL,'2024-12-13 17:00:44','2024-12-14 18:51:26'),
(9,'a3a378b6ae0dc4f4cc64035b4a3b04c9','19kb0h1sb.dn29x50ni',3,'Red / 3 años',1645.0000,NULL,'fixed',NULL,NULL,1645.0000,NULL,0,NULL,1,0,1,9,NULL,'2024-12-13 17:00:44','2024-12-14 18:51:26'),
(10,'608b53ccdf2c8dfc9086981ab1528218','fuir9o7b2h',6,'Blanco',1200.0000,NULL,'fixed',NULL,NULL,1200.0000,NULL,0,NULL,1,1,1,1,NULL,'2024-12-14 17:56:30','2024-12-19 10:08:01'),
(11,'d2360ea4153c7841d084c9161986a414','8ypmq0r9b',6,'Gris espacial',1200.0000,NULL,'fixed',NULL,NULL,1200.0000,NULL,0,NULL,1,0,1,2,NULL,'2024-12-14 17:56:30','2024-12-19 10:08:01'),
(12,'e7e66ffeffefffa8be7dff4381ba888f','m9ds7gbyf6',6,'Negro',1200.0000,NULL,'fixed',NULL,NULL,1200.0000,NULL,0,NULL,1,0,1,3,NULL,'2024-12-14 17:56:30','2024-12-19 10:08:01'),
(13,'659054f04779789d9bb93a7c6b821f1f','j85vztxozl',7,'Blue Titanium',1299.0000,NULL,'fixed',NULL,NULL,1299.0000,NULL,0,NULL,1,1,1,1,NULL,'2024-12-14 18:18:34','2024-12-19 10:10:20'),
(14,'abc613ca9724784d2bff3e179d39d6b7','o1peq0ih11',7,'Black Titanium',1299.0000,NULL,'fixed',NULL,NULL,1299.0000,NULL,0,NULL,1,0,1,2,NULL,'2024-12-14 18:18:34','2024-12-19 10:10:20'),
(15,'ffa726e81c50c7567b541edd5c02ce70','toyghajmm9',7,'Natural Titanium',1299.0000,NULL,'fixed',NULL,NULL,1299.0000,NULL,0,NULL,1,0,1,3,NULL,'2024-12-14 18:18:34','2024-12-19 10:10:20'),
(16,'76d415c5634a4e1c4c5ad69ef9b30fe3','monfis56gg.qz44g49947',9,'Amarillo / 8GB',1500.0000,1300.0000,'fixed',NULL,'2024-12-23',1300.0000,NULL,0,NULL,0,1,1,1,NULL,'2024-12-14 19:20:42','2024-12-15 13:01:14'),
(17,'bb0c7696f15f0b87594fa7f1964bc2fa','260b4skqt.monfis56gg',9,'Gris / 8GB',1500.0000,NULL,'fixed',NULL,NULL,1500.0000,NULL,0,NULL,1,0,1,4,NULL,'2024-12-14 19:20:42','2024-12-15 13:01:14'),
(18,'d64255661c97964ded2dbaf711566d65','ctwv4f3egc.l7mz2xsqya.m35diyd0ol',10,'negro / 16GB / 500GB',6749.0000,NULL,'fixed',NULL,NULL,6749.0000,NULL,0,NULL,1,1,1,1,NULL,'2024-12-14 19:36:23','2024-12-15 12:50:27'),
(19,'c459046604e19ab9b41a882447df594c','ctwv4f3egc.l7mz2xsqya.q0fwwkrot',10,'negro / 16GB / 1TB',6749.0000,NULL,'fixed',NULL,NULL,6749.0000,NULL,0,NULL,1,0,1,2,NULL,'2024-12-14 19:36:23','2024-12-15 12:50:27'),
(20,'bca36bc024a8121922d516b78130e6b8','ctwv4f3egc.m35diyd0ol.qiv4wpg2d',10,'negro / 32GB / 500GB',6749.0000,NULL,'fixed',NULL,NULL,6749.0000,NULL,0,NULL,1,0,1,3,NULL,'2024-12-14 19:36:23','2024-12-15 12:50:27'),
(21,'47ec29c6e300d552ba975d0224c5bfe3','ctwv4f3egc.q0fwwkrot.qiv4wpg2d',10,'negro / 32GB / 1TB',6749.0000,NULL,'fixed',NULL,NULL,6749.0000,NULL,0,NULL,1,0,1,4,NULL,'2024-12-14 19:36:23','2024-12-15 12:50:27'),
(22,'6cf2f91e9bd254ff34c4e86858a07bbf','l7mz2xsqya.m35diyd0ol.zxwqgzy1y4',10,'gris / 16GB / 500GB',6749.0000,NULL,'fixed',NULL,NULL,6749.0000,NULL,0,NULL,1,0,1,5,NULL,'2024-12-14 19:36:23','2024-12-15 12:50:27'),
(23,'9623b08316670457cce312b56d97ab02','l7mz2xsqya.q0fwwkrot.zxwqgzy1y4',10,'gris / 16GB / 1TB',6749.0000,NULL,'fixed',NULL,NULL,6749.0000,NULL,0,NULL,1,0,1,6,NULL,'2024-12-14 19:36:23','2024-12-15 12:50:27'),
(24,'9090af190e9accf2766a4ec19a02d507','m35diyd0ol.qiv4wpg2d.zxwqgzy1y4',10,'gris / 32GB / 500GB',6749.0000,NULL,'fixed',NULL,NULL,6749.0000,NULL,0,NULL,1,0,1,7,NULL,'2024-12-14 19:36:23','2024-12-15 12:50:27'),
(25,'0b32cf4489e93f9b0fb8310b676db6d5','q0fwwkrot.qiv4wpg2d.zxwqgzy1y4',10,'gris / 32GB / 1TB',6749.0000,NULL,'fixed',NULL,NULL,6749.0000,NULL,0,NULL,1,0,1,8,NULL,'2024-12-14 19:36:23','2024-12-15 12:50:27'),
(26,'48fd06e568c7760813c68fc469ad43fa','bnwokmgah7.l7mz2xsqya.m35diyd0ol',10,'plateado / 16GB / 500GB',6749.0000,NULL,'fixed',NULL,NULL,6749.0000,NULL,0,NULL,1,0,1,9,NULL,'2024-12-14 19:36:23','2024-12-15 12:50:27'),
(27,'0d4da7f56aa731d29a9b81cc5d57e932','bnwokmgah7.l7mz2xsqya.q0fwwkrot',10,'plateado / 16GB / 1TB',6749.0000,NULL,'fixed',NULL,NULL,6749.0000,NULL,0,NULL,1,0,1,10,NULL,'2024-12-14 19:36:23','2024-12-15 12:50:27'),
(28,'42c9d2b919d3185f950ad47e42122e8c','bnwokmgah7.m35diyd0ol.qiv4wpg2d',10,'plateado / 32GB / 500GB',6749.0000,NULL,'fixed',NULL,NULL,6749.0000,NULL,0,NULL,1,0,1,11,NULL,'2024-12-14 19:36:23','2024-12-15 12:50:27'),
(29,'1c326ffa8558747e5b505d28fa33afa7','bnwokmgah7.q0fwwkrot.qiv4wpg2d',10,'plateado / 32GB / 1TB',6749.0000,NULL,'fixed',NULL,NULL,6749.0000,NULL,0,NULL,1,0,1,12,NULL,'2024-12-14 19:36:23','2024-12-15 12:50:27'),
(30,'8e9c01e10cb5031a2337896f8769b0cb','22owhac2zd.78skhdf6ik',13,'Silver / 8GB',1200.0000,1100.0000,'fixed',NULL,NULL,1100.0000,NULL,0,NULL,1,1,1,1,NULL,'2024-12-15 09:19:52','2024-12-15 13:23:27'),
(31,'66383270e0438513a2bd574fcbcc618f','22owhac2zd.gqql9otgbh',13,'Silver / 16GB',1300.0000,NULL,'fixed',NULL,NULL,1300.0000,NULL,0,NULL,1,0,1,2,NULL,'2024-12-15 09:19:52','2024-12-15 13:23:27'),
(32,'4205bd6821d82f53d1d84e07a22823b3','22owhac2zd.7a2prtlx02',13,'Silver / 32GB',1500.0000,NULL,'fixed',NULL,NULL,1500.0000,NULL,0,NULL,1,0,1,3,NULL,'2024-12-15 09:19:52','2024-12-15 13:23:27'),
(33,'7bedaef324e6ff06534875573388c384','6lkyyhdez.78skhdf6ik',13,'Space Grey / 8GB',1200.0000,NULL,'fixed',NULL,NULL,1200.0000,NULL,0,NULL,1,0,1,4,NULL,'2024-12-15 09:19:52','2024-12-15 13:23:27'),
(34,'62359b54984a524017f505dc5b7259a8','6lkyyhdez.gqql9otgbh',13,'Space Grey / 16GB',1300.0000,NULL,'fixed',NULL,NULL,1300.0000,NULL,0,NULL,1,0,1,5,NULL,'2024-12-15 09:19:52','2024-12-15 13:23:27'),
(35,'8c27bf2fac2f3f37dfcf935ebde87083','6lkyyhdez.7a2prtlx02',13,'Space Grey / 32GB',1500.0000,NULL,'fixed',NULL,NULL,1500.0000,NULL,0,NULL,1,0,1,6,NULL,'2024-12-15 09:19:52','2024-12-15 13:23:27'),
(36,'bdcf20ec7136d05e0eeb6d9361e36878','78skhdf6ik.fd52c4tvzn',13,'Gold / 8GB',1200.0000,NULL,'fixed',NULL,NULL,1200.0000,NULL,0,NULL,1,0,1,7,NULL,'2024-12-15 09:19:52','2024-12-15 13:23:27'),
(37,'5f27bda984630e09c0c14fbbfa2bad13','fd52c4tvzn.gqql9otgbh',13,'Gold / 16GB',1300.0000,NULL,'fixed',NULL,NULL,1300.0000,NULL,0,NULL,1,0,1,8,NULL,'2024-12-15 09:19:52','2024-12-15 13:23:27'),
(38,'d5582f5815a94fd9be529617b2f6f336','7a2prtlx02.fd52c4tvzn',13,'Gold / 32GB',1500.0000,NULL,'fixed',NULL,NULL,1500.0000,NULL,0,NULL,1,0,1,9,NULL,'2024-12-15 09:19:52','2024-12-15 13:23:27'),
(39,'f226209c160515c87adef51af1f35f3a','qz44g49947.t23elimcbi',9,'Amarillo / 16GB',1600.0000,NULL,'fixed',NULL,NULL,1600.0000,NULL,0,NULL,1,0,1,2,NULL,'2024-12-15 13:01:14','2024-12-15 13:01:14'),
(40,'858dc1da574f5a4cf71f6a37a7cdc1e3','6zzc9zgju.qz44g49947',9,'Amarillo / 32GB',1800.0000,NULL,'fixed',NULL,NULL,1800.0000,NULL,0,NULL,1,0,1,3,NULL,'2024-12-15 13:01:14','2024-12-15 13:01:14'),
(41,'a7c6e0f429c84d9d7f13c5387c767e43','260b4skqt.t23elimcbi',9,'Gris / 16GB',1600.0000,NULL,'fixed',NULL,NULL,1600.0000,NULL,0,NULL,1,0,1,5,NULL,'2024-12-15 13:01:14','2024-12-15 13:01:14'),
(42,'910e8e39f84d213b73e76bebde71bae9','260b4skqt.6zzc9zgju',9,'Gris / 32GB',1800.0000,NULL,'fixed',NULL,NULL,1800.0000,NULL,0,NULL,1,0,1,6,NULL,'2024-12-15 13:01:14','2024-12-15 13:01:14'),
(43,'d8570819c0c75677857a8c51a8b4b687','i6435t51i',17,'Negro',1200.0000,NULL,'fixed',NULL,NULL,1200.0000,NULL,0,NULL,1,1,1,1,NULL,'2024-12-15 13:52:26','2024-12-19 07:03:45'),
(44,'6c9c21132fa467fcbc880b7415ae0377','ubu74spd9',17,'Blanco',1200.0000,NULL,'fixed',NULL,NULL,1200.0000,NULL,0,NULL,1,0,1,2,NULL,'2024-12-15 13:52:26','2024-12-19 07:03:45');

/*Table structure for table `product_variations` */

DROP TABLE IF EXISTS `product_variations`;

CREATE TABLE `product_variations` (
  `product_id` int(10) unsigned NOT NULL,
  `variation_id` int(10) unsigned NOT NULL,
  PRIMARY KEY (`product_id`,`variation_id`),
  KEY `product_variations_variation_id_foreign` (`variation_id`),
  CONSTRAINT `product_variations_product_id_foreign` FOREIGN KEY (`product_id`) REFERENCES `products` (`id`) ON DELETE CASCADE,
  CONSTRAINT `product_variations_variation_id_foreign` FOREIGN KEY (`variation_id`) REFERENCES `variations` (`id`) ON DELETE CASCADE
) ENGINE=InnoDB DEFAULT CHARSET=utf8mb4 COLLATE=utf8mb4_unicode_ci;

/*Data for the table `product_variations` */

insert  into `product_variations`(`product_id`,`variation_id`) values 
(3,4),
(3,5),
(6,6),
(7,7),
(9,8),
(9,14),
(10,9),
(10,10),
(10,11),
(13,12),
(13,13),
(17,15);

/*Table structure for table `products` */

DROP TABLE IF EXISTS `products`;

CREATE TABLE `products` (
  `id` int(10) unsigned NOT NULL AUTO_INCREMENT,
  `brand_id` int(10) unsigned DEFAULT NULL,
  `tax_class_id` int(10) unsigned DEFAULT NULL,
  `slug` varchar(191) NOT NULL,
  `price` decimal(18,4) DEFAULT NULL,
  `special_price` decimal(18,4) unsigned DEFAULT NULL,
  `special_price_type` varchar(191) DEFAULT NULL,
  `special_price_start` date DEFAULT NULL,
  `special_price_end` date DEFAULT NULL,
  `selling_price` decimal(18,4) unsigned DEFAULT NULL,
  `sku` varchar(191) DEFAULT NULL,
  `manage_stock` tinyint(1) NOT NULL DEFAULT 0,
  `qty` int(11) DEFAULT NULL,
  `in_stock` tinyint(1) NOT NULL DEFAULT 1,
  `viewed` int(10) unsigned NOT NULL DEFAULT 0,
  `is_active` tinyint(1) NOT NULL,
  `new_from` datetime DEFAULT NULL,
  `new_to` datetime DEFAULT NULL,
  `deleted_at` timestamp NULL DEFAULT NULL,
  `created_at` timestamp NULL DEFAULT NULL,
  `updated_at` timestamp NULL DEFAULT NULL,
  `is_virtual` tinyint(1) NOT NULL DEFAULT 0,
  PRIMARY KEY (`id`),
  UNIQUE KEY `products_slug_unique` (`slug`),
  KEY `products_brand_id_foreign` (`brand_id`),
  CONSTRAINT `products_brand_id_foreign` FOREIGN KEY (`brand_id`) REFERENCES `brands` (`id`) ON DELETE SET NULL
) ENGINE=InnoDB AUTO_INCREMENT=36 DEFAULT CHARSET=utf8mb4 COLLATE=utf8mb4_unicode_ci;

/*Data for the table `products` */

insert  into `products`(`id`,`brand_id`,`tax_class_id`,`slug`,`price`,`special_price`,`special_price_type`,`special_price_start`,`special_price_end`,`selling_price`,`sku`,`manage_stock`,`qty`,`in_stock`,`viewed`,`is_active`,`new_from`,`new_to`,`deleted_at`,`created_at`,`updated_at`,`is_virtual`) values 
(1,NULL,NULL,'huawei-p30-pro-128gb8gb-ram-vog-l29-40mp-lte-factory-unlocked-gsm-smartphone',639.9900,NULL,'fixed',NULL,NULL,639.9900,'QPRU2UNF',0,NULL,1,35,1,NULL,NULL,NULL,'2024-12-13 09:27:30','2024-12-14 18:44:56',0),
(2,2,NULL,'samsung-galaxy-s20-sm-g980fds-dual-sim-128-gb-62-version-internacional',1499.0000,1150.0000,'fixed','2024-12-13','2025-07-10',1150.0000,'HX15YDZ43',0,NULL,1,6,1,NULL,NULL,NULL,'2024-12-13 14:50:40','2024-12-14 18:47:53',0),
(3,1,NULL,'telefono-original-iphone-11-pro-max-64g-de-65-pulgadas-con-doble-tarjeta-y-pantalla-completa',NULL,NULL,'fixed',NULL,NULL,NULL,NULL,0,NULL,1,15,1,NULL,NULL,NULL,'2024-12-13 17:00:44','2024-12-14 18:51:26',0),
(4,3,NULL,'huawei-mate-30-pro-653-128-gb-8-gb-ram-solo-gsm-sin-cdma-desbloqueado-de-fabrica',840.0000,800.0000,'fixed',NULL,NULL,800.0000,NULL,0,NULL,1,11,1,NULL,NULL,NULL,'2024-12-13 17:15:44','2024-12-14 18:56:57',0),
(5,8,NULL,'telefono-inteligente-asus-rog-phone-2-zs660kl-128-gb-de-rom-8-gb-de-ram-snapdragon-855-plus',819.0000,NULL,'fixed',NULL,NULL,819.0000,'H662NGH9',1,38,1,6,1,NULL,NULL,NULL,'2024-12-14 17:33:10','2024-12-19 10:07:19',0),
(6,NULL,NULL,'apple-iphone-xs-64-gb-gris-espacial',NULL,NULL,'fixed',NULL,NULL,NULL,NULL,0,NULL,1,9,1,NULL,NULL,NULL,'2024-12-14 17:56:30','2024-12-19 10:08:01',0),
(7,NULL,NULL,'apple-iphone-15-pro-max',NULL,NULL,'fixed',NULL,NULL,NULL,NULL,0,NULL,1,7,1,NULL,NULL,NULL,'2024-12-14 18:18:34','2024-12-19 10:10:20',0),
(8,NULL,NULL,'zte-nubia-red-magic-3-665-128gb-8gb-dual-sim-desbloqueado-de-fabrica-stock-internacional',700.0000,NULL,'fixed',NULL,NULL,700.0000,NULL,0,NULL,1,2,1,NULL,NULL,NULL,'2024-12-14 18:28:07','2024-12-14 18:28:07',0),
(9,NULL,NULL,'apple-macbook-air-13-pulgadas-8-gb-de-ram-256-gb-de-almacenamiento-intel-core-i5-de-16-ghz-dorado',NULL,NULL,'fixed',NULL,NULL,NULL,NULL,0,NULL,1,20,1,NULL,NULL,NULL,'2024-12-14 19:17:40','2024-12-15 13:01:14',0),
(10,NULL,NULL,'portatil-asus-mothership-x-intel-i9-9980hk-de-8-nucleos-64-gb-de-ram-ssd-pcie-de-2-tb-pantalla-full-hd-de-173',NULL,NULL,'fixed',NULL,NULL,NULL,NULL,0,NULL,1,16,1,NULL,NULL,NULL,'2024-12-14 19:36:23','2024-12-15 12:50:27',0),
(11,8,NULL,'portatil-para-juegos-asus-rog-zephyrus-s-gx502gv-intel-i7-9750h-32-gb-de-ram',1600.0000,NULL,'fixed',NULL,NULL,1600.0000,'AGWNZRDL',0,NULL,0,11,1,NULL,NULL,NULL,'2024-12-15 07:03:57','2024-12-15 13:13:43',1),
(12,12,NULL,'msi-modern-14-a10m-460-portatil-profesional-ultradelgado-y-liviano-de-14-intel-core-i5',719.9900,NULL,'fixed',NULL,NULL,719.9900,'HSWLDXKG',0,NULL,1,12,1,NULL,'2024-12-21 12:00:00',NULL,'2024-12-15 07:16:40','2024-12-15 13:18:38',0),
(13,NULL,NULL,'macbook-pro-de-apple-modelo-2019-13-pulgadas-intel-core-i5-14-ghz-8-gb-128-gb',NULL,NULL,'fixed',NULL,NULL,NULL,NULL,0,NULL,1,19,1,NULL,'2024-12-23 12:00:00',NULL,'2024-12-15 09:19:52','2024-12-15 13:23:27',0),
(14,NULL,NULL,'dell-g5-15-gaming-laptop-intel-core-i7-9750h-nvidia-gtx-1650-156-fhd-lcd',900.0000,NULL,'fixed',NULL,NULL,900.0000,NULL,0,NULL,1,5,1,NULL,NULL,NULL,'2024-12-15 10:32:25','2024-12-15 13:28:46',0),
(15,NULL,NULL,'portatil-con-pantalla-tactil-zenbook-pro-duo-ux581-y-screenpad-plus-intel-i9-9980hk-geforce-rtx-2060',1200.0000,NULL,'fixed',NULL,NULL,1200.0000,NULL,0,NULL,1,1,1,NULL,NULL,NULL,'2024-12-15 11:49:06','2024-12-15 12:07:57',0),
(16,NULL,NULL,'huawei-kepler-matebook-d-14-amd-r5-8-gb-256-gb-plata-mistica',1240.0000,NULL,'fixed',NULL,NULL,1240.0000,NULL,0,NULL,1,3,1,NULL,NULL,NULL,'2024-12-15 12:25:43','2024-12-15 12:25:43',0),
(17,NULL,NULL,'televisor-sony-x950g-de-55-pulgadas-televisor-led-inteligente-4k-ultra-hd',NULL,NULL,'fixed',NULL,NULL,NULL,NULL,0,NULL,1,3,1,NULL,'2024-12-23 12:00:00',NULL,'2024-12-15 13:52:26','2024-12-19 07:03:45',0),
(18,NULL,NULL,'televisor-led-inteligente-sony-xbr49x900f-4k-ultra-hd-de-49-pulgadas',1100.0000,800.0000,'fixed',NULL,'2024-12-24',800.0000,NULL,0,NULL,1,4,1,NULL,NULL,NULL,'2024-12-15 14:29:25','2024-12-19 07:02:34',0),
(19,15,NULL,'lg-86sm9070pua-alexa-built-in-nano-9-series-86-4k',1200.0000,NULL,'fixed',NULL,NULL,1200.0000,NULL,0,NULL,1,8,1,NULL,NULL,NULL,'2024-12-18 17:46:08','2024-12-19 07:01:26',0),
(20,15,NULL,'televisor-led-inteligente-4k-ultra-hd-de-75-pulgadas-lg-electronics-75uh6550',1289.0000,NULL,'fixed',NULL,NULL,1289.0000,NULL,0,NULL,1,10,1,NULL,NULL,NULL,'2024-12-18 17:57:24','2024-12-19 06:59:27',0),
(21,NULL,NULL,'televisor-led-inteligente-4k-roku-de-55-pulgadas-tcl-55s425',1900.0000,NULL,'fixed',NULL,NULL,1900.0000,NULL,0,NULL,1,4,1,NULL,NULL,NULL,'2024-12-18 18:17:44','2024-12-19 06:56:56',0),
(22,15,NULL,'lg-electronics-oled65e8pua-televisor-ultra-hd-4k-de-65-pulgadas',1780.0000,NULL,'fixed',NULL,'2024-12-25',1780.0000,'HU1A2I2511',0,NULL,0,4,1,NULL,NULL,NULL,'2024-12-18 18:47:59','2024-12-18 19:19:03',0),
(23,15,NULL,'televisor-inteligente-lg-oled65cxpua-de-65-con-resolucion-4k-ultra-hd-y-alexa-integrada-serie-cx',1679.0000,NULL,'fixed',NULL,NULL,1679.0000,NULL,0,NULL,1,3,1,NULL,'2024-12-25 12:00:00',NULL,'2024-12-18 18:58:02','2024-12-18 19:17:18',0),
(24,2,NULL,'samsung-qn55q80rafxza-plana-qled-4k-de-55-pulgadas',1700.0000,NULL,'fixed',NULL,NULL,1700.0000,NULL,0,NULL,1,2,1,NULL,NULL,NULL,'2024-12-18 19:14:03','2024-12-18 19:15:51',0),
(25,NULL,NULL,'cinturones-de-cuero-de-moda-para-hombre-williampolo-con-hebilla-solida',75.0000,NULL,'fixed',NULL,NULL,75.0000,'H662NGH9',0,NULL,1,4,1,NULL,NULL,NULL,'2024-12-19 07:21:56','2024-12-19 09:45:29',0),
(26,NULL,NULL,'chaqueta-impermeable-para-hombre-para-acampar-al-aire-libre-y-esquiar',120.0000,100.0000,'fixed',NULL,'2024-12-26',100.0000,NULL,0,NULL,1,7,1,NULL,NULL,NULL,'2024-12-19 07:39:00','2024-12-19 09:43:19',0),
(27,10,NULL,'zapatillas-nike-air-max-270-para-padre-e-hijo-originales',140.0000,NULL,'fixed',NULL,NULL,140.0000,NULL,0,NULL,0,4,1,NULL,NULL,NULL,'2024-12-19 08:01:10','2024-12-19 09:37:42',0),
(28,NULL,NULL,'camisa-de-hombre-de-algodon-de-marca-de-talla-grande-5xl-ropa-para-hombre-camisa-lisa-y-suave',120.0000,NULL,'fixed',NULL,NULL,120.0000,NULL,0,NULL,1,2,1,NULL,NULL,NULL,'2024-12-19 08:18:09','2024-12-19 09:40:55',0),
(29,NULL,NULL,'polo-informal-con-bordado-de-ciervo-para-hombre',27.0000,20.0000,'fixed',NULL,'2024-12-27',20.0000,'HX15YDZ43',0,NULL,1,5,1,NULL,NULL,NULL,'2024-12-19 08:52:06','2024-12-19 09:39:55',0),
(30,NULL,NULL,'camisa-masculina-de-manga-larga-camisa-de-hombre-camisa-elegante-para-club-publico',20.0000,NULL,'fixed',NULL,'2024-12-26',20.0000,NULL,0,NULL,1,5,1,NULL,NULL,NULL,'2024-12-19 09:07:35','2024-12-19 09:36:11',0),
(31,NULL,NULL,'nueva-chaqueta-vaquera-de-invierno-para-hombre-de-henchiry',34.0000,NULL,'fixed','2024-12-19','2024-12-24',34.0000,NULL,0,NULL,1,5,1,NULL,'2024-12-25 12:00:00',NULL,'2024-12-19 09:30:57','2024-12-19 09:33:05',0),
(32,NULL,NULL,'reloj-inteligente-samsung-galaxy-watch-46-mm-gps-bluetooth-platanegro',209.0000,30.0000,'percent',NULL,'2024-12-30',146.3000,'HT081PK7',0,NULL,1,9,1,NULL,NULL,NULL,'2024-12-19 11:18:47','2024-12-19 11:23:34',0),
(33,NULL,NULL,'pantalones-vaqueros-rectos-ajustados-de-tiro-medio-informales-clasicos-para-hombre-pantalones-largos-para-jovenes',34.0000,NULL,'fixed','2024-12-19','2024-12-31',34.0000,NULL,0,NULL,1,3,1,'2024-12-19 12:00:00','2024-12-31 12:00:00',NULL,'2024-12-19 11:31:47','2024-12-19 11:31:47',0),
(34,NULL,NULL,'chaquetas-vaqueras-para-hombre-de-naranjasabor',123.0000,34.0000,'percent',NULL,'2024-12-31',81.1800,'HT081PK7',1,3,1,2,1,NULL,'2024-12-26 12:00:00',NULL,'2024-12-19 11:44:53','2024-12-19 11:44:53',0),
(35,NULL,NULL,'chaqueta-vaquera-para-hombre-talla-6xl-estilo-militar-de-algodon-estilo-militar-estilo-militar-para-hombre',123.0000,NULL,'fixed',NULL,NULL,123.0000,NULL,0,NULL,1,2,1,NULL,'2024-12-26 12:00:00',NULL,'2024-12-19 12:12:54','2024-12-19 12:26:25',0);

/*Table structure for table `related_products` */

DROP TABLE IF EXISTS `related_products`;

CREATE TABLE `related_products` (
  `product_id` int(10) unsigned NOT NULL,
  `related_product_id` int(10) unsigned NOT NULL,
  `created_at` timestamp NULL DEFAULT NULL,
  `updated_at` timestamp NULL DEFAULT NULL,
  PRIMARY KEY (`product_id`,`related_product_id`),
  KEY `related_products_related_product_id_foreign` (`related_product_id`),
  CONSTRAINT `related_products_product_id_foreign` FOREIGN KEY (`product_id`) REFERENCES `products` (`id`) ON DELETE CASCADE,
  CONSTRAINT `related_products_related_product_id_foreign` FOREIGN KEY (`related_product_id`) REFERENCES `products` (`id`) ON DELETE CASCADE
) ENGINE=InnoDB DEFAULT CHARSET=utf8mb4 COLLATE=utf8mb4_unicode_ci;

/*Data for the table `related_products` */

insert  into `related_products`(`product_id`,`related_product_id`,`created_at`,`updated_at`) values 
(1,1,NULL,NULL),
(1,2,NULL,NULL),
(1,4,NULL,NULL),
(1,5,NULL,NULL),
(1,7,NULL,NULL),
(2,1,NULL,NULL),
(2,2,NULL,NULL),
(2,4,NULL,NULL),
(2,5,NULL,NULL),
(2,6,NULL,NULL),
(2,7,NULL,NULL),
(3,1,NULL,NULL),
(3,2,NULL,NULL),
(3,3,NULL,NULL),
(3,4,NULL,NULL),
(3,5,NULL,NULL),
(3,6,NULL,NULL),
(3,7,NULL,NULL),
(4,1,NULL,NULL),
(4,2,NULL,NULL),
(4,3,NULL,NULL),
(4,4,NULL,NULL),
(4,5,NULL,NULL),
(4,7,NULL,NULL),
(5,3,NULL,NULL),
(5,5,NULL,NULL),
(5,17,NULL,NULL),
(5,18,NULL,NULL),
(5,20,NULL,NULL),
(5,21,NULL,NULL),
(5,22,NULL,NULL),
(5,23,NULL,NULL),
(6,3,NULL,NULL),
(6,5,NULL,NULL),
(6,17,NULL,NULL),
(6,18,NULL,NULL),
(6,20,NULL,NULL),
(6,21,NULL,NULL),
(6,22,NULL,NULL),
(6,23,NULL,NULL),
(7,3,NULL,NULL),
(7,5,NULL,NULL),
(7,17,NULL,NULL),
(7,18,NULL,NULL),
(7,20,NULL,NULL),
(7,21,NULL,NULL),
(7,22,NULL,NULL),
(7,23,NULL,NULL),
(8,1,NULL,NULL),
(8,4,NULL,NULL),
(8,5,NULL,NULL),
(8,7,NULL,NULL),
(9,10,NULL,NULL),
(9,11,NULL,NULL),
(9,12,NULL,NULL),
(9,13,NULL,NULL),
(9,14,NULL,NULL),
(9,15,NULL,NULL),
(9,16,NULL,NULL),
(10,9,NULL,NULL),
(10,11,NULL,NULL),
(10,12,NULL,NULL),
(10,13,NULL,NULL),
(10,14,NULL,NULL),
(10,15,NULL,NULL),
(10,16,NULL,NULL),
(11,9,NULL,NULL),
(11,11,NULL,NULL),
(11,12,NULL,NULL),
(11,13,NULL,NULL),
(11,14,NULL,NULL),
(11,15,NULL,NULL),
(11,16,NULL,NULL),
(12,9,NULL,NULL),
(12,10,NULL,NULL),
(12,11,NULL,NULL),
(12,13,NULL,NULL),
(12,14,NULL,NULL),
(12,15,NULL,NULL),
(12,16,NULL,NULL),
(13,9,NULL,NULL),
(13,10,NULL,NULL),
(13,11,NULL,NULL),
(13,12,NULL,NULL),
(13,14,NULL,NULL),
(13,15,NULL,NULL),
(13,16,NULL,NULL),
(14,9,NULL,NULL),
(14,10,NULL,NULL),
(14,11,NULL,NULL),
(14,12,NULL,NULL),
(14,13,NULL,NULL),
(14,14,NULL,NULL),
(14,16,NULL,NULL),
(15,9,NULL,NULL),
(15,11,NULL,NULL),
(15,12,NULL,NULL),
(15,13,NULL,NULL),
(15,14,NULL,NULL),
(15,15,NULL,NULL),
(16,9,NULL,NULL),
(16,10,NULL,NULL),
(16,11,NULL,NULL),
(16,12,NULL,NULL),
(16,13,NULL,NULL),
(16,14,NULL,NULL),
(16,15,NULL,NULL),
(17,3,NULL,NULL),
(17,5,NULL,NULL),
(17,17,NULL,NULL),
(17,18,NULL,NULL),
(17,20,NULL,NULL),
(17,21,NULL,NULL),
(17,22,NULL,NULL),
(17,23,NULL,NULL),
(18,17,NULL,NULL),
(18,18,NULL,NULL),
(18,20,NULL,NULL),
(18,21,NULL,NULL),
(18,22,NULL,NULL),
(18,23,NULL,NULL),
(19,17,NULL,NULL),
(19,18,NULL,NULL),
(19,20,NULL,NULL),
(19,21,NULL,NULL),
(19,22,NULL,NULL),
(19,23,NULL,NULL),
(20,17,NULL,NULL),
(20,18,NULL,NULL),
(20,20,NULL,NULL),
(20,21,NULL,NULL),
(20,22,NULL,NULL),
(20,23,NULL,NULL),
(21,17,NULL,NULL),
(21,18,NULL,NULL),
(21,20,NULL,NULL),
(21,21,NULL,NULL),
(21,22,NULL,NULL),
(21,23,NULL,NULL),
(22,17,NULL,NULL),
(22,18,NULL,NULL),
(22,20,NULL,NULL),
(22,21,NULL,NULL),
(22,22,NULL,NULL),
(22,23,NULL,NULL),
(23,17,NULL,NULL),
(23,18,NULL,NULL),
(23,20,NULL,NULL),
(23,21,NULL,NULL),
(23,22,NULL,NULL),
(23,23,NULL,NULL),
(24,17,NULL,NULL),
(24,18,NULL,NULL),
(24,20,NULL,NULL),
(24,21,NULL,NULL),
(24,22,NULL,NULL),
(24,23,NULL,NULL),
(25,26,NULL,NULL),
(25,27,NULL,NULL),
(25,28,NULL,NULL),
(25,29,NULL,NULL),
(25,30,NULL,NULL),
(25,31,NULL,NULL),
(26,25,NULL,NULL),
(26,26,NULL,NULL),
(26,27,NULL,NULL),
(26,28,NULL,NULL),
(26,29,NULL,NULL),
(26,30,NULL,NULL),
(26,31,NULL,NULL),
(27,25,NULL,NULL),
(27,26,NULL,NULL),
(27,28,NULL,NULL),
(27,29,NULL,NULL),
(27,30,NULL,NULL),
(27,31,NULL,NULL),
(28,25,NULL,NULL),
(28,26,NULL,NULL),
(28,27,NULL,NULL),
(28,28,NULL,NULL),
(28,29,NULL,NULL),
(28,30,NULL,NULL),
(28,31,NULL,NULL),
(29,25,NULL,NULL),
(29,26,NULL,NULL),
(29,27,NULL,NULL),
(29,28,NULL,NULL),
(29,29,NULL,NULL),
(29,30,NULL,NULL),
(29,31,NULL,NULL),
(30,25,NULL,NULL),
(30,26,NULL,NULL),
(30,27,NULL,NULL),
(30,28,NULL,NULL),
(30,30,NULL,NULL),
(30,31,NULL,NULL),
(31,25,NULL,NULL),
(31,26,NULL,NULL),
(31,27,NULL,NULL),
(31,28,NULL,NULL),
(31,29,NULL,NULL),
(31,30,NULL,NULL),
(32,25,NULL,NULL),
(32,26,NULL,NULL),
(32,28,NULL,NULL),
(32,29,NULL,NULL),
(32,30,NULL,NULL),
(32,31,NULL,NULL),
(33,25,NULL,NULL),
(33,26,NULL,NULL),
(33,27,NULL,NULL),
(33,28,NULL,NULL),
(33,29,NULL,NULL),
(33,30,NULL,NULL),
(33,31,NULL,NULL),
(34,25,NULL,NULL),
(34,26,NULL,NULL),
(34,27,NULL,NULL),
(34,28,NULL,NULL),
(34,29,NULL,NULL),
(34,30,NULL,NULL),
(34,31,NULL,NULL),
(34,32,NULL,NULL),
(35,25,NULL,NULL),
(35,26,NULL,NULL),
(35,27,NULL,NULL),
(35,28,NULL,NULL),
(35,30,NULL,NULL),
(35,31,NULL,NULL),
(35,33,NULL,NULL),
(35,34,NULL,NULL);

/*Table structure for table `reminders` */

DROP TABLE IF EXISTS `reminders`;

CREATE TABLE `reminders` (
  `id` int(10) unsigned NOT NULL AUTO_INCREMENT,
  `user_id` int(10) unsigned NOT NULL,
  `code` varchar(191) NOT NULL,
  `completed` tinyint(1) NOT NULL DEFAULT 0,
  `completed_at` datetime DEFAULT NULL,
  `created_at` timestamp NULL DEFAULT NULL,
  `updated_at` timestamp NULL DEFAULT NULL,
  PRIMARY KEY (`id`),
  KEY `reminders_user_id_foreign` (`user_id`),
  CONSTRAINT `reminders_user_id_foreign` FOREIGN KEY (`user_id`) REFERENCES `users` (`id`) ON DELETE CASCADE
) ENGINE=InnoDB DEFAULT CHARSET=utf8mb4 COLLATE=utf8mb4_unicode_ci;

/*Data for the table `reminders` */

/*Table structure for table `reviews` */

DROP TABLE IF EXISTS `reviews`;

CREATE TABLE `reviews` (
  `id` int(10) unsigned NOT NULL AUTO_INCREMENT,
  `reviewer_id` int(10) unsigned DEFAULT NULL,
  `product_id` int(10) unsigned NOT NULL,
  `rating` int(11) NOT NULL,
  `reviewer_name` varchar(191) NOT NULL,
  `comment` text NOT NULL,
  `is_approved` tinyint(1) NOT NULL,
  `created_at` timestamp NULL DEFAULT NULL,
  `updated_at` timestamp NULL DEFAULT NULL,
  PRIMARY KEY (`id`),
  KEY `reviews_reviewer_id_index` (`reviewer_id`),
  KEY `reviews_product_id_index` (`product_id`),
  CONSTRAINT `reviews_product_id_foreign` FOREIGN KEY (`product_id`) REFERENCES `products` (`id`) ON DELETE CASCADE
) ENGINE=InnoDB DEFAULT CHARSET=utf8mb4 COLLATE=utf8mb4_unicode_ci;

/*Data for the table `reviews` */

/*Table structure for table `role_translations` */

DROP TABLE IF EXISTS `role_translations`;

CREATE TABLE `role_translations` (
  `id` int(10) unsigned NOT NULL AUTO_INCREMENT,
  `role_id` int(10) unsigned NOT NULL,
  `locale` varchar(191) NOT NULL,
  `name` varchar(191) NOT NULL,
  PRIMARY KEY (`id`),
  UNIQUE KEY `role_translations_role_id_locale_unique` (`role_id`,`locale`),
  CONSTRAINT `role_translations_role_id_foreign` FOREIGN KEY (`role_id`) REFERENCES `roles` (`id`) ON DELETE CASCADE
) ENGINE=InnoDB AUTO_INCREMENT=3 DEFAULT CHARSET=utf8mb4 COLLATE=utf8mb4_unicode_ci;

/*Data for the table `role_translations` */

insert  into `role_translations`(`id`,`role_id`,`locale`,`name`) values 
(1,1,'es','Administrador'),
(2,2,'es','Usuario');

/*Table structure for table `roles` */

DROP TABLE IF EXISTS `roles`;

CREATE TABLE `roles` (
  `id` int(10) unsigned NOT NULL AUTO_INCREMENT,
  `permissions` text DEFAULT NULL,
  `created_at` timestamp NULL DEFAULT NULL,
  `updated_at` timestamp NULL DEFAULT NULL,
  PRIMARY KEY (`id`)
) ENGINE=InnoDB AUTO_INCREMENT=3 DEFAULT CHARSET=utf8mb4 COLLATE=utf8mb4_unicode_ci;

/*Data for the table `roles` */

insert  into `roles`(`id`,`permissions`,`created_at`,`updated_at`) values 
(1,'{\"admin.attributes.index\":true,\"admin.attributes.create\":true,\"admin.attributes.edit\":true,\"admin.attributes.destroy\":true,\"admin.attribute_sets.index\":true,\"admin.attribute_sets.create\":true,\"admin.attribute_sets.edit\":true,\"admin.attribute_sets.destroy\":true,\"admin.blog_posts.index\":true,\"admin.blog_posts.create\":true,\"admin.blog_posts.edit\":true,\"admin.blog_posts.destroy\":true,\"admin.blog_categories.index\":true,\"admin.blog_categories.create\":true,\"admin.blog_categories.edit\":true,\"admin.blog_categories.destroy\":true,\"admin.blog_tags.index\":true,\"admin.blog_tags.create\":true,\"admin.blog_tags.edit\":true,\"admin.blog_tags.destroy\":true,\"admin.brands.index\":true,\"admin.brands.create\":true,\"admin.brands.edit\":true,\"admin.brands.destroy\":true,\"admin.categories.index\":true,\"admin.categories.create\":true,\"admin.categories.edit\":true,\"admin.categories.destroy\":true,\"admin.coupons.index\":true,\"admin.coupons.create\":true,\"admin.coupons.edit\":true,\"admin.coupons.destroy\":true,\"admin.currency_rates.index\":true,\"admin.currency_rates.edit\":true,\"admin.flash_sales.index\":true,\"admin.flash_sales.create\":true,\"admin.flash_sales.edit\":true,\"admin.flash_sales.destroy\":true,\"admin.media.index\":true,\"admin.media.create\":true,\"admin.media.destroy\":true,\"admin.menus.index\":true,\"admin.menus.create\":true,\"admin.menus.edit\":true,\"admin.menus.destroy\":true,\"admin.menu_items.index\":true,\"admin.menu_items.create\":true,\"admin.menu_items.edit\":true,\"admin.menu_items.destroy\":true,\"admin.options.index\":true,\"admin.options.create\":true,\"admin.options.edit\":true,\"admin.options.destroy\":true,\"admin.orders.index\":true,\"admin.orders.show\":true,\"admin.orders.edit\":true,\"admin.pages.index\":true,\"admin.pages.create\":true,\"admin.pages.edit\":true,\"admin.pages.destroy\":true,\"admin.products.index\":true,\"admin.products.create\":true,\"admin.products.edit\":true,\"admin.products.destroy\":true,\"admin.reports.index\":true,\"admin.reviews.index\":true,\"admin.reviews.edit\":true,\"admin.reviews.destroy\":true,\"admin.settings.edit\":true,\"admin.sliders.index\":true,\"admin.sliders.create\":true,\"admin.sliders.edit\":true,\"admin.sliders.destroy\":true,\"admin.storefront.edit\":true,\"admin.tags.index\":true,\"admin.tags.create\":true,\"admin.tags.edit\":true,\"admin.tags.destroy\":true,\"admin.taxes.index\":true,\"admin.taxes.create\":true,\"admin.taxes.edit\":true,\"admin.taxes.destroy\":true,\"admin.transactions.index\":true,\"admin.translations.index\":true,\"admin.translations.edit\":true,\"admin.users.index\":true,\"admin.users.create\":true,\"admin.users.edit\":true,\"admin.users.destroy\":true,\"admin.roles.index\":true,\"admin.roles.create\":true,\"admin.roles.edit\":true,\"admin.roles.destroy\":true,\"admin.variations.index\":true,\"admin.variations.create\":true,\"admin.variations.edit\":true,\"admin.variations.destroy\":true}','2024-12-13 08:22:41','2024-12-13 10:05:55'),
(2,'[]','2024-12-13 08:22:41','2024-12-13 10:06:09');

/*Table structure for table `search_terms` */

DROP TABLE IF EXISTS `search_terms`;

CREATE TABLE `search_terms` (
  `id` int(10) unsigned NOT NULL AUTO_INCREMENT,
  `term` varchar(191) NOT NULL,
  `results` int(10) unsigned NOT NULL,
  `hits` int(10) unsigned NOT NULL DEFAULT 0,
  `created_at` timestamp NULL DEFAULT NULL,
  `updated_at` timestamp NULL DEFAULT NULL,
  PRIMARY KEY (`id`),
  UNIQUE KEY `search_terms_term_unique` (`term`)
) ENGINE=InnoDB AUTO_INCREMENT=10 DEFAULT CHARSET=utf8mb4 COLLATE=utf8mb4_unicode_ci;

/*Data for the table `search_terms` */

insert  into `search_terms`(`id`,`term`,`results`,`hits`,`created_at`,`updated_at`) values 
(1,'camisa',2,1,'2024-12-19 10:28:02','2024-12-19 10:28:02'),
(2,'telefono',2,5,'2024-12-19 11:11:58','2024-12-19 13:12:20'),
(3,'apple',4,2,'2024-12-19 11:12:10','2024-12-19 11:12:27'),
(4,'panatalon',0,1,'2024-12-19 11:12:19','2024-12-19 11:12:19'),
(5,'mac',2,2,'2024-12-19 11:12:36','2024-12-19 11:12:39'),
(6,'reloj',1,3,'2024-12-19 12:30:06','2024-12-19 12:32:30'),
(7,'zapatilla',1,3,'2024-12-19 12:30:23','2024-12-19 12:32:14'),
(8,'laptops',0,9,'2024-12-19 13:12:25','2024-12-19 19:15:26'),
(9,'pantalon',1,2,'2024-12-19 13:22:47','2024-12-19 13:22:50');

/*Table structure for table `setting_translations` */

DROP TABLE IF EXISTS `setting_translations`;

CREATE TABLE `setting_translations` (
  `id` int(10) unsigned NOT NULL AUTO_INCREMENT,
  `setting_id` int(10) unsigned NOT NULL,
  `locale` varchar(191) NOT NULL,
  `value` longtext DEFAULT NULL,
  PRIMARY KEY (`id`),
  UNIQUE KEY `setting_translations_setting_id_locale_unique` (`setting_id`,`locale`),
  CONSTRAINT `setting_translations_setting_id_foreign` FOREIGN KEY (`setting_id`) REFERENCES `settings` (`id`) ON DELETE CASCADE
) ENGINE=InnoDB AUTO_INCREMENT=84 DEFAULT CHARSET=utf8mb4 COLLATE=utf8mb4_unicode_ci;

/*Data for the table `setting_translations` */

insert  into `setting_translations`(`id`,`setting_id`,`locale`,`value`) values 
(1,1,'es','s:7:\"UMGShop\";'),
(2,24,'es','s:4:\"auto\";'),
(3,25,'es','s:13:\"Free Shipping\";'),
(4,26,'es','s:12:\"Local Pickup\";'),
(5,27,'es','s:9:\"Flat Rate\";'),
(6,28,'es','s:6:\"PayPal\";'),
(7,29,'es','s:28:\"Pay via your PayPal account.\";'),
(8,30,'es','s:6:\"Stripe\";'),
(9,31,'es','s:29:\"Pay via credit or debit card.\";'),
(10,32,'es','s:5:\"Paytm\";'),
(11,33,'es','s:103:\"The best payment gateway provider in India for e-payment through credit card, debit card & net banking.\";'),
(12,34,'es','s:8:\"Razorpay\";'),
(13,35,'es','s:74:\"Pay securely by Credit or Debit card or Internet Banking through Razorpay.\";'),
(14,36,'es','s:9:\"Instamojo\";'),
(15,37,'es','s:16:\"CC/DB/NB/Wallets\";'),
(16,38,'es','s:13:\"Authorize.net\";'),
(17,39,'es','s:33:\"Accept payments anytime, anywhere\";'),
(18,40,'es','s:8:\"Paystack\";'),
(19,41,'es','s:45:\"Modern online and offline payments for Africa\";'),
(20,42,'es','s:12:\"Mercado Pago\";'),
(21,43,'es','s:36:\"From now on, do more with your money\";'),
(22,44,'es','s:11:\"Flutterwave\";'),
(23,45,'es','s:40:\"Endless possibilities for every business\";'),
(24,46,'es','s:6:\"Iyzico\";'),
(25,47,'es','s:33:\"Pay for your shopping with iyzico\";'),
(26,48,'es','s:7:\"Payfast\";'),
(27,49,'es','s:31:\"Online Payments In South Africa\";'),
(28,50,'es','s:16:\"Cash On Delivery\";'),
(29,51,'es','s:28:\"Pay with cash upon delivery.\";'),
(30,52,'es','s:13:\"Transferencia\";'),
(31,53,'es','s:110:\"Realice su pago directamente en nuestra cuenta bancaria. Utilice su número de pedido como referencia de pago.\";'),
(32,54,'es','s:19:\"Check / Money Order\";'),
(33,55,'es','s:33:\"Please send a check to our store.\";'),
(34,58,'es','s:54:\"UMGShop- La tienda echa para nuestro proyecto de BDII.\";'),
(35,59,'es','s:34:\"Cta Banrural Monetaria\r\n5-55555555\";'),
(36,60,'es','N;'),
(37,169,'es','s:3:\"387\";'),
(38,170,'es','s:3:\"387\";'),
(39,171,'es','s:59:\"Bienvenidos a nuestro proyecto del curso Bases de Datos II.\";'),
(40,172,'es','s:20:\"Guatemala, Guatemala\";'),
(41,173,'es','s:18:\"Nuestros servicios\";'),
(42,174,'es','s:12:\"Información\";'),
(43,56,'es','s:99:\"Copyright © <a href=\"{{ store_url }}\">{{ store_name }}</a> {{ year }}. Universidad Mariano Galvez.\";'),
(44,175,'es','s:12:\"SOPORTE 24/7\";'),
(45,176,'es','s:21:\"Apoyo en todo momento\";'),
(46,177,'es','s:8:\"PAGA CON\";'),
(47,178,'es','s:22:\"Transferencia, Tarjeta\";'),
(48,179,'es','s:11:\"PAGO SEGURO\";'),
(49,180,'es','s:11:\"100% seguro\";'),
(50,181,'es','s:13:\"ENVÍO GRATIS\";'),
(51,182,'es','s:25:\"Pedidos superiores a Q200\";'),
(52,183,'es','s:23:\"DEVOLUCIÓN EN 30 DÍAS\";'),
(53,184,'es','s:21:\"30 días de garantía\";'),
(54,185,'es','s:3:\"387\";'),
(55,186,'es','s:3:\"400\";'),
(56,187,'es','s:3:\"411\";'),
(57,188,'es','s:3:\"392\";'),
(58,189,'es','s:3:\"389\";'),
(59,190,'es','s:3:\"389\";'),
(60,191,'es','s:46:\"Principales categorías en Ventas y Tendencias\";'),
(61,192,'es','s:123:\"Ventas de más de 1500 productos en el último mes de esta categoría. Puedes elegir un producto de aquí y ahorrar dinero.\";'),
(62,193,'es','s:10:\"Presentado\";'),
(63,194,'es','s:14:\"Recién Vistos\";'),
(64,195,'es','s:7:\"Mobiles\";'),
(65,196,'es','N;'),
(66,197,'es','s:3:\"403\";'),
(67,198,'es','s:3:\"406\";'),
(68,199,'es','s:16:\"Ventas calientes\";'),
(69,200,'es','s:4:\"Moda\";'),
(70,201,'es','N;'),
(71,202,'es','N;'),
(72,203,'es','s:3:\"391\";'),
(73,204,'es','s:3:\"409\";'),
(74,205,'es','s:3:\"403\";'),
(75,206,'es','s:14:\"Lo mas vendido\";'),
(76,207,'es','s:7:\"Enventa\";'),
(77,208,'es','s:12:\"Lo mas visto\";'),
(78,209,'es','N;'),
(79,210,'es','N;'),
(80,211,'es','s:3:\"407\";'),
(81,212,'es','N;'),
(82,365,'es','s:3:\"384\";'),
(83,369,'es','s:3:\"384\";');

/*Table structure for table `settings` */

DROP TABLE IF EXISTS `settings`;

CREATE TABLE `settings` (
  `id` int(10) unsigned NOT NULL AUTO_INCREMENT,
  `key` varchar(191) NOT NULL,
  `is_translatable` tinyint(1) NOT NULL DEFAULT 0,
  `plain_value` text DEFAULT NULL,
  `created_at` timestamp NULL DEFAULT NULL,
  `updated_at` timestamp NULL DEFAULT NULL,
  PRIMARY KEY (`id`),
  UNIQUE KEY `settings_key_unique` (`key`)
) ENGINE=InnoDB AUTO_INCREMENT=370 DEFAULT CHARSET=utf8mb4 COLLATE=utf8mb4_unicode_ci;

/*Data for the table `settings` */

insert  into `settings`(`id`,`key`,`is_translatable`,`plain_value`,`created_at`,`updated_at`) values 
(1,'store_name',1,NULL,'2024-12-13 08:22:41','2024-12-13 08:22:41'),
(2,'store_email',0,'s:15:\"admin@admin.com\";','2024-12-13 08:22:41','2025-04-26 04:27:50'),
(3,'store_phone',0,'s:8:\"55863469\";','2024-12-13 08:22:41','2025-05-02 17:00:43'),
(4,'search_engine',0,'s:5:\"mysql\";','2024-12-13 08:22:41','2024-12-13 08:22:41'),
(5,'algolia_app_id',0,'N;','2024-12-13 08:22:41','2024-12-13 08:22:41'),
(6,'algolia_secret',0,'N;','2024-12-13 08:22:41','2024-12-13 08:22:41'),
(7,'meilisearch_host',0,'N;','2024-12-13 08:22:41','2024-12-13 08:22:41'),
(8,'meilisearch_key',0,'N;','2024-12-13 08:22:41','2024-12-13 08:22:41'),
(9,'supported_countries',0,'a:1:{i:0;s:2:\"GT\";}','2024-12-13 08:22:41','2025-04-26 04:59:51'),
(10,'default_country',0,'s:2:\"GT\";','2024-12-13 08:22:41','2025-04-26 04:59:51'),
(11,'supported_locales',0,'a:1:{i:0;s:2:\"es\";}','2024-12-13 08:22:41','2025-04-26 04:59:51'),
(12,'default_locale',0,'s:2:\"es\";','2024-12-13 08:22:41','2024-12-13 08:22:41'),
(13,'default_timezone',0,'s:3:\"UTC\";','2024-12-13 08:22:41','2024-12-13 08:22:41'),
(14,'customer_role',0,'s:1:\"2\";','2024-12-13 08:22:41','2024-12-13 09:38:27'),
(15,'reviews_enabled',0,'s:1:\"1\";','2024-12-13 08:22:41','2024-12-13 09:38:27'),
(16,'auto_approve_reviews',0,'s:1:\"1\";','2024-12-13 08:22:41','2024-12-13 09:38:27'),
(17,'cookie_bar_enabled',0,'s:1:\"1\";','2024-12-13 08:22:41','2024-12-13 09:38:27'),
(18,'supported_currencies',0,'a:1:{i:0;s:3:\"GTQ\";}','2024-12-13 08:22:41','2025-04-26 04:27:50'),
(19,'default_currency',0,'s:3:\"GTQ\";','2024-12-13 08:22:41','2025-04-26 04:27:50'),
(20,'send_order_invoice_email',0,'b:0;','2024-12-13 08:22:41','2024-12-13 08:22:41'),
(21,'newsletter_enabled',0,'s:1:\"0\";','2024-12-13 08:22:41','2025-04-26 04:27:50'),
(22,'local_pickup_cost',0,'s:1:\"0\";','2024-12-13 08:22:41','2024-12-13 09:38:28'),
(23,'flat_rate_cost',0,'s:1:\"0\";','2024-12-13 08:22:41','2024-12-13 09:38:28'),
(24,'pwa_direction',1,NULL,'2024-12-13 08:22:41','2024-12-13 08:22:41'),
(25,'free_shipping_label',1,NULL,'2024-12-13 08:22:41','2024-12-13 08:22:41'),
(26,'local_pickup_label',1,NULL,'2024-12-13 08:22:41','2024-12-13 08:22:41'),
(27,'flat_rate_label',1,NULL,'2024-12-13 08:22:41','2024-12-13 08:22:41'),
(28,'paypal_label',1,NULL,'2024-12-13 08:22:41','2024-12-13 08:22:41'),
(29,'paypal_description',1,NULL,'2024-12-13 08:22:41','2024-12-13 08:22:41'),
(30,'stripe_label',1,NULL,'2024-12-13 08:22:41','2024-12-13 08:22:41'),
(31,'stripe_description',1,NULL,'2024-12-13 08:22:41','2024-12-13 08:22:41'),
(32,'paytm_label',1,NULL,'2024-12-13 08:22:41','2024-12-13 08:22:41'),
(33,'paytm_description',1,NULL,'2024-12-13 08:22:41','2024-12-13 08:22:41'),
(34,'razorpay_label',1,NULL,'2024-12-13 08:22:41','2024-12-13 08:22:41'),
(35,'razorpay_description',1,NULL,'2024-12-13 08:22:41','2024-12-13 08:22:41'),
(36,'instamojo_label',1,NULL,'2024-12-13 08:22:41','2024-12-13 08:22:41'),
(37,'instamojo_description',1,NULL,'2024-12-13 08:22:41','2024-12-13 08:22:41'),
(38,'authorizenet_label',1,NULL,'2024-12-13 08:22:41','2024-12-13 08:22:41'),
(39,'authorizenet_description',1,NULL,'2024-12-13 08:22:41','2024-12-13 08:22:41'),
(40,'paystack_label',1,NULL,'2024-12-13 08:22:41','2024-12-13 08:22:41'),
(41,'paystack_description',1,NULL,'2024-12-13 08:22:41','2024-12-13 08:22:41'),
(42,'mercadopago_label',1,NULL,'2024-12-13 08:22:41','2024-12-13 08:22:41'),
(43,'mercadopago_description',1,NULL,'2024-12-13 08:22:41','2024-12-13 08:22:41'),
(44,'flutterwave_label',1,NULL,'2024-12-13 08:22:41','2024-12-13 08:22:41'),
(45,'flutterwave_description',1,NULL,'2024-12-13 08:22:41','2024-12-13 08:22:41'),
(46,'iyzico_label',1,NULL,'2024-12-13 08:22:41','2024-12-13 08:22:41'),
(47,'iyzico_description',1,NULL,'2024-12-13 08:22:41','2024-12-13 08:22:41'),
(48,'payfast_label',1,NULL,'2024-12-13 08:22:41','2024-12-13 08:22:41'),
(49,'payfast_description',1,NULL,'2024-12-13 08:22:41','2024-12-13 08:22:41'),
(50,'cod_label',1,NULL,'2024-12-13 08:22:41','2024-12-13 08:22:41'),
(51,'cod_description',1,NULL,'2024-12-13 08:22:41','2024-12-13 08:22:41'),
(52,'bank_transfer_label',1,NULL,'2024-12-13 08:22:41','2024-12-13 08:22:41'),
(53,'bank_transfer_description',1,NULL,'2024-12-13 08:22:41','2024-12-13 08:22:41'),
(54,'check_payment_label',1,NULL,'2024-12-13 08:22:41','2024-12-13 08:22:41'),
(55,'check_payment_description',1,NULL,'2024-12-13 08:22:41','2024-12-13 08:22:41'),
(56,'storefront_copyright_text',1,'s:92:\"Copyright © <a href=\"{{ store_url }}\">{{ store_name }}</a> {{ year }}. All rights reserved.\";','2024-12-13 08:22:41','2024-12-13 10:01:06'),
(57,'maintenance_mode',0,'s:1:\"0\";','2024-12-13 09:38:27','2024-12-13 09:45:02'),
(58,'store_tagline',1,NULL,'2024-12-13 09:38:27','2024-12-13 09:38:27'),
(59,'bank_transfer_instructions',1,NULL,'2024-12-13 09:38:27','2024-12-13 09:38:27'),
(60,'check_payment_instructions',1,NULL,'2024-12-13 09:38:27','2024-12-13 09:38:27'),
(61,'store_address_1',0,'N;','2024-12-13 09:38:27','2024-12-13 09:38:27'),
(62,'store_address_2',0,'N;','2024-12-13 09:38:27','2024-12-13 09:38:27'),
(63,'store_city',0,'N;','2024-12-13 09:38:27','2024-12-13 09:38:27'),
(64,'store_country',0,'s:2:\"GT\";','2024-12-13 09:38:27','2025-04-26 04:38:49'),
(65,'store_state',0,'N;','2024-12-13 09:38:27','2025-04-26 04:27:50'),
(66,'store_zip',0,'N;','2024-12-13 09:38:27','2025-04-26 04:27:50'),
(67,'store_phone_hide',0,'s:1:\"0\";','2024-12-13 09:38:27','2024-12-13 09:38:27'),
(68,'store_email_hide',0,'s:1:\"0\";','2024-12-13 09:38:27','2024-12-13 09:38:27'),
(69,'pwa_enabled',0,'s:1:\"0\";','2024-12-13 09:38:27','2025-04-26 04:27:50'),
(70,'pwa_theme_color',0,'s:7:\"#000000\";','2024-12-13 09:38:27','2025-04-26 04:27:50'),
(71,'pwa_background_color',0,'s:7:\"#000000\";','2024-12-13 09:38:27','2025-04-26 04:27:50'),
(72,'pwa_status_bar',0,'s:7:\"#000000\";','2024-12-13 09:38:27','2025-04-26 04:27:50'),
(73,'pwa_display',0,'s:10:\"fullscreen\";','2024-12-13 09:38:27','2024-12-13 09:38:27'),
(74,'pwa_orientation',0,'s:3:\"any\";','2024-12-13 09:38:27','2024-12-13 09:38:27'),
(75,'currency_rate_exchange_service',0,'N;','2024-12-13 09:38:27','2024-12-13 09:38:27'),
(76,'currency_data_feed_api_key',0,'N;','2024-12-13 09:38:27','2025-04-26 04:27:50'),
(77,'fixer_access_key',0,'N;','2024-12-13 09:38:27','2024-12-13 09:38:27'),
(78,'forge_api_key',0,'N;','2024-12-13 09:38:27','2024-12-13 09:38:27'),
(79,'auto_refresh_currency_rates',0,'s:1:\"1\";','2024-12-13 09:38:27','2025-04-26 04:27:50'),
(80,'auto_refresh_currency_rate_frequency',0,'s:5:\"daily\";','2024-12-13 09:38:27','2024-12-13 09:38:27'),
(81,'sms_from',0,'N;','2024-12-13 09:38:27','2024-12-13 09:38:27'),
(82,'sms_service',0,'N;','2024-12-13 09:38:27','2024-12-13 09:38:27'),
(83,'twilio_sid',0,'N;','2024-12-13 09:38:27','2024-12-13 09:38:27'),
(84,'twilio_token',0,'N;','2024-12-13 09:38:27','2024-12-13 09:38:27'),
(85,'vonage_key',0,'N;','2024-12-13 09:38:28','2024-12-13 09:38:28'),
(86,'vonage_secret',0,'N;','2024-12-13 09:38:28','2024-12-13 09:38:28'),
(87,'welcome_sms',0,'s:1:\"0\";','2024-12-13 09:38:28','2024-12-13 09:38:28'),
(88,'new_order_admin_sms',0,'s:1:\"0\";','2024-12-13 09:38:28','2024-12-13 09:38:28'),
(89,'new_order_sms',0,'s:1:\"0\";','2024-12-13 09:38:28','2024-12-13 09:38:28'),
(90,'mail_from_address',0,'s:24:\"mmedinillac@miumg.edu.gt\";','2024-12-13 09:38:28','2025-05-02 17:02:36'),
(91,'mail_from_name',0,'s:34:\"Manuel Eduardo Medinilla Chavarria\";','2024-12-13 09:38:28','2025-05-02 17:02:36'),
(92,'mail_host',0,'N;','2024-12-13 09:38:28','2024-12-13 09:38:28'),
(93,'mail_port',0,'N;','2024-12-13 09:38:28','2024-12-13 09:38:28'),
(94,'mail_username',0,'N;','2024-12-13 09:38:28','2025-04-26 04:27:50'),
(95,'mail_password',0,'N;','2024-12-13 09:38:28','2024-12-13 09:38:28'),
(96,'mail_encryption',0,'N;','2024-12-13 09:38:28','2024-12-13 09:38:28'),
(97,'welcome_email',0,'s:1:\"0\";','2024-12-13 09:38:28','2024-12-13 09:38:28'),
(98,'admin_order_email',0,'s:1:\"0\";','2024-12-13 09:38:28','2024-12-13 09:38:28'),
(99,'invoice_email',0,'s:1:\"0\";','2024-12-13 09:38:28','2024-12-13 09:38:28'),
(100,'mailchimp_api_key',0,'N;','2024-12-13 09:38:28','2025-04-26 04:27:50'),
(101,'mailchimp_list_id',0,'N;','2024-12-13 09:38:28','2025-04-26 04:27:50'),
(102,'google_recaptcha_enabled',0,'s:1:\"0\";','2024-12-13 09:38:28','2024-12-13 09:38:28'),
(103,'google_recaptcha_site_key',0,'N;','2024-12-13 09:38:28','2024-12-13 09:38:28'),
(104,'google_recaptcha_secret_key',0,'N;','2024-12-13 09:38:28','2024-12-13 09:38:28'),
(105,'custom_header_assets',0,'N;','2024-12-13 09:38:28','2024-12-13 09:38:28'),
(106,'custom_footer_assets',0,'N;','2024-12-13 09:38:28','2024-12-13 09:38:28'),
(107,'facebook_login_enabled',0,'s:1:\"0\";','2024-12-13 09:38:28','2024-12-13 09:38:28'),
(108,'facebook_login_app_id',0,'N;','2024-12-13 09:38:28','2024-12-13 09:38:28'),
(109,'facebook_login_app_secret',0,'N;','2024-12-13 09:38:28','2024-12-13 09:38:28'),
(110,'google_login_enabled',0,'s:1:\"0\";','2024-12-13 09:38:28','2025-04-26 04:27:50'),
(111,'google_login_client_id',0,'N;','2024-12-13 09:38:28','2025-04-26 04:27:50'),
(112,'google_login_client_secret',0,'N;','2024-12-13 09:38:28','2025-04-26 04:27:50'),
(113,'free_shipping_enabled',0,'s:1:\"0\";','2024-12-13 09:38:28','2025-04-26 04:27:50'),
(114,'free_shipping_min_amount',0,'N;','2024-12-13 09:38:28','2025-04-26 04:27:50'),
(115,'local_pickup_enabled',0,'s:1:\"0\";','2024-12-13 09:38:28','2024-12-13 09:38:28'),
(116,'flat_rate_enabled',0,'s:1:\"0\";','2024-12-13 09:38:28','2024-12-13 09:38:28'),
(117,'paypal_enabled',0,'s:1:\"0\";','2024-12-13 09:38:28','2024-12-13 09:38:28'),
(118,'paypal_test_mode',0,'s:1:\"0\";','2024-12-13 09:38:28','2024-12-13 09:38:28'),
(119,'paypal_client_id',0,'N;','2024-12-13 09:38:28','2024-12-13 09:38:28'),
(120,'paypal_secret',0,'N;','2024-12-13 09:38:28','2024-12-13 09:38:28'),
(121,'stripe_enabled',0,'s:1:\"0\";','2024-12-13 09:38:28','2024-12-13 09:38:28'),
(122,'stripe_publishable_key',0,'N;','2024-12-13 09:38:28','2024-12-13 09:38:28'),
(123,'stripe_secret_key',0,'N;','2024-12-13 09:38:28','2024-12-13 09:38:28'),
(124,'stripe_integration_type',0,'s:13:\"embedded_form\";','2024-12-13 09:38:28','2024-12-13 09:38:28'),
(125,'paytm_enabled',0,'s:1:\"0\";','2024-12-13 09:38:28','2024-12-13 09:38:28'),
(126,'paytm_test_mode',0,'s:1:\"0\";','2024-12-13 09:38:28','2024-12-13 09:38:28'),
(127,'paytm_merchant_id',0,'N;','2024-12-13 09:38:28','2024-12-13 09:38:28'),
(128,'paytm_merchant_key',0,'N;','2024-12-13 09:38:28','2024-12-13 09:38:28'),
(129,'razorpay_enabled',0,'s:1:\"0\";','2024-12-13 09:38:28','2024-12-13 09:38:28'),
(130,'razorpay_key_id',0,'N;','2024-12-13 09:38:28','2024-12-13 09:38:28'),
(131,'razorpay_key_secret',0,'N;','2024-12-13 09:38:28','2024-12-13 09:38:28'),
(132,'instamojo_enabled',0,'s:1:\"0\";','2024-12-13 09:38:28','2024-12-13 09:38:28'),
(133,'instamojo_test_mode',0,'s:1:\"0\";','2024-12-13 09:38:28','2024-12-13 09:38:28'),
(134,'instamojo_api_key',0,'N;','2024-12-13 09:38:28','2024-12-13 09:38:28'),
(135,'instamojo_auth_token',0,'N;','2024-12-13 09:38:28','2024-12-13 09:38:28'),
(136,'paystack_enabled',0,'s:1:\"0\";','2024-12-13 09:38:28','2024-12-13 09:38:28'),
(137,'paystack_test_mode',0,'s:1:\"0\";','2024-12-13 09:38:28','2024-12-13 09:38:28'),
(138,'paystack_public_key',0,'N;','2024-12-13 09:38:28','2024-12-13 09:38:28'),
(139,'paystack_secret_key',0,'N;','2024-12-13 09:38:28','2024-12-13 09:38:28'),
(140,'authorizenet_enabled',0,'s:1:\"0\";','2024-12-13 09:38:28','2024-12-13 09:38:28'),
(141,'authorizenet_test_mode',0,'s:1:\"0\";','2024-12-13 09:38:28','2024-12-13 09:38:28'),
(142,'authorizenet_merchant_login_id',0,'N;','2024-12-13 09:38:28','2024-12-13 09:38:28'),
(143,'authorizenet_merchant_transaction_key',0,'N;','2024-12-13 09:38:28','2024-12-13 09:38:28'),
(144,'mercadopago_enabled',0,'s:1:\"0\";','2024-12-13 09:38:28','2024-12-13 09:38:28'),
(145,'mercadopago_test_mode',0,'s:1:\"0\";','2024-12-13 09:38:28','2024-12-13 09:38:28'),
(146,'mercadopago_supported_currency',0,'s:3:\"UYU\";','2024-12-13 09:38:28','2024-12-13 09:38:28'),
(147,'mercadopago_public_key',0,'N;','2024-12-13 09:38:28','2024-12-13 09:38:28'),
(148,'mercadopago_access_token',0,'N;','2024-12-13 09:38:28','2024-12-13 09:38:28'),
(149,'flutterwave_enabled',0,'s:1:\"0\";','2024-12-13 09:38:28','2024-12-13 09:38:28'),
(150,'flutterwave_test_mode',0,'s:1:\"0\";','2024-12-13 09:38:28','2024-12-13 09:38:28'),
(151,'flutterwave_public_key',0,'N;','2024-12-13 09:38:28','2024-12-13 09:38:28'),
(152,'flutterwave_secret_key',0,'N;','2024-12-13 09:38:28','2024-12-13 09:38:28'),
(153,'flutterwave_encryption_key',0,'N;','2024-12-13 09:38:28','2024-12-13 09:38:28'),
(154,'iyzico_enabled',0,'s:1:\"0\";','2024-12-13 09:38:28','2024-12-13 09:38:28'),
(155,'iyzico_test_mode',0,'s:1:\"0\";','2024-12-13 09:38:28','2024-12-13 09:38:28'),
(156,'iyzico_api_key',0,'N;','2024-12-13 09:38:28','2024-12-13 09:38:28'),
(157,'iyzico_api_secret',0,'N;','2024-12-13 09:38:28','2024-12-13 09:38:28'),
(158,'payfast_enabled',0,'s:1:\"0\";','2024-12-13 09:38:28','2024-12-13 09:38:28'),
(159,'payfast_test_mode',0,'s:1:\"0\";','2024-12-13 09:38:28','2024-12-13 09:38:28'),
(160,'payfast_merchant_id',0,'N;','2024-12-13 09:38:28','2024-12-13 09:38:28'),
(161,'payfast_merchant_key',0,'N;','2024-12-13 09:38:28','2024-12-13 09:38:28'),
(162,'payfast_passphrase',0,'N;','2024-12-13 09:38:28','2024-12-13 09:38:28'),
(163,'cod_enabled',0,'s:1:\"0\";','2024-12-13 09:38:28','2024-12-13 09:38:28'),
(164,'bank_transfer_enabled',0,'s:1:\"1\";','2024-12-13 09:38:28','2025-04-30 18:09:18'),
(165,'check_payment_enabled',0,'s:1:\"0\";','2024-12-13 09:38:28','2024-12-13 09:38:28'),
(166,'sms_order_statuses',0,'N;','2024-12-13 09:38:28','2024-12-13 09:38:28'),
(167,'email_order_statuses',0,'N;','2024-12-13 09:38:28','2024-12-13 09:38:28'),
(168,'tab',0,'s:14:\"slider_banners\";','2024-12-13 09:38:28','2025-05-06 03:41:31'),
(169,'admin_logo',1,NULL,'2024-12-13 09:40:27','2024-12-13 09:40:27'),
(170,'admin_small_logo',1,NULL,'2024-12-13 09:41:06','2024-12-13 09:41:06'),
(171,'storefront_welcome_text',1,NULL,'2024-12-13 10:01:05','2024-12-13 10:01:05'),
(172,'storefront_address',1,NULL,'2024-12-13 10:01:06','2024-12-13 10:01:06'),
(173,'storefront_footer_menu_one_title',1,NULL,'2024-12-13 10:01:06','2024-12-13 10:01:06'),
(174,'storefront_footer_menu_two_title',1,NULL,'2024-12-13 10:01:06','2024-12-13 10:01:06'),
(175,'storefront_feature_1_title',1,NULL,'2024-12-13 10:01:06','2024-12-13 10:01:06'),
(176,'storefront_feature_1_subtitle',1,NULL,'2024-12-13 10:01:06','2024-12-13 10:01:06'),
(177,'storefront_feature_2_title',1,NULL,'2024-12-13 10:01:06','2024-12-13 10:01:06'),
(178,'storefront_feature_2_subtitle',1,NULL,'2024-12-13 10:01:06','2024-12-13 10:01:06'),
(179,'storefront_feature_3_title',1,NULL,'2024-12-13 10:01:06','2024-12-13 10:01:06'),
(180,'storefront_feature_3_subtitle',1,NULL,'2024-12-13 10:01:06','2024-12-13 10:01:06'),
(181,'storefront_feature_4_title',1,NULL,'2024-12-13 10:01:06','2024-12-13 10:01:06'),
(182,'storefront_feature_4_subtitle',1,NULL,'2024-12-13 10:01:06','2024-12-13 10:01:06'),
(183,'storefront_feature_5_title',1,NULL,'2024-12-13 10:01:06','2024-12-13 10:01:06'),
(184,'storefront_feature_5_subtitle',1,NULL,'2024-12-13 10:01:06','2024-12-13 10:01:06'),
(185,'storefront_product_page_banner_file_id',1,NULL,'2024-12-13 10:01:06','2024-12-13 10:01:06'),
(186,'storefront_slider_banner_1_file_id',1,NULL,'2024-12-13 10:01:06','2024-12-13 10:01:06'),
(187,'storefront_slider_banner_2_file_id',1,NULL,'2024-12-13 10:01:06','2024-12-13 10:01:06'),
(188,'storefront_three_column_full_width_banners_1_file_id',1,NULL,'2024-12-13 10:01:06','2024-12-13 10:01:06'),
(189,'storefront_three_column_full_width_banners_2_file_id',1,NULL,'2024-12-13 10:01:06','2024-12-13 10:01:06'),
(190,'storefront_three_column_full_width_banners_3_file_id',1,NULL,'2024-12-13 10:01:06','2024-12-13 10:01:06'),
(191,'storefront_featured_categories_section_title',1,NULL,'2024-12-13 10:01:06','2024-12-13 10:01:06'),
(192,'storefront_featured_categories_section_subtitle',1,NULL,'2024-12-13 10:01:06','2024-12-13 10:01:06'),
(193,'storefront_product_tabs_1_section_tab_1_title',1,NULL,'2024-12-13 10:01:06','2024-12-13 10:01:06'),
(194,'storefront_product_tabs_1_section_tab_2_title',1,NULL,'2024-12-13 10:01:06','2024-12-13 10:01:06'),
(195,'storefront_product_tabs_1_section_tab_3_title',1,NULL,'2024-12-13 10:01:06','2024-12-13 10:01:06'),
(196,'storefront_product_tabs_1_section_tab_4_title',1,NULL,'2024-12-13 10:01:06','2024-12-13 10:01:06'),
(197,'storefront_two_column_banners_1_file_id',1,NULL,'2024-12-13 10:01:06','2024-12-13 10:01:06'),
(198,'storefront_two_column_banners_2_file_id',1,NULL,'2024-12-13 10:01:06','2024-12-13 10:01:06'),
(199,'storefront_product_grid_section_tab_1_title',1,NULL,'2024-12-13 10:01:06','2024-12-13 10:01:06'),
(200,'storefront_product_grid_section_tab_2_title',1,NULL,'2024-12-13 10:01:06','2024-12-13 10:01:06'),
(201,'storefront_product_grid_section_tab_3_title',1,NULL,'2024-12-13 10:01:06','2024-12-13 10:01:06'),
(202,'storefront_product_grid_section_tab_4_title',1,NULL,'2024-12-13 10:01:06','2024-12-13 10:01:06'),
(203,'storefront_three_column_banners_1_file_id',1,NULL,'2024-12-13 10:01:06','2024-12-13 10:01:06'),
(204,'storefront_three_column_banners_2_file_id',1,NULL,'2024-12-13 10:01:06','2024-12-13 10:01:06'),
(205,'storefront_three_column_banners_3_file_id',1,NULL,'2024-12-13 10:01:06','2024-12-13 10:01:06'),
(206,'storefront_product_tabs_2_section_title',1,NULL,'2024-12-13 10:01:06','2024-12-13 10:01:06'),
(207,'storefront_product_tabs_2_section_tab_1_title',1,NULL,'2024-12-13 10:01:06','2024-12-13 10:01:06'),
(208,'storefront_product_tabs_2_section_tab_2_title',1,NULL,'2024-12-13 10:01:06','2024-12-13 10:01:06'),
(209,'storefront_product_tabs_2_section_tab_3_title',1,NULL,'2024-12-13 10:01:06','2024-12-13 10:01:06'),
(210,'storefront_product_tabs_2_section_tab_4_title',1,NULL,'2024-12-13 10:01:06','2024-12-13 10:01:06'),
(211,'storefront_one_column_banner_file_id',1,NULL,'2024-12-13 10:01:06','2024-12-13 10:01:06'),
(212,'storefront_blogs_section_title',1,NULL,'2024-12-13 10:01:06','2024-12-13 10:01:06'),
(213,'storefront_display_font',0,'s:7:\"Poppins\";','2024-12-13 10:01:06','2024-12-13 10:01:06'),
(214,'storefront_theme_color',0,'s:12:\"custom_color\";','2024-12-13 10:01:06','2024-12-13 12:10:01'),
(215,'storefront_custom_theme_color',0,'s:7:\"#c13425\";','2024-12-13 10:01:06','2025-04-29 19:54:32'),
(216,'storefront_mail_theme_color',0,'s:4:\"blue\";','2024-12-13 10:01:06','2025-04-29 19:54:32'),
(217,'storefront_custom_mail_theme_color',0,'s:7:\"#07bea4\";','2024-12-13 10:01:06','2024-12-13 12:10:01'),
(218,'storefront_slider',0,'s:1:\"1\";','2024-12-13 10:01:06','2024-12-13 13:47:56'),
(219,'storefront_terms_page',0,'s:1:\"2\";','2024-12-13 10:01:06','2024-12-13 14:28:51'),
(220,'storefront_privacy_page',0,'s:1:\"1\";','2024-12-13 10:01:06','2024-12-13 14:28:51'),
(221,'storefront_most_searched_keywords_enabled',0,'s:1:\"1\";','2024-12-13 10:01:06','2024-12-13 12:10:01'),
(222,'storefront_primary_menu',0,'s:1:\"1\";','2024-12-13 10:01:06','2024-12-13 10:26:36'),
(223,'storefront_category_menu',0,'s:1:\"2\";','2024-12-13 10:01:06','2024-12-13 13:24:04'),
(224,'storefront_footer_menu_one',0,'s:1:\"3\";','2024-12-13 10:01:06','2024-12-13 14:36:27'),
(225,'storefront_footer_menu_two',0,'s:1:\"3\";','2024-12-13 10:01:06','2024-12-13 14:40:33'),
(226,'storefront_features_section_enabled',0,'s:1:\"1\";','2024-12-13 10:01:06','2024-12-13 10:11:31'),
(227,'storefront_feature_1_icon',0,'s:17:\"las la-headphones\";','2024-12-13 10:01:06','2024-12-13 10:11:25'),
(228,'storefront_feature_2_icon',0,'s:18:\"las la-credit-card\";','2024-12-13 10:01:06','2024-12-13 10:11:25'),
(229,'storefront_feature_3_icon',0,'s:17:\"las la-shield-alt\";','2024-12-13 10:01:06','2024-12-13 10:13:29'),
(230,'storefront_feature_4_icon',0,'s:12:\"las la-truck\";','2024-12-13 10:01:06','2024-12-13 10:13:29'),
(231,'storefront_feature_5_icon',0,'s:21:\"las la-calendar-minus\";','2024-12-13 10:01:06','2024-12-13 10:13:29'),
(232,'storefront_product_page_banner_call_to_action_url',0,'s:31:\"/categories/headphones/products\";','2024-12-13 10:01:06','2024-12-13 10:09:20'),
(233,'storefront_product_page_banner_open_in_new_window',0,'s:1:\"0\";','2024-12-13 10:01:06','2024-12-13 10:01:06'),
(234,'storefront_facebook_link',0,'s:54:\"https://www.facebook.com/u.marianogalvez/?locale=es_LA\";','2024-12-13 10:01:06','2025-05-02 16:54:39'),
(235,'storefront_twitter_link',0,'s:23:\"https://www.umg.edu.gt/\";','2024-12-13 10:01:06','2025-05-02 16:54:39'),
(236,'storefront_instagram_link',0,'s:46:\"https://www.instagram.com/marianogalvez/?hl=es\";','2024-12-13 10:01:06','2025-05-02 16:54:39'),
(237,'storefront_youtube_link',0,'s:39:\"https://www.youtube.com/@umarianogalvez\";','2024-12-13 10:01:06','2025-05-02 16:54:39'),
(238,'storefront_slider_banner_1_call_to_action_url',0,'s:30:\"/categories/backpacks/products\";','2024-12-13 10:01:06','2024-12-13 10:01:06'),
(239,'storefront_slider_banner_1_open_in_new_window',0,'s:1:\"1\";','2024-12-13 10:01:06','2024-12-13 10:01:06'),
(240,'storefront_slider_banner_2_call_to_action_url',0,'s:27:\"/categories/iphone/products\";','2024-12-13 10:01:06','2024-12-13 10:01:06'),
(241,'storefront_slider_banner_2_open_in_new_window',0,'s:1:\"1\";','2024-12-13 10:01:06','2024-12-13 10:01:06'),
(242,'storefront_three_column_full_width_banners_enabled',0,'s:1:\"1\";','2024-12-13 10:01:06','2024-12-13 10:32:47'),
(243,'storefront_three_column_full_width_banners_1_call_to_action_url',0,'s:36:\"/categories/home-appliances/products\";','2024-12-13 10:01:06','2024-12-13 10:32:48'),
(244,'storefront_three_column_full_width_banners_1_open_in_new_window',0,'s:1:\"0\";','2024-12-13 10:01:06','2024-12-13 10:01:06'),
(245,'storefront_three_column_full_width_banners_2_call_to_action_url',0,'s:36:\"/categories/home-appliances/products\";','2024-12-13 10:01:06','2024-12-13 10:32:48'),
(246,'storefront_three_column_full_width_banners_2_open_in_new_window',0,'s:1:\"0\";','2024-12-13 10:01:06','2024-12-13 10:01:06'),
(247,'storefront_three_column_full_width_banners_3_call_to_action_url',0,'s:28:\"/categories/samsung/products\";','2024-12-13 10:01:06','2024-12-13 10:32:48'),
(248,'storefront_three_column_full_width_banners_3_open_in_new_window',0,'s:1:\"0\";','2024-12-13 10:01:06','2024-12-13 10:01:06'),
(249,'storefront_featured_categories_section_enabled',0,'s:1:\"0\";','2024-12-13 10:01:06','2025-05-02 17:05:32'),
(250,'storefront_featured_categories_section_category_1_category_id',0,'N;','2024-12-13 10:01:06','2025-04-26 04:32:42'),
(251,'storefront_featured_categories_section_category_1_product_type',0,'s:17:\"category_products\";','2024-12-13 10:01:06','2024-12-13 10:02:17'),
(252,'storefront_featured_categories_section_category_1_products_limit',0,'N;','2024-12-13 10:01:06','2024-12-13 10:44:14'),
(253,'storefront_featured_categories_section_category_2_category_id',0,'N;','2024-12-13 10:01:06','2025-04-26 04:32:42'),
(254,'storefront_featured_categories_section_category_2_product_type',0,'s:17:\"category_products\";','2024-12-13 10:01:06','2024-12-14 19:06:12'),
(255,'storefront_featured_categories_section_category_2_products_limit',0,'N;','2024-12-13 10:01:06','2024-12-13 10:01:06'),
(256,'storefront_featured_categories_section_category_3_category_id',0,'N;','2024-12-13 10:01:06','2025-04-26 04:32:42'),
(257,'storefront_featured_categories_section_category_3_product_type',0,'s:17:\"category_products\";','2024-12-13 10:01:06','2024-12-14 19:09:35'),
(258,'storefront_featured_categories_section_category_3_products_limit',0,'N;','2024-12-13 10:01:06','2024-12-13 10:01:06'),
(259,'storefront_featured_categories_section_category_4_category_id',0,'N;','2024-12-13 10:01:06','2025-04-26 04:32:42'),
(260,'storefront_featured_categories_section_category_4_product_type',0,'s:17:\"category_products\";','2024-12-13 10:01:06','2024-12-14 19:10:52'),
(261,'storefront_featured_categories_section_category_4_products_limit',0,'N;','2024-12-13 10:01:06','2024-12-13 10:01:06'),
(262,'storefront_featured_categories_section_category_5_category_id',0,'N;','2024-12-13 10:01:06','2024-12-13 10:01:06'),
(263,'storefront_featured_categories_section_category_5_product_type',0,'N;','2024-12-13 10:01:06','2024-12-13 10:01:06'),
(264,'storefront_featured_categories_section_category_5_products_limit',0,'N;','2024-12-13 10:01:06','2024-12-13 10:01:06'),
(265,'storefront_featured_categories_section_category_6_category_id',0,'N;','2024-12-13 10:01:06','2024-12-13 10:01:06'),
(266,'storefront_featured_categories_section_category_6_product_type',0,'N;','2024-12-13 10:01:06','2024-12-13 10:01:06'),
(267,'storefront_featured_categories_section_category_6_products_limit',0,'N;','2024-12-13 10:01:06','2024-12-13 10:01:06'),
(268,'storefront_product_tabs_1_section_enabled',0,'s:1:\"1\";','2024-12-13 10:01:06','2024-12-19 09:53:22'),
(269,'storefront_product_tabs_1_section_tab_1_product_type',0,'s:15:\"latest_products\";','2024-12-13 10:01:06','2024-12-19 09:52:55'),
(270,'storefront_product_tabs_1_section_tab_1_category_id',0,'N;','2024-12-13 10:01:06','2024-12-13 10:01:06'),
(271,'storefront_product_tabs_1_section_tab_1_products_limit',0,'N;','2024-12-13 10:01:06','2024-12-13 10:01:06'),
(272,'storefront_product_tabs_1_section_tab_2_product_type',0,'s:24:\"recently_viewed_products\";','2024-12-13 10:01:06','2024-12-19 11:07:58'),
(273,'storefront_product_tabs_1_section_tab_2_category_id',0,'N;','2024-12-13 10:01:06','2024-12-19 11:07:58'),
(274,'storefront_product_tabs_1_section_tab_2_products_limit',0,'N;','2024-12-13 10:01:06','2024-12-13 10:01:06'),
(275,'storefront_product_tabs_1_section_tab_3_product_type',0,'s:17:\"category_products\";','2024-12-13 10:01:06','2024-12-19 09:55:14'),
(276,'storefront_product_tabs_1_section_tab_3_category_id',0,'N;','2024-12-13 10:01:06','2025-04-26 04:32:42'),
(277,'storefront_product_tabs_1_section_tab_3_products_limit',0,'N;','2024-12-13 10:01:06','2024-12-13 10:01:06'),
(278,'storefront_product_tabs_1_section_tab_4_product_type',0,'N;','2024-12-13 10:01:06','2024-12-13 10:01:06'),
(279,'storefront_product_tabs_1_section_tab_4_category_id',0,'N;','2024-12-13 10:01:06','2024-12-13 10:01:06'),
(280,'storefront_product_tabs_1_section_tab_4_products_limit',0,'N;','2024-12-13 10:01:06','2024-12-13 10:01:06'),
(281,'storefront_top_brands_section_enabled',0,'s:1:\"1\";','2024-12-13 10:01:06','2024-12-13 10:41:30'),
(282,'storefront_flash_sale_and_vertical_products_section_enabled',0,'s:1:\"1\";','2024-12-13 10:01:06','2024-12-13 10:49:41'),
(283,'storefront_flash_sale_title',0,'s:26:\"Las mejores <b>ofertas</b>\";','2024-12-13 10:01:06','2024-12-13 10:49:41'),
(284,'storefront_active_flash_sale_campaign',0,'s:1:\"1\";','2024-12-13 10:01:06','2024-12-19 10:19:51'),
(285,'storefront_vertical_products_1_title',0,'s:11:\"Me interesa\";','2024-12-13 10:01:06','2024-12-19 09:59:00'),
(286,'storefront_vertical_products_1_product_type',0,'s:15:\"latest_products\";','2024-12-13 10:01:06','2024-12-19 11:10:04'),
(287,'storefront_vertical_products_1_category_id',0,'N;','2024-12-13 10:01:06','2024-12-13 10:01:06'),
(288,'storefront_vertical_products_1_products_limit',0,'N;','2024-12-13 10:01:06','2024-12-13 10:01:06'),
(289,'storefront_vertical_products_2_title',0,'s:2:\"TV\";','2024-12-13 10:01:06','2024-12-19 10:00:41'),
(290,'storefront_vertical_products_2_product_type',0,'s:17:\"category_products\";','2024-12-13 10:01:06','2024-12-19 10:00:41'),
(291,'storefront_vertical_products_2_category_id',0,'N;','2024-12-13 10:01:06','2025-04-26 04:32:42'),
(292,'storefront_vertical_products_2_products_limit',0,'N;','2024-12-13 10:01:06','2024-12-13 10:01:06'),
(293,'storefront_vertical_products_3_title',0,'s:4:\"Moda\";','2024-12-13 10:01:06','2024-12-19 10:37:20'),
(294,'storefront_vertical_products_3_product_type',0,'s:17:\"category_products\";','2024-12-13 10:01:06','2024-12-19 10:37:20'),
(295,'storefront_vertical_products_3_category_id',0,'N;','2024-12-13 10:01:06','2025-04-26 04:32:42'),
(296,'storefront_vertical_products_3_products_limit',0,'N;','2024-12-13 10:01:06','2024-12-13 10:01:06'),
(297,'storefront_two_column_banners_enabled',0,'s:1:\"1\";','2024-12-13 10:01:06','2024-12-13 12:45:17'),
(298,'storefront_two_column_banners_1_call_to_action_url',0,'s:30:\"/categories/ultraslim/products\";','2024-12-13 10:01:06','2024-12-13 12:45:13'),
(299,'storefront_two_column_banners_1_open_in_new_window',0,'s:1:\"0\";','2024-12-13 10:01:06','2024-12-13 10:01:06'),
(300,'storefront_two_column_banners_2_call_to_action_url',0,'s:28:\"/categories/watches/products\";','2024-12-13 10:01:06','2024-12-13 12:45:13'),
(301,'storefront_two_column_banners_2_open_in_new_window',0,'s:1:\"0\";','2024-12-13 10:01:06','2024-12-13 10:01:06'),
(302,'storefront_product_grid_section_enabled',0,'s:1:\"1\";','2024-12-13 10:01:06','2024-12-19 10:01:54'),
(303,'storefront_product_grid_section_tab_1_product_type',0,'s:17:\"category_products\";','2024-12-13 10:01:06','2024-12-19 11:07:58'),
(304,'storefront_product_grid_section_tab_1_category_id',0,'s:1:\"1\";','2024-12-13 10:01:06','2024-12-19 11:07:58'),
(305,'storefront_product_grid_section_tab_1_products_limit',0,'N;','2024-12-13 10:01:06','2024-12-13 10:01:06'),
(306,'storefront_product_grid_section_tab_2_product_type',0,'s:17:\"category_products\";','2024-12-13 10:01:06','2024-12-19 10:03:43'),
(307,'storefront_product_grid_section_tab_2_category_id',0,'N;','2024-12-13 10:01:06','2025-04-26 04:32:42'),
(308,'storefront_product_grid_section_tab_2_products_limit',0,'N;','2024-12-13 10:01:06','2024-12-19 11:08:11'),
(309,'storefront_product_grid_section_tab_3_product_type',0,'N;','2024-12-13 10:01:06','2024-12-13 10:01:06'),
(310,'storefront_product_grid_section_tab_3_category_id',0,'N;','2024-12-13 10:01:06','2024-12-13 10:01:06'),
(311,'storefront_product_grid_section_tab_3_products_limit',0,'N;','2024-12-13 10:01:06','2024-12-13 10:01:06'),
(312,'storefront_product_grid_section_tab_4_product_type',0,'N;','2024-12-13 10:01:06','2024-12-13 10:01:06'),
(313,'storefront_product_grid_section_tab_4_category_id',0,'N;','2024-12-13 10:01:06','2024-12-13 10:01:06'),
(314,'storefront_product_grid_section_tab_4_products_limit',0,'N;','2024-12-13 10:01:06','2024-12-13 10:01:06'),
(315,'storefront_three_column_banners_enabled',0,'s:1:\"1\";','2024-12-13 10:01:06','2024-12-13 12:43:22'),
(316,'storefront_three_column_banners_1_call_to_action_url',0,'s:36:\"/categories/home-appliances/products\";','2024-12-13 10:01:06','2024-12-13 12:43:22'),
(317,'storefront_three_column_banners_1_open_in_new_window',0,'s:1:\"0\";','2024-12-13 10:01:06','2024-12-13 10:01:06'),
(318,'storefront_three_column_banners_2_call_to_action_url',0,'s:39:\"/categories/mobile-accessories/products\";','2024-12-13 10:01:06','2024-12-13 12:43:23'),
(319,'storefront_three_column_banners_2_open_in_new_window',0,'s:1:\"0\";','2024-12-13 10:01:06','2024-12-13 10:01:06'),
(320,'storefront_three_column_banners_3_call_to_action_url',0,'s:28:\"/categories/gadgets/products\";','2024-12-13 10:01:06','2024-12-13 12:43:23'),
(321,'storefront_three_column_banners_3_open_in_new_window',0,'s:1:\"0\";','2024-12-13 10:01:06','2024-12-13 10:01:06'),
(322,'storefront_product_tabs_2_section_enabled',0,'s:1:\"1\";','2024-12-13 10:01:06','2024-12-19 10:34:53'),
(323,'storefront_product_tabs_2_section_tab_1_product_type',0,'s:17:\"category_products\";','2024-12-13 10:01:06','2024-12-19 10:34:53'),
(324,'storefront_product_tabs_2_section_tab_1_category_id',0,'s:1:\"1\";','2024-12-13 10:01:06','2024-12-19 10:34:53'),
(325,'storefront_product_tabs_2_section_tab_1_products_limit',0,'N;','2024-12-13 10:01:06','2024-12-13 10:01:06'),
(326,'storefront_product_tabs_2_section_tab_2_product_type',0,'s:24:\"recently_viewed_products\";','2024-12-13 10:01:06','2024-12-19 10:34:53'),
(327,'storefront_product_tabs_2_section_tab_2_category_id',0,'N;','2024-12-13 10:01:06','2024-12-13 10:01:06'),
(328,'storefront_product_tabs_2_section_tab_2_products_limit',0,'N;','2024-12-13 10:01:06','2024-12-13 10:01:06'),
(329,'storefront_product_tabs_2_section_tab_3_product_type',0,'N;','2024-12-13 10:01:06','2024-12-13 10:01:06'),
(330,'storefront_product_tabs_2_section_tab_3_category_id',0,'N;','2024-12-13 10:01:06','2024-12-13 10:01:06'),
(331,'storefront_product_tabs_2_section_tab_3_products_limit',0,'N;','2024-12-13 10:01:06','2024-12-13 10:01:06'),
(332,'storefront_product_tabs_2_section_tab_4_product_type',0,'N;','2024-12-13 10:01:06','2024-12-13 10:01:06'),
(333,'storefront_product_tabs_2_section_tab_4_category_id',0,'N;','2024-12-13 10:01:06','2024-12-13 10:01:06'),
(334,'storefront_product_tabs_2_section_tab_4_products_limit',0,'N;','2024-12-13 10:01:06','2024-12-13 10:01:06'),
(335,'storefront_one_column_banner_enabled',0,'s:1:\"1\";','2024-12-13 10:01:06','2024-12-13 12:35:15'),
(336,'storefront_one_column_banner_call_to_action_url',0,'s:36:\"/categories/home-appliances/products\";','2024-12-13 10:01:06','2024-12-13 12:35:15'),
(337,'storefront_one_column_banner_open_in_new_window',0,'s:1:\"0\";','2024-12-13 10:01:06','2024-12-13 10:01:06'),
(338,'storefront_blogs_section_enabled',0,'s:1:\"1\";','2024-12-13 10:01:06','2024-12-13 12:35:15'),
(339,'storefront_recent_blogs',0,'s:1:\"5\";','2024-12-13 10:01:06','2024-12-13 10:01:06'),
(340,'storefront_footer_tags',0,'a:1:{i:0;s:1:\"1\";}','2024-12-13 10:01:06','2025-05-02 16:46:47'),
(341,'storefront_featured_categories_section_category_1_products',0,'N;','2024-12-13 10:01:06','2024-12-13 10:01:06'),
(342,'storefront_featured_categories_section_category_2_products',0,'N;','2024-12-13 10:01:06','2024-12-13 10:01:06'),
(343,'storefront_featured_categories_section_category_3_products',0,'N;','2024-12-13 10:01:06','2024-12-13 10:01:06'),
(344,'storefront_featured_categories_section_category_4_products',0,'N;','2024-12-13 10:01:06','2024-12-13 10:01:06'),
(345,'storefront_featured_categories_section_category_5_products',0,'N;','2024-12-13 10:01:06','2024-12-13 10:01:06'),
(346,'storefront_featured_categories_section_category_6_products',0,'N;','2024-12-13 10:01:06','2024-12-13 10:01:06'),
(347,'storefront_product_tabs_1_section_tab_1_products',0,'N;','2024-12-13 10:01:06','2024-12-13 10:01:06'),
(348,'storefront_product_tabs_1_section_tab_2_products',0,'N;','2024-12-13 10:01:06','2024-12-13 10:01:06'),
(349,'storefront_product_tabs_1_section_tab_3_products',0,'N;','2024-12-13 10:01:06','2024-12-13 10:01:06'),
(350,'storefront_product_tabs_1_section_tab_4_products',0,'N;','2024-12-13 10:01:06','2024-12-13 10:01:06'),
(351,'storefront_top_brands',0,'a:1:{i:0;s:1:\"1\";}','2024-12-13 10:01:06','2025-04-26 04:32:42'),
(352,'storefront_vertical_products_1_products',0,'N;','2024-12-13 10:01:06','2024-12-13 10:01:06'),
(353,'storefront_vertical_products_2_products',0,'N;','2024-12-13 10:01:06','2024-12-13 10:01:06'),
(354,'storefront_vertical_products_3_products',0,'N;','2024-12-13 10:01:06','2024-12-13 10:01:06'),
(355,'storefront_product_grid_section_tab_1_products',0,'N;','2024-12-13 10:01:06','2024-12-13 10:01:06'),
(356,'storefront_product_grid_section_tab_2_products',0,'N;','2024-12-13 10:01:06','2024-12-13 10:01:06'),
(357,'storefront_product_grid_section_tab_3_products',0,'N;','2024-12-13 10:01:06','2024-12-13 10:01:06'),
(358,'storefront_product_grid_section_tab_4_products',0,'N;','2024-12-13 10:01:06','2024-12-13 10:01:06'),
(359,'storefront_product_tabs_2_section_tab_1_products',0,'N;','2024-12-13 10:01:06','2024-12-13 10:01:06'),
(360,'storefront_product_tabs_2_section_tab_2_products',0,'N;','2024-12-13 10:01:06','2024-12-13 10:01:06'),
(361,'storefront_product_tabs_2_section_tab_3_products',0,'N;','2024-12-13 10:01:06','2024-12-13 10:01:06'),
(362,'storefront_product_tabs_2_section_tab_4_products',0,'N;','2024-12-13 10:01:06','2024-12-13 10:01:06'),
(363,'storefront_accepted_payment_methods_image',0,'s:3:\"387\";','2024-12-13 10:14:31','2025-05-02 16:45:48'),
(364,'storefront_three_column_full_width_banners_background_file_id',0,'s:3:\"395\";','2024-12-13 10:32:48','2025-05-05 15:26:18'),
(365,'storefront_header_logo',1,NULL,'2024-12-13 12:12:14','2024-12-13 12:12:14'),
(366,'storefront_newsletter_bg_image',0,'s:2:\"53\";','2024-12-13 13:00:25','2024-12-13 13:00:25'),
(367,'pwa_icon',0,'s:3:\"370\";','2024-12-13 15:23:39','2024-12-19 17:28:24'),
(368,'storefront_favicon',0,'s:3:\"384\";','2024-12-19 14:23:05','2025-05-02 16:44:02'),
(369,'storefront_mail_logo',1,NULL,'2024-12-19 17:15:46','2024-12-19 17:15:46');

/*Table structure for table `slider_slide_translations` */

DROP TABLE IF EXISTS `slider_slide_translations`;

CREATE TABLE `slider_slide_translations` (
  `id` int(10) unsigned NOT NULL AUTO_INCREMENT,
  `slider_slide_id` int(10) unsigned NOT NULL,
  `locale` varchar(191) NOT NULL,
  `file_id` int(10) unsigned DEFAULT NULL,
  `caption_1` varchar(191) DEFAULT NULL,
  `caption_2` varchar(191) DEFAULT NULL,
  `call_to_action_text` varchar(191) DEFAULT NULL,
  `direction` varchar(191) DEFAULT NULL,
  PRIMARY KEY (`id`),
  UNIQUE KEY `slider_slide_translations_slider_slide_id_locale_unique` (`slider_slide_id`,`locale`),
  CONSTRAINT `slider_slide_translations_slider_slide_id_foreign` FOREIGN KEY (`slider_slide_id`) REFERENCES `slider_slides` (`id`) ON DELETE CASCADE
) ENGINE=InnoDB AUTO_INCREMENT=4 DEFAULT CHARSET=utf8mb4 COLLATE=utf8mb4_unicode_ci;

/*Data for the table `slider_slide_translations` */

insert  into `slider_slide_translations`(`id`,`slider_slide_id`,`locale`,`file_id`,`caption_1`,`caption_2`,`call_to_action_text`,`direction`) values 
(1,1,'es',388,NULL,NULL,NULL,'right'),
(2,2,'es',389,NULL,NULL,NULL,'left'),
(3,3,'es',392,NULL,NULL,NULL,'left');

/*Table structure for table `slider_slides` */

DROP TABLE IF EXISTS `slider_slides`;

CREATE TABLE `slider_slides` (
  `id` int(10) unsigned NOT NULL AUTO_INCREMENT,
  `slider_id` int(10) unsigned NOT NULL,
  `options` text DEFAULT NULL,
  `call_to_action_url` varchar(191) DEFAULT NULL,
  `open_in_new_window` tinyint(1) DEFAULT NULL,
  `position` int(11) DEFAULT NULL,
  `created_at` timestamp NULL DEFAULT NULL,
  `updated_at` timestamp NULL DEFAULT NULL,
  PRIMARY KEY (`id`),
  KEY `slider_slides_slider_id_foreign` (`slider_id`),
  CONSTRAINT `slider_slides_slider_id_foreign` FOREIGN KEY (`slider_id`) REFERENCES `sliders` (`id`) ON DELETE CASCADE
) ENGINE=InnoDB AUTO_INCREMENT=4 DEFAULT CHARSET=utf8mb4 COLLATE=utf8mb4_unicode_ci;

/*Data for the table `slider_slides` */

insert  into `slider_slides`(`id`,`slider_id`,`options`,`call_to_action_url`,`open_in_new_window`,`position`,`created_at`,`updated_at`) values 
(1,1,NULL,'#',0,0,'2024-12-13 13:41:00','2024-12-13 13:41:29'),
(2,1,NULL,'#',0,1,'2024-12-13 13:44:41','2024-12-13 15:21:48'),
(3,1,NULL,'#',0,2,'2024-12-13 13:44:41','2024-12-13 13:44:41');

/*Table structure for table `slider_translations` */

DROP TABLE IF EXISTS `slider_translations`;

CREATE TABLE `slider_translations` (
  `id` int(10) unsigned NOT NULL AUTO_INCREMENT,
  `slider_id` int(10) unsigned NOT NULL,
  `locale` varchar(191) NOT NULL,
  `name` varchar(191) NOT NULL,
  PRIMARY KEY (`id`),
  UNIQUE KEY `slider_translations_slider_id_locale_unique` (`slider_id`,`locale`),
  CONSTRAINT `slider_translations_slider_id_foreign` FOREIGN KEY (`slider_id`) REFERENCES `sliders` (`id`) ON DELETE CASCADE
) ENGINE=InnoDB AUTO_INCREMENT=2 DEFAULT CHARSET=utf8mb4 COLLATE=utf8mb4_unicode_ci;

/*Data for the table `slider_translations` */

insert  into `slider_translations`(`id`,`slider_id`,`locale`,`name`) values 
(1,1,'es','Control deslizante principal');

/*Table structure for table `sliders` */

DROP TABLE IF EXISTS `sliders`;

CREATE TABLE `sliders` (
  `id` int(10) unsigned NOT NULL AUTO_INCREMENT,
  `speed` int(11) DEFAULT NULL,
  `autoplay` tinyint(1) DEFAULT NULL,
  `autoplay_speed` int(11) DEFAULT NULL,
  `fade` tinyint(1) NOT NULL DEFAULT 0,
  `dots` tinyint(1) DEFAULT NULL,
  `arrows` tinyint(1) DEFAULT NULL,
  `created_at` timestamp NULL DEFAULT NULL,
  `updated_at` timestamp NULL DEFAULT NULL,
  PRIMARY KEY (`id`)
) ENGINE=InnoDB AUTO_INCREMENT=2 DEFAULT CHARSET=utf8mb4 COLLATE=utf8mb4_unicode_ci;

/*Data for the table `sliders` */

insert  into `sliders`(`id`,`speed`,`autoplay`,`autoplay_speed`,`fade`,`dots`,`arrows`,`created_at`,`updated_at`) values 
(1,1000,1,5000,0,1,1,'2024-12-13 13:41:00','2025-05-05 15:28:39');

/*Table structure for table `tag_translations` */

DROP TABLE IF EXISTS `tag_translations`;

CREATE TABLE `tag_translations` (
  `id` int(10) unsigned NOT NULL AUTO_INCREMENT,
  `tag_id` int(10) unsigned NOT NULL,
  `locale` varchar(191) NOT NULL,
  `name` varchar(191) NOT NULL,
  PRIMARY KEY (`id`),
  UNIQUE KEY `tag_translations_tag_id_locale_unique` (`tag_id`,`locale`),
  CONSTRAINT `tag_translations_tag_id_foreign` FOREIGN KEY (`tag_id`) REFERENCES `tags` (`id`) ON DELETE CASCADE
) ENGINE=InnoDB AUTO_INCREMENT=8 DEFAULT CHARSET=utf8mb4 COLLATE=utf8mb4_unicode_ci;

/*Data for the table `tag_translations` */

insert  into `tag_translations`(`id`,`tag_id`,`locale`,`name`) values 
(1,1,'es','Electronica'),
(2,2,'es','Accesorios'),
(3,3,'es','Moda'),
(4,4,'es','Entretenimiento'),
(5,5,'es','Telefonos'),
(6,6,'es','Laptops'),
(7,7,'es','Ofertas especiales');

/*Table structure for table `tags` */

DROP TABLE IF EXISTS `tags`;

CREATE TABLE `tags` (
  `id` int(10) unsigned NOT NULL AUTO_INCREMENT,
  `slug` varchar(191) NOT NULL,
  `created_at` timestamp NULL DEFAULT NULL,
  `updated_at` timestamp NULL DEFAULT NULL,
  PRIMARY KEY (`id`),
  UNIQUE KEY `tags_slug_unique` (`slug`)
) ENGINE=InnoDB AUTO_INCREMENT=8 DEFAULT CHARSET=utf8mb4 COLLATE=utf8mb4_unicode_ci;

/*Data for the table `tags` */

insert  into `tags`(`id`,`slug`,`created_at`,`updated_at`) values 
(1,'electronica','2024-12-18 17:31:32','2024-12-18 17:31:32'),
(2,'accesorios','2024-12-18 17:32:40','2024-12-18 17:32:40'),
(3,'moda','2024-12-18 17:32:56','2024-12-18 17:32:56'),
(4,'entretenimiento','2024-12-18 17:33:07','2024-12-18 17:33:07'),
(5,'telefonos','2024-12-18 17:33:21','2024-12-18 17:33:21'),
(6,'laptops','2024-12-18 17:33:30','2024-12-18 17:33:30'),
(7,'ofertas-especiales','2024-12-18 17:33:44','2024-12-18 17:33:44');

/*Table structure for table `tax_class_translations` */

DROP TABLE IF EXISTS `tax_class_translations`;

CREATE TABLE `tax_class_translations` (
  `id` int(10) unsigned NOT NULL AUTO_INCREMENT,
  `tax_class_id` int(10) unsigned NOT NULL,
  `locale` varchar(191) NOT NULL,
  `label` varchar(191) NOT NULL,
  PRIMARY KEY (`id`),
  UNIQUE KEY `tax_class_translations_tax_class_id_locale_unique` (`tax_class_id`,`locale`),
  CONSTRAINT `tax_class_translations_tax_class_id_foreign` FOREIGN KEY (`tax_class_id`) REFERENCES `tax_classes` (`id`) ON DELETE CASCADE
) ENGINE=InnoDB DEFAULT CHARSET=utf8mb4 COLLATE=utf8mb4_unicode_ci;

/*Data for the table `tax_class_translations` */

/*Table structure for table `tax_classes` */

DROP TABLE IF EXISTS `tax_classes`;

CREATE TABLE `tax_classes` (
  `id` int(10) unsigned NOT NULL AUTO_INCREMENT,
  `based_on` varchar(191) NOT NULL,
  `deleted_at` timestamp NULL DEFAULT NULL,
  `created_at` timestamp NULL DEFAULT NULL,
  `updated_at` timestamp NULL DEFAULT NULL,
  PRIMARY KEY (`id`)
) ENGINE=InnoDB DEFAULT CHARSET=utf8mb4 COLLATE=utf8mb4_unicode_ci;

/*Data for the table `tax_classes` */

/*Table structure for table `tax_rate_translations` */

DROP TABLE IF EXISTS `tax_rate_translations`;

CREATE TABLE `tax_rate_translations` (
  `id` int(10) unsigned NOT NULL AUTO_INCREMENT,
  `tax_rate_id` int(10) unsigned NOT NULL,
  `locale` varchar(191) NOT NULL,
  `name` varchar(191) NOT NULL,
  PRIMARY KEY (`id`),
  UNIQUE KEY `tax_rate_translations_tax_rate_id_locale_unique` (`tax_rate_id`,`locale`),
  CONSTRAINT `tax_rate_translations_tax_rate_id_foreign` FOREIGN KEY (`tax_rate_id`) REFERENCES `tax_rates` (`id`) ON DELETE CASCADE
) ENGINE=InnoDB DEFAULT CHARSET=utf8mb4 COLLATE=utf8mb4_unicode_ci;

/*Data for the table `tax_rate_translations` */

/*Table structure for table `tax_rates` */

DROP TABLE IF EXISTS `tax_rates`;

CREATE TABLE `tax_rates` (
  `id` int(10) unsigned NOT NULL AUTO_INCREMENT,
  `tax_class_id` int(10) unsigned NOT NULL,
  `country` varchar(191) NOT NULL,
  `state` varchar(191) NOT NULL,
  `city` varchar(191) NOT NULL,
  `zip` varchar(191) NOT NULL,
  `rate` decimal(8,4) unsigned NOT NULL,
  `position` int(10) unsigned NOT NULL,
  `deleted_at` timestamp NULL DEFAULT NULL,
  `created_at` timestamp NULL DEFAULT NULL,
  `updated_at` timestamp NULL DEFAULT NULL,
  PRIMARY KEY (`id`),
  KEY `tax_rates_tax_class_id_index` (`tax_class_id`),
  CONSTRAINT `tax_rates_tax_class_id_foreign` FOREIGN KEY (`tax_class_id`) REFERENCES `tax_classes` (`id`) ON DELETE CASCADE
) ENGINE=InnoDB DEFAULT CHARSET=utf8mb4 COLLATE=utf8mb4_unicode_ci;

/*Data for the table `tax_rates` */

/*Table structure for table `throttle` */

DROP TABLE IF EXISTS `throttle`;

CREATE TABLE `throttle` (
  `id` int(10) unsigned NOT NULL AUTO_INCREMENT,
  `user_id` int(10) unsigned DEFAULT NULL,
  `type` varchar(191) NOT NULL,
  `ip` varchar(191) DEFAULT NULL,
  `created_at` timestamp NULL DEFAULT NULL,
  `updated_at` timestamp NULL DEFAULT NULL,
  PRIMARY KEY (`id`),
  KEY `throttle_user_id_foreign` (`user_id`),
  CONSTRAINT `throttle_user_id_foreign` FOREIGN KEY (`user_id`) REFERENCES `users` (`id`) ON DELETE CASCADE
) ENGINE=InnoDB AUTO_INCREMENT=15 DEFAULT CHARSET=utf8mb4 COLLATE=utf8mb4_unicode_ci;

/*Data for the table `throttle` */

insert  into `throttle`(`id`,`user_id`,`type`,`ip`,`created_at`,`updated_at`) values 
(1,NULL,'global',NULL,'2024-12-13 09:38:53','2024-12-13 09:38:53'),
(2,NULL,'ip','181.176.43.211','2024-12-13 09:38:53','2024-12-13 09:38:53'),
(3,NULL,'global',NULL,'2025-04-26 04:21:03','2025-04-26 04:21:03'),
(4,NULL,'ip','190.14.141.85','2025-04-26 04:21:03','2025-04-26 04:21:03'),
(5,NULL,'global',NULL,'2025-04-26 04:21:41','2025-04-26 04:21:41'),
(6,NULL,'ip','190.14.134.85','2025-04-26 04:21:41','2025-04-26 04:21:41'),
(8,NULL,'global',NULL,'2025-04-26 04:21:57','2025-04-26 04:21:57'),
(9,NULL,'ip','190.14.141.85','2025-04-26 04:21:57','2025-04-26 04:21:57'),
(11,NULL,'global',NULL,'2025-05-02 16:40:32','2025-05-02 16:40:32'),
(12,NULL,'ip','127.0.0.1','2025-05-02 16:40:32','2025-05-02 16:40:32'),
(13,NULL,'global',NULL,'2025-05-05 15:19:17','2025-05-05 15:19:17'),
(14,NULL,'ip','127.0.0.1','2025-05-05 15:19:17','2025-05-05 15:19:17');

/*Table structure for table `transactions` */

DROP TABLE IF EXISTS `transactions`;

CREATE TABLE `transactions` (
  `id` int(10) unsigned NOT NULL AUTO_INCREMENT,
  `order_id` int(10) unsigned NOT NULL,
  `transaction_id` varchar(191) NOT NULL,
  `payment_method` varchar(191) NOT NULL,
  `deleted_at` timestamp NULL DEFAULT NULL,
  `created_at` timestamp NULL DEFAULT NULL,
  `updated_at` timestamp NULL DEFAULT NULL,
  PRIMARY KEY (`id`),
  UNIQUE KEY `transactions_order_id_unique` (`order_id`),
  CONSTRAINT `transactions_order_id_foreign` FOREIGN KEY (`order_id`) REFERENCES `orders` (`id`) ON DELETE CASCADE
) ENGINE=InnoDB DEFAULT CHARSET=utf8mb4 COLLATE=utf8mb4_unicode_ci;

/*Data for the table `transactions` */

/*Table structure for table `translation_translations` */

DROP TABLE IF EXISTS `translation_translations`;

CREATE TABLE `translation_translations` (
  `id` int(10) unsigned NOT NULL,
  `translation_id` int(10) unsigned NOT NULL,
  `locale` varchar(191) NOT NULL,
  `value` text NOT NULL
) ENGINE=InnoDB DEFAULT CHARSET=utf8mb4 COLLATE=utf8mb4_unicode_ci;

/*Data for the table `translation_translations` */

insert  into `translation_translations`(`id`,`translation_id`,`locale`,`value`) values 
(1,1,'es','Dirección Línea 1'),
(2,2,'es','Ciudad'),
(3,3,'es','País'),
(4,4,'es','Nombre'),
(5,5,'es','Apellido'),
(6,6,'es','Estado / Provincia'),
(7,7,'es','Código postal / ZIP'),
(8,8,'es','La dirección ha sido creada'),
(9,9,'es','La dirección ha sido eliminada'),
(10,10,'es','La dirección ha sido actualizada'),
(11,11,'es','La dirección predeterminada se ha actualizado'),
(12,12,'es','Tu perfil ha sido actualizado'),
(13,13,'es','Administración'),
(14,14,'es','Cancelar'),
(15,15,'es','Borrar'),
(16,16,'es','Guardar'),
(17,17,'es','Guardar y editar'),
(18,18,'es','Guardar y salir'),
(19,19,'es','Confirmación'),
(20,20,'es','¿Estás seguro que deseas eliminar?'),
(21,21,'es','404'),
(22,22,'es','La página que estás buscando no fue encontrada'),
(23,23,'es','¡Ups! Esta página no fue encontrada'),
(24,24,'es','500'),
(25,25,'es','Se notificó a un administrador'),
(26,26,'es','¡Ups! Algo salió mal'),
(27,27,'es','Por favor seleccione'),
(28,28,'es','Próximo'),
(29,29,'es','Anterior'),
(30,30,'es','Atajos de teclado disponibles en esta página'),
(31,31,'es','Volver al índice'),
(32,32,'es','Atajos de teclado'),
(33,33,'es','Este Menú'),
(34,34,'es','Salir'),
(35,35,'es','Activo'),
(36,36,'es','Aprobado'),
(37,37,'es','Creado'),
(38,38,'es','Fecha'),
(39,39,'es','(filtrado de _MAX_ entradas totales'),
(40,40,'es','ID'),
(41,41,'es','Inactivo'),
(42,42,'es','Cargando...'),
(43,43,'es','No hay datos disponibles en la tabla'),
(44,44,'es','No se encontraron registros coincidentes'),
(45,45,'es','Pendiente'),
(46,46,'es','Busca aquí...'),
(47,47,'es','Mostrando 0 a 0 de 0 entradas'),
(48,48,'es','Mostrando del _INICIO_ al _FIN_ de _TOTAL_ entradas'),
(49,49,'es','Mostrar entradas de _MENU_'),
(50,50,'es','Estado'),
(51,51,'es','Actualizado'),
(52,52,'es','Panel'),
(53,53,'es','Últimos pedidos'),
(54,54,'es','Últimas reseñas'),
(55,55,'es','Últimas búsquedas'),
(56,56,'es','¡No hay datos disponibles!'),
(57,57,'es','Lunes'),
(58,58,'es','Martes'),
(59,59,'es','Miércoles'),
(60,60,'es','Jueves'),
(61,61,'es','Viernes'),
(62,62,'es','Sábado'),
(63,63,'es','Domingo'),
(64,64,'es','Pedidos'),
(65,65,'es','Ventas'),
(66,66,'es','Análisis de ventas'),
(67,67,'es','Cliente'),
(68,68,'es','Identificación del pedido'),
(69,69,'es','Estado'),
(70,70,'es','Total'),
(71,71,'es','Producto'),
(72,72,'es','Clasificación'),
(73,73,'es','Éxitos'),
(74,74,'es','Palabra clave'),
(75,75,'es','Resultados'),
(76,76,'es','Total de clientes'),
(77,77,'es','Pedidos totales'),
(78,78,'es','Total de productos'),
(79,79,'es','Ventas totales'),
(80,80,'es','Permiso denegado (permiso requerido: \"permission\")'),
(81,81,'es','recurso creado'),
(82,82,'es','recurso eliminado'),
(83,83,'es','recurso actualizado'),
(84,84,'es','Crear recurso'),
(85,85,'es','Eliminar recurso'),
(86,86,'es','Editar recurso'),
(87,87,'es','Mostrar recurso'),
(88,88,'es','Apariencia'),
(89,89,'es','Contenido'),
(90,90,'es','Localización'),
(91,91,'es','Ventas'),
(92,92,'es','Sistema'),
(93,93,'es','Herramientas'),
(94,94,'es','Actualizar'),
(95,95,'es','Atributo'),
(96,96,'es','Atributos'),
(97,97,'es','Añadir nuevo valor'),
(98,98,'es','Eliminar valor'),
(99,99,'es','Utilice este atributo para filtrar productos'),
(100,100,'es','Valor'),
(101,101,'es','Conjunto de atributos'),
(102,102,'es','Filtrable'),
(103,103,'es','Nombre'),
(104,104,'es','No'),
(105,105,'es','Sí'),
(106,106,'es','General'),
(107,107,'es','Información de atributos'),
(108,108,'es','Valores'),
(109,109,'es','Conjunto de atributos'),
(110,110,'es','Categorías'),
(111,111,'es','Nombre'),
(112,112,'es','Filtrable'),
(113,113,'es','Nombre'),
(114,114,'es','URL'),
(115,115,'es','Conjunto de atributos'),
(116,116,'es','Conjuntos de atributos'),
(117,117,'es','Nombre'),
(118,118,'es','General'),
(119,119,'es','Información del conjunto de atributos'),
(120,120,'es','Atributo'),
(121,121,'es','Valores'),
(122,122,'es','Valor del atributo'),
(123,123,'es','Valores de los atributos'),
(124,124,'es','Crear atributo'),
(125,125,'es','Eliminar atributo'),
(126,126,'es','Editar atributo'),
(127,127,'es','Crear conjunto de atributos'),
(128,128,'es','Eliminar conjunto de atributos'),
(129,129,'es','Editar conjunto de atributos'),
(130,130,'es','Conjunto de atributos de índice'),
(131,131,'es','Atributo de índice'),
(132,132,'es','Atributos'),
(133,133,'es','Conjuntos de atributos'),
(134,134,'es','Blog'),
(135,135,'es','Categorías del blog'),
(136,136,'es','Nombre'),
(137,137,'es','Categoría del blog'),
(138,138,'es','Entrada de blog'),
(139,139,'es','Descripción'),
(140,140,'es','Imagen destacada'),
(141,141,'es','Descripción breve'),
(142,142,'es','Título'),
(143,143,'es','Entradas de blog'),
(144,144,'es','Imagen destacada'),
(145,145,'es','Estado de publicación'),
(146,146,'es','Título'),
(147,147,'es','Usuario'),
(148,148,'es','Etiqueta de blog'),
(149,149,'es','Etiquetas del blog'),
(150,150,'es','Nombre'),
(151,151,'es','Categorías'),
(152,152,'es','Publicaciones'),
(153,153,'es','Etiquetas'),
(154,154,'es','Nombre'),
(155,155,'es','URL'),
(156,156,'es','Seleccionar categoría'),
(157,157,'es','Descripción'),
(158,158,'es','Estado de publicación'),
(159,159,'es','URL'),
(160,160,'es','Agregar etiquetas'),
(161,161,'es','Título'),
(162,162,'es','Nombre'),
(163,163,'es','URL'),
(164,164,'es','Categoría del blog'),
(165,165,'es','Habilitar la categoría del blog'),
(166,166,'es','Publicado'),
(167,167,'es','Inédito'),
(168,168,'es','Categorías'),
(169,169,'es','Imagen destacada'),
(170,170,'es','General'),
(171,171,'es','Publicar'),
(172,172,'es','SEO'),
(173,173,'es','Etiquetas'),
(174,174,'es','Entrada de blog'),
(175,175,'es','Etiqueta de blog'),
(176,176,'es','Crear categoría de blog'),
(177,177,'es','Eliminar categoría del blog'),
(178,178,'es','Editar categoría del blog'),
(179,179,'es','Índice Blog Categoría'),
(180,180,'es','Crear una entrada de blog'),
(181,181,'es','Eliminar publicación de blog'),
(182,182,'es','Editar publicación de blog'),
(183,183,'es','Índice de publicaciones del blog'),
(184,184,'es','Crear etiqueta de blog'),
(185,185,'es','Eliminar etiqueta de blog'),
(186,186,'es','Editar etiqueta de blog'),
(187,187,'es','Índice Blog Etiqueta'),
(188,188,'es','Estado'),
(189,189,'es','Nombre'),
(190,190,'es','Marca'),
(191,191,'es','Marcas'),
(192,192,'es','Banner'),
(193,193,'es','Habilitar la marca'),
(194,194,'es','Logo'),
(195,195,'es','Logo'),
(196,196,'es','Nombre'),
(197,197,'es','General'),
(198,198,'es','Información de la marca'),
(199,199,'es','Imágenes'),
(200,200,'es','SEO'),
(201,201,'es','Crear prueba'),
(202,202,'es','Eliminar prueba'),
(203,203,'es','Editar prueba'),
(204,204,'es','Prueba de índice'),
(205,205,'es','Lo sentimos, solo tenemos :stock en stock'),
(206,206,'es','Lo sentimos, uno o más productos no tienen suficiente stock'),
(207,207,'es','Lo sentimos, uno o más productos están agotados'),
(208,208,'es','Lo sentimos, el producto está agotado.'),
(209,209,'es','La opción seleccionada no es válida'),
(210,210,'es','Este campo es obligatorio'),
(211,211,'es','ID'),
(212,212,'es','Estado'),
(213,213,'es','Buscable'),
(214,214,'es','Nombre'),
(215,215,'es','URL'),
(216,216,'es','Categorías'),
(217,217,'es','Categoría'),
(218,218,'es','Banner'),
(219,219,'es','Habilitar la categoría'),
(220,220,'es','Logo'),
(221,221,'es','Mostrar esta categoría en el cuadro de búsqueda de la lista de categorías'),
(222,222,'es','General'),
(223,223,'es','Imagen'),
(224,224,'es','SEO'),
(225,225,'es','Agregar categoría raíz'),
(226,226,'es','Agregar subcategoría'),
(227,227,'es','Contraer todo'),
(228,228,'es','Expandir todo'),
(229,229,'es','Orden de categorías actualizado'),
(230,230,'es','Crear categorías'),
(231,231,'es','Eliminar categorías'),
(232,232,'es','Editar categorías'),
(233,233,'es','Categorías del índice'),
(234,234,'es','Categorías'),
(235,235,'es','Dirección Línea 1'),
(236,236,'es','Línea de dirección 2 (opcional)'),
(237,237,'es','Ciudad'),
(238,238,'es','País'),
(239,239,'es','Nombre de pila'),
(240,240,'es','Apellido'),
(241,241,'es','Estado / Provincia'),
(242,242,'es','Código postal / ZIP'),
(243,243,'es','¿Crear una cuenta?'),
(244,244,'es','Correo electrónico'),
(245,245,'es','Teléfono'),
(246,246,'es','Nota de pedido'),
(247,247,'es','Contraseña'),
(248,248,'es','Dirección Línea 1'),
(249,249,'es','Línea de dirección 2 (opcional)'),
(250,250,'es','Ciudad'),
(251,251,'es','País'),
(252,252,'es','Nombre'),
(253,253,'es','Apellido'),
(254,254,'es','Estado / Provincia'),
(255,255,'es','Código postal / ZIP'),
(256,256,'es','Enviar a una dirección diferente'),
(257,257,'es','Dirección de la calle'),
(258,258,'es','Si tiene problemas para hacer clic en el botón \"Ver pedido\", copie y pegue la siguiente URL en su navegador web:'),
(259,259,'es','Se ha realizado un nuevo pedido'),
(260,260,'es','Se ha realizado un nuevo pedido. El ID del pedido es #:order_id.'),
(261,261,'es','Ver pedido'),
(262,262,'es','No se encontró ningún método de envío'),
(263,263,'es','Correo electrónico'),
(264,264,'es','Captcha'),
(265,265,'es','Mensaje'),
(266,266,'es','Asunto'),
(267,267,'es','Su mensaje ha sido enviado'),
(268,268,'es','No se pudo verificar'),
(269,269,'es','El correo no está configurado correctamente'),
(270,270,'es','¡Algo salió mal!'),
(271,271,'es','Los datos proporcionados no eran válidos'),
(272,272,'es','El atributo : debe ser aceptado'),
(273,273,'es','El atributo : no es una URL válida'),
(274,274,'es','El atributo : debe ser una fecha posterior a :date'),
(275,275,'es','El atributo : debe ser una fecha posterior o igual a :date'),
(276,276,'es','El atributo : solo puede contener letras'),
(277,277,'es','El atributo : solo puede contener letras, números y guiones'),
(278,278,'es','El atributo : solo puede contener letras y números'),
(279,279,'es','El atributo : debe ser una matriz'),
(280,280,'es','El atributo : debe ser una fecha anterior a :date'),
(281,281,'es','El atributo : debe ser una fecha anterior o igual a :date'),
(282,282,'es','El atributo : debe tener entre :min y :max elementos'),
(283,283,'es','El atributo : debe estar entre :min y :max kilobytes'),
(284,284,'es','El atributo : debe estar entre :min y :max'),
(285,285,'es','El atributo : debe estar entre :min y :max caracteres'),
(286,286,'es','El campo :attribute debe ser verdadero o falso'),
(287,287,'es','La confirmación del atributo :no coincide'),
(288,288,'es','El atributo : no es una fecha válida'),
(289,289,'es','El atributo : no coincide con el formato :format'),
(290,290,'es','El :attribute y :other deben ser diferentes'),
(291,291,'es','El atributo : debe ser :digits dígitos'),
(292,292,'es','El atributo : debe estar entre los dígitos :min y :max'),
(293,293,'es','El atributo : tiene dimensiones de imagen no válidas'),
(294,294,'es','El campo :attribute tiene un valor duplicado'),
(295,295,'es','El atributo : debe ser una dirección de correo electrónico válida'),
(296,296,'es','El atributo seleccionado no es válido'),
(297,297,'es','El atributo : debe ser un archivo'),
(298,298,'es','El campo :attribute debe tener un valor'),
(299,299,'es','El atributo : debe ser una imagen'),
(300,300,'es','El atributo seleccionado no es válido'),
(301,301,'es','El campo :attribute no existe en :other'),
(302,302,'es','El atributo : debe ser un número entero'),
(303,303,'es','El atributo : debe ser una dirección IP válida'),
(304,304,'es','El atributo : debe ser una dirección IPv4 válida'),
(305,305,'es','El atributo : debe ser una dirección IPv6 válida'),
(306,306,'es','El atributo : debe ser una cadena JSON válida'),
(307,307,'es','El atributo : no puede tener más de :max elementos'),
(308,308,'es','El atributo : no puede ser mayor que :max kilobytes'),
(309,309,'es','El :attribute no puede ser mayor que :max'),
(310,310,'es','El atributo : no puede tener más de :max caracteres'),
(311,311,'es','El atributo : debe ser un archivo de tipo: :values'),
(312,312,'es','El atributo : debe ser un archivo de tipo: :values'),
(313,313,'es','El atributo : debe tener al menos :min elementos'),
(314,314,'es','El atributo : debe tener al menos :min kilobytes'),
(315,315,'es','El atributo : debe ser al menos :min'),
(316,316,'es','El atributo : debe tener al menos :min caracteres'),
(317,317,'es','El atributo seleccionado no es válido'),
(318,318,'es','El atributo : debe ser un número'),
(319,319,'es','El campo :attribute debe estar presente'),
(320,320,'es','No se pudo conectar al servidor redis'),
(321,321,'es','El formato :attribute no es válido'),
(322,322,'es','El formato :attribute no es válido'),
(323,323,'es','El campo :attribute es obligatorio cuando :other es :value'),
(324,324,'es','El campo :attribute es obligatorio a menos que :other esté en :values'),
(325,325,'es','El campo :attribute es obligatorio cuando :values ​​está presente'),
(326,326,'es','El campo :attribute es obligatorio cuando :values ​​está presente'),
(327,327,'es','El campo :attribute es obligatorio cuando :values ​​no está presente'),
(328,328,'es','El campo :attribute es obligatorio cuando ninguno de los :values ​​está presente'),
(329,329,'es','El atributo : y el otro deben coincidir'),
(330,330,'es','El atributo : debe contener elementos :size'),
(331,331,'es','El atributo : debe ser :size kilobytes'),
(332,332,'es','El atributo : debe ser :size'),
(333,333,'es','El atributo : debe ser :size caracteres'),
(334,334,'es','El atributo : debe ser una cadena'),
(335,335,'es','El atributo : debe ser una zona válida'),
(336,336,'es','El atributo :ya ha sido tomado'),
(337,337,'es','El atributo :no se pudo cargar'),
(338,338,'es','El formato :attribute no es válido'),
(339,339,'es','Categorías'),
(340,340,'es','Código'),
(341,341,'es','Fecha de finalización'),
(342,342,'es','Excluir categorías'),
(343,343,'es','Excluir productos'),
(344,344,'es','Envío gratis'),
(345,345,'es','Estado'),
(346,346,'es','Tipo de descuento'),
(347,347,'es','Gasto máximo'),
(348,348,'es','Gasto mínimo'),
(349,349,'es','Nombre'),
(350,350,'es','Productos'),
(351,351,'es','Fecha de inicio'),
(352,352,'es','Límite de uso por cupón'),
(353,353,'es','Límite de uso por cliente'),
(354,354,'es','Valor'),
(355,355,'es','Cupón'),
(356,356,'es','Cupones'),
(357,357,'es','Permitir envío gratuito'),
(358,358,'es','Habilitar el cupón'),
(359,359,'es','Fijado'),
(360,360,'es','Porcentaje'),
(361,361,'es','Código'),
(362,362,'es','Descuento'),
(363,363,'es','Nombre'),
(364,364,'es','General'),
(365,365,'es','Información del cupón'),
(366,366,'es','Límites de uso'),
(367,367,'es','Restricciones de uso'),
(368,368,'es','El cupón ya ha sido aplicado'),
(369,369,'es','Este cupón no es aplicable a tu carrito'),
(370,370,'es','El cupón no es válido'),
(371,371,'es','Debes gastar menos de :cantidad para aplicar este cupón'),
(372,372,'es','Debes gastar al menos :cantidad para aplicar este cupón'),
(373,373,'es','El cupón no existe'),
(374,374,'es','Se ha alcanzado el límite de uso del cupón.'),
(375,375,'es','Crear cupones'),
(376,376,'es','Eliminar cupones'),
(377,377,'es','Editar cupones'),
(378,378,'es','Cupones de índice'),
(379,379,'es','Tasa'),
(380,380,'es','Tasa de cambio'),
(381,381,'es','Tasas de cambio'),
(382,382,'es','Actualizar los tipos de cambio desde :service'),
(383,383,'es','Frecuencias de actualización'),
(384,384,'es','Código'),
(385,385,'es','Divisa'),
(386,386,'es','Última actualización'),
(387,387,'es','Tasa'),
(388,388,'es','General'),
(389,389,'es','Información sobre el tipo de cambio'),
(390,390,'es','El servicio de cambio de divisas no está configurado'),
(391,391,'es','Editar tipos de cambio'),
(392,392,'es','Índice de tipos de cambio'),
(393,393,'es','Fixer'),
(394,394,'es','Forge'),
(395,395,'es','Fragua'),
(396,396,'es','Nombre de la campaña'),
(397,397,'es','Fecha de finalización'),
(398,398,'es','Precio'),
(399,399,'es','Producto'),
(400,400,'es','Fecha de finalización'),
(401,401,'es','Precio'),
(402,402,'es','Producto'),
(403,403,'es','Cantidad'),
(404,404,'es','Cantidad'),
(405,405,'es','Venta flash'),
(406,406,'es','Ventas flash'),
(407,407,'es','Agregar producto'),
(408,408,'es','Venta flash de productos'),
(409,409,'es','Nombre de la campaña'),
(410,410,'es','Información de venta flash'),
(411,411,'es','Productos'),
(412,412,'es','Ajustes'),
(413,413,'es','Crear venta flash'),
(414,414,'es','Eliminar venta flash'),
(415,415,'es','Editar Venta Flash'),
(416,416,'es','Venta flash de índice'),
(417,417,'es','Navegar'),
(418,418,'es','Suelte los archivos aquí o haga clic para cargarlos'),
(419,419,'es','Insertar'),
(420,420,'es','Gestor de archivos'),
(421,421,'es','Archivos'),
(422,422,'es','Nombre del archivo'),
(423,423,'es','Altura'),
(424,424,'es','Miniatura'),
(425,425,'es','Ancho'),
(426,426,'es','Miniaturas'),
(427,427,'es','Subir nuevo archivo'),
(428,428,'es','Se ha añadido la imagen'),
(429,429,'es','Crear medios'),
(430,430,'es','Eliminar medios'),
(431,431,'es','Índice de medios'),
(432,432,'es','Categoría'),
(433,433,'es','Icono'),
(434,434,'es','Estado'),
(435,435,'es','Menú fluido'),
(436,436,'es','Nombre'),
(437,437,'es','Página'),
(438,438,'es','Elemento del menú principal'),
(439,439,'es','Objetivo'),
(440,440,'es','Tipo'),
(441,441,'es','URL'),
(442,442,'es','Volver al menú Editar página'),
(443,443,'es','Imagen de fondo'),
(444,444,'es','Habilitar el elemento del menú'),
(445,445,'es','Este es un menú de ancho completo'),
(446,446,'es','Seleccionar categoría'),
(447,447,'es','Seleccionar página'),
(448,448,'es','Seleccionar padre'),
(449,449,'es','Nueva pestaña'),
(450,450,'es','Misma pestaña'),
(451,451,'es','Categoría'),
(452,452,'es','Página'),
(453,453,'es','URL'),
(454,454,'es','Elemento del menú'),
(455,455,'es','General'),
(456,456,'es','Información del elemento del menú'),
(457,457,'es','Imagen'),
(458,458,'es','Habilitar el menú'),
(459,459,'es','Guarde primero el menú para agregar elementos al menú.'),
(460,460,'es','Menú'),
(461,461,'es','Menús'),
(462,462,'es','Nombre'),
(463,463,'es','El elemento del menú ha sido eliminado'),
(464,464,'es','Se ha actualizado el orden de los elementos del menú.'),
(465,465,'es','Crear elementos de menú'),
(466,466,'es','Eliminar elementos del menú'),
(467,467,'es','Editar elementos del menú'),
(468,468,'es','Elementos del menú de índice'),
(469,469,'es','Crear menús'),
(470,470,'es','Eliminar menús'),
(471,471,'es','Editar menús'),
(472,472,'es','Índice Menús'),
(473,473,'es','Menús'),
(474,474,'es','Meta descripción'),
(475,475,'es','Título meta'),
(476,476,'es','Correo electrónico'),
(477,477,'es','Requerido'),
(478,478,'es','Etiqueta'),
(479,479,'es','Nombre'),
(480,480,'es','Nombre'),
(481,481,'es','Tipo'),
(482,482,'es','Etiqueta'),
(483,483,'es','Precio'),
(484,484,'es','Tipo de precio'),
(485,485,'es','Precio'),
(486,486,'es','Tipo de precio'),
(487,487,'es','Tipo'),
(488,488,'es','Etiqueta'),
(489,489,'es','Precio'),
(490,490,'es','Tipo de precio'),
(491,491,'es','Agregar fila'),
(492,492,'es','Opción de eliminar'),
(493,493,'es','Eliminar fila'),
(494,494,'es','Casilla'),
(495,495,'es','Casilla de verificación personalizada'),
(496,496,'es','Fecha'),
(497,497,'es','Fecha y hora'),
(498,498,'es','Menú desplegable'),
(499,499,'es','Campo'),
(500,500,'es','Selección múltiple'),
(501,501,'es','Por favor seleccione'),
(502,502,'es','Botón de radio'),
(503,503,'es','Botón de radio personalizado'),
(504,504,'es','Seleccionar'),
(505,505,'es','Texto'),
(506,506,'es','Área de texto'),
(507,507,'es','Tiempo'),
(508,508,'es','Precio'),
(509,509,'es','Fijado'),
(510,510,'es','Porcentaje'),
(511,511,'es','Esta opción es obligatoria'),
(512,512,'es','Opción'),
(513,513,'es','Opciones'),
(514,514,'es','Por favor seleccione un tipo de opción'),
(515,515,'es','Nombre'),
(516,516,'es','Tipo'),
(517,517,'es','General'),
(518,518,'es','Información de la opción'),
(519,519,'es','Valores'),
(520,520,'es','Crear opciones'),
(521,521,'es','Eliminar opciones'),
(522,522,'es','Opciones de edición'),
(523,523,'es','Opciones de índice'),
(524,524,'es','Opciones'),
(525,525,'es','El estado de su pedido ha cambiado'),
(526,526,'es','El estado de su pedido #:order_id ha cambiado a :status.'),
(527,527,'es','La factura ha sido enviada al cliente.'),
(528,528,'es','El estado del pedido se ha actualizado'),
(529,529,'es','Información de la cuenta'),
(530,530,'es','Información de la dirección'),
(531,531,'es','Dirección de Envio'),
(532,532,'es','Cupón'),
(533,533,'es','Divisa'),
(534,534,'es','Tasa de cambio'),
(535,535,'es','Correo electrónico del cliente'),
(536,536,'es','Grupo de clientes'),
(537,537,'es','Nombre del cliente'),
(538,538,'es','Teléfono del cliente'),
(539,539,'es','Invitado'),
(540,540,'es','Artículos pedidos'),
(541,541,'es','Total de línea'),
(542,542,'es','Orden'),
(543,543,'es','Información de pedidos y cuenta'),
(544,544,'es','Fecha de pedido'),
(545,545,'es','Identificación del pedido'),
(546,546,'es','Información del pedido'),
(547,547,'es','Nota de pedido'),
(548,548,'es','Pedidos'),
(549,549,'es','Estado del pedido'),
(550,550,'es','Método de pago'),
(551,551,'es','Imprimir'),
(552,552,'es','Producto'),
(553,553,'es','Cantidad'),
(554,554,'es','Registrado'),
(555,555,'es','Enviar correo electrónico'),
(556,556,'es','Dirección de envío'),
(557,557,'es','Método de envío'),
(558,558,'es','Total parcial'),
(559,559,'es','Correo electrónico del cliente'),
(560,560,'es','Nombre del cliente'),
(561,561,'es','Total'),
(562,562,'es','Impuesto'),
(563,563,'es','Total'),
(564,564,'es','Precio unitario'),
(565,565,'es','Editar orden'),
(566,566,'es','Orden del índice'),
(567,567,'es','Mostrar orden'),
(568,568,'es','Dirección de Envio'),
(569,569,'es','Fecha'),
(570,570,'es','Correo electrónico'),
(571,571,'es','FACTURA'),
(572,572,'es','Identificación de factura'),
(573,573,'es','Total de línea'),
(574,574,'es','Detalles del pedido'),
(575,575,'es','Método de pago'),
(576,576,'es','Teléfono'),
(577,577,'es','Producto'),
(578,578,'es','Cantidad'),
(579,579,'es','Dirección de envío'),
(580,580,'es','Método de envío'),
(581,581,'es','Total parcial'),
(582,582,'es','Total'),
(583,583,'es','Precio unitario'),
(584,584,'es','Cancelado'),
(585,585,'es','Terminado'),
(586,586,'es','En espera'),
(587,587,'es','Pendiente'),
(588,588,'es','Pago pendiente'),
(589,589,'es','Tratamiento'),
(590,590,'es','Reintegrado'),
(591,591,'es','Cuerpo'),
(592,592,'es','Estado'),
(593,593,'es','Nombre'),
(594,594,'es','URL'),
(595,595,'es','Habilitar la página'),
(596,596,'es','Página'),
(597,597,'es','Páginas'),
(598,598,'es','Nombre'),
(599,599,'es','General'),
(600,600,'es','Información de la página'),
(601,601,'es','SEO'),
(602,602,'es','Crear páginas'),
(603,603,'es','Eliminar páginas'),
(604,604,'es','Editar páginas'),
(605,605,'es','Páginas de índice'),
(606,606,'es','Páginas'),
(607,607,'es','Moneda no admitida'),
(608,608,'es','Solo se admite la moneda INR'),
(609,609,'es','Solo se admite la moneda ZAR'),
(610,610,'es','¡Pago cancelado!'),
(611,611,'es','¡Error en la pasarela de pago!'),
(612,612,'es','Descuento'),
(613,613,'es','Impuesto'),
(614,614,'es','Atributo'),
(615,615,'es','Valores'),
(616,616,'es','Marca'),
(617,617,'es','Categorías'),
(618,618,'es','Ventas cruzadas'),
(619,619,'es','Descripción'),
(620,620,'es','Disponibilidad de stock'),
(621,621,'es','Estado'),
(622,622,'es','Virtual'),
(623,623,'es','Gestión de inventario'),
(624,624,'es','Nombre'),
(625,625,'es','Nuevo desde'),
(626,626,'es','Nuevo en'),
(627,627,'es','Nombre'),
(628,628,'es','Tipo'),
(629,629,'es','Etiqueta'),
(630,630,'es','Precio'),
(631,631,'es','Tipo de precio'),
(632,632,'es','Precio'),
(633,633,'es','Cantidad'),
(634,634,'es','Productos relacionados'),
(635,635,'es','Descripción breve'),
(636,636,'es','Código SKU'),
(637,637,'es','URL'),
(638,638,'es','Precio especial'),
(639,639,'es','Precio especial final'),
(640,640,'es','Precio especial de inicio'),
(641,641,'es','Tipo de precio especial'),
(642,642,'es','Etiquetas'),
(643,643,'es','Clase de impuesto'),
(644,644,'es','Ventas adicionales'),
(645,645,'es','Disponibilidad de stock'),
(646,646,'es','Estado'),
(647,647,'es','Por defecto'),
(648,648,'es','Gestión de inventario'),
(649,649,'es','Nombre'),
(650,650,'es','Precio'),
(651,651,'es','Cantidad'),
(652,652,'es','Código SKU'),
(653,653,'es','Precio especial'),
(654,654,'es','Precio especial final'),
(655,655,'es','Precio especial de inicio'),
(656,656,'es','Tipo de precio especial'),
(657,657,'es','Nombre'),
(658,658,'es','Tipo'),
(659,659,'es','Valores'),
(660,660,'es','Color'),
(661,661,'es','Imagen'),
(662,662,'es','Etiqueta'),
(663,663,'es','Crear productos'),
(664,664,'es','Eliminar productos'),
(665,665,'es','Editar productos'),
(666,666,'es','Índice de productos'),
(667,667,'es','Agregar atributo'),
(668,668,'es','Atributo'),
(669,669,'es','Valores'),
(670,670,'es','Agregar archivo'),
(671,671,'es','Elegir'),
(672,672,'es','Archivo'),
(673,673,'es','Habilitar el producto'),
(674,674,'es','No realizar seguimiento del inventario'),
(675,675,'es','Inventario de seguimiento'),
(676,676,'es','Requerido'),
(677,677,'es','Etiqueta'),
(678,678,'es','Nombre'),
(679,679,'es','Casilla'),
(680,680,'es','Casilla de verificación personalizada'),
(681,681,'es','Fecha'),
(682,682,'es','Fecha y hora'),
(683,683,'es','Menú desplegable'),
(684,684,'es','Campo'),
(685,685,'es','Selección múltiple'),
(686,686,'es','Por favor seleccione'),
(687,687,'es','Botón de radio'),
(688,688,'es','Botón de opción personalizado'),
(689,689,'es','Seleccionar'),
(690,690,'es','Texto'),
(691,691,'es','Área de texto'),
(692,692,'es','Tiempo'),
(693,693,'es','Precio'),
(694,694,'es','Tipo de precio'),
(695,695,'es','Fijado'),
(696,696,'es','Porcentaje'),
(697,697,'es','Seleccionar plantilla'),
(698,698,'es','Tipo'),
(699,699,'es','Fijado'),
(700,700,'es','Porcentaje'),
(701,701,'es','Agotado'),
(702,702,'es','En stock'),
(703,703,'es','El producto no será enviado'),
(704,704,'es','Todas las variantes'),
(705,705,'es','Edición masiva'),
(706,706,'es','Variante predeterminada'),
(707,707,'es','Habilitar las variantes'),
(708,708,'es','Tipo de campo'),
(709,709,'es','Disponibilidad de stock'),
(710,710,'es','Estado'),
(711,711,'es','Gestión de inventario'),
(712,712,'es','No realizar seguimiento del inventario'),
(713,713,'es','Inventario de seguimiento'),
(714,714,'es','Aechivos'),
(715,715,'es','Nombre'),
(716,716,'es','Precio'),
(717,717,'es','Cantidad'),
(718,718,'es','Código SKU'),
(719,719,'es','Precio especial'),
(720,720,'es','Precio especial final'),
(721,721,'es','Precio especial de inicio'),
(722,722,'es','Tipo de precio especial'),
(723,723,'es','Fijado'),
(724,724,'es','Porcentaje'),
(725,725,'es','Agotado'),
(726,726,'es','En stock'),
(727,727,'es','Color'),
(728,728,'es','Imagen'),
(729,729,'es','Etiqueta'),
(730,730,'es','Nombre'),
(731,731,'es','Seleccionar plantilla'),
(732,732,'es','Tipo'),
(733,733,'es','Valores'),
(734,734,'es','Color'),
(735,735,'es','Imagen'),
(736,736,'es','Por favor seleccione'),
(737,737,'es','Texto'),
(738,738,'es','Adicional'),
(739,739,'es','Atributos'),
(740,740,'es','Descargas'),
(741,741,'es','General'),
(742,742,'es','Inventario'),
(743,743,'es','Productos vinculados'),
(744,744,'es','Archivos'),
(745,745,'es','Opciones'),
(746,746,'es','Precios'),
(747,747,'es','SEO'),
(748,748,'es','Variantes'),
(749,749,'es','Variaciones'),
(750,750,'es','Agregar opción'),
(751,751,'es','Agregar fila'),
(752,752,'es','Insertar'),
(753,753,'es','Nueva Opcion'),
(754,754,'es','Opción insertada'),
(755,755,'es','Producto'),
(756,756,'es','Productos'),
(757,757,'es','Guardar'),
(758,758,'es','Guardar y editar'),
(759,759,'es','Guardar y salir'),
(760,760,'es','Contraer todo'),
(761,761,'es','Expandir todo'),
(762,762,'es','Pedido guardado'),
(763,763,'es','Nombre'),
(764,764,'es','Precio'),
(765,765,'es','Existencias'),
(766,766,'es','Uña del pulgar'),
(767,767,'es','Aplicar'),
(768,768,'es','Variantes actualizadas'),
(769,769,'es','Por defecto'),
(770,770,'es','La variante predeterminada no se puede desactivar'),
(771,771,'es','Gestionado desde variantes individuales'),
(772,772,'es','Inactivo'),
(773,773,'es','Agotado'),
(774,774,'es','Variante'),
(775,775,'es','Variantes'),
(776,776,'es',':count :suffix creado'),
(777,777,'es',':count :sufijo eliminado'),
(778,778,'es','Variantes reordenadas'),
(779,779,'es','count :suffix actualizado'),
(780,780,'es','Agregar fila'),
(781,781,'es','Añadir variación'),
(782,782,'es','Insertar'),
(783,783,'es','Nueva variación'),
(784,784,'es','Agregue algunas variaciones para generar variantes.'),
(785,785,'es','Todos los productos'),
(786,786,'es','Crear producto'),
(787,787,'es','Productos'),
(788,788,'es','El campo de precio es obligatorio'),
(789,789,'es','Filtrar'),
(790,790,'es','Marca'),
(791,791,'es','Categoría'),
(792,792,'es','Categoría'),
(793,793,'es','Correo electrónico del cliente'),
(794,794,'es','Nombre del cliente'),
(795,795,'es','Fecha de finalización'),
(796,796,'es','Fecha de inicio'),
(797,797,'es','Agrupar por'),
(798,798,'es','Días'),
(799,799,'es','Meses'),
(800,800,'es','Semanas'),
(801,801,'es','Años'),
(802,802,'es','Palabra clave'),
(803,803,'es','Por favor seleccione'),
(804,804,'es','Producto'),
(805,805,'es','Cantidad anterior'),
(806,806,'es','Cantidad a continuación'),
(807,807,'es','Tipo de informe'),
(808,808,'es','Informe sobre productos de marca'),
(809,809,'es','Informe de productos categorizados'),
(810,810,'es','Informe de cupones'),
(811,811,'es','Informe de pedidos de clientes'),
(812,812,'es','Informe de compra de productos'),
(813,813,'es','Informe de existencias de productos'),
(814,814,'es','Productos Ver informe'),
(815,815,'es','Informe de ventas'),
(816,816,'es','Informe de búsqueda'),
(817,817,'es','Informe de envío'),
(818,818,'es','Informe de productos etiquetados'),
(819,819,'es','Informe de productos gravados'),
(820,820,'es','Informe fiscal'),
(821,821,'es','Método de envío'),
(822,822,'es','Código SKU'),
(823,823,'es','Estado del pedido'),
(824,824,'es','Disponibilidad de stock'),
(825,825,'es','En stock'),
(826,826,'es','Agotado'),
(827,827,'es','Etiqueta'),
(828,828,'es','Clase de impuesto'),
(829,829,'es','Nombre fiscal'),
(830,830,'es','¡No hay datos disponibles!'),
(831,831,'es','Informes'),
(832,832,'es','Marca'),
(833,833,'es','Categoría'),
(834,834,'es','Código de cupón'),
(835,835,'es','Nombre del cupón'),
(836,836,'es','Correo electrónico del cliente'),
(837,837,'es','Grupo de clientes'),
(838,838,'es','Correo electrónico del cliente'),
(839,839,'es','Fecha'),
(840,840,'es','Descuento'),
(841,841,'es','Invitado'),
(842,842,'es','Éxitos'),
(843,843,'es','Palabra clave'),
(844,844,'es','Pedidos'),
(845,845,'es','Producto'),
(846,846,'es','Productos'),
(847,847,'es','Conteo de productos'),
(848,848,'es','Cantidad'),
(849,849,'es','Registrado'),
(850,850,'es','Resultados'),
(851,851,'es','Envío'),
(852,852,'es','Método de envío'),
(853,853,'es','Disponibilidad de stock'),
(854,854,'es','Total parcial'),
(855,855,'es','Etiqueta'),
(856,856,'es','Impuesto'),
(857,857,'es','Clase de impuesto'),
(858,858,'es','Nombre fiscal'),
(859,859,'es','Total'),
(860,860,'es','Vistas'),
(861,861,'es','Informes de índice'),
(862,862,'es','Informes'),
(863,863,'es','Comentario'),
(864,864,'es','Estado'),
(865,865,'es','Clasificación'),
(866,866,'es','Nombre del revisor'),
(867,867,'es','Su reseña ha sido enviada para su aprobación'),
(868,868,'es','Eliminar reseñas'),
(869,869,'es','Editar Reseñas'),
(870,870,'es','Reseñas del índice'),
(871,871,'es','Aprobar esta reseña'),
(872,872,'es','Reseñas'),
(873,873,'es','Revisar'),
(874,874,'es','Reseñas'),
(875,875,'es','Volver a la página de edición del producto'),
(876,876,'es','Aprobado'),
(877,877,'es','Producto'),
(878,878,'es','Clasificación'),
(879,879,'es','Nombre del revisor'),
(880,880,'es','General'),
(881,881,'es','Información de la revisión'),
(882,882,'es','Reseñas'),
(883,883,'es','Aprobado'),
(884,884,'es','No aprobado'),
(885,885,'es','Correo electrónico de administrador de pedidos nuevos'),
(886,886,'es','Estado'),
(887,887,'es','ID de inicio de sesión del comerciante'),
(888,888,'es','Clave de transacción del comerciante'),
(889,889,'es','Sandbox'),
(890,890,'es','Reseñas de aprobación automática'),
(891,891,'es','Frecuencia'),
(892,892,'es','Actualización automática'),
(893,893,'es','Estado'),
(894,894,'es','Estado'),
(895,895,'es','Estado'),
(896,896,'es','Barra de Cookies'),
(897,897,'es','Clave API de fuente de datos de divisas'),
(898,898,'es','Servicio de tipo de cambio'),
(899,899,'es','Rol del cliente'),
(900,900,'es','Pie de página'),
(901,901,'es','Encabezamiento'),
(902,902,'es','País predeterminado'),
(903,903,'es','Moneda predeterminada'),
(904,904,'es','Configuración regional predeterminada'),
(905,905,'es','Zona horaria predeterminada'),
(906,906,'es','Estados de pedidos por correo electrónico'),
(907,907,'es','Identificación de la aplicación'),
(908,908,'es','Secreto de la aplicación'),
(909,909,'es','Estado'),
(910,910,'es','Clave de acceso del reparador'),
(911,911,'es','Costo'),
(912,912,'es','Estado'),
(913,913,'es','Estado'),
(914,914,'es','Clave de cifrado'),
(915,915,'es','Clave pública'),
(916,916,'es','Clave secreta'),
(917,917,'es','Salvadera'),
(918,918,'es','Clave API de Forge'),
(919,919,'es','Estado'),
(920,920,'es','Monto mínimo'),
(921,921,'es','Identificación del cliente'),
(922,922,'es','Secreto del cliente'),
(923,923,'es','Estado'),
(924,924,'es','Estado'),
(925,925,'es','Clave secreta'),
(926,926,'es','Clave del sitio'),
(927,927,'es','Clave API'),
(928,928,'es','Token de autenticación'),
(929,929,'es','Estado'),
(930,930,'es','Salvadera'),
(931,931,'es','Correo electrónico de factura'),
(932,932,'es','Clave API'),
(933,933,'es','Secreto de API'),
(934,934,'es','Descripción'),
(935,935,'es','Estado'),
(936,936,'es','Etiqueta'),
(937,937,'es','Sandbox'),
(938,938,'es','Costo'),
(939,939,'es','Estado'),
(940,940,'es','Clave API de Mailchim'),
(941,941,'es','Identificación de lista de Mailchimp'),
(942,942,'es','Cifrado de correo'),
(943,943,'es','Dirección de correo'),
(944,944,'es','Nombre del remitente del correo'),
(945,945,'es','Servidor de correo'),
(946,946,'es','Contraseña de correo'),
(947,947,'es','Puerto de correo'),
(948,948,'es','Nombre de usuario del correo'),
(949,949,'es','Modo de mantenimiento'),
(950,950,'es','Token de acceso'),
(951,951,'es','Estado'),
(952,952,'es','Clave pública'),
(953,953,'es','Salvadera'),
(954,954,'es','Nuevo SMS de administración de pedidos'),
(955,955,'es','SMS de nuevo pedido'),
(956,956,'es','Hoja informativa'),
(957,957,'es','Estado'),
(958,958,'es','Identificación del comerciante'),
(959,959,'es','Clave de comerciante'),
(960,960,'es','Frase de contraseña'),
(961,961,'es','Sandbox'),
(962,962,'es','Identificación del cliente'),
(963,963,'es','Estado'),
(964,964,'es','Secreto'),
(965,965,'es','Salvadera'),
(966,966,'es','Estado'),
(967,967,'es','Clave pública'),
(968,968,'es','Clave secreta'),
(969,969,'es','Sandbox'),
(970,970,'es','Estado'),
(971,971,'es','Identificación del comerciante'),
(972,972,'es','Clave de comerciante'),
(973,973,'es','Sandbox'),
(974,974,'es','Color de fondo'),
(975,975,'es','Dirección'),
(976,976,'es','Mostrar'),
(977,977,'es','Estado'),
(978,978,'es','Icono'),
(979,979,'es','Orientación'),
(980,980,'es','Barra de estado'),
(981,981,'es','Color del tema'),
(982,982,'es','Estado'),
(983,983,'es','Identificación de la clave'),
(984,984,'es','Clave secreta'),
(985,985,'es','Reseñas y valoraciones'),
(986,986,'es','SMS desde'),
(987,987,'es','Estados de pedidos por SMS'),
(988,988,'es','Servicio de SMS'),
(989,989,'es','Dirección de la tienda 1'),
(990,990,'es','Dirección de la tienda 2'),
(991,991,'es','Ciudad de tiendas'),
(992,992,'es','País de la tienda'),
(993,993,'es','Correo electrónico de la tienda'),
(994,994,'es','Ocultar el correo electrónico de la tienda'),
(995,995,'es','Teléfono de la tienda'),
(996,996,'es','Ocultar el teléfono de la tienda'),
(997,997,'es','Estado de la tienda'),
(998,998,'es','Código postal de la tienda'),
(999,999,'es','Estado'),
(1000,1000,'es','Tipo de integración'),
(1001,1001,'es','Clave publicable'),
(1002,1002,'es','Clave secreta'),
(1003,1003,'es','Países admitidos'),
(1004,1004,'es','Países admitidos'),
(1005,1005,'es','Monedas admitidas'),
(1006,1006,'es','Monedas admitidas'),
(1007,1007,'es','Moneda admitida'),
(1008,1008,'es','Configuraciones regionales admitidas'),
(1009,1009,'es','Configuraciones regionales admitidas'),
(1010,1010,'es','Descripción'),
(1011,1011,'es','Etiqueta'),
(1012,1012,'es','Descripción'),
(1013,1013,'es','Instrucciones'),
(1014,1014,'es','Etiqueta'),
(1015,1015,'es','Descripción'),
(1016,1016,'es','Instrucciones'),
(1017,1017,'es','Etiqueta'),
(1018,1018,'es','Descripción'),
(1019,1019,'es','Etiqueta'),
(1020,1020,'es','Etiqueta'),
(1021,1021,'es','Descripción'),
(1022,1022,'es','Etiqueta'),
(1023,1023,'es','Etiqueta'),
(1024,1024,'es','Descripción'),
(1025,1025,'es','Etiqueta'),
(1026,1026,'es','Etiqueta'),
(1027,1027,'es','Descripción'),
(1028,1028,'es','Etiqueta'),
(1029,1029,'es','Descripción'),
(1030,1030,'es','Etiqueta'),
(1031,1031,'es','Descripción'),
(1032,1032,'es','Etiqueta'),
(1033,1033,'es','Descripción'),
(1034,1034,'es','Etiqueta'),
(1035,1035,'es','Descripción'),
(1036,1036,'es','Etiqueta'),
(1037,1037,'es','Descripción'),
(1038,1038,'es','Etiqueta'),
(1039,1039,'es','Nombre de la tienda'),
(1040,1040,'es','Lema de la tienda'),
(1041,1041,'es','Descripción'),
(1042,1042,'es','Etiqueta'),
(1043,1043,'es','SID de la cuenta'),
(1044,1044,'es','Token de autenticación'),
(1045,1045,'es','Clave API'),
(1046,1046,'es','Secreto de API'),
(1047,1047,'es','Correo electrónico de bienvenida'),
(1048,1048,'es','SMS de bienvenida'),
(1049,1049,'es','Configuración actualizada'),
(1050,1050,'es','Editar configuración'),
(1051,1051,'es','Permitir que los clientes se suscriban a su boletín informativo'),
(1052,1052,'es','Permitir que los clientes den opiniones y calificaciones'),
(1053,1053,'es','Las reseñas de los clientes se aprobarán automáticamente.'),
(1054,1054,'es','A diario'),
(1055,1055,'es','Mensual'),
(1056,1056,'es','Semanalmente'),
(1057,1057,'es','Configuración de notificaciones al cliente'),
(1058,1058,'es','Habilitar Authorize.net'),
(1059,1059,'es','Habilitar la actualización automática de los tipos de cambio'),
(1060,1060,'es','Habilitar transferencia bancaria'),
(1061,1061,'es','Habilitar cheque/giro postal'),
(1062,1062,'es','Habilitar pago contra reembolso'),
(1063,1063,'es','Habilitar el inicio de sesión con Facebook'),
(1064,1064,'es','Habilitar tarifa plana'),
(1065,1065,'es','Habilitar Flutterwave'),
(1066,1066,'es','Habilitar envío gratuito'),
(1067,1067,'es','Habilitar el inicio de sesión de Google'),
(1068,1068,'es','Habilite Google reCAPTCHA (V2) en los formularios de registro, revisión y contacto'),
(1069,1069,'es','Habilitar Instamojo'),
(1070,1070,'es','Habilitar Iyzico'),
(1071,1071,'es','Habilitar recogida local'),
(1072,1072,'es','Enable Mercado Pago'),
(1073,1073,'es','Habilitar PayFast'),
(1074,1074,'es','Habilitar PayPal'),
(1075,1075,'es','Habilitar Paystack'),
(1076,1076,'es','Habilitar Paytm'),
(1077,1077,'es','Habilitar PWA'),
(1078,1078,'es','Habilitar Razorpay'),
(1079,1079,'es','Habilitar Stripe'),
(1080,1080,'es','Ocultar el correo electrónico de la tienda desde la ventana principal'),
(1081,1081,'es','Ocultar el teléfono de la tienda desde el escaparate'),
(1082,1082,'es','Direcciones IP separadas en nueva línea'),
(1083,1083,'es','Logo'),
(1084,1084,'es','SSL'),
(1085,1085,'es','TLS'),
(1086,1086,'es','Configuración de notificaciones de pedidos'),
(1087,1087,'es','Configuración de privacidad'),
(1088,1088,'es','Poner la aplicación en modo de mantenimiento'),
(1089,1089,'es','Auto'),
(1090,1090,'es','Largo'),
(1091,1091,'es','Derecha-derecha'),
(1092,1092,'es','Navegador'),
(1093,1093,'es','Pantalla completa'),
(1094,1094,'es','IU mínima'),
(1095,1095,'es','Autónomo'),
(1096,1096,'es','Icono'),
(1097,1097,'es','Cualquier'),
(1098,1098,'es','Paisaje'),
(1099,1099,'es','Paisaje-Primario'),
(1100,1100,'es','Paisaje-Secundario'),
(1101,1101,'es','Natural'),
(1102,1102,'es','Retrato'),
(1103,1103,'es','Retrato-Primario'),
(1104,1104,'es','Retrato-Secundaria'),
(1105,1105,'es','Seleccionar servicio'),
(1106,1106,'es','Enviar un correo electrónico con la factura al cliente después del pago'),
(1107,1107,'es','Enviar notificación de nuevo pedido al administrador'),
(1108,1108,'es','Enviar notificación de nuevo pedido al cliente'),
(1109,1109,'es','Enviar correo electrónico de bienvenida después del registro'),
(1110,1110,'es','Enviar SMS de bienvenida después del registro'),
(1111,1111,'es','Mostrar barra de cookies en tu sitio web'),
(1112,1112,'es','Pequeño logotipo'),
(1113,1113,'es','Utilice el sandbox para realizar pagos de prueba'),
(1114,1114,'es','Ajustes'),
(1115,1115,'es','Autorizar.net'),
(1116,1116,'es','Transferencia bancaria'),
(1117,1117,'es','Cheque/Orden de pago'),
(1118,1118,'es','Pago contra reembolso'),
(1119,1119,'es','Divisa'),
(1120,1120,'es','CSS/JS personalizado'),
(1121,1121,'es','Facebook'),
(1122,1122,'es','Tarifa plana'),
(1123,1123,'es','Onda de aleteo'),
(1124,1124,'es','Envío gratis'),
(1125,1125,'es','General'),
(1126,1126,'es','Google'),
(1127,1127,'es','Google reCAPTCHA'),
(1128,1128,'es','Configuración general'),
(1129,1129,'es','Métodos de pago'),
(1130,1130,'es','Métodos de envío'),
(1131,1131,'es','Inicios de sesión sociales'),
(1132,1132,'es','Instamojo'),
(1133,1133,'es','Iyzico'),
(1134,1134,'es','Recogida local'),
(1135,1135,'es','Logo'),
(1136,1136,'es','Correo'),
(1137,1137,'es','Mantenimiento'),
(1138,1138,'es','Mercado Pago'),
(1139,1139,'es','Hoja informativa'),
(1140,1140,'es','Pago rápido'),
(1141,1141,'es','Paypal'),
(1142,1142,'es','Paystack'),
(1143,1143,'es','Paystack'),
(1144,1144,'es','PWA'),
(1145,1145,'es','Razorpay'),
(1146,1146,'es','SMS'),
(1147,1147,'es','Store'),
(1148,1148,'es','Stripe'),
(1149,1149,'es','SQLite no está instalado'),
(1150,1150,'es','General'),
(1151,1151,'es','Ajustes'),
(1152,1152,'es','Flechas'),
(1153,1153,'es','Reproducción automática'),
(1154,1154,'es','Velocidad de reproducción automática'),
(1155,1155,'es','Demora'),
(1156,1156,'es','Efecto'),
(1157,1157,'es','URL de llamada a la acción'),
(1158,1158,'es','Título 1'),
(1159,1159,'es','Demora'),
(1160,1160,'es','Efecto'),
(1161,1161,'es','Título 2'),
(1162,1162,'es','Demora'),
(1163,1163,'es','Efecto'),
(1164,1164,'es','Dirección'),
(1165,1165,'es','Puntos'),
(1166,1166,'es','Desteñir'),
(1167,1167,'es','Nombre'),
(1168,1168,'es','Abrir en ventana nueva'),
(1169,1169,'es','Velocidad'),
(1170,1170,'es','Crear control deslizante'),
(1171,1171,'es','Eliminar control deslizante'),
(1172,1172,'es','Editar control deslizante'),
(1173,1173,'es','Control deslizante de índice'),
(1174,1174,'es','300 ms'),
(1175,1175,'es','3000 ms'),
(1176,1176,'es','Habilitar reproducción automática'),
(1177,1177,'es','Mostrar flechas Anterior/Siguiente'),
(1178,1178,'es','Mostrar puntos del control deslizante'),
(1179,1179,'es','Agregar diapositiva'),
(1180,1180,'es','URL de llamada a la acción'),
(1181,1181,'es','Título 1'),
(1182,1182,'es','Título 2'),
(1183,1183,'es','Izquierda'),
(1184,1184,'es','Derecha'),
(1185,1185,'es','Abrir en ventana nueva'),
(1186,1186,'es','Diapositiva de imagen'),
(1187,1187,'es','Control deslizante'),
(1188,1188,'es','Deslizadores'),
(1189,1189,'es','Nombre'),
(1190,1190,'es','Información del control deslizante'),
(1191,1191,'es','Ajustes'),
(1192,1192,'es','Diapositivas'),
(1193,1193,'es','Se ha realizado un nuevo pedido. El ID del pedido es #:order_id'),
(1194,1194,'es','Hola :first_name, se realizó tu pedido n.°:order_id. Gracias por comprar con nosotros'),
(1195,1195,'es','Hola :first_name, el estado de tu pedido n.°:order_id ha cambiado a :status'),
(1196,1196,'es','Bienvenido :first_name, Su cuenta ha sido creada exitosamente'),
(1197,1197,'es','Twilio'),
(1198,1198,'es','Vonage'),
(1199,1199,'es','404'),
(1200,1200,'es','Volver a Inicio'),
(1201,1201,'es','¡Ups! Página no encontrada.'),
(1202,1202,'es','Lo sentimos pero no podemos encontrar la página que estás buscando.'),
(1203,1203,'es','Acción'),
(1204,1204,'es','Comportamiento'),
(1205,1205,'es','Agregar nueva dirección'),
(1206,1206,'es','Dirección Línea 1'),
(1207,1207,'es','Línea de dirección 2 (opcional)'),
(1208,1208,'es','Cancelar'),
(1209,1209,'es','Ciudad'),
(1210,1210,'es','¿Estás seguro de que deseas eliminar esta dirección?'),
(1211,1211,'es','País'),
(1212,1212,'es','Por defecto'),
(1213,1213,'es','Borrar'),
(1214,1214,'es','Editar'),
(1215,1215,'es','Nombre'),
(1216,1216,'es','Apellido'),
(1217,1217,'es','Nueva dirección'),
(1218,1218,'es','Por favor seleccione'),
(1219,1219,'es','Guardar dirección'),
(1220,1220,'es','Estado / Provincia'),
(1221,1221,'es','Dirección de la calle'),
(1222,1222,'es','Código postal / ZIP'),
(1223,1223,'es','Información de la cuenta'),
(1224,1224,'es','Editar'),
(1225,1225,'es','Pedidos recientes'),
(1226,1226,'es','Ver todo'),
(1227,1227,'es','Fecha'),
(1228,1228,'es','Descargar'),
(1229,1229,'es','Nombre del archivo'),
(1230,1230,'es','No tienes ningún archivo descargable.'),
(1231,1231,'es','No se encontró ningún archivo.'),
(1232,1232,'es','Imagen'),
(1233,1233,'es','Aún no has realizado ningún pedido.'),
(1234,1234,'es','Identificación del pedido'),
(1235,1235,'es','Total'),
(1236,1236,'es','Vista'),
(1237,1237,'es','Ver pedido'),
(1238,1238,'es','Panel'),
(1239,1239,'es','Cerrar sesión'),
(1240,1240,'es','Mi cuenta'),
(1241,1241,'es','Mis direcciones'),
(1242,1242,'es','Mis descargas'),
(1243,1243,'es','Mis pedidos'),
(1244,1244,'es','Mi perfil'),
(1245,1245,'es','Mis reseñas'),
(1246,1246,'es','Mi lista de deseos'),
(1247,1247,'es','Nombre del producto'),
(1248,1248,'es','Cuenta'),
(1249,1249,'es','confirmar Contraseña'),
(1250,1250,'es','Correo electrónico'),
(1251,1251,'es','Nombre'),
(1252,1252,'es','Apellido'),
(1253,1253,'es','Nueva contraseña'),
(1254,1254,'es','Contraseña'),
(1255,1255,'es','Teléfono'),
(1256,1256,'es','Guardar cambios'),
(1257,1257,'es','Aún no has reseñado ningún producto.'),
(1258,1258,'es','Clasificación'),
(1259,1259,'es','Estado'),
(1260,1260,'es','Dirección de Envio'),
(1261,1261,'es','Cupón'),
(1262,1262,'es','Fecha:'),
(1263,1263,'es','Correo electrónico:'),
(1264,1264,'es','ID'),
(1265,1265,'es','Total de línea'),
(1266,1266,'es','Información del pedido'),
(1267,1267,'es','Nota de pedido:'),
(1268,1268,'es','Método de pago:'),
(1269,1269,'es','Teléfono:'),
(1270,1270,'es','Cantidad'),
(1271,1271,'es','Dirección de envío'),
(1272,1272,'es','Método de envío:'),
(1273,1273,'es','Total parcial'),
(1274,1274,'es','Total'),
(1275,1275,'es','Precio unitario'),
(1276,1276,'es','Ver pedido'),
(1277,1277,'es','añadir a la cesta'),
(1278,1278,'es','Disponibilidad'),
(1279,1279,'es','Borrar'),
(1280,1280,'es','Tu lista de deseos está vacía.'),
(1281,1281,'es','En stock'),
(1282,1282,'es','Agotado'),
(1283,1283,'es','Precio'),
(1284,1284,'es','URL de llamada a la acción'),
(1285,1285,'es','Título 1'),
(1286,1286,'es','Título 2'),
(1287,1287,'es','Categoría'),
(1288,1288,'es','Activado'),
(1289,1289,'es','Icono'),
(1290,1290,'es','Abrir en ventana nueva'),
(1291,1291,'es','Productos'),
(1292,1292,'es','Límite de productos'),
(1293,1293,'es','Blogs recientes'),
(1294,1294,'es','Estado de la sección'),
(1295,1295,'es','Subtítulo de la sección'),
(1296,1296,'es','Título de la sección'),
(1297,1297,'es','Campaña activa'),
(1298,1298,'es','DIRECCIÓN'),
(1299,1299,'es','Menú de categorías'),
(1300,1300,'es','Texto de copyright del pie de página'),
(1301,1301,'es','Color del tema de correo personalizado'),
(1302,1302,'es','Color de tema personalizado'),
(1303,1303,'es','Mostrar fuente'),
(1304,1304,'es','Facebook'),
(1305,1305,'es','Menú de pie de página uno'),
(1306,1306,'es','Menú de pie de página Un título'),
(1307,1307,'es','Menú de pie de página dos'),
(1308,1308,'es','Menú de pie de página Dos títulos'),
(1309,1309,'es','Etiquetas de pie de página'),
(1310,1310,'es','Instagram'),
(1311,1311,'es','Color del tema del correo'),
(1312,1312,'es','Palabras clave más buscadas'),
(1313,1313,'es','Texto navable'),
(1314,1314,'es','Menú principal'),
(1315,1315,'es','Página de política de privacidad'),
(1316,1316,'es','Control deslizante'),
(1317,1317,'es','Página de Términos y Condiciones'),
(1318,1318,'es','Color del tema'),
(1319,1319,'es','Las mejores marcas'),
(1320,1320,'es','X-Twitter'),
(1321,1321,'es','Texto de bienvenida'),
(1322,1322,'es','YouTube'),
(1323,1323,'es','Subtitular'),
(1324,1324,'es','Título'),
(1325,1325,'es','Total de productos'),
(1326,1326,'es','Tipo'),
(1327,1327,'es','URL'),
(1328,1328,'es','Blog'),
(1329,1329,'es','Entrada de blog'),
(1330,1330,'es','Entradas de blog'),
(1331,1331,'es','Categorías'),
(1332,1332,'es','Facebook'),
(1333,1333,'es','Linkedin'),
(1334,1334,'es','¡Ups! No se ha encontrado ninguna entrada de blog.'),
(1335,1335,'es','Sin categorias'),
(1336,1336,'es','No hay publicaciones recientes'),
(1337,1337,'es','Leer más'),
(1338,1338,'es','Entradas recientes'),
(1339,1339,'es','Buscar'),
(1340,1340,'es','Buscar publicaciones del blog'),
(1341,1341,'es','Compartir en redes sociales'),
(1342,1342,'es','Etiquetas'),
(1343,1343,'es','Tumblr'),
(1344,1344,'es','X-Twitter'),
(1345,1345,'es','Ver todo'),
(1346,1346,'es','Resultados de búsqueda para:'),
(1347,1347,'es','Marcas'),
(1348,1348,'es','¡Ups! No se encontró ninguna marca.'),
(1349,1349,'es','01'),
(1350,1350,'es','02'),
(1351,1351,'es','03'),
(1352,1352,'es','Cesta'),
(1353,1353,'es','Resumen de la cesta'),
(1354,1354,'es','Verificar'),
(1355,1355,'es','Seguir comprando'),
(1356,1356,'es','Parece que aún no has tomado ninguna decisión.'),
(1357,1357,'es','Mi cesta'),
(1358,1358,'es','Pedido completado'),
(1359,1359,'es','Pasar por la caja'),
(1360,1360,'es','Imagen'),
(1361,1361,'es','Total de línea'),
(1362,1362,'es','Nombre del producto'),
(1363,1363,'es','Cantidad'),
(1364,1364,'es','Precio unitario'),
(1365,1365,'es','Total'),
(1366,1366,'es','Tu cesta esta vacía'),
(1367,1367,'es','Todas las categorías'),
(1368,1368,'es','¡Ups! No se encontró ninguna categoría.'),
(1369,1369,'es','Detalles de la cuenta'),
(1370,1370,'es','Agregar nueva dirección'),
(1371,1371,'es','Aplicar'),
(1372,1372,'es','Detalles de facturación'),
(1373,1373,'es','Verificar'),
(1374,1374,'es','Cupón'),
(1375,1375,'es','Cree una cuenta ingresando la información a continuación. Si es un cliente habitual, inicie sesión desde la parte superior de la página.'),
(1376,1376,'es','Por defecto'),
(1377,1377,'es','Introducir código de cupón'),
(1378,1378,'es','Gratis'),
(1379,1379,'es','Estoy de acuerdo'),
(1380,1380,'es','No se encontró ningún método de pago'),
(1381,1381,'es','Resumen del pedido'),
(1382,1382,'es','Pago del pedido n.°:id'),
(1383,1383,'es','Instrucciones de pago'),
(1384,1384,'es','Método de pago'),
(1385,1385,'es','Realizar pedido'),
(1386,1386,'es','Por favor seleccione'),
(1387,1387,'es','Costo de envío'),
(1388,1388,'es','Detalles de envío'),
(1389,1389,'es','Método de envío'),
(1390,1390,'es','Nota especial para la entrega'),
(1391,1391,'es','Total parcial'),
(1392,1392,'es','Términos y condiciones'),
(1393,1393,'es','Total'),
(1394,1394,'es','Debes seleccionar una dirección.'),
(1395,1395,'es','Comportamiento'),
(1396,1396,'es','añadir a la cesta'),
(1397,1397,'es','Añadir a la lista de deseos'),
(1398,1398,'es','Disponibilidad'),
(1399,1399,'es','Comparar'),
(1400,1400,'es','Descripción'),
(1401,1401,'es','En stock'),
(1402,1402,'es','No hay ningún producto en la lista de comparación.'),
(1403,1403,'es','Agotado'),
(1404,1404,'es','Precio'),
(1405,1405,'es','Descripción general del producto'),
(1406,1406,'es','Clasificación'),
(1407,1407,'es','Ver opciones'),
(1408,1408,'es','Contacto'),
(1409,1409,'es','Dejar un mensaje'),
(1410,1410,'es','ENVIAR MENSAJE'),
(1411,1411,'es','Dirección de Envio'),
(1412,1412,'es','Cupón'),
(1413,1413,'es','Fecha'),
(1414,1414,'es','Correo electrónico'),
(1415,1415,'es','FACTURA'),
(1416,1416,'es','Total de línea'),
(1417,1417,'es','Detalles del pedido'),
(1418,1418,'es','Identificación del pedido'),
(1419,1419,'es','Método de pago'),
(1420,1420,'es','Teléfono'),
(1421,1421,'es','Producto'),
(1422,1422,'es','Cantidad'),
(1423,1423,'es','Dirección de envío'),
(1424,1424,'es','Factura del pedido n.°:id'),
(1425,1425,'es','Total parcial'),
(1426,1426,'es','Total'),
(1427,1427,'es','Precio unitario'),
(1428,1428,'es','Aceptar'),
(1429,1429,'es','Cuenta'),
(1430,1430,'es','Todas las categorías'),
(1431,1431,'es','TODAS LAS CATEGORÍAS'),
(1432,1432,'es','Blog'),
(1433,1433,'es','Al suscribirse a nuestro boletín, acepta nuestras'),
(1434,1434,'es','Cesta'),
(1435,1435,'es','Categorías'),
(1436,1436,'es','Sugerencias de categorías'),
(1437,1437,'es','Verificar'),
(1438,1438,'es','Vaciar cesta'),
(1439,1439,'es','Comparar'),
(1440,1440,'es','Contacto'),
(1441,1441,'es','Contáctenos'),
(1442,1442,'es','Divisa'),
(1443,1443,'es','Rechazar'),
(1444,1444,'es','Dirección de correo electrónico'),
(1445,1445,'es','Favoritos'),
(1446,1446,'es','Hogar'),
(1447,1447,'es','Idioma'),
(1448,1448,'es','Idioma y moneda'),
(1449,1449,'es','Acceso'),
(1450,1450,'es','Iniciar sesión / Registrarse'),
(1451,1451,'es','Menú'),
(1452,1452,'es','Más'),
(1453,1453,'es',':cuenta más resultados'),
(1454,1454,'es','Más buscados:'),
(1455,1455,'es','Mi cuenta'),
(1456,1456,'es','Mi cesta'),
(1457,1457,'es','Navegación'),
(1458,1458,'es','PRÓXIMO'),
(1459,1459,'es','No, gracias'),
(1460,1460,'es','ANTERIOR'),
(1461,1461,'es','Política de privacidad.'),
(1462,1462,'es','Sugerencias de productos'),
(1463,1463,'es','Buscar productos'),
(1464,1464,'es','Suscribir'),
(1465,1465,'es','Suscrito'),
(1466,1466,'es','Suscríbete a nuestro boletín informativo'),
(1467,1467,'es','Suscríbete a nuestro boletín y recibe notificaciones sobre descuentos.'),
(1468,1468,'es','Total parcial'),
(1469,1469,'es','Etiquetas'),
(1470,1470,'es','El sitio web utiliza cookies para garantizar que obtenga la mejor experiencia en nuestro sitio web.'),
(1471,1471,'es','Ver carrito'),
(1472,1472,'es','Lista de deseos'),
(1473,1473,'es','Reservados todos los derechos.'),
(1474,1474,'es','Hola :name!'),
(1475,1475,'es','Se perdió la conexión a Internet, vuelva a conectarse a Internet e intente nuevamente.'),
(1476,1476,'es','Sin conexión a Internet'),
(1477,1477,'es','¡Pedido realizado!'),
(1478,1478,'es','Se ha realizado su pedido. El ID de su pedido es: <b>:id</b>'),
(1479,1479,'es','Editar la configuración de la tienda'),
(1480,1480,'es','Añadir una reseña'),
(1481,1481,'es','añadir a la cesta'),
(1482,1482,'es','Sea el primero en reseñar este producto.'),
(1483,1483,'es','añadir a la cesta'),
(1484,1484,'es','Disponible:'),
(1485,1485,'es','Comparar'),
(1486,1486,'es','Nuevo'),
(1487,1487,'es','Agotado'),
(1488,1488,'es','Revisar'),
(1489,1489,'es','Reseñas'),
(1490,1490,'es','Vendido:'),
(1491,1491,'es','Ver opciones'),
(1492,1492,'es','Lista de deseos'),
(1493,1493,'es','Categorías:'),
(1494,1494,'es','Haga clic para seleccionar'),
(1495,1495,'es','Comparar'),
(1496,1496,'es','Descripción'),
(1497,1497,'es','Facebook'),
(1498,1498,'es','En stock'),
(1499,1499,'es',': cuenta restantes en stock'),
(1500,1500,'es','Linkedin'),
(1501,1501,'es','Elige una opción'),
(1502,1502,'es','Agotado'),
(1503,1503,'es','Cantidad'),
(1504,1504,'es','Productos relacionados'),
(1505,1505,'es','Comentario'),
(1506,1506,'es','Nombre'),
(1507,1507,'es','Enviar reseña'),
(1508,1508,'es','Tu calificación'),
(1509,1509,'es','Reseñas (:count)'),
(1510,1510,'es','Reseña enviada'),
(1511,1511,'es','Explorar categorías'),
(1512,1512,'es','Filtros'),
(1513,1513,'es','Vista de cuadrícula'),
(1514,1514,'es','Compartir:'),
(1515,1515,'es','Código:'),
(1516,1516,'es','Mostrar más'),
(1517,1517,'es','Mostrar menos'),
(1518,1518,'es','Últimos productos'),
(1519,1519,'es','Vista de lista'),
(1520,1520,'es','¡Ups! No se encontró ningún producto.'),
(1521,1521,'es','Especificación'),
(1522,1522,'es','10'),
(1523,1523,'es','20'),
(1524,1524,'es','30'),
(1525,1525,'es','40'),
(1526,1526,'es','50'),
(1527,1527,'es','Precio'),
(1528,1528,'es','Resultados de búsqueda para:'),
(1529,1529,'es','Comercio'),
(1530,1530,'es','Mostrando :from-:to de :total resultados'),
(1531,1531,'es','Alfabético'),
(1532,1532,'es','El último'),
(1533,1533,'es','Precio: alto a bajo'),
(1534,1534,'es','Precio: bajo a alto'),
(1535,1535,'es','Pertinencia'),
(1536,1536,'es','Los mejor valorados'),
(1537,1537,'es','Etiquetas:'),
(1538,1538,'es','Tumblr'),
(1539,1539,'es','X-Twitter'),
(1540,1540,'es','Indisponible'),
(1541,1541,'es','Lista de deseos'),
(1542,1542,'es','También te puede interesar'),
(1543,1543,'es','Apariencia'),
(1544,1544,'es','Imagen de métodos de pago aceptados'),
(1545,1545,'es','Fondo'),
(1546,1546,'es','Banner'),
(1547,1547,'es','Banner 1'),
(1548,1548,'es','Banner 2'),
(1549,1549,'es','Banner 3'),
(1550,1550,'es','Categoría 1'),
(1551,1551,'es','Categoría 2'),
(1552,1552,'es','Categoría 3'),
(1553,1553,'es','Categoría 4'),
(1554,1554,'es','Categoría 5'),
(1555,1555,'es','Categoría 6'),
(1556,1556,'es','Habilitar la sección de blogs'),
(1557,1557,'es','Habilitar sección de marcas'),
(1558,1558,'es','Habilitar la sección de categorías destacadas'),
(1559,1559,'es','Habilitar la sección de funciones'),
(1560,1560,'es','Habilitar sección de venta flash y productos verticales'),
(1561,1561,'es','Habilitar las palabras clave más buscadas'),
(1562,1562,'es','Habilitar la sección de banner de una columna'),
(1563,1563,'es','Habilitar la sección de cuadrícula de productos'),
(1564,1564,'es','Habilitar pestañas de productos en una sección'),
(1565,1565,'es','Habilitar pestañas de producto en dos secciones'),
(1566,1566,'es','Habilitar la sección de banners de tres columnas'),
(1567,1567,'es','Habilitar la sección de banners de ancho completo de tres columnas'),
(1568,1568,'es','Habilitar la sección de banners de dos columnas'),
(1569,1569,'es','Favicon'),
(1570,1570,'es','Característica 1'),
(1571,1571,'es','Característica 2'),
(1572,1572,'es','Característica 3'),
(1573,1573,'es','Característica 4'),
(1574,1574,'es','Característica 5'),
(1575,1575,'es','Venta relámpago'),
(1576,1576,'es','Logotipo del encabezado'),
(1577,1577,'es','Logotipo de correo'),
(1578,1578,'es','Imagen de fondo'),
(1579,1579,'es','Por favor seleccione'),
(1580,1580,'es','Banner de la página del producto'),
(1581,1581,'es','Categoría Productos'),
(1582,1582,'es','Productos personalizados'),
(1583,1583,'es','Últimos productos'),
(1584,1584,'es','Productos vistos recientemente'),
(1585,1585,'es','5'),
(1586,1586,'es','10'),
(1587,1587,'es','15'),
(1588,1588,'es','20'),
(1589,1589,'es','Las mejores marcas'),
(1590,1590,'es','Pestaña 1'),
(1591,1591,'es','Pestaña 2'),
(1592,1592,'es','Pestaña 3'),
(1593,1593,'es','Pestaña 4'),
(1594,1594,'es','Productos verticales 1'),
(1595,1595,'es','Productos verticales 2'),
(1596,1596,'es','Productos verticales 3'),
(1597,1597,'es','Facebook'),
(1598,1598,'es','Instagram'),
(1599,1599,'es','X-Twitter'),
(1600,1600,'es','YouTube'),
(1601,1601,'es','¡Algo salió mal!'),
(1602,1602,'es','Fachada'),
(1603,1603,'es','Blogs'),
(1604,1604,'es','Categorías destacadas'),
(1605,1605,'es','Características'),
(1606,1606,'es','Venta flash y productos verticales'),
(1607,1607,'es','Pie de página'),
(1608,1608,'es','General'),
(1609,1609,'es','Configuración general'),
(1610,1610,'es','Secciones de la página de inicio'),
(1611,1611,'es','Logo'),
(1612,1612,'es','Menús'),
(1613,1613,'es','Hoja informativa'),
(1614,1614,'es','Banner de una columna'),
(1615,1615,'es','Cuadrícula de productos'),
(1616,1616,'es','Página del producto'),
(1617,1617,'es','Pestañas de producto uno'),
(1618,1618,'es','Pestañas de producto dos'),
(1619,1619,'es','Banners deslizantes'),
(1620,1620,'es','Enlaces sociales'),
(1621,1621,'es','Banners de tres columnas'),
(1622,1622,'es','Banners de ancho completo de tres columnas'),
(1623,1623,'es','Las mejores marcas'),
(1624,1624,'es','Banners de dos columnas'),
(1625,1625,'es','Intentar otra vez'),
(1626,1626,'es','Negro'),
(1627,1627,'es','Azul'),
(1628,1628,'es','Azul Bondi'),
(1629,1629,'es','Azulino'),
(1630,1630,'es','Color personalizado'),
(1631,1631,'es','Verde'),
(1632,1632,'es','Índigo'),
(1633,1633,'es','Magenta'),
(1634,1634,'es','Magenta'),
(1635,1635,'es','Rosa'),
(1636,1636,'es','Rojo'),
(1637,1637,'es','Violeta'),
(1638,1638,'es','Amarillo'),
(1639,1639,'es','No se pudo verificar'),
(1640,1640,'es','Generar'),
(1641,1641,'es','Generar mapa del sitio'),
(1642,1642,'es','Mapa del sitio generado exitosamente'),
(1643,1643,'es','Mapa del sitio'),
(1644,1644,'es','Mapa del sitio'),
(1645,1645,'es','Nombre'),
(1646,1646,'es','URL'),
(1647,1647,'es','Crear etiqueta'),
(1648,1648,'es','Eliminar etiqueta'),
(1649,1649,'es','Editar etiqueta'),
(1650,1650,'es','Etiqueta de índice'),
(1651,1651,'es','Nombre'),
(1652,1652,'es','General'),
(1653,1653,'es','Información de la etiqueta'),
(1654,1654,'es','Etiqueta'),
(1655,1655,'es','Etiquetas'),
(1656,1656,'es','Residencia en'),
(1657,1657,'es','Ciudad'),
(1658,1658,'es','País'),
(1659,1659,'es','Clase de impuesto'),
(1660,1660,'es','Nombre fiscal'),
(1661,1661,'es','Tasa %'),
(1662,1662,'es','Nombre fiscal'),
(1663,1663,'es','Tasa'),
(1664,1664,'es','Estado'),
(1665,1665,'es','Cremallera'),
(1666,1666,'es','Crear impuesto'),
(1667,1667,'es','Eliminar impuestos'),
(1668,1668,'es','Editar Impuesto'),
(1669,1669,'es','Índice de impuestos'),
(1670,1670,'es','Impuestos'),
(1671,1671,'es','Agregar nueva tarifa'),
(1672,1672,'es','Dirección de Envio'),
(1673,1673,'es','Dirección de envío'),
(1674,1674,'es','Dirección de la tienda'),
(1675,1675,'es','Tasa de eliminación'),
(1676,1676,'es','Clase de impuesto'),
(1677,1677,'es','General'),
(1678,1678,'es','Información fiscal'),
(1679,1679,'es','Tarifas'),
(1680,1680,'es','Impuesto'),
(1681,1681,'es','Impuestos'),
(1682,1682,'es','Transacción de índice'),
(1683,1683,'es','Identificación del pedido'),
(1684,1684,'es','Método de pago'),
(1685,1685,'es','Identificación de transacción'),
(1686,1686,'es','Actas'),
(1687,1687,'es','El valor del atributo :no existe.'),
(1688,1688,'es','Editar traducciones'),
(1689,1689,'es','Índice Traducciones'),
(1690,1690,'es','Traducciones'),
(1691,1691,'es','Traducción'),
(1692,1692,'es','Traducciones'),
(1693,1693,'es','Acuérdate de mí'),
(1694,1694,'es','Nombre'),
(1695,1695,'es','Estado'),
(1696,1696,'es','Confirmar nueva contraseña'),
(1697,1697,'es','Correo electrónico'),
(1698,1698,'es','Nombre'),
(1699,1699,'es','Apellido'),
(1700,1700,'es','Nueva contraseña'),
(1701,1701,'es','Contraseña'),
(1702,1702,'es','confirmar Contraseña'),
(1703,1703,'es','Teléfono'),
(1704,1704,'es','Roles'),
(1705,1705,'es','¿Ya tienes una cuenta?'),
(1706,1706,'es','Volver a Inicio'),
(1707,1707,'es','Volver al inicio de sesión'),
(1708,1708,'es','confirmar Contrase'),
(1709,1709,'es','Crear una cuenta'),
(1710,1710,'es','Crear una nueva contraseña'),
(1711,1711,'es','¿No tienes una cuenta?'),
(1712,1712,'es','Correo electrónico'),
(1713,1714,'es','Ingrese el correo electrónico de su cuenta para recibir un enlace que le permitirá restablecer su contraseña.'),
(1714,1715,'es','Ingrese sus datos a continuación para crear su cuenta.Ingrese sus datos a continuación para crear su cuenta.'),
(1715,1713,'es','¿No tienes una cuenta?'),
(1716,1716,'es','Ingrese sus datos a continuación para iniciar sesión en su cuenta.'),
(1717,1717,'es','Ingresa tu correo electrónico'),
(1718,1718,'es','Ingresa tu contraseña'),
(1719,1719,'es','Nombre'),
(1720,1720,'es','¿Olvide mi contraseña?'),
(1721,1721,'es','Ocultar contraseña'),
(1722,1722,'es','Estoy de acuerdo con el'),
(1723,1723,'es','Apellido'),
(1724,1724,'es','Acceso'),
(1725,1725,'es','Cerrar sesión'),
(1726,1726,'es','O'),
(1727,1727,'es','O bien, continuar con'),
(1728,1728,'es','O regístrate con'),
(1729,1729,'es','Contraseña'),
(1730,1730,'es','Teléfono'),
(1731,1731,'es','política de privacidad'),
(1732,1732,'es','Registro'),
(1733,1733,'es','Acuérdate de mí'),
(1734,1734,'es','Restablecer contraseña'),
(1735,1735,'es','Mostrar contraseña'),
(1736,1736,'es','Iniciar sesión'),
(1737,1737,'es','Iniciar sesión con Facebook'),
(1738,1738,'es','Iniciar sesión con Google'),
(1739,1739,'es','Inscribirse'),
(1740,1740,'es','Enviar'),
(1741,1741,'es','Esta contraseña debe ser diferente de la contraseña anterior.'),
(1742,1742,'es','Bienvenido'),
(1743,1743,'es','Su cuenta ha sido creada exitosamente.'),
(1744,1744,'es','Si tiene problemas para hacer clic en el botón \"Restablecer contraseña\", copie y pegue la siguiente URL en su navegador web:'),
(1745,1745,'es','Si no solicitó un restablecimiento de contraseña, no se requiere ninguna otra acción.'),
(1746,1746,'es','Recibirá este correo electrónico porque recibimos una solicitud de restablecimiento de contraseña para su cuenta.'),
(1747,1747,'es','Restablecer contraseña'),
(1748,1748,'es','Restablecer la contraseña de su cuenta'),
(1749,1749,'es','¡Bienvenido :name!'),
(1750,1750,'es','Restablecer la contraseña de su cuenta'),
(1751,1751,'es','Su cuenta ha sido creada'),
(1752,1752,'es','Su cuenta está bloqueada por :delay segundos'),
(1753,1753,'es','Su cuenta no está activada. Por favor revise su correo electrónico.'),
(1754,1754,'es','Comprueba tu dirección de correo electrónico para restablecer la contraseña'),
(1755,1755,'es','Dirección de correo electrónico o contraseña no válida'),
(1756,1756,'es','Código de reinicio inválido o vencido'),
(1757,1757,'es','Ningún usuario con esa dirección de correo electrónico pertenece a nuestro sistema.'),
(1758,1758,'es','Su contraseña ha sido restablecida'),
(1759,1759,'es','Se envió un correo electrónico para restablecer la contraseña'),
(1760,1760,'es','Crear roles'),
(1761,1761,'es','Eliminar roles'),
(1762,1762,'es','Editar roles'),
(1763,1763,'es','Índice de roles'),
(1764,1764,'es','Crear usuarios'),
(1765,1765,'es','Eliminar usuarios'),
(1766,1766,'es','Editar usuarios'),
(1767,1767,'es','Índice Usuarios'),
(1768,1768,'es','Permitir'),
(1769,1769,'es','Permitir todo'),
(1770,1770,'es','Denegar'),
(1771,1771,'es','Negar todo'),
(1772,1772,'es','Heredar'),
(1773,1773,'es','Heredar todo'),
(1774,1774,'es','Rol'),
(1775,1775,'es','Roles'),
(1776,1776,'es','Nombre'),
(1777,1777,'es','General'),
(1778,1778,'es','Permisos'),
(1779,1779,'es','Información del rol'),
(1780,1780,'es','Roles'),
(1781,1781,'es','Usuarios'),
(1782,1782,'es','Activado'),
(1783,1783,'es','Restablecer contraseña'),
(1784,1784,'es','Perfil'),
(1785,1785,'es','Enviar correo electrónico para restablecer contraseña'),
(1786,1786,'es','Correo electrónico'),
(1787,1787,'es','Nombre'),
(1788,1788,'es','Último inicio de sesión'),
(1789,1789,'es','Apellido'),
(1790,1790,'es','Cuenta'),
(1791,1791,'es','Información del perfil'),
(1792,1792,'es','Información del usuario'),
(1793,1793,'es','Nueva contraseña'),
(1794,1794,'es','Permisos'),
(1795,1795,'es','Usuario'),
(1796,1796,'es','Usuarios'),
(1797,1797,'es','Nombre'),
(1798,1798,'es','Tipo'),
(1799,1799,'es','Valores'),
(1800,1800,'es','Color'),
(1801,1801,'es','Imagen'),
(1802,1802,'es','Etiqueta'),
(1803,1803,'es','Crear variaciones'),
(1804,1804,'es','Eliminar variaciones'),
(1805,1805,'es','Editar variaciones'),
(1806,1806,'es','Variaciones del índice'),
(1807,1807,'es','Variaciones'),
(1808,1808,'es','Agregar fila'),
(1809,1809,'es','Color'),
(1810,1810,'es','Imagen'),
(1811,1811,'es','Etiqueta'),
(1812,1812,'es','Nombre'),
(1813,1813,'es','Tipo'),
(1814,1814,'es','Valores'),
(1815,1815,'es','Color'),
(1816,1816,'es','Imagen'),
(1817,1817,'es','Por favor seleccione'),
(1818,1818,'es','Texto'),
(1819,1819,'es','General'),
(1820,1820,'es','Valores'),
(1821,1821,'es','Nombre'),
(1822,1822,'es','Tipo'),
(1823,1823,'es','Variación'),
(1824,1824,'es','Variaciones');

/*Table structure for table `translations` */

DROP TABLE IF EXISTS `translations`;

CREATE TABLE `translations` (
  `id` int(10) unsigned NOT NULL,
  `key` varchar(191) NOT NULL,
  `created_at` timestamp NULL DEFAULT NULL,
  `updated_at` timestamp NULL DEFAULT NULL
) ENGINE=InnoDB DEFAULT CHARSET=utf8mb4 COLLATE=utf8mb4_unicode_ci;

/*Data for the table `translations` */

insert  into `translations`(`id`,`key`,`created_at`,`updated_at`) values 
(1,'account::attributes.addresses.address_1','2024-12-12 10:36:17','2024-12-12 10:36:17'),
(2,'account::attributes.addresses.city','2024-12-12 10:36:19','2024-12-12 10:36:19'),
(3,'account::attributes.addresses.country','2024-12-12 10:36:24','2024-12-12 10:36:24'),
(4,'account::attributes.addresses.first_name','2024-12-12 10:36:30','2024-12-12 10:36:30'),
(5,'account::attributes.addresses.last_name','2024-12-12 10:36:41','2024-12-12 10:36:41'),
(6,'account::attributes.addresses.state','2024-12-12 10:36:43','2024-12-12 10:36:43'),
(7,'account::attributes.addresses.zip','2024-12-12 10:36:48','2024-12-12 10:36:48'),
(8,'account::messages.address_created','2024-12-12 10:36:52','2024-12-12 10:36:52'),
(9,'account::messages.address_deleted','2024-12-12 10:36:55','2024-12-12 10:36:55'),
(10,'account::messages.address_updated','2024-12-12 10:37:10','2024-12-12 10:37:10'),
(11,'account::messages.default_address_updated','2024-12-12 10:37:14','2024-12-12 10:37:14'),
(12,'account::messages.profile_updated','2024-12-12 10:37:18','2024-12-12 10:37:18'),
(13,'admin::admin.admin','2024-12-12 10:37:20','2024-12-12 10:37:20'),
(14,'admin::admin.buttons.cancel','2024-12-12 10:37:25','2024-12-12 10:37:25'),
(15,'admin::admin.buttons.delete','2024-12-12 10:37:29','2024-12-12 10:37:29'),
(16,'admin::admin.buttons.save','2024-12-12 10:37:46','2024-12-12 10:37:46'),
(17,'admin::admin.buttons.save_and_edit','2024-12-12 10:37:50','2024-12-12 10:37:50'),
(18,'admin::admin.buttons.save_and_exit','2024-12-12 10:37:57','2024-12-12 10:37:57'),
(19,'admin::admin.delete.confirmation','2024-12-12 10:38:00','2024-12-12 10:38:00'),
(20,'admin::admin.delete.confirmation_message','2024-12-12 10:38:06','2024-12-12 10:38:06'),
(21,'admin::admin.errors.404','2024-12-12 10:38:16','2024-12-12 10:38:16'),
(22,'admin::admin.errors.404_description','2024-12-12 10:38:20','2024-12-12 10:38:20'),
(23,'admin::admin.errors.404_title','2024-12-12 10:38:30','2024-12-12 10:38:30'),
(24,'admin::admin.errors.500','2024-12-12 10:38:35','2024-12-12 10:38:35'),
(25,'admin::admin.errors.500_description','2024-12-12 10:38:41','2024-12-12 10:38:41'),
(26,'admin::admin.errors.500_title','2024-12-12 10:38:48','2024-12-12 10:38:48'),
(27,'admin::admin.form.please_select','2024-12-12 10:38:58','2024-12-12 10:38:58'),
(28,'admin::admin.pagination.next','2024-12-12 10:39:08','2024-12-12 10:39:08'),
(29,'admin::admin.pagination.previous','2024-12-12 10:39:14','2024-12-12 10:39:14'),
(30,'admin::admin.shortcuts.available_shortcuts','2024-12-12 10:39:25','2024-12-12 10:39:25'),
(31,'admin::admin.shortcuts.back_to_index','2024-12-12 10:39:36','2024-12-12 10:39:36'),
(32,'admin::admin.shortcuts.keyboard_shortcuts','2024-12-12 10:39:52','2024-12-12 10:39:52'),
(33,'admin::admin.shortcuts.this_menu','2024-12-12 10:40:03','2024-12-12 10:40:03'),
(34,'admin::admin.storefront','2024-12-12 10:41:51','2024-12-12 10:41:51'),
(35,'admin::admin.table.active','2024-12-12 10:42:00','2024-12-12 10:42:00'),
(36,'admin::admin.table.approved','2024-12-12 10:42:05','2024-12-12 10:42:05'),
(37,'admin::admin.table.created','2024-12-12 10:42:09','2024-12-12 10:42:09'),
(38,'admin::admin.table.date','2024-12-12 10:42:12','2024-12-12 10:42:12'),
(39,'admin::admin.table.filtered_from_max_total_entries','2024-12-12 10:42:19','2024-12-12 10:42:19'),
(40,'admin::admin.table.id','2024-12-12 10:42:26','2024-12-12 10:42:26'),
(41,'admin::admin.table.inactive','2024-12-12 10:42:29','2024-12-12 10:42:29'),
(42,'admin::admin.table.loading','2024-12-12 10:42:33','2024-12-12 10:42:33'),
(43,'admin::admin.table.no_data_available_table','2024-12-12 10:42:38','2024-12-12 10:42:38'),
(44,'admin::admin.table.no_matching_records_found','2024-12-12 10:42:41','2024-12-12 10:42:41'),
(45,'admin::admin.table.pending','2024-12-12 10:42:45','2024-12-12 10:42:45'),
(46,'admin::admin.table.search_here','2024-12-12 10:42:49','2024-12-12 10:42:49'),
(47,'admin::admin.table.showing_empty_entries','2024-12-12 10:42:53','2024-12-12 10:42:53'),
(48,'admin::admin.table.showing_start_end_total_entries','2024-12-12 10:42:55','2024-12-12 10:42:55'),
(49,'admin::admin.table.show_menu_entries','2024-12-12 10:43:02','2024-12-12 10:43:02'),
(50,'admin::admin.table.status','2024-12-12 10:43:06','2024-12-12 10:43:06'),
(51,'admin::admin.table.updated','2024-12-12 10:43:09','2024-12-12 10:43:09'),
(52,'admin::dashboard.dashboard','2024-12-12 10:43:15','2024-12-12 10:43:15'),
(53,'admin::dashboard.latest_orders','2024-12-12 10:43:18','2024-12-12 10:43:18'),
(54,'admin::dashboard.latest_reviews','2024-12-12 10:43:26','2024-12-12 10:43:26'),
(55,'admin::dashboard.latest_searches','2024-12-12 10:43:29','2024-12-12 10:43:29'),
(56,'admin::dashboard.no_data','2024-12-12 10:43:34','2024-12-12 10:43:34'),
(57,'admin::dashboard.sales_analytics.day_names.0','2024-12-12 10:43:36','2024-12-12 10:43:36'),
(58,'admin::dashboard.sales_analytics.day_names.1','2024-12-12 10:43:41','2024-12-12 10:43:41'),
(59,'admin::dashboard.sales_analytics.day_names.2','2024-12-12 10:43:47','2024-12-12 10:43:47'),
(60,'admin::dashboard.sales_analytics.day_names.3','2024-12-12 10:43:51','2024-12-12 10:43:51'),
(61,'admin::dashboard.sales_analytics.day_names.4','2024-12-12 10:43:55','2024-12-12 10:43:55'),
(62,'admin::dashboard.sales_analytics.day_names.5','2024-12-12 10:43:59','2024-12-12 10:43:59'),
(63,'admin::dashboard.sales_analytics.day_names.6','2024-12-12 10:44:05','2024-12-12 10:44:05'),
(64,'admin::dashboard.sales_analytics.orders','2024-12-12 10:44:08','2024-12-12 10:44:08'),
(65,'admin::dashboard.sales_analytics.sales','2024-12-12 10:44:12','2024-12-12 10:44:12'),
(66,'admin::dashboard.sales_analytics_title','2024-12-12 10:44:15','2024-12-12 10:44:15'),
(67,'admin::dashboard.table.customer','2024-12-12 10:44:22','2024-12-12 10:44:22'),
(68,'admin::dashboard.table.latest_orders.order_id','2024-12-12 10:44:24','2024-12-12 10:44:24'),
(69,'admin::dashboard.table.latest_orders.status','2024-12-12 10:44:29','2024-12-12 10:44:29'),
(70,'admin::dashboard.table.latest_orders.total','2024-12-12 10:44:33','2024-12-12 10:44:33'),
(71,'admin::dashboard.table.latest_reviews.product','2024-12-12 10:44:35','2024-12-12 10:44:35'),
(72,'admin::dashboard.table.latest_reviews.rating','2024-12-12 10:44:40','2024-12-12 10:44:40'),
(73,'admin::dashboard.table.latest_searches.hits','2024-12-12 10:46:22','2024-12-12 10:46:22'),
(74,'admin::dashboard.table.latest_searches.keyword','2024-12-12 10:46:24','2024-12-12 10:46:24'),
(75,'admin::dashboard.table.latest_searches.results','2024-12-12 10:46:28','2024-12-12 10:46:28'),
(76,'admin::dashboard.total_customers','2024-12-12 10:46:37','2024-12-12 10:46:37'),
(77,'admin::dashboard.total_orders','2024-12-12 10:46:44','2024-12-12 10:46:44'),
(78,'admin::dashboard.total_products','2024-12-12 10:46:48','2024-12-12 10:46:48'),
(79,'admin::dashboard.total_sales','2024-12-12 10:46:50','2024-12-12 10:46:50'),
(80,'admin::messages.permission_denied','2024-12-12 10:47:03','2024-12-12 10:47:03'),
(81,'admin::messages.resource_created','2024-12-12 10:47:14','2024-12-12 10:47:14'),
(82,'admin::messages.resource_deleted','2024-12-12 10:47:18','2024-12-12 10:47:18'),
(83,'admin::messages.resource_updated','2024-12-12 10:47:27','2024-12-12 10:47:27'),
(84,'admin::resource.create','2024-12-12 10:47:32','2024-12-12 10:47:32'),
(85,'admin::resource.delete','2024-12-12 10:47:43','2024-12-12 10:47:43'),
(86,'admin::resource.edit','2024-12-12 10:47:51','2024-12-12 10:47:51'),
(87,'admin::resource.show','2024-12-12 10:47:57','2024-12-12 10:47:57'),
(88,'admin::sidebar.appearance','2024-12-12 10:48:03','2024-12-12 10:48:03'),
(89,'admin::sidebar.content','2024-12-12 10:48:09','2024-12-12 10:48:09'),
(90,'admin::sidebar.localization','2024-12-12 10:48:11','2024-12-12 10:48:11'),
(91,'admin::sidebar.sales','2024-12-12 10:48:14','2024-12-12 10:48:14'),
(92,'admin::sidebar.system','2024-12-12 10:48:18','2024-12-12 10:48:18'),
(93,'admin::sidebar.tools','2024-12-12 10:48:23','2024-12-12 10:48:23'),
(94,'admin::sidebar.update','2024-12-12 10:48:25','2024-12-12 10:48:25'),
(95,'attribute::admin.attribute','2024-12-12 10:48:29','2024-12-12 10:48:29'),
(96,'attribute::admin.attributes','2024-12-12 10:48:39','2024-12-12 10:48:39'),
(97,'attribute::admin.form.add_new_value','2024-12-12 10:48:43','2024-12-12 10:48:43'),
(98,'attribute::admin.form.delete_value','2024-12-12 10:48:48','2024-12-12 10:48:48'),
(99,'attribute::admin.form.use_this_attribute_for_filtering_products','2024-12-12 10:48:51','2024-12-12 10:48:51'),
(100,'attribute::admin.form.value','2024-12-12 10:48:55','2024-12-12 10:48:55'),
(101,'attribute::admin.table.attribute_set','2024-12-12 10:49:06','2024-12-12 10:49:06'),
(102,'attribute::admin.table.filterable','2024-12-12 10:49:09','2024-12-12 10:49:09'),
(103,'attribute::admin.table.name','2024-12-12 10:49:17','2024-12-12 10:49:17'),
(104,'attribute::admin.table.no','2024-12-12 10:49:20','2024-12-12 10:49:20'),
(105,'attribute::admin.table.yes','2024-12-12 10:49:23','2024-12-12 10:49:23'),
(106,'attribute::admin.tabs.general','2024-12-12 10:49:25','2024-12-12 10:49:25'),
(107,'attribute::admin.tabs.group.attribute_information','2024-12-12 10:50:43','2024-12-12 10:50:43'),
(108,'attribute::admin.tabs.values','2024-12-12 10:50:46','2024-12-12 10:50:46'),
(109,'attribute::attributes.attributes.attribute_set_id','2024-12-12 10:50:50','2024-12-12 10:50:50'),
(110,'attribute::attributes.attributes.categories','2024-12-12 10:50:56','2024-12-12 10:50:56'),
(111,'attribute::attributes.attribute_sets.name','2024-12-12 10:51:01','2024-12-12 10:51:01'),
(112,'attribute::attributes.attributes.is_filterable','2024-12-12 10:51:08','2024-12-12 10:51:08'),
(113,'attribute::attributes.attributes.name','2024-12-12 10:51:11','2024-12-12 10:51:11'),
(114,'attribute::attributes.attributes.slug','2024-12-12 10:51:14','2024-12-12 10:51:14'),
(115,'attribute::attribute_sets.attribute_set','2024-12-12 10:51:22','2024-12-12 10:51:22'),
(116,'attribute::attribute_sets.attribute_sets','2024-12-12 10:51:27','2024-12-12 10:51:27'),
(117,'attribute::attribute_sets.table.name','2024-12-12 10:51:32','2024-12-12 10:51:32'),
(118,'attribute::attribute_sets.tabs.general','2024-12-12 10:51:35','2024-12-12 10:51:35'),
(119,'attribute::attribute_sets.tabs.group.attribute_set_information','2024-12-12 10:51:40','2024-12-12 10:51:40'),
(120,'attribute::attributes.product_attributes.attributes.*.attribute_id','2024-12-12 10:51:58','2024-12-12 10:51:58'),
(121,'attribute::attributes.product_attributes.attributes.*.values','2024-12-12 10:52:05','2024-12-12 10:52:05'),
(122,'attribute::attribute_values.attribute_value','2024-12-12 10:52:13','2024-12-12 10:52:13'),
(123,'attribute::attribute_values.attribute_values','2024-12-12 10:52:18','2024-12-12 10:52:18'),
(124,'attribute::permissions.attributes.create','2024-12-12 10:52:39','2024-12-12 10:52:39'),
(125,'attribute::permissions.attributes.destroy','2024-12-12 10:52:43','2024-12-12 10:52:43'),
(126,'attribute::permissions.attributes.edit','2024-12-12 10:52:46','2024-12-12 10:52:46'),
(127,'attribute::permissions.attribute_sets.create','2024-12-12 10:52:50','2024-12-12 10:52:50'),
(128,'attribute::permissions.attribute_sets.destroy','2024-12-12 10:52:55','2024-12-12 10:52:55'),
(129,'attribute::permissions.attribute_sets.edit','2024-12-12 10:53:01','2024-12-12 10:53:01'),
(130,'attribute::permissions.attribute_sets.index','2024-12-12 10:53:06','2024-12-12 10:53:06'),
(131,'attribute::permissions.attributes.index','2024-12-12 10:53:08','2024-12-12 10:53:08'),
(132,'attribute::sidebar.attributes','2024-12-12 10:53:13','2024-12-12 10:53:13'),
(133,'attribute::sidebar.attribute_sets','2024-12-12 10:53:15','2024-12-12 10:53:15'),
(134,'blog::admin.blog','2024-12-12 10:53:19','2024-12-12 10:53:19'),
(135,'blog::admin.blog_categories.name','2024-12-12 10:53:33','2024-12-12 10:53:33'),
(136,'blog::admin.blog_categories.table.name','2024-12-12 10:53:36','2024-12-12 10:53:36'),
(137,'blog::admin.blog_category.name','2024-12-12 10:53:44','2024-12-12 10:53:44'),
(138,'blog::admin.blog_post.name','2024-12-12 10:53:55','2024-12-12 10:53:55'),
(139,'blog::admin.blog_posts.form.description','2024-12-12 10:54:01','2024-12-12 10:54:01'),
(140,'blog::admin.blog_posts.form.featured_image','2024-12-12 10:54:03','2024-12-12 10:54:03'),
(141,'blog::admin.blog_posts.form.short_description','2024-12-12 10:54:08','2024-12-12 10:54:08'),
(142,'blog::admin.blog_posts.form.title','2024-12-12 10:54:13','2024-12-12 10:54:13'),
(143,'blog::admin.blog_posts.name','2024-12-12 10:54:19','2024-12-12 10:54:19'),
(144,'blog::admin.blog_posts.table.featured_image','2024-12-12 10:54:25','2024-12-12 10:54:25'),
(145,'blog::admin.blog_posts.table.publish_status','2024-12-12 10:54:29','2024-12-12 10:54:29'),
(146,'blog::admin.blog_posts.table.title','2024-12-12 10:54:32','2024-12-12 10:54:32'),
(147,'blog::admin.blog_posts.table.user','2024-12-12 10:54:35','2024-12-12 10:54:35'),
(148,'blog::admin.blog_tag.name','2024-12-12 10:54:41','2024-12-12 10:54:41'),
(149,'blog::admin.blog_tags.name','2024-12-12 10:54:45','2024-12-12 10:54:45'),
(150,'blog::admin.blog_tags.table.name','2024-12-12 10:54:50','2024-12-12 10:54:50'),
(151,'blog::admin.categories','2024-12-12 10:54:55','2024-12-12 10:54:55'),
(152,'blog::admin.posts','2024-12-12 10:55:01','2024-12-12 10:55:01'),
(153,'blog::admin.tags','2024-12-12 10:55:03','2024-12-12 10:55:03'),
(154,'blog::attributes.categories.name','2024-12-12 10:55:07','2024-12-12 10:55:07'),
(155,'blog::attributes.categories.slug','2024-12-12 10:55:16','2024-12-12 10:55:16'),
(156,'blog::attributes.posts.category','2024-12-12 10:55:19','2024-12-12 10:55:19'),
(157,'blog::attributes.posts.description','2024-12-12 10:55:24','2024-12-12 10:55:24'),
(158,'blog::attributes.posts.publish_status','2024-12-12 10:55:30','2024-12-12 10:55:30'),
(159,'blog::attributes.posts.slug','2024-12-12 10:55:38','2024-12-12 10:55:38'),
(160,'blog::attributes.posts.tags','2024-12-12 10:55:41','2024-12-12 10:55:41'),
(161,'blog::attributes.posts.title','2024-12-12 10:55:45','2024-12-12 10:55:45'),
(162,'blog::attributes.tags.name','2024-12-12 10:55:49','2024-12-12 10:55:49'),
(163,'blog::attributes.tags.slug','2024-12-12 10:55:53','2024-12-12 10:55:53'),
(164,'blog::blog.categories.name','2024-12-12 10:57:14','2024-12-12 10:57:14'),
(165,'blog::blog.posts.form.enable_the_blog_category','2024-12-12 10:57:20','2024-12-12 10:57:20'),
(166,'blog::blog.posts.form.publish_status.published','2024-12-12 10:57:25','2024-12-12 10:57:25'),
(167,'blog::blog.posts.form.publish_status.unpublished','2024-12-12 10:57:27','2024-12-12 10:57:27'),
(168,'blog::blog.posts.groups.categories','2024-12-12 10:57:32','2024-12-12 10:57:32'),
(169,'blog::blog.posts.groups.featured_image','2024-12-12 10:57:36','2024-12-12 10:57:36'),
(170,'blog::blog.posts.groups.general','2024-12-12 10:57:38','2024-12-12 10:57:38'),
(171,'blog::blog.posts.groups.publish','2024-12-12 10:57:43','2024-12-12 10:57:43'),
(172,'blog::blog.posts.groups.seo','2024-12-12 10:57:50','2024-12-12 10:57:50'),
(173,'blog::blog.posts.groups.tags','2024-12-12 10:57:53','2024-12-12 10:57:53'),
(174,'blog::blog.posts.name','2024-12-12 10:57:57','2024-12-12 10:57:57'),
(175,'blog::blog.tags.name','2024-12-12 10:58:03','2024-12-12 10:58:03'),
(176,'blog::permissions.categories.create','2024-12-12 10:58:13','2024-12-12 10:58:13'),
(177,'blog::permissions.categories.destroy','2024-12-12 10:58:26','2024-12-12 10:58:26'),
(178,'blog::permissions.categories.edit','2024-12-12 10:58:30','2024-12-12 10:58:30'),
(179,'blog::permissions.categories.index','2024-12-12 10:58:32','2024-12-12 10:58:32'),
(180,'blog::permissions.posts.create','2024-12-12 10:58:37','2024-12-12 10:58:37'),
(181,'blog::permissions.posts.destroy','2024-12-12 10:58:43','2024-12-12 10:58:43'),
(182,'blog::permissions.posts.edit','2024-12-12 10:58:46','2024-12-12 10:58:46'),
(183,'blog::permissions.posts.index','2024-12-12 10:58:50','2024-12-12 10:58:50'),
(184,'blog::permissions.tags.create','2024-12-12 10:58:54','2024-12-12 10:58:54'),
(185,'blog::permissions.tags.destroy','2024-12-12 10:58:57','2024-12-12 10:58:57'),
(186,'blog::permissions.tags.edit','2024-12-12 10:59:02','2024-12-12 10:59:02'),
(187,'blog::permissions.tags.index','2024-12-12 10:59:10','2024-12-12 10:59:10'),
(188,'brand::attributes.is_active','2024-12-12 10:59:12','2024-12-12 10:59:12'),
(189,'brand::attributes.name','2024-12-12 10:59:18','2024-12-12 10:59:18'),
(190,'brand::brands.brand','2024-12-12 10:59:21','2024-12-12 10:59:21'),
(191,'brand::brands.brands','2024-12-12 10:59:25','2024-12-12 10:59:25'),
(192,'brand::brands.form.banner','2024-12-12 10:59:34','2024-12-12 10:59:34'),
(193,'brand::brands.form.enable_the_brand','2024-12-12 10:59:37','2024-12-12 10:59:37'),
(194,'brand::brands.form.logo','2024-12-12 10:59:43','2024-12-12 10:59:43'),
(195,'brand::brands.table.logo','2024-12-12 10:59:46','2024-12-12 10:59:46'),
(196,'brand::brands.table.name','2024-12-12 10:59:54','2024-12-12 10:59:54'),
(197,'brand::brands.tabs.general','2024-12-12 11:00:01','2024-12-12 11:00:01'),
(198,'brand::brands.tabs.group.brand_information','2024-12-12 11:00:05','2024-12-12 11:00:05'),
(199,'brand::brands.tabs.images','2024-12-12 11:00:08','2024-12-12 11:00:08'),
(200,'brand::brands.tabs.seo','2024-12-12 11:00:20','2024-12-12 11:00:20'),
(201,'brand::permissions.create','2024-12-12 11:08:27','2024-12-12 11:08:27'),
(202,'brand::permissions.destroy','2024-12-12 11:08:32','2024-12-12 11:08:32'),
(203,'brand::permissions.edit','2024-12-12 11:08:34','2024-12-12 11:08:34'),
(204,'brand::permissions.index','2024-12-12 11:08:45','2024-12-12 11:08:45'),
(205,'cart::messages.not_have_enough_quantity_in_stock','2024-12-12 11:08:51','2024-12-12 11:08:51'),
(206,'cart::messages.one_or_more_product_doesn\'t_have_enough_stock','2024-12-12 11:09:23','2024-12-12 11:09:23'),
(207,'cart::messages.one_or_more_product_is_out_of_stock','2024-12-12 11:09:31','2024-12-12 11:09:31'),
(208,'cart::messages.out_of_stock','2024-12-12 11:09:35','2024-12-12 11:09:35'),
(209,'cart::validation.the_selected_option_is_invalid','2024-12-12 11:09:40','2024-12-12 11:09:40'),
(210,'cart::validation.this_field_is_required','2024-12-12 11:09:53','2024-12-12 11:09:53'),
(211,'category::attributes.id','2024-12-12 11:09:57','2024-12-12 11:09:57'),
(212,'category::attributes.is_active','2024-12-12 11:10:07','2024-12-12 11:10:07'),
(213,'category::attributes.is_searchable','2024-12-12 11:10:10','2024-12-12 11:10:10'),
(214,'category::attributes.name','2024-12-12 11:10:15','2024-12-12 11:10:15'),
(215,'category::attributes.slug','2024-12-12 11:10:18','2024-12-12 11:10:18'),
(216,'category::categories.categories','2024-12-12 11:10:22','2024-12-12 11:10:22'),
(217,'category::categories.category','2024-12-12 11:10:28','2024-12-12 11:10:28'),
(218,'category::categories.form.banner','2024-12-12 11:10:33','2024-12-12 11:10:33'),
(219,'category::categories.form.enable_the_category','2024-12-12 11:10:36','2024-12-12 11:10:36'),
(220,'category::categories.form.logo','2024-12-12 11:10:41','2024-12-12 11:10:41'),
(221,'category::categories.form.show_this_category_in_search_box','2024-12-12 11:10:46','2024-12-12 11:10:46'),
(222,'category::categories.tabs.general','2024-12-12 11:10:53','2024-12-12 11:10:53'),
(223,'category::categories.tabs.image','2024-12-12 11:10:56','2024-12-12 11:10:56'),
(224,'category::categories.tabs.seo','2024-12-12 11:11:10','2024-12-12 11:11:10'),
(225,'category::categories.tree.add_root_category','2024-12-12 11:11:13','2024-12-12 11:11:13'),
(226,'category::categories.tree.add_sub_category','2024-12-12 11:11:17','2024-12-12 11:11:17'),
(227,'category::categories.tree.collapse_all','2024-12-12 11:11:21','2024-12-12 11:11:21'),
(228,'category::categories.tree.expand_all','2024-12-12 11:11:27','2024-12-12 11:11:27'),
(229,'category::messages.category_order_updated','2024-12-12 11:11:31','2024-12-12 11:11:31'),
(230,'category::permissions.create','2024-12-12 11:11:36','2024-12-12 11:11:36'),
(231,'category::permissions.destroy','2024-12-12 11:11:43','2024-12-12 11:11:43'),
(232,'category::permissions.edit','2024-12-12 11:11:47','2024-12-12 11:11:47'),
(233,'category::permissions.index','2024-12-12 11:11:52','2024-12-12 11:11:52'),
(234,'category::sidebar.categories','2024-12-12 11:11:55','2024-12-12 11:11:55'),
(235,'checkout::attributes.billing.address_1','2024-12-12 11:11:58','2024-12-12 11:11:58'),
(236,'checkout::attributes.billing.address_2','2024-12-12 11:12:04','2024-12-12 11:12:04'),
(237,'checkout::attributes.billing.city','2024-12-12 11:12:07','2024-12-12 11:12:07'),
(238,'checkout::attributes.billing.country','2024-12-12 11:12:14','2024-12-12 11:12:14'),
(239,'checkout::attributes.billing.first_name','2024-12-12 11:12:16','2024-12-12 11:12:16'),
(240,'checkout::attributes.billing.last_name','2024-12-12 11:12:21','2024-12-12 11:12:21'),
(241,'checkout::attributes.billing.state','2024-12-12 11:12:24','2024-12-12 11:12:24'),
(242,'checkout::attributes.billing.zip','2024-12-12 11:12:28','2024-12-12 11:12:28'),
(243,'checkout::attributes.create_an_account','2024-12-12 11:12:36','2024-12-12 11:12:36'),
(244,'checkout::attributes.customer_email','2024-12-12 11:12:41','2024-12-12 11:12:41'),
(245,'checkout::attributes.customer_phone','2024-12-12 11:12:46','2024-12-12 11:12:46'),
(246,'checkout::attributes.order_note','2024-12-12 11:12:50','2024-12-12 11:12:50'),
(247,'checkout::attributes.password','2024-12-12 11:13:04','2024-12-12 11:13:04'),
(248,'checkout::attributes.shipping.address_1','2024-12-12 11:13:07','2024-12-12 11:13:07'),
(249,'checkout::attributes.shipping.address_2','2024-12-12 11:13:11','2024-12-12 11:13:11'),
(250,'checkout::attributes.shipping.city','2024-12-12 11:13:14','2024-12-12 11:13:14'),
(251,'checkout::attributes.shipping.country','2024-12-12 11:13:17','2024-12-12 11:13:17'),
(252,'checkout::attributes.shipping.first_name','2024-12-12 11:13:21','2024-12-12 11:13:21'),
(253,'checkout::attributes.shipping.last_name','2024-12-12 11:13:42','2024-12-12 11:13:42'),
(254,'checkout::attributes.shipping.state','2024-12-12 11:13:46','2024-12-12 11:13:46'),
(255,'checkout::attributes.shipping.zip','2024-12-12 11:13:51','2024-12-12 11:13:51'),
(256,'checkout::attributes.ship_to_a_different_address','2024-12-12 11:13:54','2024-12-12 11:13:54'),
(257,'checkout::attributes.street_address','2024-12-12 11:13:57','2024-12-12 11:13:57'),
(258,'checkout::mail.if_you\\’re_having_trouble','2024-12-12 11:14:02','2024-12-12 11:14:02'),
(259,'checkout::mail.new_order_subject','2024-12-12 11:14:09','2024-12-12 11:14:09'),
(260,'checkout::mail.new_order_text','2024-12-12 11:14:16','2024-12-12 11:14:16'),
(261,'checkout::mail.view_order','2024-12-12 11:14:24','2024-12-12 11:14:24'),
(262,'checkout::messages.no_shipping_method','2024-12-12 11:14:35','2024-12-12 11:14:35'),
(263,'contact::attributes.email','2024-12-12 11:14:37','2024-12-12 11:14:37'),
(264,'contact::attributes.g-recaptcha','2024-12-12 11:14:43','2024-12-12 11:14:43'),
(265,'contact::attributes.message','2024-12-12 11:14:46','2024-12-12 11:14:46'),
(266,'contact::attributes.subject','2024-12-12 11:14:59','2024-12-12 11:14:59'),
(267,'contact::messages.your_message_has_been_sent','2024-12-12 11:15:05','2024-12-12 11:15:05'),
(268,'contact::validation.failed_to_verify','2024-12-12 11:15:15','2024-12-12 11:15:15'),
(269,'core::messages.mail_is_not_configured','2024-12-12 11:15:18','2024-12-12 11:15:18'),
(270,'core::messages.something_went_wrong','2024-12-12 11:15:23','2024-12-12 11:15:23'),
(271,'core::messages.the_given_data_was_invalid','2024-12-12 11:15:27','2024-12-12 11:15:27'),
(272,'core::validation.accepted','2024-12-12 11:15:33','2024-12-12 11:15:33'),
(273,'core::validation.active_url','2024-12-12 11:15:53','2024-12-12 11:15:53'),
(274,'core::validation.after','2024-12-12 11:15:56','2024-12-12 11:15:56'),
(275,'core::validation.after_or_equal','2024-12-12 11:16:01','2024-12-12 11:16:01'),
(276,'core::validation.alpha','2024-12-12 11:16:15','2024-12-12 11:16:15'),
(277,'core::validation.alpha_dash','2024-12-12 11:16:21','2024-12-12 11:16:21'),
(278,'core::validation.alpha_num','2024-12-12 11:18:18','2024-12-12 11:18:18'),
(279,'core::validation.array','2024-12-12 11:18:22','2024-12-12 11:18:22'),
(280,'core::validation.before','2024-12-12 11:18:30','2024-12-12 11:18:30'),
(281,'core::validation.before_or_equal','2024-12-12 11:18:33','2024-12-12 11:18:33'),
(282,'core::validation.between.array','2024-12-12 11:18:38','2024-12-12 11:18:38'),
(283,'core::validation.between.file','2024-12-12 11:18:47','2024-12-12 11:18:47'),
(284,'core::validation.between.numeric','2024-12-12 11:18:57','2024-12-12 11:18:57'),
(285,'core::validation.between.string','2024-12-12 11:19:05','2024-12-12 11:19:05'),
(286,'core::validation.boolean','2024-12-12 11:19:08','2024-12-12 11:19:08'),
(287,'core::validation.confirmed','2024-12-12 11:19:13','2024-12-12 11:19:13'),
(288,'core::validation.date','2024-12-12 11:19:17','2024-12-12 11:19:17'),
(289,'core::validation.date_format','2024-12-12 11:19:21','2024-12-12 11:19:21'),
(290,'core::validation.different','2024-12-12 11:19:32','2024-12-12 11:19:32'),
(291,'core::validation.digits','2024-12-12 11:19:38','2024-12-12 11:19:38'),
(292,'core::validation.digits_between','2024-12-12 11:19:41','2024-12-12 11:19:41'),
(293,'core::validation.dimensions','2024-12-12 11:19:48','2024-12-12 11:19:48'),
(294,'core::validation.distinct','2024-12-12 11:19:53','2024-12-12 11:19:53'),
(295,'core::validation.email','2024-12-12 11:19:59','2024-12-12 11:19:59'),
(296,'core::validation.exists','2024-12-12 11:20:03','2024-12-12 11:20:03'),
(297,'core::validation.file','2024-12-12 11:20:06','2024-12-12 11:20:06'),
(298,'core::validation.filled','2024-12-12 11:20:10','2024-12-12 11:20:10'),
(299,'core::validation.image','2024-12-12 11:20:13','2024-12-12 11:20:13'),
(300,'core::validation.in','2024-12-12 11:20:18','2024-12-12 11:20:18'),
(301,'core::validation.in_array','2024-12-12 11:20:22','2024-12-12 11:20:22'),
(302,'core::validation.integer','2024-12-12 11:20:25','2024-12-12 11:20:25'),
(303,'core::validation.ip','2024-12-12 11:20:28','2024-12-12 11:20:28'),
(304,'core::validation.ipv4','2024-12-12 11:20:32','2024-12-12 11:20:32'),
(305,'core::validation.ipv6','2024-12-12 11:20:37','2024-12-12 11:20:37'),
(306,'core::validation.json','2024-12-12 11:20:40','2024-12-12 11:20:40'),
(307,'core::validation.max.array','2024-12-12 11:20:43','2024-12-12 11:20:43'),
(308,'core::validation.max.file','2024-12-12 11:20:47','2024-12-12 11:20:47'),
(309,'core::validation.max.numeric','2024-12-12 11:20:51','2024-12-12 11:20:51'),
(310,'core::validation.max.string','2024-12-12 11:20:53','2024-12-12 11:20:53'),
(311,'core::validation.mimes','2024-12-12 11:20:57','2024-12-12 11:20:57'),
(312,'core::validation.mimetypes','2024-12-12 11:21:01','2024-12-12 11:21:01'),
(313,'core::validation.min.array','2024-12-12 11:21:06','2024-12-12 11:21:06'),
(314,'core::validation.min.file','2024-12-12 11:21:10','2024-12-12 11:21:10'),
(315,'core::validation.min.numeric','2024-12-12 11:21:14','2024-12-12 11:21:14'),
(316,'core::validation.min.string','2024-12-12 11:21:18','2024-12-12 11:21:18'),
(317,'core::validation.not_in','2024-12-12 11:21:22','2024-12-12 11:21:22'),
(318,'core::validation.numeric','2024-12-12 11:21:25','2024-12-12 11:21:25'),
(319,'core::validation.present','2024-12-12 11:21:27','2024-12-12 11:21:27'),
(320,'core::validation.redis','2024-12-12 11:21:38','2024-12-12 11:21:38'),
(321,'core::validation.regex','2024-12-12 11:21:41','2024-12-12 11:21:41'),
(322,'core::validation.required','2024-12-12 11:21:46','2024-12-12 11:21:46'),
(323,'core::validation.required_if','2024-12-12 11:21:48','2024-12-12 11:21:48'),
(324,'core::validation.required_unless','2024-12-12 11:21:52','2024-12-12 11:21:52'),
(325,'core::validation.required_with','2024-12-12 11:21:56','2024-12-12 11:21:56'),
(326,'core::validation.required_with_all','2024-12-12 11:22:13','2024-12-12 11:22:13'),
(327,'core::validation.required_without','2024-12-12 11:22:17','2024-12-12 11:22:17'),
(328,'core::validation.required_without_all','2024-12-12 11:22:24','2024-12-12 11:22:24'),
(329,'core::validation.same','2024-12-12 11:22:25','2024-12-12 11:22:25'),
(330,'core::validation.size.array','2024-12-12 11:22:28','2024-12-12 11:22:28'),
(331,'core::validation.size.file','2024-12-12 11:22:34','2024-12-12 11:22:34'),
(332,'core::validation.size.numeric','2024-12-12 11:22:37','2024-12-12 11:22:37'),
(333,'core::validation.size.string','2024-12-12 11:22:43','2024-12-12 11:22:43'),
(334,'core::validation.string','2024-12-12 11:22:48','2024-12-12 11:22:48'),
(335,'core::validation.timezone','2024-12-12 11:22:51','2024-12-12 11:22:51'),
(336,'core::validation.unique','2024-12-12 11:22:55','2024-12-12 11:22:55'),
(337,'core::validation.uploaded','2024-12-12 11:22:57','2024-12-12 11:22:57'),
(338,'core::validation.url','2024-12-12 11:23:01','2024-12-12 11:23:01'),
(339,'coupon::attributes.categories','2024-12-12 11:23:08','2024-12-12 11:23:08'),
(340,'coupon::attributes.code','2024-12-12 11:23:12','2024-12-12 11:23:12'),
(341,'coupon::attributes.end_date','2024-12-12 11:23:16','2024-12-12 11:23:16'),
(342,'coupon::attributes.exclude_categories','2024-12-12 11:23:19','2024-12-12 11:23:19'),
(343,'coupon::attributes.exclude_products','2024-12-12 11:23:20','2024-12-12 11:23:20'),
(344,'coupon::attributes.free_shipping','2024-12-12 11:23:24','2024-12-12 11:23:24'),
(345,'coupon::attributes.is_active','2024-12-12 11:23:27','2024-12-12 11:23:27'),
(346,'coupon::attributes.is_percent','2024-12-12 11:23:34','2024-12-12 11:23:34'),
(347,'coupon::attributes.maximum_spend','2024-12-12 11:23:37','2024-12-12 11:23:37'),
(348,'coupon::attributes.minimum_spend','2024-12-12 11:23:43','2024-12-12 11:23:43'),
(349,'coupon::attributes.name','2024-12-12 11:23:49','2024-12-12 11:23:49'),
(350,'coupon::attributes.products','2024-12-12 11:23:52','2024-12-12 11:23:52'),
(351,'coupon::attributes.start_date','2024-12-12 11:23:55','2024-12-12 11:23:55'),
(352,'coupon::attributes.usage_limit_per_coupon','2024-12-12 11:23:58','2024-12-12 11:23:58'),
(353,'coupon::attributes.usage_limit_per_customer','2024-12-12 11:24:02','2024-12-12 11:24:02'),
(354,'coupon::attributes.value','2024-12-12 11:24:08','2024-12-12 11:24:08'),
(355,'coupon::coupons.coupon','2024-12-12 11:24:11','2024-12-12 11:24:11'),
(356,'coupon::coupons.coupons','2024-12-12 11:24:15','2024-12-12 11:24:15'),
(357,'coupon::coupons.form.allow_free_shipping','2024-12-12 11:24:17','2024-12-12 11:24:17'),
(358,'coupon::coupons.form.enable_the_coupon','2024-12-12 11:24:20','2024-12-12 11:24:20'),
(359,'coupon::coupons.form.price_types.0','2024-12-12 11:24:23','2024-12-12 11:24:23'),
(360,'coupon::coupons.form.price_types.1','2024-12-12 11:24:29','2024-12-12 11:24:29'),
(361,'coupon::coupons.table.code','2024-12-12 11:24:40','2024-12-12 11:24:40'),
(362,'coupon::coupons.table.discount','2024-12-12 11:24:43','2024-12-12 11:24:43'),
(363,'coupon::coupons.table.name','2024-12-12 11:24:47','2024-12-12 11:24:47'),
(364,'coupon::coupons.tabs.general','2024-12-12 11:24:50','2024-12-12 11:24:50'),
(365,'coupon::coupons.tabs.group.coupon_information','2024-12-12 11:24:56','2024-12-12 11:24:56'),
(366,'coupon::coupons.tabs.usage_limits','2024-12-12 11:24:58','2024-12-12 11:24:58'),
(367,'coupon::coupons.tabs.usage_restrictions','2024-12-12 11:25:01','2024-12-12 11:25:01'),
(368,'coupon::messages.already_applied','2024-12-12 11:25:05','2024-12-12 11:25:05'),
(369,'coupon::messages.inapplicable','2024-12-12 11:25:08','2024-12-12 11:25:08'),
(370,'coupon::messages.invalid_coupon','2024-12-12 11:25:12','2024-12-12 11:25:12'),
(371,'coupon::messages.maximum_spend','2024-12-12 11:25:16','2024-12-12 11:25:16'),
(372,'coupon::messages.minimum_spend','2024-12-12 11:25:26','2024-12-12 11:25:26'),
(373,'coupon::messages.not_exists','2024-12-12 11:25:30','2024-12-12 11:25:30'),
(374,'coupon::messages.usage_limit_reached','2024-12-12 11:25:32','2024-12-12 11:25:32'),
(375,'coupon::permissions.create','2024-12-12 11:25:38','2024-12-12 11:25:38'),
(376,'coupon::permissions.destroy','2024-12-12 11:25:43','2024-12-12 11:25:43'),
(377,'coupon::permissions.edit','2024-12-12 11:25:47','2024-12-12 11:25:47'),
(378,'coupon::permissions.index','2024-12-12 11:25:51','2024-12-12 11:25:51'),
(379,'currency::attributes.rate','2024-12-12 11:26:05','2024-12-12 11:26:05'),
(380,'currency::currency_rates.currency_rate','2024-12-12 11:26:09','2024-12-12 11:26:09'),
(381,'currency::currency_rates.currency_rates','2024-12-12 11:26:18','2024-12-12 11:26:18'),
(382,'currency::currency_rates.refresh_currency_rates_from','2024-12-12 11:26:22','2024-12-12 11:26:22'),
(383,'currency::currency_rates.refresh_rates','2024-12-12 11:26:26','2024-12-12 11:26:26'),
(384,'currency::currency_rates.table.code','2024-12-12 11:26:30','2024-12-12 11:26:30'),
(385,'currency::currency_rates.table.currency','2024-12-12 11:26:32','2024-12-12 11:26:32'),
(386,'currency::currency_rates.table.last_updated','2024-12-12 11:26:36','2024-12-12 11:26:36'),
(387,'currency::currency_rates.table.rate','2024-12-12 11:27:47','2024-12-12 11:27:47'),
(388,'currency::currency_rates.tabs.general','2024-12-12 11:27:54','2024-12-12 11:27:54'),
(389,'currency::currency_rates.tabs.group.currency_rate_information','2024-12-12 11:27:58','2024-12-12 11:27:58'),
(390,'currency::messages.exchange_service_is_not_configured','2024-12-12 11:28:02','2024-12-12 11:28:02'),
(391,'currency::permissions.edit','2024-12-12 11:28:07','2024-12-12 11:28:07'),
(392,'currency::permissions.index','2024-12-12 11:28:10','2024-12-12 11:28:10'),
(393,'currency::services.currency_data_feed','2024-12-12 11:28:13','2024-12-12 11:28:13'),
(394,'currency::services.fixer','2024-12-12 11:28:18','2024-12-12 11:28:18'),
(395,'currency::services.forge','2024-12-12 11:28:21','2024-12-12 11:28:21'),
(396,'flashsale::attributes.campaign_name','2024-12-12 11:28:25','2024-12-12 11:28:25'),
(397,'flashsale::attributes.end_date','2024-12-12 11:28:28','2024-12-12 11:28:28'),
(398,'flashsale::attributes.price','2024-12-12 11:28:32','2024-12-12 11:28:32'),
(399,'flashsale::attributes.product','2024-12-12 11:28:35','2024-12-12 11:28:35'),
(400,'flashsale::attributes.products.*.end_date','2024-12-12 11:28:37','2024-12-12 11:28:37'),
(401,'flashsale::attributes.products.*.price','2024-12-12 11:30:39','2024-12-12 11:30:39'),
(402,'flashsale::attributes.products.*.product_id','2024-12-12 11:30:43','2024-12-12 11:30:43'),
(403,'flashsale::attributes.products.*.qty','2024-12-12 11:30:47','2024-12-12 11:30:47'),
(404,'flashsale::attributes.quantity','2024-12-12 11:30:51','2024-12-12 11:30:51'),
(405,'flashsale::flash_sales.flash_sale','2024-12-12 11:31:09','2024-12-12 11:31:09'),
(406,'flashsale::flash_sales.flash_sales','2024-12-12 11:31:12','2024-12-12 11:31:12'),
(407,'flashsale::flash_sales.form.add_product','2024-12-12 11:31:17','2024-12-12 11:31:17'),
(408,'flashsale::flash_sales.form.flash_sale_product','2024-12-12 11:31:20','2024-12-12 11:31:20'),
(409,'flashsale::flash_sales.table.campaign_name','2024-12-12 11:31:23','2024-12-12 11:31:23'),
(410,'flashsale::flash_sales.tabs.group.flash_sale_information','2024-12-12 11:31:30','2024-12-12 11:31:30'),
(411,'flashsale::flash_sales.tabs.products','2024-12-12 11:31:35','2024-12-12 11:31:35'),
(412,'flashsale::flash_sales.tabs.settings','2024-12-12 11:31:37','2024-12-12 11:31:37'),
(413,'flashsale::permissions.create','2024-12-12 11:31:46','2024-12-12 11:31:46'),
(414,'flashsale::permissions.destroy','2024-12-12 11:31:50','2024-12-12 11:31:50'),
(415,'flashsale::permissions.edit','2024-12-12 11:33:48','2024-12-12 11:33:48'),
(416,'flashsale::permissions.index','2024-12-12 11:33:50','2024-12-12 11:33:50'),
(417,'media::media.browse','2024-12-12 11:33:55','2024-12-12 11:33:55'),
(418,'media::media.drop_files_here','2024-12-12 11:33:57','2024-12-12 11:33:57'),
(419,'media::media.file_manager.insert','2024-12-12 11:34:01','2024-12-12 11:34:01'),
(420,'media::media.file_manager.title','2024-12-12 11:34:04','2024-12-12 11:34:04'),
(421,'media::media.media','2024-12-12 11:34:20','2024-12-12 11:34:20'),
(422,'media::media.table.filename','2024-12-12 11:34:26','2024-12-12 11:34:26'),
(423,'media::media.table.height','2024-12-12 11:34:32','2024-12-12 11:34:32'),
(424,'media::media.table.thumbnail','2024-12-12 11:34:46','2024-12-12 11:34:46'),
(425,'media::media.table.width','2024-12-12 11:34:52','2024-12-12 11:34:52'),
(426,'media::media.thumbnails','2024-12-12 11:34:56','2024-12-12 11:34:56'),
(427,'media::media.upload_new_file','2024-12-12 11:35:00','2024-12-12 11:35:00'),
(428,'media::messages.image_has_been_added','2024-12-12 11:35:03','2024-12-12 11:35:03'),
(429,'media::permissions.create','2024-12-12 11:35:07','2024-12-12 11:35:07'),
(430,'media::permissions.destroy','2024-12-12 11:40:07','2024-12-12 11:40:07'),
(431,'media::permissions.index','2024-12-12 11:40:12','2024-12-12 11:40:12'),
(432,'menu::attributes.category_id','2024-12-12 11:40:15','2024-12-12 11:40:15'),
(433,'menu::attributes.icon','2024-12-12 11:40:22','2024-12-12 11:40:22'),
(434,'menu::attributes.is_active','2024-12-12 11:40:31','2024-12-12 11:40:31'),
(435,'menu::attributes.is_fluid','2024-12-12 11:40:38','2024-12-12 11:40:38'),
(436,'menu::attributes.name','2024-12-12 11:40:42','2024-12-12 11:40:42'),
(437,'menu::attributes.page_id','2024-12-12 11:40:46','2024-12-12 11:40:46'),
(438,'menu::attributes.parent_id','2024-12-12 11:40:47','2024-12-12 11:40:47'),
(439,'menu::attributes.target','2024-12-12 11:40:51','2024-12-12 11:40:51'),
(440,'menu::attributes.type','2024-12-12 11:40:54','2024-12-12 11:40:54'),
(441,'menu::attributes.url','2024-12-12 11:40:57','2024-12-12 11:40:57'),
(442,'menu::menu_items.back_to_menu_edit_page','2024-12-12 11:41:03','2024-12-12 11:41:03'),
(443,'menu::menu_items.form.background_image','2024-12-12 11:41:07','2024-12-12 11:41:07'),
(444,'menu::menu_items.form.enable_the_menu_item','2024-12-12 11:41:23','2024-12-12 11:41:23'),
(445,'menu::menu_items.form.full_width_menu','2024-12-12 11:41:27','2024-12-12 11:41:27'),
(446,'menu::menu_items.form.select_category','2024-12-12 11:41:32','2024-12-12 11:41:32'),
(447,'menu::menu_items.form.select_page','2024-12-12 11:41:40','2024-12-12 11:41:40'),
(448,'menu::menu_items.form.select_parent','2024-12-12 11:41:45','2024-12-12 11:41:45'),
(449,'menu::menu_items.form.targets._blank','2024-12-12 11:41:48','2024-12-12 11:41:48'),
(450,'menu::menu_items.form.targets._self','2024-12-12 11:41:53','2024-12-12 11:41:53'),
(451,'menu::menu_items.form.types.category','2024-12-12 11:42:04','2024-12-12 11:42:04'),
(452,'menu::menu_items.form.types.page','2024-12-12 11:42:07','2024-12-12 11:42:07'),
(453,'menu::menu_items.form.types.url','2024-12-12 11:42:11','2024-12-12 11:42:11'),
(454,'menu::menu_items.menu_item','2024-12-12 11:42:17','2024-12-12 11:42:17'),
(455,'menu::menu_items.tabs.general','2024-12-12 11:42:20','2024-12-12 11:42:20'),
(456,'menu::menu_items.tabs.group.menu_item_information','2024-12-12 11:42:23','2024-12-12 11:42:23'),
(457,'menu::menu_items.tabs.image','2024-12-12 11:42:26','2024-12-12 11:42:26'),
(458,'menu::menus.form.enable_the_menu','2024-12-12 11:42:30','2024-12-12 11:42:30'),
(459,'menu::menus.form.please_save_the_menu_first','2024-12-12 11:42:34','2024-12-12 11:42:34'),
(460,'menu::menus.menu','2024-12-12 11:42:41','2024-12-12 11:42:41'),
(461,'menu::menus.menus','2024-12-12 11:42:43','2024-12-12 11:42:43'),
(462,'menu::menus.table.name','2024-12-12 11:42:46','2024-12-12 11:42:46'),
(463,'menu::messages.menu_item_deleted','2024-12-12 11:42:49','2024-12-12 11:42:49'),
(464,'menu::messages.menu_items_order_updated','2024-12-12 11:42:56','2024-12-12 11:42:56'),
(465,'menu::permissions.menu_items.create','2024-12-12 11:43:00','2024-12-12 11:43:00'),
(466,'menu::permissions.menu_items.destroy','2024-12-12 11:43:03','2024-12-12 11:43:03'),
(467,'menu::permissions.menu_items.edit','2024-12-12 11:43:07','2024-12-12 11:43:07'),
(468,'menu::permissions.menu_items.index','2024-12-12 11:43:15','2024-12-12 11:43:15'),
(469,'menu::permissions.menus.create','2024-12-12 11:43:17','2024-12-12 11:43:17'),
(470,'menu::permissions.menus.destroy','2024-12-12 11:43:21','2024-12-12 11:43:21'),
(471,'menu::permissions.menus.edit','2024-12-12 11:43:23','2024-12-12 11:43:23'),
(472,'menu::permissions.menus.index','2024-12-12 11:43:26','2024-12-12 11:43:26'),
(473,'menu::sidebar.menus','2024-12-12 11:43:31','2024-12-12 11:43:31'),
(474,'meta::attributes.meta_description','2024-12-12 11:43:33','2024-12-12 11:43:33'),
(475,'meta::attributes.meta_title','2024-12-12 11:43:36','2024-12-12 11:43:36'),
(476,'newsletter::attributes.email','2024-12-12 11:43:40','2024-12-12 11:43:40'),
(477,'option::attributes.is_required','2024-12-12 11:43:42','2024-12-12 11:43:42'),
(478,'option::attributes.label','2024-12-12 11:43:47','2024-12-12 11:43:47'),
(479,'option::attributes.name','2024-12-12 11:43:53','2024-12-12 11:43:53'),
(480,'option::attributes.options.*.name','2024-12-12 11:43:56','2024-12-12 11:43:56'),
(481,'option::attributes.options.*.type','2024-12-12 11:43:58','2024-12-12 11:43:58'),
(482,'option::attributes.options.*.values.*.label','2024-12-12 11:44:01','2024-12-12 11:44:01'),
(483,'option::attributes.options.*.values.*.price','2024-12-12 11:44:04','2024-12-12 11:44:04'),
(484,'option::attributes.options.*.values.*.price_type','2024-12-12 11:44:07','2024-12-12 11:44:07'),
(485,'option::attributes.price','2024-12-12 11:44:11','2024-12-12 11:44:11'),
(486,'option::attributes.price_type','2024-12-12 11:44:14','2024-12-12 11:44:14'),
(487,'option::attributes.type','2024-12-12 11:44:16','2024-12-12 11:44:16'),
(488,'option::attributes.values.*.label','2024-12-12 11:44:22','2024-12-12 11:44:22'),
(489,'option::attributes.values.*.price','2024-12-12 11:44:25','2024-12-12 11:44:25'),
(490,'option::attributes.values.*.price_type','2024-12-12 11:44:28','2024-12-12 11:44:28'),
(491,'option::options.form.add_row','2024-12-12 11:44:32','2024-12-12 11:44:32'),
(492,'option::options.form.delete_option','2024-12-12 11:44:35','2024-12-12 11:44:35'),
(493,'option::options.form.delete_row','2024-12-12 11:44:40','2024-12-12 11:44:40'),
(494,'option::options.form.option_types.checkbox','2024-12-12 11:44:49','2024-12-12 11:44:49'),
(495,'option::options.form.option_types.checkbox_custom','2024-12-12 11:44:54','2024-12-12 11:44:54'),
(496,'option::options.form.option_types.date','2024-12-12 11:44:56','2024-12-12 11:44:56'),
(497,'option::options.form.option_types.date_time','2024-12-12 11:45:01','2024-12-12 11:45:01'),
(498,'option::options.form.option_types.dropdown','2024-12-12 11:45:04','2024-12-12 11:45:04'),
(499,'option::options.form.option_types.field','2024-12-12 11:45:08','2024-12-12 11:45:08'),
(500,'option::options.form.option_types.multiple_select','2024-12-12 11:45:12','2024-12-12 11:45:12'),
(501,'option::options.form.option_types.please_select','2024-12-12 11:45:17','2024-12-12 11:45:17'),
(502,'option::options.form.option_types.radio','2024-12-12 11:45:21','2024-12-12 11:45:21'),
(503,'option::options.form.option_types.radio_custom','2024-12-12 11:45:22','2024-12-12 11:45:22'),
(504,'option::options.form.option_types.select','2024-12-12 11:45:26','2024-12-12 11:45:26'),
(505,'option::options.form.option_types.text','2024-12-12 11:45:31','2024-12-12 11:45:31'),
(506,'option::options.form.option_types.textarea','2024-12-12 11:45:35','2024-12-12 11:45:35'),
(507,'option::options.form.option_types.time','2024-12-12 11:45:37','2024-12-12 11:45:37'),
(508,'option::options.form.price','2024-12-12 11:45:41','2024-12-12 11:45:41'),
(509,'option::options.form.price_types.fixed','2024-12-12 11:45:43','2024-12-12 11:45:43'),
(510,'option::options.form.price_types.percent','2024-12-12 11:45:47','2024-12-12 11:45:47'),
(511,'option::options.form.this_option_is_required','2024-12-12 11:46:00','2024-12-12 11:46:00'),
(512,'option::options.option','2024-12-12 11:46:02','2024-12-12 11:46:02'),
(513,'option::options.options','2024-12-12 11:46:07','2024-12-12 11:46:07'),
(514,'option::options.please_select_a_option_type','2024-12-12 11:46:10','2024-12-12 11:46:10'),
(515,'option::options.table.name','2024-12-12 11:46:12','2024-12-12 11:46:12'),
(516,'option::options.table.type','2024-12-12 11:46:15','2024-12-12 11:46:15'),
(517,'option::options.tabs.general','2024-12-12 11:46:25','2024-12-12 11:46:25'),
(518,'option::options.tabs.group.option_information','2024-12-12 11:46:28','2024-12-12 11:46:28'),
(519,'option::options.tabs.values','2024-12-12 11:46:30','2024-12-12 11:46:30'),
(520,'option::permissions.options.create','2024-12-12 11:46:33','2024-12-12 11:46:33'),
(521,'option::permissions.options.destroy','2024-12-12 11:46:37','2024-12-12 11:46:37'),
(522,'option::permissions.options.edit','2024-12-12 11:46:41','2024-12-12 11:46:41'),
(523,'option::permissions.options.index','2024-12-12 11:46:47','2024-12-12 11:46:47'),
(524,'option::sidebar.options','2024-12-12 11:46:54','2024-12-12 11:46:54'),
(525,'order::mail.your_order_status_changed_subject','2024-12-12 11:46:57','2024-12-12 11:46:57'),
(526,'order::mail.your_order_status_changed_text','2024-12-12 11:47:04','2024-12-12 11:47:04'),
(527,'order::messages.invoice_sent','2024-12-12 11:47:08','2024-12-12 11:47:08'),
(528,'order::messages.status_updated','2024-12-12 11:47:12','2024-12-12 11:47:12'),
(529,'order::orders.account_information','2024-12-12 11:47:19','2024-12-12 11:47:19'),
(530,'order::orders.address_information','2024-12-12 11:47:22','2024-12-12 11:47:22'),
(531,'order::orders.billing_address','2024-12-12 11:47:26','2024-12-12 11:47:26'),
(532,'order::orders.coupon','2024-12-12 11:47:29','2024-12-12 11:47:29'),
(533,'order::orders.currency','2024-12-12 11:47:33','2024-12-12 11:47:33'),
(534,'order::orders.currency_rate','2024-12-12 11:47:36','2024-12-12 11:47:36'),
(535,'order::orders.customer_email','2024-12-12 11:47:48','2024-12-12 11:47:48'),
(536,'order::orders.customer_group','2024-12-12 11:47:51','2024-12-12 11:47:51'),
(537,'order::orders.customer_name','2024-12-12 11:48:00','2024-12-12 11:48:00'),
(538,'order::orders.customer_phone','2024-12-12 11:48:02','2024-12-12 11:48:02'),
(539,'order::orders.guest','2024-12-12 11:48:06','2024-12-12 11:48:06'),
(540,'order::orders.items_ordered','2024-12-12 11:48:08','2024-12-12 11:48:08'),
(541,'order::orders.line_total','2024-12-12 11:48:12','2024-12-12 11:48:12'),
(542,'order::orders.order','2024-12-12 11:48:15','2024-12-12 11:48:15'),
(543,'order::orders.order_and_account_information','2024-12-12 11:48:23','2024-12-12 11:48:23'),
(544,'order::orders.order_date','2024-12-12 11:48:25','2024-12-12 11:48:25'),
(545,'order::orders.order_id','2024-12-12 11:48:29','2024-12-12 11:48:29'),
(546,'order::orders.order_information','2024-12-12 11:48:32','2024-12-12 11:48:32'),
(547,'order::orders.order_note','2024-12-12 11:48:37','2024-12-12 11:48:37'),
(548,'order::orders.orders','2024-12-12 11:48:43','2024-12-12 11:48:43'),
(549,'order::orders.order_status','2024-12-12 11:48:48','2024-12-12 11:48:48'),
(550,'order::orders.payment_method','2024-12-12 11:48:54','2024-12-12 11:48:54'),
(551,'order::orders.print','2024-12-12 11:48:56','2024-12-12 11:48:56'),
(552,'order::orders.product','2024-12-12 11:49:00','2024-12-12 11:49:00'),
(553,'order::orders.quantity','2024-12-12 11:49:02','2024-12-12 11:49:02'),
(554,'order::orders.registered','2024-12-12 11:49:10','2024-12-12 11:49:10'),
(555,'order::orders.send_email','2024-12-12 11:49:12','2024-12-12 11:49:12'),
(556,'order::orders.shipping_address','2024-12-12 11:49:16','2024-12-12 11:49:16'),
(557,'order::orders.shipping_method','2024-12-12 11:49:18','2024-12-12 11:49:18'),
(558,'order::orders.subtotal','2024-12-12 11:49:22','2024-12-12 11:49:22'),
(559,'order::orders.table.customer_email','2024-12-12 11:49:26','2024-12-12 11:49:26'),
(560,'order::orders.table.customer_name','2024-12-12 11:49:28','2024-12-12 11:49:28'),
(561,'order::orders.table.total','2024-12-12 11:49:35','2024-12-12 11:49:35'),
(562,'order::orders.tax','2024-12-12 11:49:37','2024-12-12 11:49:37'),
(563,'order::orders.total','2024-12-12 11:49:41','2024-12-12 11:49:41'),
(564,'order::orders.unit_price','2024-12-12 11:49:44','2024-12-12 11:49:44'),
(565,'order::permissions.edit','2024-12-12 11:49:49','2024-12-12 11:49:49'),
(566,'order::permissions.index','2024-12-12 11:49:52','2024-12-12 11:49:52'),
(567,'order::permissions.show','2024-12-12 11:49:56','2024-12-12 11:49:56'),
(568,'order::print.billing_address','2024-12-12 11:50:01','2024-12-12 11:50:01'),
(569,'order::print.date','2024-12-12 11:50:06','2024-12-12 11:50:06'),
(570,'order::print.email','2024-12-12 11:50:08','2024-12-12 11:50:08'),
(571,'order::print.invoice','2024-12-12 11:50:12','2024-12-12 11:50:12'),
(572,'order::print.invoice_id','2024-12-12 11:50:18','2024-12-12 11:50:18'),
(573,'order::print.line_total','2024-12-12 11:50:20','2024-12-12 11:50:20'),
(574,'order::print.order_details','2024-12-12 11:50:29','2024-12-12 11:50:29'),
(575,'order::print.payment_method','2024-12-12 11:50:32','2024-12-12 11:50:32'),
(576,'order::print.phone','2024-12-12 11:50:38','2024-12-12 11:50:38'),
(577,'order::print.product','2024-12-12 11:50:40','2024-12-12 11:50:40'),
(578,'order::print.quantity','2024-12-12 11:50:43','2024-12-12 11:50:43'),
(579,'order::print.shipping_address','2024-12-12 11:50:45','2024-12-12 11:50:45'),
(580,'order::print.shipping_method','2024-12-12 11:50:49','2024-12-12 11:50:49'),
(581,'order::print.subtotal','2024-12-12 11:50:51','2024-12-12 11:50:51'),
(582,'order::print.total','2024-12-12 11:50:57','2024-12-12 11:50:57'),
(583,'order::print.unit_price','2024-12-12 11:51:00','2024-12-12 11:51:00'),
(584,'order::statuses.canceled','2024-12-12 11:51:02','2024-12-12 11:51:02'),
(585,'order::statuses.completed','2024-12-12 11:51:06','2024-12-12 11:51:06'),
(586,'order::statuses.on_hold','2024-12-12 11:51:08','2024-12-12 11:51:08'),
(587,'order::statuses.pending','2024-12-12 11:51:11','2024-12-12 11:51:11'),
(588,'order::statuses.pending_payment','2024-12-12 11:51:15','2024-12-12 11:51:15'),
(589,'order::statuses.processing','2024-12-12 11:51:18','2024-12-12 11:51:18'),
(590,'order::statuses.refunded','2024-12-12 11:51:22','2024-12-12 11:51:22'),
(591,'page::attributes.body','2024-12-12 11:51:28','2024-12-12 11:51:28'),
(592,'page::attributes.is_active','2024-12-12 11:51:36','2024-12-12 11:51:36'),
(593,'page::attributes.name','2024-12-12 11:51:39','2024-12-12 11:51:39'),
(594,'page::attributes.slug','2024-12-12 11:51:43','2024-12-12 11:51:43'),
(595,'page::pages.form.enable_the_page','2024-12-12 11:51:49','2024-12-12 11:51:49'),
(596,'page::pages.page','2024-12-12 11:51:51','2024-12-12 11:51:51'),
(597,'page::pages.pages','2024-12-12 11:51:54','2024-12-12 11:51:54'),
(598,'page::pages.table.name','2024-12-12 11:51:56','2024-12-12 11:51:56'),
(599,'page::pages.tabs.general','2024-12-12 11:52:00','2024-12-12 11:52:00'),
(600,'page::pages.tabs.group.page_information','2024-12-12 11:52:05','2024-12-12 11:52:05'),
(601,'page::pages.tabs.seo','2024-12-12 12:16:43','2024-12-12 12:16:43'),
(602,'page::permissions.create','2024-12-12 12:16:45','2024-12-12 12:16:45'),
(603,'page::permissions.destroy','2024-12-12 12:16:50','2024-12-12 12:16:50'),
(604,'page::permissions.edit','2024-12-12 12:16:52','2024-12-12 12:16:52'),
(605,'page::permissions.index','2024-12-12 12:16:55','2024-12-12 12:16:55'),
(606,'page::sidebar.pages','2024-12-12 12:20:39','2024-12-12 12:20:39'),
(607,'payment::messages.currency_not_supported','2024-12-12 12:20:44','2024-12-12 12:20:44'),
(608,'payment::messages.only_supports_inr','2024-12-12 12:20:46','2024-12-12 12:20:46'),
(609,'payment::messages.only_supports_zar','2024-12-12 12:20:51','2024-12-12 12:20:51'),
(610,'payment::messages.payment_cancelled','2024-12-12 12:20:54','2024-12-12 12:20:54'),
(611,'payment::messages.payment_gateway_error','2024-12-12 12:21:04','2024-12-12 12:21:04'),
(612,'payment::order.discount','2024-12-12 12:21:06','2024-12-12 12:21:06'),
(613,'payment::order.tax','2024-12-12 12:21:11','2024-12-12 12:21:11'),
(614,'product::attributes.attributes.*.attribute_id','2024-12-12 12:21:14','2024-12-12 12:21:14'),
(615,'product::attributes.attributes.*.values','2024-12-12 12:21:17','2024-12-12 12:21:17'),
(616,'product::attributes.brand_id','2024-12-12 12:21:21','2024-12-12 12:21:21'),
(617,'product::attributes.categories','2024-12-12 12:21:26','2024-12-12 12:21:26'),
(618,'product::attributes.cross_sells','2024-12-12 12:21:32','2024-12-12 12:21:32'),
(619,'product::attributes.description','2024-12-12 12:21:37','2024-12-12 12:21:37'),
(620,'product::attributes.in_stock','2024-12-12 12:21:42','2024-12-12 12:21:42'),
(621,'product::attributes.is_active','2024-12-12 12:21:44','2024-12-12 12:21:44'),
(622,'product::attributes.is_virtual','2024-12-12 12:21:51','2024-12-12 12:21:51'),
(623,'product::attributes.manage_stock','2024-12-12 12:21:56','2024-12-12 12:21:56'),
(624,'product::attributes.name','2024-12-12 12:22:01','2024-12-12 12:22:01'),
(625,'product::attributes.new_from','2024-12-12 12:22:05','2024-12-12 12:22:05'),
(626,'product::attributes.new_to','2024-12-12 12:22:10','2024-12-12 12:22:10'),
(627,'product::attributes.options.*.name','2024-12-12 12:22:15','2024-12-12 12:22:15'),
(628,'product::attributes.options.*.type','2024-12-12 12:22:18','2024-12-12 12:22:18'),
(629,'product::attributes.options.*.values.*.label','2024-12-12 12:23:28','2024-12-12 12:23:28'),
(630,'product::attributes.options.*.values.*.price','2024-12-12 12:23:32','2024-12-12 12:23:32'),
(631,'product::attributes.options.*.values.*.price_type','2024-12-12 12:23:38','2024-12-12 12:23:38'),
(632,'product::attributes.price','2024-12-12 12:23:40','2024-12-12 12:23:40'),
(633,'product::attributes.qty','2024-12-12 12:23:44','2024-12-12 12:23:44'),
(634,'product::attributes.related_products','2024-12-12 12:23:47','2024-12-12 12:23:47'),
(635,'product::attributes.short_description','2024-12-12 12:23:51','2024-12-12 12:23:51'),
(636,'product::attributes.sku','2024-12-12 12:23:57','2024-12-12 12:23:57'),
(637,'product::attributes.slug','2024-12-12 12:24:03','2024-12-12 12:24:03'),
(638,'product::attributes.special_price','2024-12-12 12:24:06','2024-12-12 12:24:06'),
(639,'product::attributes.special_price_end','2024-12-12 12:24:12','2024-12-12 12:24:12'),
(640,'product::attributes.special_price_start','2024-12-12 12:24:16','2024-12-12 12:24:16'),
(641,'product::attributes.special_price_type','2024-12-12 12:24:22','2024-12-12 12:24:22'),
(642,'product::attributes.tags','2024-12-12 12:24:25','2024-12-12 12:24:25'),
(643,'product::attributes.tax_class_id','2024-12-12 12:24:30','2024-12-12 12:24:30'),
(644,'product::attributes.up_sells','2024-12-12 12:24:36','2024-12-12 12:24:36'),
(645,'product::attributes.variants.*.in_stock','2024-12-12 12:24:42','2024-12-12 12:24:42'),
(646,'product::attributes.variants.*.is_active','2024-12-12 12:24:48','2024-12-12 12:24:48'),
(647,'product::attributes.variants.*.is_default','2024-12-12 12:24:54','2024-12-12 12:24:54'),
(648,'product::attributes.variants.*.manage_stock','2024-12-12 12:24:58','2024-12-12 12:24:58'),
(649,'product::attributes.variants.*.name','2024-12-12 12:25:07','2024-12-12 12:25:07'),
(650,'product::attributes.variants.*.price','2024-12-12 12:25:14','2024-12-12 12:25:14'),
(651,'product::attributes.variants.*.qty','2024-12-12 12:25:19','2024-12-12 12:25:19'),
(652,'product::attributes.variants.*.sku','2024-12-12 12:25:24','2024-12-12 12:25:24'),
(653,'product::attributes.variants.*.special_price','2024-12-12 12:25:27','2024-12-12 12:25:27'),
(654,'product::attributes.variants.*.special_price_end','2024-12-12 12:25:33','2024-12-12 12:25:33'),
(655,'product::attributes.variants.*.special_price_start','2024-12-12 12:25:39','2024-12-12 12:25:39'),
(656,'product::attributes.variants.*.special_price_type','2024-12-12 12:25:44','2024-12-12 12:25:44'),
(657,'product::attributes.variations.*.name','2024-12-12 12:25:47','2024-12-12 12:25:47'),
(658,'product::attributes.variations.*.type','2024-12-12 12:25:52','2024-12-12 12:25:52'),
(659,'product::attributes.variations.*.values','2024-12-12 12:25:57','2024-12-12 12:25:57'),
(660,'product::attributes.variations.*.values.*.color','2024-12-12 12:26:03','2024-12-12 12:26:03'),
(661,'product::attributes.variations.*.values.*.image','2024-12-12 12:26:06','2024-12-12 12:26:06'),
(662,'product::attributes.variations.*.values.*.label','2024-12-12 12:26:11','2024-12-12 12:26:11'),
(663,'product::permissions.create','2024-12-12 12:26:16','2024-12-12 12:26:16'),
(664,'product::permissions.destroy','2024-12-12 12:26:23','2024-12-12 12:26:23'),
(665,'product::permissions.edit','2024-12-12 12:26:26','2024-12-12 12:26:26'),
(666,'product::permissions.index','2024-12-12 12:26:31','2024-12-12 12:26:31'),
(667,'product::products.attributes.add_attribute','2024-12-12 12:26:34','2024-12-12 12:26:34'),
(668,'product::products.attributes.attribute','2024-12-12 12:26:37','2024-12-12 12:26:37'),
(669,'product::products.attributes.values','2024-12-12 12:26:43','2024-12-12 12:26:43'),
(670,'product::products.downloads.add_file','2024-12-12 12:26:44','2024-12-12 12:26:44'),
(671,'product::products.downloads.choose','2024-12-12 12:26:49','2024-12-12 12:26:49'),
(672,'product::products.downloads.file','2024-12-12 12:26:51','2024-12-12 12:26:51'),
(673,'product::products.form.enable_the_product','2024-12-12 12:26:56','2024-12-12 12:26:56'),
(674,'product::products.form.manage_stock_states.0','2024-12-12 12:27:00','2024-12-12 12:27:00'),
(675,'product::products.form.manage_stock_states.1','2024-12-12 12:27:03','2024-12-12 12:27:03'),
(676,'product::products.form.options.is_required','2024-12-12 12:27:05','2024-12-12 12:27:05'),
(677,'product::products.form.options.label','2024-12-12 12:27:09','2024-12-12 12:27:09'),
(678,'product::products.form.options.name','2024-12-12 12:27:12','2024-12-12 12:27:12'),
(679,'product::products.form.options.option_types.checkbox','2024-12-12 12:27:23','2024-12-12 12:27:23'),
(680,'product::products.form.options.option_types.checkbox_custom','2024-12-12 12:27:29','2024-12-12 12:27:29'),
(681,'product::products.form.options.option_types.date','2024-12-12 12:27:37','2024-12-12 12:27:37'),
(682,'product::products.form.options.option_types.date_time','2024-12-12 12:27:42','2024-12-12 12:27:42'),
(683,'product::products.form.options.option_types.dropdown','2024-12-12 12:27:50','2024-12-12 12:27:50'),
(684,'product::products.form.options.option_types.field','2024-12-12 12:27:55','2024-12-12 12:27:55'),
(685,'product::products.form.options.option_types.multiple_select','2024-12-12 12:28:07','2024-12-12 12:28:07'),
(686,'product::products.form.options.option_types.please_select','2024-12-12 12:28:14','2024-12-12 12:28:14'),
(687,'product::products.form.options.option_types.radio','2024-12-12 12:28:17','2024-12-12 12:28:17'),
(688,'product::products.form.options.option_types.radio_custom','2024-12-12 12:28:22','2024-12-12 12:28:22'),
(689,'product::products.form.options.option_types.select','2024-12-12 12:28:27','2024-12-12 12:28:27'),
(690,'product::products.form.options.option_types.text','2024-12-12 12:28:34','2024-12-12 12:28:34'),
(691,'product::products.form.options.option_types.textarea','2024-12-12 12:28:52','2024-12-12 12:28:52'),
(692,'product::products.form.options.option_types.time','2024-12-12 12:28:56','2024-12-12 12:28:56'),
(693,'product::products.form.options.price','2024-12-12 12:29:01','2024-12-12 12:29:01'),
(694,'product::products.form.options.price_type','2024-12-12 12:29:06','2024-12-12 12:29:06'),
(695,'product::products.form.options.price_types.fixed','2024-12-12 12:29:10','2024-12-12 12:29:10'),
(696,'product::products.form.options.price_types.percent','2024-12-12 12:29:14','2024-12-12 12:29:14'),
(697,'product::products.form.options.select_template','2024-12-12 12:29:19','2024-12-12 12:29:19'),
(698,'product::products.form.options.type','2024-12-12 12:29:21','2024-12-12 12:29:21'),
(699,'product::products.form.special_price_types.fixed','2024-12-12 12:29:30','2024-12-12 12:29:30'),
(700,'product::products.form.special_price_types.percent','2024-12-12 12:29:35','2024-12-12 12:29:35'),
(701,'product::products.form.stock_availability_states.0','2024-12-12 12:29:44','2024-12-12 12:29:44'),
(702,'product::products.form.stock_availability_states.1','2024-12-12 12:29:49','2024-12-12 12:29:49'),
(703,'product::products.form.the_product_won\'t_be_shipped','2024-12-12 12:29:52','2024-12-12 12:29:52'),
(704,'product::products.form.variants.all_variants','2024-12-12 12:29:57','2024-12-12 12:29:57'),
(705,'product::products.form.variants.bulk_edit','2024-12-12 12:30:01','2024-12-12 12:30:01'),
(706,'product::products.form.variants.default_variant','2024-12-12 12:30:06','2024-12-12 12:30:06'),
(707,'product::products.form.variants.enable_the_variants','2024-12-12 12:30:09','2024-12-12 12:30:09'),
(708,'product::products.form.variants.field_type','2024-12-12 12:30:11','2024-12-12 12:30:11'),
(709,'product::products.form.variants.in_stock','2024-12-12 12:30:15','2024-12-12 12:30:15'),
(710,'product::products.form.variants.is_active','2024-12-12 12:30:20','2024-12-12 12:30:20'),
(711,'product::products.form.variants.manage_stock','2024-12-12 12:30:24','2024-12-12 12:30:24'),
(712,'product::products.form.variants.manage_stock_states.0','2024-12-12 12:30:26','2024-12-12 12:30:26'),
(713,'product::products.form.variants.manage_stock_states.1','2024-12-12 12:30:30','2024-12-12 12:30:30'),
(714,'product::products.form.variants.media','2024-12-12 12:30:34','2024-12-12 12:30:34'),
(715,'product::products.form.variants.name','2024-12-12 12:30:35','2024-12-12 12:30:35'),
(716,'product::products.form.variants.price','2024-12-12 12:30:39','2024-12-12 12:30:39'),
(717,'product::products.form.variants.qty','2024-12-12 12:30:46','2024-12-12 12:30:46'),
(718,'product::products.form.variants.sku','2024-12-12 12:30:51','2024-12-12 12:30:51'),
(719,'product::products.form.variants.special_price','2024-12-12 12:30:54','2024-12-12 12:30:54'),
(720,'product::products.form.variants.special_price_end','2024-12-12 12:30:57','2024-12-12 12:30:57'),
(721,'product::products.form.variants.special_price_start','2024-12-12 12:31:09','2024-12-12 12:31:09'),
(722,'product::products.form.variants.special_price_type','2024-12-12 12:31:19','2024-12-12 12:31:19'),
(723,'product::products.form.variants.special_price_types.fixed','2024-12-12 12:31:26','2024-12-12 12:31:26'),
(724,'product::products.form.variants.special_price_types.percent','2024-12-12 12:31:33','2024-12-12 12:31:33'),
(725,'product::products.form.variants.stock_availability_states.0','2024-12-12 12:31:59','2024-12-12 12:31:59'),
(726,'product::products.form.variants.stock_availability_states.1','2024-12-12 12:33:11','2024-12-12 12:33:11'),
(727,'product::products.form.variations.color','2024-12-12 12:33:15','2024-12-12 12:33:15'),
(728,'product::products.form.variations.image','2024-12-12 12:33:17','2024-12-12 12:33:17'),
(729,'product::products.form.variations.label','2024-12-12 12:33:21','2024-12-12 12:33:21'),
(730,'product::products.form.variations.name','2024-12-12 12:33:24','2024-12-12 12:33:24'),
(731,'product::products.form.variations.select_template','2024-12-12 12:33:27','2024-12-12 12:33:27'),
(732,'product::products.form.variations.type','2024-12-12 12:33:33','2024-12-12 12:33:33'),
(733,'product::products.form.variations.values','2024-12-12 12:33:37','2024-12-12 12:33:37'),
(734,'product::products.form.variations.variation_types.color','2024-12-12 12:33:43','2024-12-12 12:33:43'),
(735,'product::products.form.variations.variation_types.image','2024-12-12 12:33:47','2024-12-12 12:33:47'),
(736,'product::products.form.variations.variation_types.please_select','2024-12-12 12:33:53','2024-12-12 12:33:53'),
(737,'product::products.form.variations.variation_types.text','2024-12-12 12:33:57','2024-12-12 12:33:57'),
(738,'product::products.group.additional','2024-12-12 12:34:01','2024-12-12 12:34:01'),
(739,'product::products.group.attributes','2024-12-12 12:34:12','2024-12-12 12:34:12'),
(740,'product::products.group.downloads','2024-12-12 12:34:15','2024-12-12 12:34:15'),
(741,'product::products.group.general','2024-12-12 12:34:22','2024-12-12 12:34:22'),
(742,'product::products.group.inventory','2024-12-12 12:34:27','2024-12-12 12:34:27'),
(743,'product::products.group.linked_products','2024-12-12 12:34:30','2024-12-12 12:34:30'),
(744,'product::products.group.media','2024-12-12 12:34:34','2024-12-12 12:34:34'),
(745,'product::products.group.options','2024-12-12 12:34:36','2024-12-12 12:34:36'),
(746,'product::products.group.pricing','2024-12-12 12:34:40','2024-12-12 12:34:40'),
(747,'product::products.group.seo','2024-12-12 12:34:50','2024-12-12 12:34:50'),
(748,'product::products.group.variants','2024-12-12 12:34:52','2024-12-12 12:34:52'),
(749,'product::products.group.variations','2024-12-12 12:34:55','2024-12-12 12:34:55'),
(750,'product::products.options.add_option','2024-12-12 12:35:01','2024-12-12 12:35:01'),
(751,'product::products.options.add_row','2024-12-12 12:35:04','2024-12-12 12:35:04'),
(752,'product::products.options.insert','2024-12-12 12:35:06','2024-12-12 12:35:06'),
(753,'product::products.options.new_option','2024-12-12 12:35:19','2024-12-12 12:35:19'),
(754,'product::products.options.option_inserted','2024-12-12 12:35:21','2024-12-12 12:35:21'),
(755,'product::products.product','2024-12-12 12:35:26','2024-12-12 12:35:26'),
(756,'product::products.products','2024-12-12 12:35:30','2024-12-12 12:35:30'),
(757,'product::products.save','2024-12-12 12:35:39','2024-12-12 12:35:39'),
(758,'product::products.save_and_edit','2024-12-12 12:35:41','2024-12-12 12:35:41'),
(759,'product::products.save_and_exit','2024-12-12 12:35:45','2024-12-12 12:35:45'),
(760,'product::products.section.collapse_all','2024-12-12 12:35:47','2024-12-12 12:35:47'),
(761,'product::products.section.expand_all','2024-12-12 12:35:52','2024-12-12 12:35:52'),
(762,'product::products.section.order_saved','2024-12-12 12:35:57','2024-12-12 12:35:57'),
(763,'product::products.table.name','2024-12-12 12:35:59','2024-12-12 12:35:59'),
(764,'product::products.table.price','2024-12-12 12:36:02','2024-12-12 12:36:02'),
(765,'product::products.table.stock','2024-12-12 12:36:06','2024-12-12 12:36:06'),
(766,'product::products.table.thumbnail','2024-12-12 12:36:09','2024-12-12 12:36:09'),
(767,'product::products.variants.apply','2024-12-12 12:36:14','2024-12-12 12:36:14'),
(768,'product::products.variants.bulk_variants_updated','2024-12-12 12:36:19','2024-12-12 12:36:19'),
(769,'product::products.variants.default','2024-12-12 12:36:26','2024-12-12 12:36:26'),
(770,'product::products.variants.disable_default_variant','2024-12-12 12:36:30','2024-12-12 12:36:30'),
(771,'product::products.variants.has_product_variant','2024-12-12 12:36:53','2024-12-12 12:36:53'),
(772,'product::products.variants.inactive','2024-12-12 12:36:57','2024-12-12 12:36:57'),
(773,'product::products.variants.out_of_stock','2024-12-12 12:37:01','2024-12-12 12:37:01'),
(774,'product::products.variants.variant','2024-12-12 12:37:20','2024-12-12 12:37:20'),
(775,'product::products.variants.variants','2024-12-12 12:37:25','2024-12-12 12:37:25'),
(776,'product::products.variants.variants_created','2024-12-12 12:37:27','2024-12-12 12:37:27'),
(777,'product::products.variants.variants_removed','2024-12-12 12:37:37','2024-12-12 12:37:37'),
(778,'product::products.variants.variants_reordered','2024-12-12 12:37:42','2024-12-12 12:37:42'),
(779,'product::products.variants.variants_updated','2024-12-12 12:37:51','2024-12-12 12:37:51'),
(780,'product::products.variations.add_row','2024-12-12 12:37:51','2024-12-12 12:37:51'),
(781,'product::products.variations.add_variation','2024-12-12 12:37:51','2024-12-12 12:37:51'),
(782,'product::products.variations.insert','2024-12-12 12:37:57','2024-12-12 12:37:57'),
(783,'product::products.variations.new_variation','2024-12-12 12:37:58','2024-12-12 12:37:58'),
(784,'product::products.variations.please_add_some_variations','2024-12-12 12:38:01','2024-12-12 12:38:01'),
(785,'product::sidebar.all_products','2024-12-12 12:38:05','2024-12-12 12:38:05'),
(786,'product::sidebar.create_product','2024-12-12 12:38:07','2024-12-12 12:38:07'),
(787,'product::sidebar.products','2024-12-12 12:38:11','2024-12-12 12:38:11'),
(788,'product::validation.price_field_is_required','2024-12-12 12:38:17','2024-12-12 12:38:17'),
(789,'report::admin.filter','2024-12-12 12:38:22','2024-12-12 12:38:22'),
(790,'report::admin.filters.brand','2024-12-12 12:38:28','2024-12-12 12:38:28'),
(791,'report::admin.filters.category','2024-12-12 12:38:30','2024-12-12 12:38:30'),
(792,'report::admin.filters.coupon_code','2024-12-12 12:38:37','2024-12-12 12:38:37'),
(793,'report::admin.filters.customer_email','2024-12-12 12:38:42','2024-12-12 12:38:42'),
(794,'report::admin.filters.customer_name','2024-12-12 12:38:45','2024-12-12 12:38:45'),
(795,'report::admin.filters.date_end','2024-12-12 12:38:51','2024-12-12 12:38:51'),
(796,'report::admin.filters.date_start','2024-12-12 12:38:53','2024-12-12 12:38:53'),
(797,'report::admin.filters.group_by','2024-12-12 12:38:57','2024-12-12 12:38:57'),
(798,'report::admin.filters.groups.days','2024-12-12 12:39:03','2024-12-12 12:39:03'),
(799,'report::admin.filters.groups.months','2024-12-12 12:39:05','2024-12-12 12:39:05'),
(800,'report::admin.filters.groups.weeks','2024-12-12 12:39:08','2024-12-12 12:39:08'),
(801,'report::admin.filters.groups.years','2024-12-12 12:39:20','2024-12-12 12:39:20'),
(802,'report::admin.filters.keyword','2024-12-12 12:39:27','2024-12-12 12:39:27'),
(803,'report::admin.filters.please_select','2024-12-12 12:39:29','2024-12-12 12:39:29'),
(804,'report::admin.filters.product','2024-12-12 12:39:31','2024-12-12 12:39:31'),
(805,'report::admin.filters.quantity_above','2024-12-12 12:39:35','2024-12-12 12:39:35'),
(806,'report::admin.filters.quantity_below','2024-12-12 12:40:06','2024-12-12 12:40:06'),
(807,'report::admin.filters.report_type','2024-12-12 12:40:07','2024-12-12 12:40:07'),
(808,'report::admin.filters.report_types.branded_products_report','2024-12-12 12:40:11','2024-12-12 12:40:11'),
(809,'report::admin.filters.report_types.categorized_products_report','2024-12-12 12:40:16','2024-12-12 12:40:16'),
(810,'report::admin.filters.report_types.coupons_report','2024-12-12 12:40:30','2024-12-12 12:40:30'),
(811,'report::admin.filters.report_types.customers_order_report','2024-12-12 12:40:37','2024-12-12 12:40:37'),
(812,'report::admin.filters.report_types.products_purchase_report','2024-12-12 12:40:57','2024-12-12 12:40:57'),
(813,'report::admin.filters.report_types.products_stock_report','2024-12-12 12:41:01','2024-12-12 12:41:01'),
(814,'report::admin.filters.report_types.products_view_report','2024-12-12 12:41:13','2024-12-12 12:41:13'),
(815,'report::admin.filters.report_types.sales_report','2024-12-12 12:41:26','2024-12-12 12:41:26'),
(816,'report::admin.filters.report_types.search_report','2024-12-12 12:42:02','2024-12-12 12:42:02'),
(817,'report::admin.filters.report_types.shipping_report','2024-12-12 12:42:21','2024-12-12 12:42:21'),
(818,'report::admin.filters.report_types.tagged_products_report','2024-12-12 12:42:25','2024-12-12 12:42:25'),
(819,'report::admin.filters.report_types.taxed_products_report','2024-12-12 12:42:29','2024-12-12 12:42:29'),
(820,'report::admin.filters.report_types.tax_report','2024-12-12 12:42:34','2024-12-12 12:42:34'),
(821,'report::admin.filters.shipping_method','2024-12-12 12:42:40','2024-12-12 12:42:40'),
(822,'report::admin.filters.sku','2024-12-12 12:42:41','2024-12-12 12:42:41'),
(823,'report::admin.filters.status','2024-12-12 12:42:47','2024-12-12 12:42:47'),
(824,'report::admin.filters.stock_availability','2024-12-12 12:42:49','2024-12-12 12:42:49'),
(825,'report::admin.filters.stock_availability_states.in_stock','2024-12-12 12:42:55','2024-12-12 12:42:55'),
(826,'report::admin.filters.stock_availability_states.out_of_stock','2024-12-12 12:42:56','2024-12-12 12:42:56'),
(827,'report::admin.filters.tag','2024-12-12 12:43:01','2024-12-12 12:43:01'),
(828,'report::admin.filters.tax_class','2024-12-12 12:43:10','2024-12-12 12:43:10'),
(829,'report::admin.filters.tax_name','2024-12-12 12:43:13','2024-12-12 12:43:13'),
(830,'report::admin.no_data','2024-12-12 12:43:19','2024-12-12 12:43:19'),
(831,'report::admin.reports','2024-12-12 12:43:24','2024-12-12 12:43:24'),
(832,'report::admin.table.brand','2024-12-12 12:50:39','2024-12-12 12:50:39'),
(833,'report::admin.table.category','2024-12-12 12:50:43','2024-12-12 12:50:43'),
(834,'report::admin.table.coupon_code','2024-12-12 12:56:21','2024-12-12 12:56:21'),
(835,'report::admin.table.coupon_name','2024-12-12 12:56:23','2024-12-12 12:56:23'),
(836,'report::admin.table.customer_email','2024-12-12 12:56:27','2024-12-12 12:56:27'),
(837,'report::admin.table.customer_group','2024-12-12 12:56:29','2024-12-12 12:56:29'),
(838,'report::admin.table.customer_name','2024-12-12 12:56:33','2024-12-12 12:56:33'),
(839,'report::admin.table.date','2024-12-12 12:56:37','2024-12-12 12:56:37'),
(840,'report::admin.table.discount','2024-12-12 12:56:41','2024-12-12 12:56:41'),
(841,'report::admin.table.guest','2024-12-12 13:02:38','2024-12-12 13:02:38'),
(842,'report::admin.table.hits','2024-12-12 13:02:41','2024-12-12 13:02:41'),
(843,'report::admin.table.keyword','2024-12-12 13:02:43','2024-12-12 13:02:43'),
(844,'report::admin.table.orders','2024-12-12 13:02:47','2024-12-12 13:02:47'),
(845,'report::admin.table.product','2024-12-12 13:02:52','2024-12-12 13:02:52'),
(846,'report::admin.table.products','2024-12-12 13:17:49','2024-12-12 13:17:49'),
(847,'report::admin.table.products_count','2024-12-12 13:17:51','2024-12-12 13:17:51'),
(848,'report::admin.table.qty','2024-12-12 13:17:55','2024-12-12 13:17:55'),
(849,'report::admin.table.registered','2024-12-12 13:18:05','2024-12-12 13:18:05'),
(850,'report::admin.table.results','2024-12-12 13:18:07','2024-12-12 13:18:07'),
(851,'report::admin.table.shipping','2024-12-12 13:18:11','2024-12-12 13:18:11'),
(852,'report::admin.table.shipping_method','2024-12-12 13:18:14','2024-12-12 13:18:14'),
(853,'report::admin.table.stock_availability','2024-12-12 13:18:17','2024-12-12 13:18:17'),
(854,'report::admin.table.subtotal','2024-12-12 13:18:20','2024-12-12 13:18:20'),
(855,'report::admin.table.tag','2024-12-12 13:18:23','2024-12-12 13:18:23'),
(856,'report::admin.table.tax','2024-12-12 13:18:27','2024-12-12 13:18:27'),
(857,'report::admin.table.tax_class','2024-12-12 13:18:31','2024-12-12 13:18:31'),
(858,'report::admin.table.tax_name','2024-12-12 13:18:34','2024-12-12 13:18:34'),
(859,'report::admin.table.total','2024-12-12 13:18:36','2024-12-12 13:18:36'),
(860,'report::admin.table.views','2024-12-12 13:18:40','2024-12-12 13:18:40'),
(861,'report::permissions.index','2024-12-12 13:18:45','2024-12-12 13:18:45'),
(862,'report::sidebar.reports','2024-12-12 13:18:47','2024-12-12 13:18:47'),
(863,'review::attributes.comment','2024-12-12 13:18:53','2024-12-12 13:18:53'),
(864,'review::attributes.is_approved','2024-12-12 13:18:57','2024-12-12 13:18:57'),
(865,'review::attributes.rating','2024-12-12 13:19:02','2024-12-12 13:19:02'),
(866,'review::attributes.reviewer_name','2024-12-12 13:19:09','2024-12-12 13:19:09'),
(867,'review::messages.submitted_for_approval','2024-12-12 13:19:12','2024-12-12 13:19:12'),
(868,'review::permissions.destroy','2024-12-12 13:19:16','2024-12-12 13:19:16'),
(869,'review::permissions.edit','2024-12-12 13:19:21','2024-12-12 13:19:21'),
(870,'review::permissions.index','2024-12-12 13:19:24','2024-12-12 13:19:24'),
(871,'review::reviews.form.approve_this_review','2024-12-12 13:19:26','2024-12-12 13:19:26'),
(872,'review::reviews.products.reviews','2024-12-12 13:19:32','2024-12-12 13:19:32'),
(873,'review::reviews.review','2024-12-12 13:19:35','2024-12-12 13:19:35'),
(874,'review::reviews.reviews','2024-12-12 13:19:37','2024-12-12 13:19:37'),
(875,'review::reviews.shortcuts.back_to_product_edit_page','2024-12-12 13:19:43','2024-12-12 13:19:43'),
(876,'review::reviews.table.approved','2024-12-12 13:19:46','2024-12-12 13:19:46'),
(877,'review::reviews.table.product','2024-12-12 13:19:50','2024-12-12 13:19:50'),
(878,'review::reviews.table.rating','2024-12-12 13:19:52','2024-12-12 13:19:52'),
(879,'review::reviews.table.reviewer_name','2024-12-12 13:19:56','2024-12-12 13:19:56'),
(880,'review::reviews.tabs.general','2024-12-12 13:20:35','2024-12-12 13:20:35'),
(881,'review::reviews.tabs.group.review_information','2024-12-12 13:20:44','2024-12-12 13:20:44'),
(882,'review::sidebar.reviews','2024-12-12 13:20:57','2024-12-12 13:20:57'),
(883,'review::statuses.approved','2024-12-12 13:20:59','2024-12-12 13:20:59'),
(884,'review::statuses.unapproved','2024-12-12 13:21:02','2024-12-12 13:21:02'),
(885,'setting::attributes.admin_order_email','2024-12-12 13:21:07','2024-12-12 13:21:07'),
(886,'setting::attributes.authorizenet_enabled','2024-12-12 13:21:10','2024-12-12 13:21:10'),
(887,'setting::attributes.authorizenet_merchant_login_id','2024-12-12 13:21:15','2024-12-12 13:21:15'),
(888,'setting::attributes.authorizenet_merchant_transaction_key','2024-12-12 13:21:18','2024-12-12 13:21:18'),
(889,'setting::attributes.authorizenet_test_mode','2024-12-12 13:21:25','2024-12-12 13:21:25'),
(890,'setting::attributes.auto_approve_reviews','2024-12-12 13:21:30','2024-12-12 13:21:30'),
(891,'setting::attributes.auto_refresh_currency_rate_frequency','2024-12-12 13:21:34','2024-12-12 13:21:34'),
(892,'setting::attributes.auto_refresh_currency_rates','2024-12-12 13:21:38','2024-12-12 13:21:38'),
(893,'setting::attributes.bank_transfer_enabled','2024-12-12 13:21:41','2024-12-12 13:21:41'),
(894,'setting::attributes.check_payment_enabled','2024-12-12 13:21:45','2024-12-12 13:21:45'),
(895,'setting::attributes.cod_enabled','2024-12-12 13:21:47','2024-12-12 13:21:47'),
(896,'setting::attributes.cookie_bar_enabled','2024-12-12 13:22:07','2024-12-12 13:22:07'),
(897,'setting::attributes.currency_data_feed_api_key','2024-12-12 13:22:22','2024-12-12 13:22:22'),
(898,'setting::attributes.currency_rate_exchange_service','2024-12-12 13:22:33','2024-12-12 13:22:33'),
(899,'setting::attributes.customer_role','2024-12-12 13:22:36','2024-12-12 13:22:36'),
(900,'setting::attributes.custom_footer_assets','2024-12-12 13:22:40','2024-12-12 13:22:40'),
(901,'setting::attributes.custom_header_assets','2024-12-12 13:22:43','2024-12-12 13:22:43'),
(902,'setting::attributes.default_country','2024-12-12 13:22:46','2024-12-12 13:22:46'),
(903,'setting::attributes.default_currency','2024-12-12 13:22:48','2024-12-12 13:22:48'),
(904,'setting::attributes.default_locale','2024-12-12 13:22:51','2024-12-12 13:22:51'),
(905,'setting::attributes.default_timezone','2024-12-12 13:22:55','2024-12-12 13:22:55'),
(906,'setting::attributes.email_order_statuses','2024-12-12 13:22:57','2024-12-12 13:22:57'),
(907,'setting::attributes.facebook_login_app_id','2024-12-12 13:23:02','2024-12-12 13:23:02'),
(908,'setting::attributes.facebook_login_app_secret','2024-12-12 13:23:05','2024-12-12 13:23:05'),
(909,'setting::attributes.facebook_login_enabled','2024-12-12 13:23:07','2024-12-12 13:23:07'),
(910,'setting::attributes.fixer_access_key','2024-12-12 13:23:11','2024-12-12 13:23:11'),
(911,'setting::attributes.flat_rate_cost','2024-12-12 13:23:13','2024-12-12 13:23:13'),
(912,'setting::attributes.flat_rate_enabled','2024-12-12 13:23:18','2024-12-12 13:23:18'),
(913,'setting::attributes.flutterwave_enabled','2024-12-12 13:23:20','2024-12-12 13:23:20'),
(914,'setting::attributes.flutterwave_encryption_key','2024-12-12 13:23:22','2024-12-12 13:23:22'),
(915,'setting::attributes.flutterwave_public_key','2024-12-12 13:23:27','2024-12-12 13:23:27'),
(916,'setting::attributes.flutterwave_secret_key','2024-12-12 13:23:31','2024-12-12 13:23:31'),
(917,'setting::attributes.flutterwave_test_mode','2024-12-12 13:23:32','2024-12-12 13:23:32'),
(918,'setting::attributes.forge_api_key','2024-12-12 13:23:36','2024-12-12 13:23:36'),
(919,'setting::attributes.free_shipping_enabled','2024-12-12 13:23:40','2024-12-12 13:23:40'),
(920,'setting::attributes.free_shipping_min_amount','2024-12-12 13:23:43','2024-12-12 13:23:43'),
(921,'setting::attributes.google_login_client_id','2024-12-12 13:23:48','2024-12-12 13:23:48'),
(922,'setting::attributes.google_login_client_secret','2024-12-12 13:23:51','2024-12-12 13:23:51'),
(923,'setting::attributes.google_login_enabled','2024-12-12 13:23:53','2024-12-12 13:23:53'),
(924,'setting::attributes.google_recaptcha_enabled','2024-12-12 13:23:58','2024-12-12 13:23:58'),
(925,'setting::attributes.google_recaptcha_secret_key','2024-12-12 13:24:01','2024-12-12 13:24:01'),
(926,'setting::attributes.google_recaptcha_site_key','2024-12-12 13:24:05','2024-12-12 13:24:05'),
(927,'setting::attributes.instamojo_api_key','2024-12-12 13:24:10','2024-12-12 13:24:10'),
(928,'setting::attributes.instamojo_auth_token','2024-12-12 13:24:19','2024-12-12 13:24:19'),
(929,'setting::attributes.instamojo_enabled','2024-12-12 13:25:12','2024-12-12 13:25:12'),
(930,'setting::attributes.instamojo_test_mode','2024-12-12 13:25:16','2024-12-12 13:25:16'),
(931,'setting::attributes.invoice_email','2024-12-12 13:25:17','2024-12-12 13:25:17'),
(932,'setting::attributes.iyzico_api_key','2024-12-12 13:25:43','2024-12-12 13:25:43'),
(933,'setting::attributes.iyzico_api_secret','2024-12-12 13:25:45','2024-12-12 13:25:45'),
(934,'setting::attributes.iyzico_description','2024-12-12 13:25:50','2024-12-12 13:25:50'),
(935,'setting::attributes.iyzico_enabled','2024-12-12 13:25:52','2024-12-12 13:25:52'),
(936,'setting::attributes.iyzico_label','2024-12-12 13:25:57','2024-12-12 13:25:57'),
(937,'setting::attributes.iyzico_test_mode','2024-12-12 13:26:05','2024-12-12 13:26:05'),
(938,'setting::attributes.local_pickup_cost','2024-12-12 13:26:06','2024-12-12 13:26:06'),
(939,'setting::attributes.local_pickup_enabled','2024-12-12 13:26:10','2024-12-12 13:26:10'),
(940,'setting::attributes.mailchimp_api_key','2024-12-12 13:26:16','2024-12-12 13:26:16'),
(941,'setting::attributes.mailchimp_list_id','2024-12-12 13:26:30','2024-12-12 13:26:30'),
(942,'setting::attributes.mail_encryption','2024-12-12 13:26:32','2024-12-12 13:26:32'),
(943,'setting::attributes.mail_from_address','2024-12-12 13:26:35','2024-12-12 13:26:35'),
(944,'setting::attributes.mail_from_name','2024-12-12 13:26:37','2024-12-12 13:26:37'),
(945,'setting::attributes.mail_host','2024-12-12 13:26:48','2024-12-12 13:26:48'),
(946,'setting::attributes.mail_password','2024-12-12 13:26:51','2024-12-12 13:26:51'),
(947,'setting::attributes.mail_port','2024-12-12 13:26:55','2024-12-12 13:26:55'),
(948,'setting::attributes.mail_username','2024-12-12 13:26:57','2024-12-12 13:26:57'),
(949,'setting::attributes.maintenance_mode','2024-12-12 13:27:01','2024-12-12 13:27:01'),
(950,'setting::attributes.mercadopago_access_token','2024-12-12 13:27:04','2024-12-12 13:27:04'),
(951,'setting::attributes.mercadopago_enabled','2024-12-12 13:27:07','2024-12-12 13:27:07'),
(952,'setting::attributes.mercadopago_public_key','2024-12-12 13:27:16','2024-12-12 13:27:16'),
(953,'setting::attributes.mercadopago_test_mode','2024-12-12 13:27:21','2024-12-12 13:27:21'),
(954,'setting::attributes.new_order_admin_sms','2024-12-12 13:27:24','2024-12-12 13:27:24'),
(955,'setting::attributes.new_order_sms','2024-12-12 13:27:26','2024-12-12 13:27:26'),
(956,'setting::attributes.newsletter_enabled','2024-12-12 13:27:32','2024-12-12 13:27:32'),
(957,'setting::attributes.payfast_enabled','2024-12-12 13:27:39','2024-12-12 13:27:39'),
(958,'setting::attributes.payfast_merchant_id','2024-12-12 13:27:42','2024-12-12 13:27:42'),
(959,'setting::attributes.payfast_merchant_key','2024-12-12 13:27:46','2024-12-12 13:27:46'),
(960,'setting::attributes.payfast_passphrase','2024-12-12 13:27:50','2024-12-12 13:27:50'),
(961,'setting::attributes.payfast_test_mode','2024-12-12 13:27:59','2024-12-12 13:27:59'),
(962,'setting::attributes.paypal_client_id','2024-12-12 13:28:02','2024-12-12 13:28:02'),
(963,'setting::attributes.paypal_enabled','2024-12-12 13:28:06','2024-12-12 13:28:06'),
(964,'setting::attributes.paypal_secret','2024-12-12 13:28:10','2024-12-12 13:28:10'),
(965,'setting::attributes.paypal_test_mode','2024-12-12 13:28:12','2024-12-12 13:28:12'),
(966,'setting::attributes.paystack_enabled','2024-12-12 13:28:17','2024-12-12 13:28:17'),
(967,'setting::attributes.paystack_public_key','2024-12-12 13:28:30','2024-12-12 13:28:30'),
(968,'setting::attributes.paystack_secret_key','2024-12-12 13:28:32','2024-12-12 13:28:32'),
(969,'setting::attributes.paystack_test_mode','2024-12-12 13:28:39','2024-12-12 13:28:39'),
(970,'setting::attributes.paytm_enabled','2024-12-12 13:28:43','2024-12-12 13:28:43'),
(971,'setting::attributes.paytm_merchant_id','2024-12-12 13:28:47','2024-12-12 13:28:47'),
(972,'setting::attributes.paytm_merchant_key','2024-12-12 13:28:51','2024-12-12 13:28:51'),
(973,'setting::attributes.paytm_test_mode','2024-12-12 13:28:58','2024-12-12 13:28:58'),
(974,'setting::attributes.pwa_background_color','2024-12-12 13:29:02','2024-12-12 13:29:02'),
(975,'setting::attributes.pwa_direction','2024-12-12 13:29:17','2024-12-12 13:29:17'),
(976,'setting::attributes.pwa_display','2024-12-12 13:29:27','2024-12-12 13:29:27'),
(977,'setting::attributes.pwa_enabled','2024-12-12 13:29:30','2024-12-12 13:29:30'),
(978,'setting::attributes.pwa_icon','2024-12-12 13:29:32','2024-12-12 13:29:32'),
(979,'setting::attributes.pwa_orientation','2024-12-12 13:29:38','2024-12-12 13:29:38'),
(980,'setting::attributes.pwa_status_bar','2024-12-12 13:29:41','2024-12-12 13:29:41'),
(981,'setting::attributes.pwa_theme_color','2024-12-12 13:29:45','2024-12-12 13:29:45'),
(982,'setting::attributes.razorpay_enabled','2024-12-12 13:29:47','2024-12-12 13:29:47'),
(983,'setting::attributes.razorpay_key_id','2024-12-12 13:29:51','2024-12-12 13:29:51'),
(984,'setting::attributes.razorpay_key_secret','2024-12-12 13:29:54','2024-12-12 13:29:54'),
(985,'setting::attributes.reviews_enabled','2024-12-12 13:29:57','2024-12-12 13:29:57'),
(986,'setting::attributes.sms_from','2024-12-12 13:30:05','2024-12-12 13:30:05'),
(987,'setting::attributes.sms_order_statuses','2024-12-12 13:30:07','2024-12-12 13:30:07'),
(988,'setting::attributes.sms_service','2024-12-12 13:30:11','2024-12-12 13:30:11'),
(989,'setting::attributes.store_address_1','2024-12-12 13:30:13','2024-12-12 13:30:13'),
(990,'setting::attributes.store_address_2','2024-12-12 13:30:16','2024-12-12 13:30:16'),
(991,'setting::attributes.store_city','2024-12-12 13:30:19','2024-12-12 13:30:19'),
(992,'setting::attributes.store_country','2024-12-12 13:30:22','2024-12-12 13:30:22'),
(993,'setting::attributes.store_email','2024-12-12 13:30:25','2024-12-12 13:30:25'),
(994,'setting::attributes.store_email_hide','2024-12-12 13:30:27','2024-12-12 13:30:27'),
(995,'setting::attributes.store_phone','2024-12-12 13:30:31','2024-12-12 13:30:31'),
(996,'setting::attributes.store_phone_hide','2024-12-12 13:30:37','2024-12-12 13:30:37'),
(997,'setting::attributes.store_state','2024-12-12 13:30:40','2024-12-12 13:30:40'),
(998,'setting::attributes.store_zip','2024-12-12 13:30:43','2024-12-12 13:30:43'),
(999,'setting::attributes.stripe_enabled','2024-12-12 13:30:46','2024-12-12 13:30:46'),
(1000,'setting::attributes.stripe_integration_type','2024-12-12 13:30:50','2024-12-12 13:30:50'),
(1001,'setting::attributes.stripe_publishable_key','2024-12-12 13:31:15','2024-12-12 13:31:15'),
(1002,'setting::attributes.stripe_secret_key','2024-12-12 13:31:17','2024-12-12 13:31:17'),
(1003,'setting::attributes.supported_countries','2024-12-12 13:31:21','2024-12-12 13:31:21'),
(1004,'setting::attributes.supported_countries.*','2024-12-12 13:31:23','2024-12-12 13:31:23'),
(1005,'setting::attributes.supported_currencies','2024-12-12 13:31:32','2024-12-12 13:31:32'),
(1006,'setting::attributes.supported_currencies.*','2024-12-12 13:31:36','2024-12-12 13:31:36'),
(1007,'setting::attributes.supported_currency','2024-12-12 13:31:42','2024-12-12 13:31:42'),
(1008,'setting::attributes.supported_locales','2024-12-12 13:32:37','2024-12-12 13:32:37'),
(1009,'setting::attributes.supported_locales.*','2024-12-12 13:32:41','2024-12-12 13:32:41'),
(1010,'setting::attributes.translatable.authorizenet_description','2024-12-12 13:32:52','2024-12-12 13:32:52'),
(1011,'setting::attributes.translatable.authorizenet_label','2024-12-12 13:32:55','2024-12-12 13:32:55'),
(1012,'setting::attributes.translatable.bank_transfer_description','2024-12-12 13:33:01','2024-12-12 13:33:01'),
(1013,'setting::attributes.translatable.bank_transfer_instructions','2024-12-12 13:33:08','2024-12-12 13:33:08'),
(1014,'setting::attributes.translatable.bank_transfer_label','2024-12-12 13:33:13','2024-12-12 13:33:13'),
(1015,'setting::attributes.translatable.check_payment_description','2024-12-12 13:33:17','2024-12-12 13:33:17'),
(1016,'setting::attributes.translatable.check_payment_instructions','2024-12-12 13:33:20','2024-12-12 13:33:20'),
(1017,'setting::attributes.translatable.check_payment_label','2024-12-12 13:33:27','2024-12-12 13:33:27'),
(1018,'setting::attributes.translatable.cod_description','2024-12-12 13:33:28','2024-12-12 13:33:28'),
(1019,'setting::attributes.translatable.cod_label','2024-12-12 13:33:32','2024-12-12 13:33:32'),
(1020,'setting::attributes.translatable.flat_rate_label','2024-12-12 13:33:37','2024-12-12 13:33:37'),
(1021,'setting::attributes.translatable.flutterwave_description','2024-12-12 13:33:46','2024-12-12 13:33:46'),
(1022,'setting::attributes.translatable.flutterwave_label','2024-12-12 13:33:50','2024-12-12 13:33:50'),
(1023,'setting::attributes.translatable.free_shipping_label','2024-12-12 13:33:54','2024-12-12 13:33:54'),
(1024,'setting::attributes.translatable.instamojo_description','2024-12-12 13:34:03','2024-12-12 13:34:03'),
(1025,'setting::attributes.translatable.instamojo_label','2024-12-12 13:34:08','2024-12-12 13:34:08'),
(1026,'setting::attributes.translatable.local_pickup_label','2024-12-12 13:34:12','2024-12-12 13:34:12'),
(1027,'setting::attributes.translatable.mercadopago_description','2024-12-12 13:34:18','2024-12-12 13:34:18'),
(1028,'setting::attributes.translatable.mercadopago_label','2024-12-12 13:34:21','2024-12-12 13:34:21'),
(1029,'setting::attributes.translatable.payfast_description','2024-12-12 13:34:25','2024-12-12 13:34:25'),
(1030,'setting::attributes.translatable.payfast_label','2024-12-12 13:34:28','2024-12-12 13:34:28'),
(1031,'setting::attributes.translatable.paypal_description','2024-12-12 13:34:37','2024-12-12 13:34:37'),
(1032,'setting::attributes.translatable.paypal_label','2024-12-12 13:34:47','2024-12-12 13:34:47'),
(1033,'setting::attributes.translatable.paystack_description','2024-12-12 13:34:52','2024-12-12 13:34:52'),
(1034,'setting::attributes.translatable.paystack_label','2024-12-12 13:34:55','2024-12-12 13:34:55'),
(1035,'setting::attributes.translatable.paytm_description','2024-12-12 13:35:00','2024-12-12 13:35:00'),
(1036,'setting::attributes.translatable.paytm_label','2024-12-12 13:37:47','2024-12-12 13:37:47'),
(1037,'setting::attributes.translatable.razorpay_description','2024-12-12 13:37:54','2024-12-12 13:37:54'),
(1038,'setting::attributes.translatable.razorpay_label','2024-12-12 13:37:55','2024-12-12 13:37:55'),
(1039,'setting::attributes.translatable.store_name','2024-12-12 13:38:00','2024-12-12 13:38:00'),
(1040,'setting::attributes.translatable.store_tagline','2024-12-12 13:38:04','2024-12-12 13:38:04'),
(1041,'setting::attributes.translatable.stripe_description','2024-12-12 13:38:09','2024-12-12 13:38:09'),
(1042,'setting::attributes.translatable.stripe_label','2024-12-12 13:38:11','2024-12-12 13:38:11'),
(1043,'setting::attributes.twilio_sid','2024-12-12 13:38:16','2024-12-12 13:38:16'),
(1044,'setting::attributes.twilio_token','2024-12-12 13:38:22','2024-12-12 13:38:22'),
(1045,'setting::attributes.vonage_key','2024-12-12 13:38:25','2024-12-12 13:38:25'),
(1046,'setting::attributes.vonage_secret','2024-12-12 13:38:30','2024-12-12 13:38:30'),
(1047,'setting::attributes.welcome_email','2024-12-12 13:38:33','2024-12-12 13:38:33'),
(1048,'setting::attributes.welcome_sms','2024-12-12 13:38:39','2024-12-12 13:38:39'),
(1049,'setting::messages.settings_updated','2024-12-12 13:38:44','2024-12-12 13:38:44'),
(1050,'setting::permissions.edit','2024-12-12 13:38:47','2024-12-12 13:38:47'),
(1051,'setting::settings.form.allow_customers_to_subscribe','2024-12-12 13:38:51','2024-12-12 13:38:51'),
(1052,'setting::settings.form.allow_reviews','2024-12-12 13:39:01','2024-12-12 13:39:01'),
(1053,'setting::settings.form.approve_reviews_automatically','2024-12-12 13:39:05','2024-12-12 13:39:05'),
(1054,'setting::settings.form.auto_refresh_currency_rate_frequencies.daily','2024-12-12 13:39:11','2024-12-12 13:39:11'),
(1055,'setting::settings.form.auto_refresh_currency_rate_frequencies.monthly','2024-12-12 13:39:17','2024-12-12 13:39:17'),
(1056,'setting::settings.form.auto_refresh_currency_rate_frequencies.weekly','2024-12-12 13:39:23','2024-12-12 13:39:23'),
(1057,'setting::settings.form.customer_notification_settings','2024-12-12 13:39:26','2024-12-12 13:39:26'),
(1058,'setting::settings.form.enable_authorizenet','2024-12-12 13:39:30','2024-12-12 13:39:30'),
(1059,'setting::settings.form.enable_auto_refreshing_currency_rates','2024-12-12 13:39:37','2024-12-12 13:39:37'),
(1060,'setting::settings.form.enable_bank_transfer','2024-12-12 13:39:57','2024-12-12 13:39:57'),
(1061,'setting::settings.form.enable_check_payment','2024-12-12 13:40:02','2024-12-12 13:40:02'),
(1062,'setting::settings.form.enable_cod','2024-12-12 13:40:10','2024-12-12 13:40:10'),
(1063,'setting::settings.form.enable_facebook_login','2024-12-12 13:40:14','2024-12-12 13:40:14'),
(1064,'setting::settings.form.enable_flat_rate','2024-12-12 13:40:18','2024-12-12 13:40:18'),
(1065,'setting::settings.form.enable_flutterwave','2024-12-12 13:40:25','2024-12-12 13:40:25'),
(1066,'setting::settings.form.enable_free_shipping','2024-12-12 13:40:28','2024-12-12 13:40:28'),
(1067,'setting::settings.form.enable_google_login','2024-12-12 13:40:30','2024-12-12 13:40:30'),
(1068,'setting::settings.form.enable_google_recaptcha','2024-12-12 13:40:36','2024-12-12 13:40:36'),
(1069,'setting::settings.form.enable_instamojo','2024-12-12 13:40:45','2024-12-12 13:40:45'),
(1070,'setting::settings.form.enable_iyzico','2024-12-12 13:40:48','2024-12-12 13:40:48'),
(1071,'setting::settings.form.enable_local_pickup','2024-12-12 13:40:51','2024-12-12 13:40:51'),
(1072,'setting::settings.form.enable_mercadopago','2024-12-12 13:40:58','2024-12-12 13:40:58'),
(1073,'setting::settings.form.enable_payfast','2024-12-12 13:41:00','2024-12-12 13:41:00'),
(1074,'setting::settings.form.enable_paypal','2024-12-12 13:41:04','2024-12-12 13:41:04'),
(1075,'setting::settings.form.enable_paystack','2024-12-12 13:41:06','2024-12-12 13:41:06'),
(1076,'setting::settings.form.enable_paytm','2024-12-12 13:41:10','2024-12-12 13:41:10'),
(1077,'setting::settings.form.enable_pwa','2024-12-12 13:41:14','2024-12-12 13:41:14'),
(1078,'setting::settings.form.enable_razorpay','2024-12-12 13:41:19','2024-12-12 13:41:19'),
(1079,'setting::settings.form.enable_stripe','2024-12-12 13:41:21','2024-12-12 13:41:21'),
(1080,'setting::settings.form.hide_store_email','2024-12-12 13:41:27','2024-12-12 13:41:27'),
(1081,'setting::settings.form.hide_store_phone','2024-12-12 13:41:30','2024-12-12 13:41:30'),
(1082,'setting::settings.form.ip_addreses_seperated_in_new_line','2024-12-12 13:41:34','2024-12-12 13:41:34'),
(1083,'setting::settings.form.logo','2024-12-12 13:41:39','2024-12-12 13:41:39'),
(1084,'setting::settings.form.mail_encryption_protocols.ssl','2024-12-12 13:41:51','2024-12-12 13:41:51'),
(1085,'setting::settings.form.mail_encryption_protocols.tls','2024-12-12 13:41:56','2024-12-12 13:41:56'),
(1086,'setting::settings.form.order_notification_settings','2024-12-12 13:44:44','2024-12-12 13:44:44'),
(1087,'setting::settings.form.privacy_settings','2024-12-12 13:44:48','2024-12-12 13:44:48'),
(1088,'setting::settings.form.put_the_application_into_maintenance_mode','2024-12-12 13:44:51','2024-12-12 13:44:51'),
(1089,'setting::settings.form.pwa_directions.auto','2024-12-12 13:44:53','2024-12-12 13:44:53'),
(1090,'setting::settings.form.pwa_directions.ltr','2024-12-12 13:45:02','2024-12-12 13:45:02'),
(1091,'setting::settings.form.pwa_directions.rtl','2024-12-12 13:45:03','2024-12-12 13:45:03'),
(1092,'setting::settings.form.pwa_displays.browser','2024-12-12 13:45:06','2024-12-12 13:45:06'),
(1093,'setting::settings.form.pwa_displays.fullscreen','2024-12-12 13:45:08','2024-12-12 13:45:08'),
(1094,'setting::settings.form.pwa_displays.minimal-ui','2024-12-12 13:45:12','2024-12-12 13:45:12'),
(1095,'setting::settings.form.pwa_displays.standalone','2024-12-12 13:45:16','2024-12-12 13:45:16'),
(1096,'setting::settings.form.pwa_icon','2024-12-12 13:45:23','2024-12-12 13:45:23'),
(1097,'setting::settings.form.pwa_orientations.any','2024-12-12 13:45:27','2024-12-12 13:45:27'),
(1098,'setting::settings.form.pwa_orientations.landscape','2024-12-12 13:45:33','2024-12-12 13:45:33'),
(1099,'setting::settings.form.pwa_orientations.landscape-primary','2024-12-12 13:45:41','2024-12-12 13:45:41'),
(1100,'setting::settings.form.pwa_orientations.landscape-secondary','2024-12-12 13:45:47','2024-12-12 13:45:47'),
(1101,'setting::settings.form.pwa_orientations.natural','2024-12-12 13:45:52','2024-12-12 13:45:52'),
(1102,'setting::settings.form.pwa_orientations.portrait','2024-12-12 13:45:54','2024-12-12 13:45:54'),
(1103,'setting::settings.form.pwa_orientations.portrait-primary','2024-12-12 13:45:59','2024-12-12 13:45:59'),
(1104,'setting::settings.form.pwa_orientations.portrait-secondary','2024-12-12 13:46:03','2024-12-12 13:46:03'),
(1105,'setting::settings.form.select_service','2024-12-12 13:46:07','2024-12-12 13:46:07'),
(1106,'setting::settings.form.send_invoice_email','2024-12-12 13:46:13','2024-12-12 13:46:13'),
(1107,'setting::settings.form.send_new_order_notification_to_admin','2024-12-12 13:46:21','2024-12-12 13:46:21'),
(1108,'setting::settings.form.send_new_order_notification_to_customer','2024-12-12 13:46:24','2024-12-12 13:46:24'),
(1109,'setting::settings.form.send_welcome_email_after_registration','2024-12-12 13:46:28','2024-12-12 13:46:28'),
(1110,'setting::settings.form.send_welcome_sms_after_registration','2024-12-12 13:46:32','2024-12-12 13:46:32'),
(1111,'setting::settings.form.show_cookie_bar','2024-12-12 13:46:34','2024-12-12 13:46:34'),
(1112,'setting::settings.form.small_logo','2024-12-12 13:46:40','2024-12-12 13:46:40'),
(1113,'setting::settings.form.use_sandbox_for_test_payments','2024-12-12 13:46:43','2024-12-12 13:46:43'),
(1114,'setting::settings.settings','2024-12-12 13:46:44','2024-12-12 13:46:44'),
(1115,'setting::settings.tabs.authorizenet','2024-12-12 13:46:47','2024-12-12 13:46:47'),
(1116,'setting::settings.tabs.bank_transfer','2024-12-12 13:47:39','2024-12-12 13:47:39'),
(1117,'setting::settings.tabs.check_payment','2024-12-12 13:47:42','2024-12-12 13:47:42'),
(1118,'setting::settings.tabs.cod','2024-12-12 13:47:44','2024-12-12 13:47:44'),
(1119,'setting::settings.tabs.currency','2024-12-12 13:47:47','2024-12-12 13:47:47'),
(1120,'setting::settings.tabs.custom_css_js','2024-12-12 13:47:49','2024-12-12 13:47:49'),
(1121,'setting::settings.tabs.facebook','2024-12-12 13:47:53','2024-12-12 13:47:53'),
(1122,'setting::settings.tabs.flat_rate','2024-12-12 13:47:54','2024-12-12 13:47:54'),
(1123,'setting::settings.tabs.flutterwave','2024-12-12 13:47:57','2024-12-12 13:47:57'),
(1124,'setting::settings.tabs.free_shipping','2024-12-12 13:48:01','2024-12-12 13:48:01'),
(1125,'setting::settings.tabs.general','2024-12-12 13:48:03','2024-12-12 13:48:03'),
(1126,'setting::settings.tabs.google','2024-12-12 13:48:08','2024-12-12 13:48:08'),
(1127,'setting::settings.tabs.google_recaptcha','2024-12-12 13:48:11','2024-12-12 13:48:11'),
(1128,'setting::settings.tabs.group.general_settings','2024-12-12 13:48:13','2024-12-12 13:48:13'),
(1129,'setting::settings.tabs.group.payment_methods','2024-12-12 13:48:19','2024-12-12 13:48:19'),
(1130,'setting::settings.tabs.group.shipping_methods','2024-12-12 13:48:24','2024-12-12 13:48:24'),
(1131,'setting::settings.tabs.group.social_logins','2024-12-12 13:48:32','2024-12-12 13:48:32'),
(1132,'setting::settings.tabs.instamojo','2024-12-12 13:48:36','2024-12-12 13:48:36'),
(1133,'setting::settings.tabs.iyzico','2024-12-12 13:48:40','2024-12-12 13:48:40'),
(1134,'setting::settings.tabs.local_pickup','2024-12-12 13:48:48','2024-12-12 13:48:48'),
(1135,'setting::settings.tabs.logo','2024-12-12 13:48:51','2024-12-12 13:48:51'),
(1136,'setting::settings.tabs.mail','2024-12-12 13:48:58','2024-12-12 13:48:58'),
(1137,'setting::settings.tabs.maintenance','2024-12-12 13:49:01','2024-12-12 13:49:01'),
(1138,'setting::settings.tabs.mercadopago','2024-12-12 13:49:05','2024-12-12 13:49:05'),
(1139,'setting::settings.tabs.newsletter','2024-12-12 13:49:13','2024-12-12 13:49:13'),
(1140,'setting::settings.tabs.payfast','2024-12-12 13:49:18','2024-12-12 13:49:18'),
(1141,'setting::settings.tabs.paypal','2024-12-12 13:49:20','2024-12-12 13:49:20'),
(1142,'setting::settings.tabs.paystack','2024-12-12 13:49:27','2024-12-12 13:49:27'),
(1143,'setting::settings.tabs.paytm','2024-12-12 13:49:33','2024-12-12 13:49:33'),
(1144,'setting::settings.tabs.pwa','2024-12-12 13:49:39','2024-12-12 13:49:39'),
(1145,'setting::settings.tabs.razorpay','2024-12-12 13:49:48','2024-12-12 13:49:48'),
(1146,'setting::settings.tabs.sms','2024-12-12 13:49:54','2024-12-12 13:49:54'),
(1147,'setting::settings.tabs.store','2024-12-12 13:50:01','2024-12-12 13:50:01'),
(1148,'setting::settings.tabs.stripe','2024-12-12 13:50:04','2024-12-12 13:50:04'),
(1149,'setting::settings.validation.sqlite_is_not_installed','2024-12-12 13:50:22','2024-12-12 13:50:22'),
(1150,'setting::sidebar.general','2024-12-12 13:50:25','2024-12-12 13:50:25'),
(1151,'setting::sidebar.settings','2024-12-12 13:50:30','2024-12-12 13:50:30'),
(1152,'slider::attributes.arrows','2024-12-12 13:50:38','2024-12-12 13:50:38'),
(1153,'slider::attributes.autoplay','2024-12-12 13:50:42','2024-12-12 13:50:42'),
(1154,'slider::attributes.autoplay_speed','2024-12-12 13:50:47','2024-12-12 13:50:47'),
(1155,'slider::attributes.call_to_action_delay','2024-12-12 13:50:48','2024-12-12 13:50:48'),
(1156,'slider::attributes.call_to_action_effect','2024-12-12 13:50:52','2024-12-12 13:50:52'),
(1157,'slider::attributes.call_to_action_url','2024-12-12 13:50:53','2024-12-12 13:50:53'),
(1158,'slider::attributes.caption_1','2024-12-12 13:50:59','2024-12-12 13:50:59'),
(1159,'slider::attributes.caption_1_delay','2024-12-12 13:51:08','2024-12-12 13:51:08'),
(1160,'slider::attributes.caption_1_effect','2024-12-12 13:51:10','2024-12-12 13:51:10'),
(1161,'slider::attributes.caption_2','2024-12-12 13:51:13','2024-12-12 13:51:13'),
(1162,'slider::attributes.caption_2_delay','2024-12-12 13:51:17','2024-12-12 13:51:17'),
(1163,'slider::attributes.caption_2_effect','2024-12-12 13:51:22','2024-12-12 13:51:22'),
(1164,'slider::attributes.direction','2024-12-12 13:51:25','2024-12-12 13:51:25'),
(1165,'slider::attributes.dots','2024-12-12 13:51:28','2024-12-12 13:51:28'),
(1166,'slider::attributes.fade','2024-12-12 13:51:32','2024-12-12 13:51:32'),
(1167,'slider::attributes.name','2024-12-12 13:51:38','2024-12-12 13:51:38'),
(1168,'slider::attributes.open_in_new_window','2024-12-12 13:51:39','2024-12-12 13:51:39'),
(1169,'slider::attributes.speed','2024-12-12 13:51:43','2024-12-12 13:51:43'),
(1170,'slider::permissions.create','2024-12-12 13:51:46','2024-12-12 13:51:46'),
(1171,'slider::permissions.destroy','2024-12-12 13:51:48','2024-12-12 13:51:48'),
(1172,'slider::permissions.edit','2024-12-12 13:51:53','2024-12-12 13:51:53'),
(1173,'slider::permissions.index','2024-12-12 13:51:56','2024-12-12 13:51:56'),
(1174,'slider::sliders.form.300ms','2024-12-12 13:51:58','2024-12-12 13:51:58'),
(1175,'slider::sliders.form.3000ms','2024-12-12 13:52:09','2024-12-12 13:52:09'),
(1176,'slider::sliders.form.enable_autoplay','2024-12-12 13:52:14','2024-12-12 13:52:14'),
(1177,'slider::sliders.form.show_arrows','2024-12-12 13:52:17','2024-12-12 13:52:17'),
(1178,'slider::sliders.form.show_dots','2024-12-12 13:52:19','2024-12-12 13:52:19'),
(1179,'slider::sliders.slide.add_slide','2024-12-12 13:52:23','2024-12-12 13:52:23'),
(1180,'slider::sliders.slide.form.call_to_action_url','2024-12-12 13:52:27','2024-12-12 13:52:27'),
(1181,'slider::sliders.slide.form.caption_1','2024-12-12 13:52:42','2024-12-12 13:52:42'),
(1182,'slider::sliders.slide.form.caption_2','2024-12-12 13:52:44','2024-12-12 13:52:44'),
(1183,'slider::sliders.slide.form.directions.left','2024-12-12 13:52:51','2024-12-12 13:52:51'),
(1184,'slider::sliders.slide.form.directions.right','2024-12-12 13:52:55','2024-12-12 13:52:55'),
(1185,'slider::sliders.slide.form.open_in_new_window','2024-12-12 13:52:58','2024-12-12 13:52:58'),
(1186,'slider::sliders.slide.image_slide','2024-12-12 13:53:00','2024-12-12 13:53:00'),
(1187,'slider::sliders.slider','2024-12-12 13:53:03','2024-12-12 13:53:03'),
(1188,'slider::sliders.sliders','2024-12-12 13:53:07','2024-12-12 13:53:07'),
(1189,'slider::sliders.table.name','2024-12-12 14:01:45','2024-12-12 14:01:45'),
(1190,'slider::sliders.tabs.group.slider_information','2024-12-12 14:01:48','2024-12-12 14:01:48'),
(1191,'slider::sliders.tabs.settings','2024-12-12 14:01:50','2024-12-12 14:01:50'),
(1192,'slider::sliders.tabs.slides','2024-12-12 14:01:55','2024-12-12 14:01:55'),
(1193,'sms::messages.new_order','2024-12-12 14:02:00','2024-12-12 14:02:00'),
(1194,'sms::messages.order_has_been_placed','2024-12-12 14:02:05','2024-12-12 14:02:05'),
(1195,'sms::messages.order_status_changed','2024-12-12 14:04:34','2024-12-12 14:04:34'),
(1196,'sms::messages.welcome','2024-12-12 14:04:42','2024-12-12 14:04:42'),
(1197,'sms::services.twilio','2024-12-12 14:04:46','2024-12-12 14:04:46'),
(1198,'sms::services.vonage','2024-12-12 14:04:49','2024-12-12 14:04:49'),
(1199,'storefront::404.404','2024-12-12 14:04:53','2024-12-12 14:04:53'),
(1200,'storefront::404.back_to_home','2024-12-12 14:04:56','2024-12-12 14:04:56'),
(1201,'storefront::404.page_not_found','2024-12-12 14:05:16','2024-12-12 14:05:16'),
(1202,'storefront::404.unable_to_find_the_page','2024-12-12 14:05:19','2024-12-12 14:05:19'),
(1203,'storefront::account.action','2024-12-12 14:05:23','2024-12-12 14:05:23'),
(1204,'storefront::account.actions','2024-12-12 14:05:26','2024-12-12 14:05:26'),
(1205,'storefront::account.addresses.add_new_address','2024-12-12 14:05:31','2024-12-12 14:05:31'),
(1206,'storefront::account.addresses.address_line_1','2024-12-12 14:07:46','2024-12-12 14:07:46'),
(1207,'storefront::account.addresses.address_line_2','2024-12-12 14:07:49','2024-12-12 14:07:49'),
(1208,'storefront::account.addresses.cancel','2024-12-12 14:07:52','2024-12-12 14:07:52'),
(1209,'storefront::account.addresses.city','2024-12-12 14:07:55','2024-12-12 14:07:55'),
(1210,'storefront::account.addresses.confirm','2024-12-12 14:07:58','2024-12-12 14:07:58'),
(1211,'storefront::account.addresses.country','2024-12-12 14:08:00','2024-12-12 14:08:00'),
(1212,'storefront::account.addresses.default','2024-12-12 14:08:04','2024-12-12 14:08:04'),
(1213,'storefront::account.addresses.delete','2024-12-12 14:08:07','2024-12-12 14:08:07'),
(1214,'storefront::account.addresses.edit','2024-12-12 14:20:20','2024-12-12 14:20:20'),
(1215,'storefront::account.addresses.first_name','2024-12-12 14:22:06','2024-12-12 14:22:06'),
(1216,'storefront::account.addresses.last_name','2024-12-12 14:22:13','2024-12-12 14:22:13'),
(1217,'storefront::account.addresses.new_address','2024-12-12 14:22:25','2024-12-12 14:22:25'),
(1218,'storefront::account.addresses.please_select','2024-12-12 14:22:27','2024-12-12 14:22:27'),
(1219,'storefront::account.addresses.save_address','2024-12-12 14:22:29','2024-12-12 14:22:29'),
(1220,'storefront::account.addresses.state','2024-12-12 14:22:33','2024-12-12 14:22:33'),
(1221,'storefront::account.addresses.street_address','2024-12-12 14:22:35','2024-12-12 14:22:35'),
(1222,'storefront::account.addresses.zip','2024-12-12 14:22:38','2024-12-12 14:22:38'),
(1223,'storefront::account.dashboard.account_information','2024-12-12 14:22:42','2024-12-12 14:22:42'),
(1224,'storefront::account.dashboard.edit','2024-12-12 14:22:46','2024-12-12 14:22:46'),
(1225,'storefront::account.dashboard.recent_orders','2024-12-12 14:22:49','2024-12-12 14:22:49'),
(1226,'storefront::account.dashboard.view_all','2024-12-12 14:22:53','2024-12-12 14:22:53'),
(1227,'storefront::account.date','2024-12-12 14:22:57','2024-12-12 14:22:57'),
(1228,'storefront::account.downloads.download','2024-12-12 14:23:03','2024-12-12 14:23:03'),
(1229,'storefront::account.downloads.filename','2024-12-12 14:23:04','2024-12-12 14:23:04'),
(1230,'storefront::account.downloads.no_downloadable_files','2024-12-12 14:23:09','2024-12-12 14:23:09'),
(1231,'storefront::account.downloads.no_file_found','2024-12-12 14:23:18','2024-12-12 14:23:18'),
(1232,'storefront::account.image','2024-12-12 14:23:19','2024-12-12 14:23:19'),
(1233,'storefront::account.orders.no_orders','2024-12-12 14:23:24','2024-12-12 14:23:24'),
(1234,'storefront::account.orders.order_id','2024-12-12 14:23:27','2024-12-12 14:23:27'),
(1235,'storefront::account.orders.total','2024-12-12 14:23:29','2024-12-12 14:23:29'),
(1236,'storefront::account.orders.view','2024-12-12 14:23:33','2024-12-12 14:23:33'),
(1237,'storefront::account.orders.view_order','2024-12-12 14:23:35','2024-12-12 14:23:35'),
(1238,'storefront::account.pages.dashboard','2024-12-12 14:23:39','2024-12-12 14:23:39'),
(1239,'storefront::account.pages.logout','2024-12-12 14:23:42','2024-12-12 14:23:42'),
(1240,'storefront::account.pages.my_account','2024-12-12 14:23:49','2024-12-12 14:23:49'),
(1241,'storefront::account.pages.my_addresses','2024-12-12 14:23:59','2024-12-12 14:23:59'),
(1242,'storefront::account.pages.my_downloads','2024-12-12 14:24:02','2024-12-12 14:24:02'),
(1243,'storefront::account.pages.my_orders','2024-12-12 14:24:04','2024-12-12 14:24:04'),
(1244,'storefront::account.pages.my_profile','2024-12-12 14:24:08','2024-12-12 14:24:08'),
(1245,'storefront::account.pages.my_reviews','2024-12-12 14:24:13','2024-12-12 14:24:13'),
(1246,'storefront::account.pages.my_wishlist','2024-12-12 14:24:15','2024-12-12 14:24:15'),
(1247,'storefront::account.product_name','2024-12-12 14:24:20','2024-12-12 14:24:20'),
(1248,'storefront::account.profile.account','2024-12-12 14:24:21','2024-12-12 14:24:21'),
(1249,'storefront::account.profile.confirm_password','2024-12-12 14:24:23','2024-12-12 14:24:23'),
(1250,'storefront::account.profile.email','2024-12-12 14:24:28','2024-12-12 14:24:28'),
(1251,'storefront::account.profile.first_name','2024-12-12 14:24:30','2024-12-12 14:24:30'),
(1252,'storefront::account.profile.last_name','2024-12-12 14:24:40','2024-12-12 14:24:40'),
(1253,'storefront::account.profile.new_password','2024-12-12 14:24:46','2024-12-12 14:24:46'),
(1254,'storefront::account.profile.password','2024-12-12 14:24:48','2024-12-12 14:24:48'),
(1255,'storefront::account.profile.phone','2024-12-12 14:24:53','2024-12-12 14:24:53'),
(1256,'storefront::account.profile.save_changes','2024-12-12 14:24:55','2024-12-12 14:24:55'),
(1257,'storefront::account.reviews.no_reviews','2024-12-12 14:25:02','2024-12-12 14:25:02'),
(1258,'storefront::account.reviews.rating','2024-12-12 14:25:04','2024-12-12 14:25:04'),
(1259,'storefront::account.status','2024-12-12 14:25:10','2024-12-12 14:25:10'),
(1260,'storefront::account.view_order.billing_address','2024-12-12 14:25:14','2024-12-12 14:25:14'),
(1261,'storefront::account.view_order.coupon','2024-12-12 14:25:17','2024-12-12 14:25:17'),
(1262,'storefront::account.view_order.date','2024-12-12 14:25:19','2024-12-12 14:25:19'),
(1263,'storefront::account.view_order.email','2024-12-12 14:25:23','2024-12-12 14:25:23'),
(1264,'storefront::account.view_order.id','2024-12-12 14:25:25','2024-12-12 14:25:25'),
(1265,'storefront::account.view_order.line_total','2024-12-12 14:25:35','2024-12-12 14:25:35'),
(1266,'storefront::account.view_order.order_information','2024-12-12 14:25:38','2024-12-12 14:25:38'),
(1267,'storefront::account.view_order.order_note','2024-12-12 14:25:40','2024-12-12 14:25:40'),
(1268,'storefront::account.view_order.payment_method','2024-12-12 14:25:47','2024-12-12 14:25:47'),
(1269,'storefront::account.view_order.phone','2024-12-12 14:25:49','2024-12-12 14:25:49'),
(1270,'storefront::account.view_order.quantity','2024-12-12 14:25:55','2024-12-12 14:25:55'),
(1271,'storefront::account.view_order.shipping_address','2024-12-12 14:25:58','2024-12-12 14:25:58'),
(1272,'storefront::account.view_order.shipping_method','2024-12-12 14:26:00','2024-12-12 14:26:00'),
(1273,'storefront::account.view_order.subtotal','2024-12-12 14:26:12','2024-12-12 14:26:12'),
(1274,'storefront::account.view_order.total','2024-12-12 14:26:13','2024-12-12 14:26:13'),
(1275,'storefront::account.view_order.unit_price','2024-12-12 14:26:16','2024-12-12 14:26:16'),
(1276,'storefront::account.view_order.view_order','2024-12-12 14:26:18','2024-12-12 14:26:18'),
(1277,'storefront::account.wishlist.add_to_cart','2024-12-12 14:26:24','2024-12-12 14:26:24'),
(1278,'storefront::account.wishlist.availability','2024-12-12 14:26:28','2024-12-12 14:26:28'),
(1279,'storefront::account.wishlist.delete','2024-12-12 14:26:30','2024-12-12 14:26:30'),
(1280,'storefront::account.wishlist.empty_wishlist','2024-12-12 14:26:33','2024-12-12 14:26:33'),
(1281,'storefront::account.wishlist.in_stock','2024-12-12 14:26:39','2024-12-12 14:26:39'),
(1282,'storefront::account.wishlist.out_of_stock','2024-12-12 14:26:49','2024-12-12 14:26:49'),
(1283,'storefront::account.wishlist.price','2024-12-12 14:26:52','2024-12-12 14:26:52'),
(1284,'storefront::attributes.call_to_action_url','2024-12-12 14:26:54','2024-12-12 14:26:54'),
(1285,'storefront::attributes.caption_1','2024-12-12 14:26:58','2024-12-12 14:26:58'),
(1286,'storefront::attributes.caption_2','2024-12-12 14:27:01','2024-12-12 14:27:01'),
(1287,'storefront::attributes.category','2024-12-12 14:27:04','2024-12-12 14:27:04'),
(1288,'storefront::attributes.enabled','2024-12-12 14:27:08','2024-12-12 14:27:08'),
(1289,'storefront::attributes.icon','2024-12-12 14:27:09','2024-12-12 14:27:09'),
(1290,'storefront::attributes.open_in_new_window','2024-12-12 14:27:13','2024-12-12 14:27:13'),
(1291,'storefront::attributes.products','2024-12-12 14:27:15','2024-12-12 14:27:15'),
(1292,'storefront::attributes.products_limit','2024-12-12 14:27:19','2024-12-12 14:27:19'),
(1293,'storefront::attributes.recent_blogs','2024-12-12 14:27:24','2024-12-12 14:27:24'),
(1294,'storefront::attributes.section_status','2024-12-12 14:27:26','2024-12-12 14:27:26'),
(1295,'storefront::attributes.section_subtitle','2024-12-12 14:27:30','2024-12-12 14:27:30'),
(1296,'storefront::attributes.section_title','2024-12-12 14:27:46','2024-12-12 14:27:46'),
(1297,'storefront::attributes.storefront_active_flash_sale_campaign','2024-12-12 14:27:48','2024-12-12 14:27:48'),
(1298,'storefront::attributes.storefront_address','2024-12-12 14:27:53','2024-12-12 14:27:53'),
(1299,'storefront::attributes.storefront_category_menu','2024-12-12 14:27:58','2024-12-12 14:27:58'),
(1300,'storefront::attributes.storefront_copyright_text','2024-12-12 14:28:11','2024-12-12 14:28:11'),
(1301,'storefront::attributes.storefront_custom_mail_theme_color','2024-12-12 14:28:14','2024-12-12 14:28:14'),
(1302,'storefront::attributes.storefront_custom_theme_color','2024-12-12 14:28:19','2024-12-12 14:28:19'),
(1303,'storefront::attributes.storefront_display_font','2024-12-12 14:28:24','2024-12-12 14:28:24'),
(1304,'storefront::attributes.storefront_facebook_link','2024-12-12 14:28:26','2024-12-12 14:28:26'),
(1305,'storefront::attributes.storefront_footer_menu_one','2024-12-12 14:28:36','2024-12-12 14:28:36'),
(1306,'storefront::attributes.storefront_footer_menu_one_title','2024-12-12 14:28:38','2024-12-12 14:28:38'),
(1307,'storefront::attributes.storefront_footer_menu_two','2024-12-12 14:28:43','2024-12-12 14:28:43'),
(1308,'storefront::attributes.storefront_footer_menu_two_title','2024-12-12 14:28:44','2024-12-12 14:28:44'),
(1309,'storefront::attributes.storefront_footer_tags','2024-12-12 14:28:48','2024-12-12 14:28:48'),
(1310,'storefront::attributes.storefront_instagram_link','2024-12-12 14:28:52','2024-12-12 14:28:52'),
(1311,'storefront::attributes.storefront_mail_theme_color','2024-12-12 14:28:55','2024-12-12 14:28:55'),
(1312,'storefront::attributes.storefront_most_searched_keywords','2024-12-12 14:28:59','2024-12-12 14:28:59'),
(1313,'storefront::attributes.storefront_navbar_text','2024-12-12 14:29:02','2024-12-12 14:29:02'),
(1314,'storefront::attributes.storefront_primary_menu','2024-12-12 14:29:05','2024-12-12 14:29:05'),
(1315,'storefront::attributes.storefront_privacy_page','2024-12-12 14:29:11','2024-12-12 14:29:11'),
(1316,'storefront::attributes.storefront_slider','2024-12-12 14:29:14','2024-12-12 14:29:14'),
(1317,'storefront::attributes.storefront_terms_page','2024-12-12 14:29:18','2024-12-12 14:29:18'),
(1318,'storefront::attributes.storefront_theme_color','2024-12-12 14:29:23','2024-12-12 14:29:23'),
(1319,'storefront::attributes.storefront_top_brands','2024-12-12 14:29:25','2024-12-12 14:29:25'),
(1320,'storefront::attributes.storefront_twitter_link','2024-12-12 14:29:29','2024-12-12 14:29:29'),
(1321,'storefront::attributes.storefront_welcome_text','2024-12-12 14:29:44','2024-12-12 14:29:44'),
(1322,'storefront::attributes.storefront_youtube_link','2024-12-12 14:29:48','2024-12-12 14:29:48'),
(1323,'storefront::attributes.subtitle','2024-12-12 14:29:54','2024-12-12 14:29:54'),
(1324,'storefront::attributes.title','2024-12-12 14:29:57','2024-12-12 14:29:57'),
(1325,'storefront::attributes.total_products','2024-12-12 14:30:06','2024-12-12 14:30:06'),
(1326,'storefront::attributes.type','2024-12-12 14:30:08','2024-12-12 14:30:08'),
(1327,'storefront::attributes.url','2024-12-12 14:30:11','2024-12-12 14:30:11'),
(1328,'storefront::blog.blog','2024-12-12 14:30:13','2024-12-12 14:30:13'),
(1329,'storefront::blog.blog_posts.blog_post','2024-12-12 14:30:18','2024-12-12 14:30:18'),
(1330,'storefront::blog.blog_posts.blog_posts','2024-12-12 14:30:26','2024-12-12 14:30:26'),
(1331,'storefront::blog.blog_posts.categories','2024-12-12 14:30:28','2024-12-12 14:30:28'),
(1332,'storefront::blog.blog_posts.facebook','2024-12-12 14:30:34','2024-12-12 14:30:34'),
(1333,'storefront::blog.blog_posts.linkedin','2024-12-12 14:30:35','2024-12-12 14:30:35'),
(1334,'storefront::blog.blog_posts.no_blog_post_found','2024-12-12 14:30:39','2024-12-12 14:30:39'),
(1335,'storefront::blog.blog_posts.no_categories','2024-12-12 14:30:41','2024-12-12 14:30:41'),
(1336,'storefront::blog.blog_posts.no_recent_posts','2024-12-12 14:30:44','2024-12-12 14:30:44'),
(1337,'storefront::blog.blog_posts.read_more','2024-12-12 14:30:50','2024-12-12 14:30:50'),
(1338,'storefront::blog.blog_posts.recent_posts','2024-12-12 14:30:57','2024-12-12 14:30:57'),
(1339,'storefront::blog.blog_posts.search','2024-12-12 14:30:59','2024-12-12 14:30:59'),
(1340,'storefront::blog.blog_posts.search_blog_posts','2024-12-12 14:31:03','2024-12-12 14:31:03'),
(1341,'storefront::blog.blog_posts.social_share','2024-12-12 14:31:09','2024-12-12 14:31:09'),
(1342,'storefront::blog.blog_posts.tags','2024-12-12 14:31:12','2024-12-12 14:31:12'),
(1343,'storefront::blog.blog_posts.tumblr','2024-12-12 14:31:18','2024-12-12 14:31:18'),
(1344,'storefront::blog.blog_posts.twitter','2024-12-12 14:31:34','2024-12-12 14:31:34'),
(1345,'storefront::blog.blog_posts.view_all','2024-12-12 14:31:39','2024-12-12 14:31:39'),
(1346,'storefront::blog.search_results_for','2024-12-12 14:31:43','2024-12-12 14:31:43'),
(1347,'storefront::brands.brands','2024-12-12 14:31:47','2024-12-12 14:31:47'),
(1348,'storefront::brands.no_brand_found','2024-12-12 14:31:55','2024-12-12 14:31:55'),
(1349,'storefront::cart.01','2024-12-12 14:31:59','2024-12-12 14:31:59'),
(1350,'storefront::cart.02','2024-12-12 14:32:05','2024-12-12 14:32:05'),
(1351,'storefront::cart.03','2024-12-12 14:32:07','2024-12-12 14:32:07'),
(1352,'storefront::cart.cart','2024-12-12 14:32:18','2024-12-12 14:32:18'),
(1353,'storefront::cart.cart_summary','2024-12-12 14:32:32','2024-12-12 14:32:32'),
(1354,'storefront::cart.checkout','2024-12-12 14:32:37','2024-12-12 14:32:37'),
(1355,'storefront::cart.continue_shopping','2024-12-12 14:32:39','2024-12-12 14:32:39'),
(1356,'storefront::cart.looks_like_you_haven\'t_made_any_choice_yet','2024-12-12 14:32:46','2024-12-12 14:32:46'),
(1357,'storefront::cart.my_cart','2024-12-12 14:32:52','2024-12-12 14:32:52'),
(1358,'storefront::cart.order_complete','2024-12-12 14:32:57','2024-12-12 14:32:57'),
(1359,'storefront::cart.proceed_to_checkout','2024-12-12 14:33:02','2024-12-12 14:33:02'),
(1360,'storefront::cart.table.image','2024-12-12 14:33:09','2024-12-12 14:33:09'),
(1361,'storefront::cart.table.line_total','2024-12-12 14:33:14','2024-12-12 14:33:14'),
(1362,'storefront::cart.table.product_name','2024-12-12 14:33:16','2024-12-12 14:33:16'),
(1363,'storefront::cart.table.quantity','2024-12-12 14:33:18','2024-12-12 14:33:18'),
(1364,'storefront::cart.table.unit_price','2024-12-12 14:33:22','2024-12-12 14:33:22'),
(1365,'storefront::cart.total','2024-12-12 14:33:26','2024-12-12 14:33:26'),
(1366,'storefront::cart.your_cart_is_empty','2024-12-12 14:33:41','2024-12-12 14:33:41'),
(1367,'storefront::categories.all_categories','2024-12-12 14:33:47','2024-12-12 14:33:47'),
(1368,'storefront::categories.no_category_found','2024-12-12 14:33:54','2024-12-12 14:33:54'),
(1369,'storefront::checkout.account_details','2024-12-12 14:33:57','2024-12-12 14:33:57'),
(1370,'storefront::checkout.add_new_address','2024-12-12 14:34:00','2024-12-12 14:34:00'),
(1371,'storefront::checkout.apply','2024-12-12 14:34:04','2024-12-12 14:34:04'),
(1372,'storefront::checkout.billing_details','2024-12-12 14:34:08','2024-12-12 14:34:08'),
(1373,'storefront::checkout.checkout','2024-12-12 14:34:13','2024-12-12 14:34:13'),
(1374,'storefront::checkout.coupon','2024-12-12 14:34:14','2024-12-12 14:34:14'),
(1375,'storefront::checkout.create_an_account_by_entering_the_information_below','2024-12-12 14:34:20','2024-12-12 14:34:20'),
(1376,'storefront::checkout.default','2024-12-12 14:34:24','2024-12-12 14:34:24'),
(1377,'storefront::checkout.enter_coupon_code','2024-12-12 14:34:28','2024-12-12 14:34:28'),
(1378,'storefront::checkout.free','2024-12-12 14:34:33','2024-12-12 14:34:33'),
(1379,'storefront::checkout.i_agree_to_the','2024-12-12 14:34:35','2024-12-12 14:34:35'),
(1380,'storefront::checkout.no_payment_method','2024-12-12 14:34:39','2024-12-12 14:34:39'),
(1381,'storefront::checkout.order_summary','2024-12-12 14:34:53','2024-12-12 14:34:53'),
(1382,'storefront::checkout.payment_for_order','2024-12-12 14:34:58','2024-12-12 14:34:58'),
(1383,'storefront::checkout.payment_instructions','2024-12-12 14:35:04','2024-12-12 14:35:04'),
(1384,'storefront::checkout.payment_method','2024-12-12 14:35:08','2024-12-12 14:35:08'),
(1385,'storefront::checkout.place_order','2024-12-12 14:35:18','2024-12-12 14:35:18'),
(1386,'storefront::checkout.please_select','2024-12-12 14:35:21','2024-12-12 14:35:21'),
(1387,'storefront::checkout.shipping_cost','2024-12-12 14:35:25','2024-12-12 14:35:25'),
(1388,'storefront::checkout.shipping_details','2024-12-12 14:36:48','2024-12-12 14:36:48'),
(1389,'storefront::checkout.shipping_method','2024-12-12 14:36:59','2024-12-12 14:36:59'),
(1390,'storefront::checkout.special_note_for_delivery','2024-12-12 14:37:02','2024-12-12 14:37:02'),
(1391,'storefront::checkout.subtotal','2024-12-12 14:37:08','2024-12-12 14:37:08'),
(1392,'storefront::checkout.terms_&_conditions','2024-12-12 15:03:08','2024-12-12 15:03:08'),
(1393,'storefront::checkout.total','2024-12-12 15:03:09','2024-12-12 15:03:09'),
(1394,'storefront::checkout.you_must_select_an_address','2024-12-12 15:03:18','2024-12-12 15:03:18'),
(1395,'storefront::compare.actions','2024-12-12 15:07:18','2024-12-12 15:07:18'),
(1396,'storefront::compare.add_to_cart','2024-12-12 15:07:21','2024-12-12 15:07:21'),
(1397,'storefront::compare.add_to_wishlist','2024-12-12 15:07:25','2024-12-12 15:07:25'),
(1398,'storefront::compare.availability','2024-12-12 15:07:31','2024-12-12 15:07:31'),
(1399,'storefront::compare.compare','2024-12-12 15:07:35','2024-12-12 15:07:35'),
(1400,'storefront::compare.description','2024-12-12 15:07:38','2024-12-12 15:07:38'),
(1401,'storefront::compare.in_stock','2024-12-12 15:07:55','2024-12-12 15:07:55'),
(1402,'storefront::compare.no_product','2024-12-12 15:07:59','2024-12-12 15:07:59'),
(1403,'storefront::compare.out_of_stock','2024-12-12 15:08:01','2024-12-12 15:08:01'),
(1404,'storefront::compare.price','2024-12-12 15:08:06','2024-12-12 15:08:06'),
(1405,'storefront::compare.product_overview','2024-12-12 15:08:14','2024-12-12 15:08:14'),
(1406,'storefront::compare.rating','2024-12-12 15:08:17','2024-12-12 15:08:17'),
(1407,'storefront::compare.view_options','2024-12-12 15:08:23','2024-12-12 15:08:23'),
(1408,'storefront::contact.contact','2024-12-12 15:08:30','2024-12-12 15:08:30'),
(1409,'storefront::contact.leave_a_message','2024-12-12 15:08:34','2024-12-12 15:08:34'),
(1410,'storefront::contact.send_message','2024-12-12 15:08:41','2024-12-12 15:08:41'),
(1411,'storefront::invoice.billing_address','2024-12-12 15:09:43','2024-12-12 15:09:43'),
(1412,'storefront::invoice.coupon','2024-12-12 15:15:50','2024-12-12 15:15:50'),
(1413,'storefront::invoice.date','2024-12-12 15:15:53','2024-12-12 15:15:53'),
(1414,'storefront::invoice.email','2024-12-12 15:15:55','2024-12-12 15:15:55'),
(1415,'storefront::invoice.invoice','2024-12-12 15:15:59','2024-12-12 15:15:59'),
(1416,'storefront::invoice.line_total','2024-12-12 15:16:00','2024-12-12 15:16:00'),
(1417,'storefront::invoice.order_details','2024-12-12 15:16:13','2024-12-12 15:16:13'),
(1418,'storefront::invoice.order_id','2024-12-12 15:16:16','2024-12-12 15:16:16'),
(1419,'storefront::invoice.payment_method','2024-12-12 15:16:19','2024-12-12 15:16:19'),
(1420,'storefront::invoice.phone','2024-12-12 15:16:23','2024-12-12 15:16:23'),
(1421,'storefront::invoice.product','2024-12-12 15:16:29','2024-12-12 15:16:29'),
(1422,'storefront::invoice.quantity','2024-12-12 15:24:45','2024-12-12 15:24:45'),
(1423,'storefront::invoice.shipping_address','2024-12-12 15:24:50','2024-12-12 15:24:50'),
(1424,'storefront::invoice.subject','2024-12-12 15:24:56','2024-12-12 15:24:56'),
(1425,'storefront::invoice.subtotal','2024-12-12 15:24:59','2024-12-12 15:24:59'),
(1426,'storefront::invoice.total','2024-12-12 15:25:02','2024-12-12 15:25:02'),
(1427,'storefront::invoice.unit_price','2024-12-12 15:25:07','2024-12-12 15:25:07'),
(1428,'storefront::layouts.accept','2024-12-12 15:25:09','2024-12-12 15:25:09'),
(1429,'storefront::layouts.account','2024-12-12 15:25:12','2024-12-12 15:25:12'),
(1430,'storefront::layouts.all_categories','2024-12-12 15:25:17','2024-12-12 15:25:17'),
(1431,'storefront::layouts.all_categories_header','2024-12-12 15:25:21','2024-12-12 15:25:21'),
(1432,'storefront::layouts.blog','2024-12-12 15:25:24','2024-12-12 15:25:24'),
(1433,'storefront::layouts.by_subscribing','2024-12-12 15:26:48','2024-12-12 15:26:48'),
(1434,'storefront::layouts.cart','2024-12-12 15:26:56','2024-12-12 15:26:56'),
(1435,'storefront::layouts.categories','2024-12-12 15:27:00','2024-12-12 15:27:00'),
(1436,'storefront::layouts.category_suggestions','2024-12-12 15:27:04','2024-12-12 15:27:04'),
(1437,'storefront::layouts.checkout','2024-12-12 15:27:07','2024-12-12 15:27:07'),
(1438,'storefront::layouts.clear_cart','2024-12-12 15:27:14','2024-12-12 15:27:14'),
(1439,'storefront::layouts.compare','2024-12-12 15:27:20','2024-12-12 15:27:20'),
(1440,'storefront::layouts.contact','2024-12-12 15:27:23','2024-12-12 15:27:23'),
(1441,'storefront::layouts.contact_us','2024-12-12 15:27:24','2024-12-12 15:27:24'),
(1442,'storefront::layouts.currency','2024-12-12 15:27:28','2024-12-12 15:27:28'),
(1443,'storefront::layouts.decline','2024-12-12 15:27:30','2024-12-12 15:27:30'),
(1444,'storefront::layouts.email_address','2024-12-12 15:27:35','2024-12-12 15:27:35'),
(1445,'storefront::layouts.favorites','2024-12-12 15:27:38','2024-12-12 15:27:38'),
(1446,'storefront::layouts.home','2024-12-12 15:27:40','2024-12-12 15:27:40'),
(1447,'storefront::layouts.language','2024-12-12 15:27:43','2024-12-12 15:27:43'),
(1448,'storefront::layouts.language_and_currency','2024-12-12 15:27:45','2024-12-12 15:27:45'),
(1449,'storefront::layouts.login','2024-12-12 15:27:49','2024-12-12 15:27:49'),
(1450,'storefront::layouts.login_register','2024-12-12 15:27:54','2024-12-12 15:27:54'),
(1451,'storefront::layouts.menu','2024-12-12 15:27:59','2024-12-12 15:27:59'),
(1452,'storefront::layouts.more','2024-12-12 15:28:03','2024-12-12 15:28:03'),
(1453,'storefront::layouts.more_results','2024-12-12 15:28:25','2024-12-12 15:28:25'),
(1454,'storefront::layouts.most_searched','2024-12-12 15:28:29','2024-12-12 15:28:29'),
(1455,'storefront::layouts.my_account','2024-12-12 15:28:35','2024-12-12 15:28:35'),
(1456,'storefront::layouts.my_cart','2024-12-12 15:28:42','2024-12-12 15:28:42'),
(1457,'storefront::layouts.navigation','2024-12-12 15:28:45','2024-12-12 15:28:45'),
(1458,'storefront::layouts.next','2024-12-12 15:28:49','2024-12-12 15:28:49'),
(1459,'storefront::layouts.no_thanks','2024-12-12 15:28:54','2024-12-12 15:28:54'),
(1460,'storefront::layouts.prev','2024-12-12 15:28:59','2024-12-12 15:28:59'),
(1461,'storefront::layouts.privacy_policy','2024-12-12 15:29:00','2024-12-12 15:29:00'),
(1462,'storefront::layouts.product_suggestions','2024-12-12 15:29:04','2024-12-12 15:29:04'),
(1463,'storefront::layouts.search_for_products','2024-12-12 15:29:08','2024-12-12 15:29:08'),
(1464,'storefront::layouts.subscribe','2024-12-12 15:29:12','2024-12-12 15:29:12'),
(1465,'storefront::layouts.subscribed','2024-12-12 15:29:14','2024-12-12 15:29:14'),
(1466,'storefront::layouts.subscribe_to_our_newsletter','2024-12-12 15:29:18','2024-12-12 15:29:18'),
(1467,'storefront::layouts.subscribe_to_our_newsletter_subtitle','2024-12-12 15:29:21','2024-12-12 15:29:21'),
(1468,'storefront::layouts.subtotal','2024-12-12 15:31:16','2024-12-12 15:31:16'),
(1469,'storefront::layouts.tags','2024-12-12 15:31:19','2024-12-12 15:31:19'),
(1470,'storefront::layouts.the_website_uses_cookies','2024-12-12 15:31:26','2024-12-12 15:31:26'),
(1471,'storefront::layouts.view_cart','2024-12-12 15:31:28','2024-12-12 15:31:28'),
(1472,'storefront::layouts.wishlist','2024-12-12 15:31:33','2024-12-12 15:31:33'),
(1473,'storefront::mail.all_rights_reserved','2024-12-12 15:31:38','2024-12-12 15:31:38'),
(1474,'storefront::mail.hello','2024-12-12 15:31:59','2024-12-12 15:31:59'),
(1475,'storefront::messages.connection_lost','2024-12-12 15:32:16','2024-12-12 15:32:16'),
(1476,'storefront::messages.no_internet','2024-12-12 15:32:18','2024-12-12 15:32:18'),
(1477,'storefront::order_complete.order_placed','2024-12-12 15:32:23','2024-12-12 15:32:23'),
(1478,'storefront::order_complete.your_order_has_been_placed','2024-12-12 15:32:30','2024-12-12 15:32:30'),
(1479,'storefront::permissions.storefront.edit','2024-12-12 15:32:39','2024-12-12 15:32:39'),
(1480,'storefront::product.add_a_review','2024-12-12 15:32:44','2024-12-12 15:32:44'),
(1481,'storefront::product.add_to_cart','2024-12-12 15:32:53','2024-12-12 15:32:53'),
(1482,'storefront::product.be_the_first_one_to_review_this_product','2024-12-12 15:32:57','2024-12-12 15:32:57'),
(1483,'storefront::product_card.add_to_cart','2024-12-12 15:33:02','2024-12-12 15:33:02'),
(1484,'storefront::product_card.available','2024-12-12 15:33:04','2024-12-12 15:33:04'),
(1485,'storefront::product_card.compare','2024-12-12 15:33:06','2024-12-12 15:33:06'),
(1486,'storefront::product_card.new','2024-12-12 15:33:08','2024-12-12 15:33:08'),
(1487,'storefront::product_card.out_of_stock','2024-12-12 15:33:13','2024-12-12 15:33:13'),
(1488,'storefront::product_card.review','2024-12-12 15:35:01','2024-12-12 15:35:01'),
(1489,'storefront::product_card.reviews','2024-12-12 15:35:07','2024-12-12 15:35:07'),
(1490,'storefront::product_card.sold','2024-12-12 15:35:11','2024-12-12 15:35:11'),
(1491,'storefront::product_card.view_options','2024-12-12 15:35:18','2024-12-12 15:35:18'),
(1492,'storefront::product_card.wishlist','2024-12-12 15:35:19','2024-12-12 15:35:19'),
(1493,'storefront::product.categories','2024-12-12 15:35:23','2024-12-12 15:35:23'),
(1494,'storefront::product.click_to_select','2024-12-12 15:35:32','2024-12-12 15:35:32'),
(1495,'storefront::product.compare','2024-12-12 15:35:34','2024-12-12 15:35:34'),
(1496,'storefront::product.description','2024-12-12 15:35:37','2024-12-12 15:35:37'),
(1497,'storefront::product.facebook','2024-12-12 15:35:40','2024-12-12 15:35:40'),
(1498,'storefront::product.in_stock','2024-12-12 15:35:46','2024-12-12 15:35:46'),
(1499,'storefront::product.left_in_stock','2024-12-12 15:35:49','2024-12-12 15:35:49'),
(1500,'storefront::product.linkedin','2024-12-12 15:36:03','2024-12-12 15:36:03'),
(1501,'storefront::product.options.choose_an_option','2024-12-12 15:36:27','2024-12-12 15:36:27'),
(1502,'storefront::product.out_of_stock','2024-12-12 15:36:31','2024-12-12 15:36:31'),
(1503,'storefront::product.quantity','2024-12-12 15:36:40','2024-12-12 15:36:40'),
(1504,'storefront::product.related_products','2024-12-12 15:36:46','2024-12-12 15:36:46'),
(1505,'storefront::product.review_form.comment','2024-12-12 15:36:49','2024-12-12 15:36:49'),
(1506,'storefront::product.review_form.name','2024-12-12 15:36:53','2024-12-12 15:36:53'),
(1507,'storefront::product.review_form.submit_review','2024-12-12 15:36:55','2024-12-12 15:36:55'),
(1508,'storefront::product.review_form.your_rating','2024-12-12 15:36:59','2024-12-12 15:36:59'),
(1509,'storefront::product.reviews','2024-12-12 15:37:06','2024-12-12 15:37:06'),
(1510,'storefront::product.review_submitted','2024-12-12 15:37:09','2024-12-12 15:37:09'),
(1511,'storefront::products.browse_categories','2024-12-12 15:37:12','2024-12-12 15:37:12'),
(1512,'storefront::products.filters','2024-12-12 15:37:20','2024-12-12 15:37:20'),
(1513,'storefront::products.grid_view','2024-12-12 15:55:33','2024-12-12 15:55:33'),
(1514,'storefront::product.share','2024-12-12 15:55:35','2024-12-12 15:55:35'),
(1515,'storefront::product.sku','2024-12-12 16:04:57','2024-12-12 16:04:57'),
(1516,'storefront::product.show_more','2024-12-12 16:04:57','2024-12-12 16:04:57'),
(1517,'storefront::product.show_less','2024-12-12 16:04:57','2024-12-12 16:04:57'),
(1518,'storefront::products.latest_products','2024-12-12 16:10:22','2024-12-12 16:10:22'),
(1519,'storefront::products.list_view','2024-12-12 16:10:25','2024-12-12 16:10:25'),
(1520,'storefront::products.no_product_found','2024-12-12 16:10:29','2024-12-12 16:10:29'),
(1521,'storefront::product.specification','2024-12-12 16:10:32','2024-12-12 16:10:32'),
(1522,'storefront::products.per_page_options.10','2024-12-12 16:10:35','2024-12-12 16:10:35'),
(1523,'storefront::products.per_page_options.20','2024-12-12 16:10:38','2024-12-12 16:10:38'),
(1524,'storefront::products.per_page_options.30','2024-12-12 16:10:40','2024-12-12 16:10:40'),
(1525,'storefront::products.per_page_options.40','2024-12-12 16:10:43','2024-12-12 16:10:43'),
(1526,'storefront::products.per_page_options.50','2024-12-12 16:10:46','2024-12-12 16:10:46'),
(1527,'storefront::products.price','2024-12-12 16:10:51','2024-12-12 16:10:51'),
(1528,'storefront::products.search_results_for','2024-12-12 16:10:55','2024-12-12 16:10:55'),
(1529,'storefront::products.shop','2024-12-12 16:10:58','2024-12-12 16:10:58'),
(1530,'storefront::products.showing_results','2024-12-12 16:11:08','2024-12-12 16:11:08'),
(1531,'storefront::products.sort_options.alphabetic','2024-12-12 16:11:33','2024-12-12 16:11:33'),
(1532,'storefront::products.sort_options.latest','2024-12-12 16:11:36','2024-12-12 16:11:36'),
(1533,'storefront::products.sort_options.priceHighToLow','2024-12-12 16:11:41','2024-12-12 16:11:41'),
(1534,'storefront::products.sort_options.priceLowToHigh','2024-12-12 16:11:47','2024-12-12 16:11:47'),
(1535,'storefront::products.sort_options.relevance','2024-12-12 16:11:50','2024-12-12 16:11:50'),
(1536,'storefront::products.sort_options.topRated','2024-12-12 16:11:56','2024-12-12 16:11:56'),
(1537,'storefront::product.tags','2024-12-12 16:14:20','2024-12-12 16:14:20'),
(1538,'storefront::product.tumblr','2024-12-12 16:14:30','2024-12-12 16:14:30'),
(1539,'storefront::product.twitter','2024-12-12 16:14:41','2024-12-12 16:14:41'),
(1540,'storefront::product.unavailable','2024-12-12 16:14:45','2024-12-12 16:14:45'),
(1541,'storefront::product.wishlist','2024-12-12 16:14:51','2024-12-12 16:14:51'),
(1542,'storefront::product.you_might_also_like','2024-12-12 16:14:58','2024-12-12 16:14:58'),
(1543,'storefront::sidebar.storefront','2024-12-12 16:15:02','2024-12-12 16:15:02'),
(1544,'storefront::storefront.form.accepted_payment_methods_image','2024-12-12 16:15:09','2024-12-12 16:15:09'),
(1545,'storefront::storefront.form.background','2024-12-12 16:15:12','2024-12-12 16:15:12'),
(1546,'storefront::storefront.form.banner','2024-12-12 16:15:19','2024-12-12 16:15:19'),
(1547,'storefront::storefront.form.banner_1','2024-12-12 16:15:22','2024-12-12 16:15:22'),
(1548,'storefront::storefront.form.banner_2','2024-12-12 16:15:30','2024-12-12 16:15:30'),
(1549,'storefront::storefront.form.banner_3','2024-12-12 16:15:38','2024-12-12 16:15:38'),
(1550,'storefront::storefront.form.category_1','2024-12-12 16:15:42','2024-12-12 16:15:42'),
(1551,'storefront::storefront.form.category_2','2024-12-12 16:15:46','2024-12-12 16:15:46'),
(1552,'storefront::storefront.form.category_3','2024-12-12 16:15:50','2024-12-12 16:15:50'),
(1553,'storefront::storefront.form.category_4','2024-12-12 16:15:53','2024-12-12 16:15:53'),
(1554,'storefront::storefront.form.category_5','2024-12-12 16:15:55','2024-12-12 16:15:55'),
(1555,'storefront::storefront.form.category_6','2024-12-12 16:16:01','2024-12-12 16:16:01'),
(1556,'storefront::storefront.form.enable_blogs_section','2024-12-12 16:16:05','2024-12-12 16:16:05'),
(1557,'storefront::storefront.form.enable_brands_section','2024-12-12 16:16:10','2024-12-12 16:16:10'),
(1558,'storefront::storefront.form.enable_featured_categories_section','2024-12-12 16:16:13','2024-12-12 16:16:13'),
(1559,'storefront::storefront.form.enable_features_section','2024-12-12 16:16:22','2024-12-12 16:16:22'),
(1560,'storefront::storefront.form.enable_flash_sale_and_vertical_products_section','2024-12-12 16:16:25','2024-12-12 16:16:25'),
(1561,'storefront::storefront.form.enable_most_searched_keywords','2024-12-12 16:28:02','2024-12-12 16:28:02'),
(1562,'storefront::storefront.form.enable_one_column_banner_section','2024-12-12 16:28:29','2024-12-12 16:28:29'),
(1563,'storefront::storefront.form.enable_product_grid_section','2024-12-12 16:28:34','2024-12-12 16:28:34'),
(1564,'storefront::storefront.form.enable_product_tabs_one_section','2024-12-12 16:28:36','2024-12-12 16:28:36'),
(1565,'storefront::storefront.form.enable_product_tabs_two_section','2024-12-12 16:28:41','2024-12-12 16:28:41'),
(1566,'storefront::storefront.form.enable_three_column_banners_section','2024-12-12 16:28:45','2024-12-12 16:28:45'),
(1567,'storefront::storefront.form.enable_three_column_full_width_banners_section','2024-12-12 16:28:49','2024-12-12 16:28:49'),
(1568,'storefront::storefront.form.enable_two_column_banners_section','2024-12-12 16:28:52','2024-12-12 16:28:52'),
(1569,'storefront::storefront.form.favicon','2024-12-12 16:28:56','2024-12-12 16:28:56'),
(1570,'storefront::storefront.form.feature_1','2024-12-12 16:28:59','2024-12-12 16:28:59'),
(1571,'storefront::storefront.form.feature_2','2024-12-12 16:29:02','2024-12-12 16:29:02'),
(1572,'storefront::storefront.form.feature_3','2024-12-12 16:29:06','2024-12-12 16:29:06'),
(1573,'storefront::storefront.form.feature_4','2024-12-12 16:29:09','2024-12-12 16:29:09'),
(1574,'storefront::storefront.form.feature_5','2024-12-12 16:29:12','2024-12-12 16:29:12'),
(1575,'storefront::storefront.form.flash_sale','2024-12-12 16:29:15','2024-12-12 16:29:15'),
(1576,'storefront::storefront.form.header_logo','2024-12-12 16:29:17','2024-12-12 16:29:17'),
(1577,'storefront::storefront.form.mail_logo','2024-12-12 16:29:20','2024-12-12 16:29:20'),
(1578,'storefront::storefront.form.newsletter_bg_image','2024-12-12 16:29:22','2024-12-12 16:29:22'),
(1579,'storefront::storefront.form.please_select','2024-12-12 16:29:29','2024-12-12 16:29:29'),
(1580,'storefront::storefront.form.product_page_banner','2024-12-12 16:29:31','2024-12-12 16:29:31'),
(1581,'storefront::storefront.form.product_types.category_products','2024-12-12 16:29:35','2024-12-12 16:29:35'),
(1582,'storefront::storefront.form.product_types.custom_products','2024-12-12 16:29:58','2024-12-12 16:29:58'),
(1583,'storefront::storefront.form.product_types.latest_products','2024-12-12 16:30:01','2024-12-12 16:30:01'),
(1584,'storefront::storefront.form.product_types.recently_viewed_products','2024-12-12 16:30:05','2024-12-12 16:30:05'),
(1585,'storefront::storefront.form.recent_blogs.5','2024-12-12 16:30:07','2024-12-12 16:30:07'),
(1586,'storefront::storefront.form.recent_blogs.10','2024-12-12 16:30:11','2024-12-12 16:30:11'),
(1587,'storefront::storefront.form.recent_blogs.15','2024-12-12 16:30:14','2024-12-12 16:30:14'),
(1588,'storefront::storefront.form.recent_blogs.20','2024-12-12 16:30:19','2024-12-12 16:30:19'),
(1589,'storefront::storefront.form.storefront_top_brands','2024-12-12 16:30:22','2024-12-12 16:30:22'),
(1590,'storefront::storefront.form.tab_1','2024-12-12 16:30:35','2024-12-12 16:30:35'),
(1591,'storefront::storefront.form.tab_2','2024-12-12 16:30:37','2024-12-12 16:30:37'),
(1592,'storefront::storefront.form.tab_3','2024-12-12 16:30:47','2024-12-12 16:30:47'),
(1593,'storefront::storefront.form.tab_4','2024-12-12 16:30:49','2024-12-12 16:30:49'),
(1594,'storefront::storefront.form.vertical_products_1','2024-12-12 16:30:52','2024-12-12 16:30:52'),
(1595,'storefront::storefront.form.vertical_products_2','2024-12-12 16:30:55','2024-12-12 16:30:55'),
(1596,'storefront::storefront.form.vertical_products_3','2024-12-12 16:31:00','2024-12-12 16:31:00'),
(1597,'storefront::storefront.social_links.facebook','2024-12-12 16:31:02','2024-12-12 16:31:02'),
(1598,'storefront::storefront.social_links.instagram','2024-12-12 16:31:05','2024-12-12 16:31:05'),
(1599,'storefront::storefront.social_links.twitter','2024-12-12 16:31:12','2024-12-12 16:31:12'),
(1600,'storefront::storefront.social_links.youtube','2024-12-12 16:31:19','2024-12-12 16:31:19'),
(1601,'storefront::storefront.something_went_wrong','2024-12-12 16:31:27','2024-12-12 16:31:27'),
(1602,'storefront::storefront.storefront','2024-12-12 16:31:29','2024-12-12 16:31:29'),
(1603,'storefront::storefront.tabs.blogs','2024-12-12 16:31:32','2024-12-12 16:31:32'),
(1604,'storefront::storefront.tabs.featured_categories','2024-12-12 16:33:00','2024-12-12 16:33:00'),
(1605,'storefront::storefront.tabs.features','2024-12-12 16:33:05','2024-12-12 16:33:05'),
(1606,'storefront::storefront.tabs.flash_sale_and_vertical_products','2024-12-12 16:33:07','2024-12-12 16:33:07'),
(1607,'storefront::storefront.tabs.footer','2024-12-12 16:34:24','2024-12-12 16:34:24'),
(1608,'storefront::storefront.tabs.general','2024-12-12 16:34:28','2024-12-12 16:34:28'),
(1609,'storefront::storefront.tabs.group.general_settings','2024-12-12 16:34:31','2024-12-12 16:34:31'),
(1610,'storefront::storefront.tabs.group.home_page_sections','2024-12-12 16:34:35','2024-12-12 16:34:35'),
(1611,'storefront::storefront.tabs.logo','2024-12-12 16:34:36','2024-12-12 16:34:36'),
(1612,'storefront::storefront.tabs.menus','2024-12-12 16:34:41','2024-12-12 16:34:41'),
(1613,'storefront::storefront.tabs.newsletter','2024-12-12 16:34:44','2024-12-12 16:34:44'),
(1614,'storefront::storefront.tabs.one_column_banner','2024-12-12 16:34:46','2024-12-12 16:34:46'),
(1615,'storefront::storefront.tabs.product_grid','2024-12-12 16:34:50','2024-12-12 16:34:50'),
(1616,'storefront::storefront.tabs.product_page','2024-12-12 16:34:54','2024-12-12 16:34:54'),
(1617,'storefront::storefront.tabs.product_tabs_one','2024-12-12 16:34:57','2024-12-12 16:34:57'),
(1618,'storefront::storefront.tabs.product_tabs_two','2024-12-12 16:35:02','2024-12-12 16:35:02'),
(1619,'storefront::storefront.tabs.slider_banners','2024-12-12 16:35:05','2024-12-12 16:35:05'),
(1620,'storefront::storefront.tabs.social_links','2024-12-12 16:35:07','2024-12-12 16:35:07'),
(1621,'storefront::storefront.tabs.three_column_banners','2024-12-12 16:35:11','2024-12-12 16:35:11'),
(1622,'storefront::storefront.tabs.three_column_full_width_banners','2024-12-12 16:35:16','2024-12-12 16:35:16'),
(1623,'storefront::storefront.tabs.top_brands','2024-12-12 16:35:18','2024-12-12 16:35:18'),
(1624,'storefront::storefront.tabs.two_column_banners','2024-12-12 16:35:21','2024-12-12 16:35:21'),
(1625,'storefront::storefront.try_again','2024-12-12 16:35:25','2024-12-12 16:35:25'),
(1626,'storefront::themes.black','2024-12-12 16:35:29','2024-12-12 16:35:29'),
(1627,'storefront::themes.blue','2024-12-12 16:35:31','2024-12-12 16:35:31'),
(1628,'storefront::themes.bondi-blue','2024-12-12 16:35:38','2024-12-12 16:35:38'),
(1629,'storefront::themes.cornflower','2024-12-12 16:36:37','2024-12-12 16:36:37'),
(1630,'storefront::themes.custom_color','2024-12-12 16:36:41','2024-12-12 16:36:41'),
(1631,'storefront::themes.green','2024-12-12 16:36:45','2024-12-12 16:36:45'),
(1632,'storefront::themes.indigo','2024-12-12 16:36:50','2024-12-12 16:36:50'),
(1633,'storefront::themes.magenta','2024-12-12 16:36:54','2024-12-12 16:36:54'),
(1634,'storefront::themes.orange','2024-12-12 16:37:09','2024-12-12 16:37:09'),
(1635,'storefront::themes.pink','2024-12-12 16:37:11','2024-12-12 16:37:11'),
(1636,'storefront::themes.red','2024-12-12 16:37:14','2024-12-12 16:37:14'),
(1637,'storefront::themes.violet','2024-12-12 16:37:17','2024-12-12 16:37:17'),
(1638,'storefront::themes.yellow','2024-12-12 16:37:22','2024-12-12 16:37:22'),
(1639,'support::recaptcha.validation.failed_to_verify','2024-12-12 16:37:27','2024-12-12 16:37:27'),
(1640,'support::sitemap.generate','2024-12-12 16:37:30','2024-12-12 16:37:30'),
(1641,'support::sitemap.generate_sitemap','2024-12-12 16:37:32','2024-12-12 16:37:32'),
(1642,'support::sitemap.messages.sitemap_generated_successfully','2024-12-12 16:37:45','2024-12-12 16:37:45'),
(1643,'support::sitemap.sidebar.sitemap','2024-12-12 16:37:47','2024-12-12 16:37:47'),
(1644,'support::sitemap.sitemap','2024-12-12 16:37:52','2024-12-12 16:37:52'),
(1645,'tag::attributes.name','2024-12-12 16:37:55','2024-12-12 16:37:55'),
(1646,'tag::attributes.slug','2024-12-12 16:38:01','2024-12-12 16:38:01'),
(1647,'tag::permissions.create','2024-12-12 16:38:31','2024-12-12 16:38:31'),
(1648,'tag::permissions.destroy','2024-12-12 16:38:34','2024-12-12 16:38:34'),
(1649,'tag::permissions.edit','2024-12-12 16:38:36','2024-12-12 16:38:36'),
(1650,'tag::permissions.index','2024-12-12 16:38:41','2024-12-12 16:38:41'),
(1651,'tag::tags.table.name','2024-12-12 16:39:10','2024-12-12 16:39:10'),
(1652,'tag::tags.tabs.general','2024-12-12 16:39:12','2024-12-12 16:39:12'),
(1653,'tag::tags.tabs.group.tag_information','2024-12-12 16:39:16','2024-12-12 16:39:16'),
(1654,'tag::tags.tag','2024-12-12 16:39:21','2024-12-12 16:39:21'),
(1655,'tag::tags.tags','2024-12-12 16:39:22','2024-12-12 16:39:22'),
(1656,'tax::attributes.based_on','2024-12-12 16:39:26','2024-12-12 16:39:26'),
(1657,'tax::attributes.city','2024-12-12 16:39:28','2024-12-12 16:39:28'),
(1658,'tax::attributes.country','2024-12-12 16:39:32','2024-12-12 16:39:32'),
(1659,'tax::attributes.label','2024-12-12 16:39:35','2024-12-12 16:39:35'),
(1660,'tax::attributes.name','2024-12-12 16:39:40','2024-12-12 16:39:40'),
(1661,'tax::attributes.rate','2024-12-12 16:39:47','2024-12-12 16:39:47'),
(1662,'tax::attributes.rates.*.name','2024-12-12 16:39:52','2024-12-12 16:39:52'),
(1663,'tax::attributes.rates.*.rate','2024-12-12 16:39:56','2024-12-12 16:39:56'),
(1664,'tax::attributes.state','2024-12-12 16:39:59','2024-12-12 16:39:59'),
(1665,'tax::attributes.zip','2024-12-12 16:40:01','2024-12-12 16:40:01'),
(1666,'tax::permissions.taxes.create','2024-12-12 16:40:05','2024-12-12 16:40:05'),
(1667,'tax::permissions.taxes.destroy','2024-12-12 16:40:06','2024-12-12 16:40:06'),
(1668,'tax::permissions.taxes.edit','2024-12-12 16:40:13','2024-12-12 16:40:13'),
(1669,'tax::permissions.taxes.index','2024-12-12 16:40:15','2024-12-12 16:40:15'),
(1670,'tax::sidebar.taxes','2024-12-12 16:40:18','2024-12-12 16:40:18'),
(1671,'tax::taxes.form.add_new_rate','2024-12-12 16:40:21','2024-12-12 16:40:21'),
(1672,'tax::taxes.form.based_on.billing_address','2024-12-12 16:40:24','2024-12-12 16:40:24'),
(1673,'tax::taxes.form.based_on.shipping_address','2024-12-12 16:40:26','2024-12-12 16:40:26'),
(1674,'tax::taxes.form.based_on.store_address','2024-12-12 16:40:33','2024-12-12 16:40:33'),
(1675,'tax::taxes.form.delete_rate','2024-12-12 16:40:35','2024-12-12 16:40:35'),
(1676,'tax::taxes.table.tax_class','2024-12-12 16:40:39','2024-12-12 16:40:39'),
(1677,'tax::taxes.tabs.general','2024-12-12 16:40:41','2024-12-12 16:40:41'),
(1678,'tax::taxes.tabs.group.tax_information','2024-12-12 16:40:46','2024-12-12 16:40:46'),
(1679,'tax::taxes.tabs.rates','2024-12-12 16:40:52','2024-12-12 16:40:52'),
(1680,'tax::taxes.tax','2024-12-12 16:40:55','2024-12-12 16:40:55'),
(1681,'tax::taxes.taxes','2024-12-12 16:40:57','2024-12-12 16:40:57'),
(1682,'transaction::permissions.index','2024-12-12 16:41:01','2024-12-12 16:41:01'),
(1683,'transaction::transactions.table.order_id','2024-12-12 16:41:03','2024-12-12 16:41:03'),
(1684,'transaction::transactions.table.payment_method','2024-12-12 16:41:07','2024-12-12 16:41:07'),
(1685,'transaction::transactions.table.transaction_id','2024-12-12 16:41:10','2024-12-12 16:41:10'),
(1686,'transaction::transactions.transactions','2024-12-12 16:41:12','2024-12-12 16:41:12'),
(1687,'translatable::validation.translatableExist','2024-12-12 16:41:17','2024-12-12 16:41:17'),
(1688,'translation::permissions.edit','2024-12-12 16:41:24','2024-12-12 16:41:24'),
(1689,'translation::permissions.index','2024-12-12 16:41:26','2024-12-12 16:41:26'),
(1690,'translation::sidebar.translations','2024-12-12 16:41:34','2024-12-12 16:41:34'),
(1691,'translation::translations.translation','2024-12-12 16:41:38','2024-12-12 16:41:38'),
(1692,'translation::translations.translations','2024-12-12 16:41:41','2024-12-12 16:41:41'),
(1693,'user::attributes.auth.remember_me','2024-12-12 16:41:48','2024-12-12 16:41:48'),
(1694,'user::attributes.roles.name','2024-12-12 16:41:57','2024-12-12 16:41:57'),
(1695,'user::attributes.users.activated','2024-12-12 16:42:38','2024-12-12 16:42:38'),
(1696,'user::attributes.users.confirm_new_password','2024-12-12 16:42:51','2024-12-12 16:42:51'),
(1697,'user::attributes.users.email','2024-12-12 16:42:52','2024-12-12 16:42:52'),
(1698,'user::attributes.users.first_name','2024-12-12 16:42:56','2024-12-12 16:42:56'),
(1699,'user::attributes.users.last_name','2024-12-12 16:42:59','2024-12-12 16:42:59'),
(1700,'user::attributes.users.new_password','2024-12-12 16:43:01','2024-12-12 16:43:01'),
(1701,'user::attributes.users.password','2024-12-12 16:43:05','2024-12-12 16:43:05'),
(1702,'user::attributes.users.password_confirmation','2024-12-12 16:43:08','2024-12-12 16:43:08'),
(1703,'user::attributes.users.phone','2024-12-12 16:43:11','2024-12-12 16:43:11'),
(1704,'user::attributes.users.roles','2024-12-12 16:43:13','2024-12-12 16:43:13'),
(1705,'user::auth.already_have_an_account','2024-12-12 16:43:16','2024-12-12 16:43:16'),
(1706,'user::auth.back_to_home','2024-12-12 16:43:23','2024-12-12 16:43:23'),
(1707,'user::auth.back_to_login','2024-12-12 16:43:24','2024-12-12 16:43:24'),
(1708,'user::auth.confirm_password','2024-12-12 16:43:28','2024-12-12 16:43:28'),
(1709,'user::auth.create_account','2024-12-12 16:43:31','2024-12-12 16:43:31'),
(1710,'user::auth.create_new_password','2024-12-12 16:43:39','2024-12-12 16:43:39'),
(1711,'user::auth.do_not_have_an_account','2024-12-12 16:43:42','2024-12-12 16:43:42'),
(1712,'user::auth.email','2024-12-12 16:43:51','2024-12-12 16:43:51'),
(1713,'user::auth.dont_have_an_account','2024-12-12 16:43:51','2024-12-12 16:43:51'),
(1714,'user::auth.enter_email','2024-12-12 16:43:53','2024-12-12 16:43:53'),
(1715,'user::auth.enter_your_create_account_details','2024-12-12 16:44:04','2024-12-12 16:44:04'),
(1716,'user::auth.enter_your_details','2024-12-12 16:49:42','2024-12-12 16:49:42'),
(1717,'user::auth.enter_your_email','2024-12-12 16:49:44','2024-12-12 16:49:44'),
(1718,'user::auth.enter_your_password','2024-12-12 16:49:54','2024-12-12 16:49:54'),
(1719,'user::auth.first_name','2024-12-12 16:50:00','2024-12-12 16:50:00'),
(1720,'user::auth.forgot_password','2024-12-12 16:50:01','2024-12-12 16:50:01'),
(1721,'user::auth.hide_password','2024-12-12 16:50:04','2024-12-12 16:50:04'),
(1722,'user::auth.i_agree_to_the','2024-12-12 16:50:09','2024-12-12 16:50:09'),
(1723,'user::auth.last_name','2024-12-12 16:50:13','2024-12-12 16:50:13'),
(1724,'user::auth.login','2024-12-12 16:50:14','2024-12-12 16:50:14'),
(1725,'user::auth.logout','2024-12-12 16:50:18','2024-12-12 16:50:18'),
(1726,'user::auth.or','2024-12-12 16:50:21','2024-12-12 16:50:21'),
(1727,'user::auth.or_continue_with','2024-12-12 16:50:23','2024-12-12 16:50:23'),
(1728,'user::auth.or_sign_up_with','2024-12-12 16:50:28','2024-12-12 16:50:28'),
(1729,'user::auth.password','2024-12-12 16:50:29','2024-12-12 16:50:29'),
(1730,'user::auth.phone','2024-12-12 16:50:33','2024-12-12 16:50:33'),
(1731,'user::auth.privacy_policy','2024-12-12 16:50:35','2024-12-12 16:50:35'),
(1732,'user::auth.register','2024-12-12 16:50:37','2024-12-12 16:50:37'),
(1733,'user::auth.remember_me','2024-12-12 16:50:41','2024-12-12 16:50:41'),
(1734,'user::auth.reset_password','2024-12-12 16:50:44','2024-12-12 16:50:44'),
(1735,'user::auth.show_password','2024-12-12 16:50:49','2024-12-12 16:50:49'),
(1736,'user::auth.sign_in','2024-12-12 16:50:52','2024-12-12 16:50:52'),
(1737,'user::auth.sign_in_with_facebook','2024-12-12 16:50:54','2024-12-12 16:50:54'),
(1738,'user::auth.sign_in_with_google','2024-12-12 16:50:59','2024-12-12 16:50:59'),
(1739,'user::auth.sign_up','2024-12-12 16:51:02','2024-12-12 16:51:02'),
(1740,'user::auth.submit','2024-12-12 16:51:09','2024-12-12 16:51:09'),
(1741,'user::auth.this_password_should_be_different','2024-12-12 16:51:13','2024-12-12 16:51:13'),
(1742,'user::auth.welcome','2024-12-12 16:51:15','2024-12-12 16:51:15'),
(1743,'user::mail.account_created','2024-12-12 16:51:18','2024-12-12 16:51:18'),
(1744,'user::mail.if_you\\’re_having_trouble','2024-12-12 16:51:23','2024-12-12 16:51:23'),
(1745,'user::mail.no_further_action_is_required','2024-12-12 16:51:26','2024-12-12 16:51:26'),
(1746,'user::mail.received_a_password_reset_request','2024-12-12 16:51:28','2024-12-12 16:51:28'),
(1747,'user::mail.reset_password','2024-12-12 16:51:37','2024-12-12 16:51:37'),
(1748,'user::mail.reset_your_account_password','2024-12-12 16:51:39','2024-12-12 16:51:39'),
(1749,'user::mail.welcome','2024-12-12 16:51:54','2024-12-12 16:51:54'),
(1750,'user::messages.email.reset_password','2024-12-12 16:52:29','2024-12-12 16:52:29'),
(1751,'user::messages.users.account_created','2024-12-12 16:52:38','2024-12-12 16:52:38'),
(1752,'user::messages.users.account_is_blocked','2024-12-12 16:52:44','2024-12-12 16:52:44'),
(1753,'user::messages.users.account_not_activated','2024-12-12 16:53:03','2024-12-12 16:53:03'),
(1754,'user::messages.users.check_email_to_reset_password','2024-12-12 16:53:10','2024-12-12 16:53:10'),
(1755,'user::messages.users.invalid_credentials','2024-12-12 16:53:12','2024-12-12 16:53:12'),
(1756,'user::messages.users.invalid_reset_code','2024-12-12 16:53:20','2024-12-12 16:53:20'),
(1757,'user::messages.users.no_user_found','2024-12-12 16:53:29','2024-12-12 16:53:29'),
(1758,'user::messages.users.password_has_been_reset','2024-12-12 16:53:34','2024-12-12 16:53:34'),
(1759,'user::messages.users.reset_password_email_sent','2024-12-12 16:53:38','2024-12-12 16:53:38'),
(1760,'user::permissions.roles.create','2024-12-12 16:53:40','2024-12-12 16:53:40'),
(1761,'user::permissions.roles.destroy','2024-12-12 16:53:42','2024-12-12 16:53:42'),
(1762,'user::permissions.roles.edit','2024-12-12 16:53:46','2024-12-12 16:53:46'),
(1763,'user::permissions.roles.index','2024-12-12 16:53:48','2024-12-12 16:53:48'),
(1764,'user::permissions.users.create','2024-12-12 16:53:52','2024-12-12 16:53:52'),
(1765,'user::permissions.users.destroy','2024-12-12 16:53:54','2024-12-12 16:53:54'),
(1766,'user::permissions.users.edit','2024-12-12 16:53:57','2024-12-12 16:53:57'),
(1767,'user::permissions.users.index','2024-12-12 16:54:00','2024-12-12 16:54:00'),
(1768,'user::roles.permissions.allow','2024-12-12 16:54:02','2024-12-12 16:54:02'),
(1769,'user::roles.permissions.allow_all','2024-12-12 16:54:07','2024-12-12 16:54:07'),
(1770,'user::roles.permissions.deny','2024-12-12 16:54:09','2024-12-12 16:54:09'),
(1771,'user::roles.permissions.deny_all','2024-12-12 16:54:12','2024-12-12 16:54:12'),
(1772,'user::roles.permissions.inherit','2024-12-12 16:54:16','2024-12-12 16:54:16'),
(1773,'user::roles.permissions.inherit_all','2024-12-12 16:54:22','2024-12-12 16:54:22'),
(1774,'user::roles.role','2024-12-12 16:54:25','2024-12-12 16:54:25'),
(1775,'user::roles.roles','2024-12-12 16:54:34','2024-12-12 16:54:34'),
(1776,'user::roles.table.name','2024-12-12 16:54:48','2024-12-12 16:54:48'),
(1777,'user::roles.tabs.general','2024-12-12 16:54:51','2024-12-12 16:54:51'),
(1778,'user::roles.tabs.permissions','2024-12-12 16:54:53','2024-12-12 16:54:53'),
(1779,'user::roles.tabs.role_information','2024-12-12 16:54:57','2024-12-12 16:54:57'),
(1780,'user::sidebar.roles','2024-12-12 16:55:03','2024-12-12 16:55:03'),
(1781,'user::sidebar.users','2024-12-12 16:55:09','2024-12-12 16:55:09'),
(1782,'user::users.form.activated','2024-12-12 16:55:13','2024-12-12 16:55:13'),
(1783,'user::users.or_reset_password','2024-12-12 16:55:16','2024-12-12 16:55:16'),
(1784,'user::users.profile','2024-12-12 16:55:25','2024-12-12 16:55:25'),
(1785,'user::users.send_reset_password_email','2024-12-12 16:55:33','2024-12-12 16:55:33'),
(1786,'user::users.table.email','2024-12-12 16:55:36','2024-12-12 16:55:36'),
(1787,'user::users.table.first_name','2024-12-12 16:55:38','2024-12-12 16:55:38'),
(1788,'user::users.table.last_login','2024-12-12 16:55:42','2024-12-12 16:55:42'),
(1789,'user::users.table.last_name','2024-12-12 16:55:44','2024-12-12 16:55:44'),
(1790,'user::users.tabs.account','2024-12-12 16:55:48','2024-12-12 16:55:48'),
(1791,'user::users.tabs.group.profile_information','2024-12-12 16:55:53','2024-12-12 16:55:53'),
(1792,'user::users.tabs.group.user_information','2024-12-12 16:55:57','2024-12-12 16:55:57'),
(1793,'user::users.tabs.new_password','2024-12-12 16:55:59','2024-12-12 16:55:59'),
(1794,'user::users.tabs.permissions','2024-12-12 16:56:02','2024-12-12 16:56:02'),
(1795,'user::users.user','2024-12-12 16:56:04','2024-12-12 16:56:04'),
(1796,'user::users.users','2024-12-12 16:56:08','2024-12-12 16:56:08'),
(1797,'variation::attributes.name','2024-12-12 16:56:10','2024-12-12 16:56:10'),
(1798,'variation::attributes.type','2024-12-12 16:56:12','2024-12-12 16:56:12'),
(1799,'variation::attributes.values','2024-12-12 17:00:36','2024-12-12 17:00:36'),
(1800,'variation::attributes.values.*.color','2024-12-12 17:00:38','2024-12-12 17:00:38'),
(1801,'variation::attributes.values.*.image','2024-12-12 17:00:45','2024-12-12 17:00:45'),
(1802,'variation::attributes.values.*.label','2024-12-12 17:00:53','2024-12-12 17:00:53'),
(1803,'variation::permissions.variations.create','2024-12-12 17:00:57','2024-12-12 17:00:57'),
(1804,'variation::permissions.variations.destroy','2024-12-12 17:01:00','2024-12-12 17:01:00'),
(1805,'variation::permissions.variations.edit','2024-12-12 17:01:05','2024-12-12 17:01:05'),
(1806,'variation::permissions.variations.index','2024-12-12 17:01:08','2024-12-12 17:01:08'),
(1807,'variation::sidebar.variations','2024-12-12 17:01:13','2024-12-12 17:01:13'),
(1808,'variation::variations.form.add_row','2024-12-12 17:01:17','2024-12-12 17:01:17'),
(1809,'variation::variations.form.color','2024-12-12 17:01:26','2024-12-12 17:01:26'),
(1810,'variation::variations.form.image','2024-12-12 17:01:29','2024-12-12 17:01:29'),
(1811,'variation::variations.form.label','2024-12-12 17:01:37','2024-12-12 17:01:37'),
(1812,'variation::variations.form.name','2024-12-12 17:01:42','2024-12-12 17:01:42'),
(1813,'variation::variations.form.type','2024-12-12 17:01:45','2024-12-12 17:01:45'),
(1814,'variation::variations.form.values','2024-12-12 17:01:49','2024-12-12 17:01:49'),
(1815,'variation::variations.form.variation_types.color','2024-12-12 17:01:51','2024-12-12 17:01:51'),
(1816,'variation::variations.form.variation_types.image','2024-12-12 17:01:53','2024-12-12 17:01:53'),
(1817,'variation::variations.form.variation_types.please_select','2024-12-12 17:01:58','2024-12-12 17:01:58'),
(1818,'variation::variations.form.variation_types.text','2024-12-12 17:02:01','2024-12-12 17:02:01'),
(1819,'variation::variations.group.general','2024-12-12 17:02:03','2024-12-12 17:02:03'),
(1820,'variation::variations.group.values','2024-12-12 17:02:10','2024-12-12 17:02:10'),
(1821,'variation::variations.table.name','2024-12-12 17:02:13','2024-12-12 17:02:13'),
(1822,'variation::variations.table.type','2024-12-12 17:02:14','2024-12-12 17:02:14'),
(1823,'variation::variations.variation','2024-12-12 17:02:18','2024-12-12 17:02:18'),
(1824,'variation::variations.variations','2024-12-12 17:02:20','2024-12-12 17:02:20');

/*Table structure for table `up_sell_products` */

DROP TABLE IF EXISTS `up_sell_products`;

CREATE TABLE `up_sell_products` (
  `product_id` int(10) unsigned NOT NULL,
  `up_sell_product_id` int(10) unsigned NOT NULL,
  `created_at` timestamp NULL DEFAULT NULL,
  `updated_at` timestamp NULL DEFAULT NULL,
  PRIMARY KEY (`product_id`,`up_sell_product_id`),
  KEY `up_sell_products_up_sell_product_id_foreign` (`up_sell_product_id`),
  CONSTRAINT `up_sell_products_product_id_foreign` FOREIGN KEY (`product_id`) REFERENCES `products` (`id`) ON DELETE CASCADE,
  CONSTRAINT `up_sell_products_up_sell_product_id_foreign` FOREIGN KEY (`up_sell_product_id`) REFERENCES `products` (`id`) ON DELETE CASCADE
) ENGINE=InnoDB DEFAULT CHARSET=utf8mb4 COLLATE=utf8mb4_unicode_ci;

/*Data for the table `up_sell_products` */

insert  into `up_sell_products`(`product_id`,`up_sell_product_id`,`created_at`,`updated_at`) values 
(1,1,NULL,NULL),
(1,2,NULL,NULL),
(1,4,NULL,NULL),
(1,5,NULL,NULL),
(2,1,NULL,NULL),
(2,2,NULL,NULL),
(2,4,NULL,NULL),
(2,5,NULL,NULL),
(2,6,NULL,NULL),
(2,7,NULL,NULL),
(3,1,NULL,NULL),
(3,2,NULL,NULL),
(3,3,NULL,NULL),
(3,4,NULL,NULL),
(3,5,NULL,NULL),
(3,6,NULL,NULL),
(3,7,NULL,NULL),
(4,1,NULL,NULL),
(4,2,NULL,NULL),
(4,4,NULL,NULL),
(4,5,NULL,NULL),
(4,6,NULL,NULL),
(4,7,NULL,NULL),
(5,3,NULL,NULL),
(5,5,NULL,NULL),
(5,17,NULL,NULL),
(5,18,NULL,NULL),
(5,20,NULL,NULL),
(5,21,NULL,NULL),
(5,22,NULL,NULL),
(5,23,NULL,NULL),
(6,3,NULL,NULL),
(6,5,NULL,NULL),
(6,17,NULL,NULL),
(6,18,NULL,NULL),
(6,20,NULL,NULL),
(6,21,NULL,NULL),
(6,22,NULL,NULL),
(6,23,NULL,NULL),
(7,3,NULL,NULL),
(7,5,NULL,NULL),
(7,17,NULL,NULL),
(7,18,NULL,NULL),
(7,20,NULL,NULL),
(7,21,NULL,NULL),
(7,22,NULL,NULL),
(7,23,NULL,NULL),
(8,1,NULL,NULL),
(8,4,NULL,NULL),
(8,5,NULL,NULL),
(8,7,NULL,NULL),
(9,10,NULL,NULL),
(9,11,NULL,NULL),
(9,12,NULL,NULL),
(9,13,NULL,NULL),
(9,14,NULL,NULL),
(9,15,NULL,NULL),
(9,16,NULL,NULL),
(10,9,NULL,NULL),
(10,11,NULL,NULL),
(10,12,NULL,NULL),
(10,13,NULL,NULL),
(10,14,NULL,NULL),
(10,15,NULL,NULL),
(10,16,NULL,NULL),
(11,9,NULL,NULL),
(11,11,NULL,NULL),
(11,12,NULL,NULL),
(11,13,NULL,NULL),
(11,14,NULL,NULL),
(11,15,NULL,NULL),
(11,16,NULL,NULL),
(12,9,NULL,NULL),
(12,10,NULL,NULL),
(12,11,NULL,NULL),
(12,13,NULL,NULL),
(12,14,NULL,NULL),
(12,15,NULL,NULL),
(12,16,NULL,NULL),
(13,9,NULL,NULL),
(13,10,NULL,NULL),
(13,11,NULL,NULL),
(13,12,NULL,NULL),
(13,14,NULL,NULL),
(13,15,NULL,NULL),
(13,16,NULL,NULL),
(14,9,NULL,NULL),
(14,10,NULL,NULL),
(14,13,NULL,NULL),
(14,14,NULL,NULL),
(14,16,NULL,NULL),
(15,9,NULL,NULL),
(15,10,NULL,NULL),
(15,11,NULL,NULL),
(15,12,NULL,NULL),
(15,13,NULL,NULL),
(15,14,NULL,NULL),
(16,9,NULL,NULL),
(16,10,NULL,NULL),
(16,11,NULL,NULL),
(16,12,NULL,NULL),
(16,13,NULL,NULL),
(16,14,NULL,NULL),
(16,15,NULL,NULL),
(17,3,NULL,NULL),
(17,5,NULL,NULL),
(17,15,NULL,NULL),
(17,17,NULL,NULL),
(17,18,NULL,NULL),
(17,20,NULL,NULL),
(17,21,NULL,NULL),
(17,22,NULL,NULL),
(17,23,NULL,NULL),
(18,17,NULL,NULL),
(18,18,NULL,NULL),
(18,20,NULL,NULL),
(18,21,NULL,NULL),
(18,22,NULL,NULL),
(18,23,NULL,NULL),
(19,17,NULL,NULL),
(19,18,NULL,NULL),
(19,20,NULL,NULL),
(19,21,NULL,NULL),
(19,22,NULL,NULL),
(19,23,NULL,NULL),
(20,17,NULL,NULL),
(20,18,NULL,NULL),
(20,20,NULL,NULL),
(20,21,NULL,NULL),
(20,22,NULL,NULL),
(20,23,NULL,NULL),
(21,5,NULL,NULL),
(21,17,NULL,NULL),
(21,18,NULL,NULL),
(21,20,NULL,NULL),
(21,21,NULL,NULL),
(21,23,NULL,NULL),
(22,17,NULL,NULL),
(22,18,NULL,NULL),
(22,20,NULL,NULL),
(22,21,NULL,NULL),
(22,22,NULL,NULL),
(22,23,NULL,NULL),
(23,17,NULL,NULL),
(23,18,NULL,NULL),
(23,20,NULL,NULL),
(23,21,NULL,NULL),
(23,22,NULL,NULL),
(23,23,NULL,NULL),
(24,17,NULL,NULL),
(24,18,NULL,NULL),
(24,20,NULL,NULL),
(24,21,NULL,NULL),
(24,22,NULL,NULL),
(24,23,NULL,NULL),
(25,26,NULL,NULL),
(25,27,NULL,NULL),
(25,28,NULL,NULL),
(25,29,NULL,NULL),
(25,30,NULL,NULL),
(25,31,NULL,NULL),
(26,25,NULL,NULL),
(26,26,NULL,NULL),
(26,27,NULL,NULL),
(26,28,NULL,NULL),
(26,29,NULL,NULL),
(26,30,NULL,NULL),
(26,31,NULL,NULL),
(27,25,NULL,NULL),
(27,26,NULL,NULL),
(27,28,NULL,NULL),
(27,29,NULL,NULL),
(27,30,NULL,NULL),
(27,31,NULL,NULL),
(28,25,NULL,NULL),
(28,26,NULL,NULL),
(28,27,NULL,NULL),
(28,28,NULL,NULL),
(28,29,NULL,NULL),
(28,30,NULL,NULL),
(28,31,NULL,NULL),
(29,25,NULL,NULL),
(29,26,NULL,NULL),
(29,27,NULL,NULL),
(29,28,NULL,NULL),
(29,29,NULL,NULL),
(29,30,NULL,NULL),
(30,25,NULL,NULL),
(30,26,NULL,NULL),
(30,27,NULL,NULL),
(30,28,NULL,NULL),
(30,30,NULL,NULL),
(30,31,NULL,NULL),
(31,25,NULL,NULL),
(31,26,NULL,NULL),
(31,27,NULL,NULL),
(31,28,NULL,NULL),
(31,29,NULL,NULL),
(31,30,NULL,NULL),
(32,25,NULL,NULL),
(32,26,NULL,NULL),
(32,27,NULL,NULL),
(32,28,NULL,NULL),
(32,29,NULL,NULL),
(32,30,NULL,NULL),
(32,31,NULL,NULL),
(33,25,NULL,NULL),
(33,26,NULL,NULL),
(33,27,NULL,NULL),
(33,28,NULL,NULL),
(33,29,NULL,NULL),
(33,30,NULL,NULL),
(33,31,NULL,NULL),
(34,25,NULL,NULL),
(34,26,NULL,NULL),
(34,27,NULL,NULL),
(34,28,NULL,NULL),
(34,29,NULL,NULL),
(34,30,NULL,NULL),
(34,31,NULL,NULL),
(34,32,NULL,NULL),
(35,25,NULL,NULL),
(35,26,NULL,NULL),
(35,27,NULL,NULL),
(35,28,NULL,NULL),
(35,29,NULL,NULL),
(35,30,NULL,NULL),
(35,31,NULL,NULL),
(35,32,NULL,NULL),
(35,33,NULL,NULL),
(35,34,NULL,NULL);

/*Table structure for table `updater_scripts` */

DROP TABLE IF EXISTS `updater_scripts`;

CREATE TABLE `updater_scripts` (
  `id` int(10) unsigned NOT NULL AUTO_INCREMENT,
  `script` varchar(191) NOT NULL,
  PRIMARY KEY (`id`)
) ENGINE=InnoDB AUTO_INCREMENT=2 DEFAULT CHARSET=utf8mb4 COLLATE=utf8mb4_unicode_ci;

/*Data for the table `updater_scripts` */

insert  into `updater_scripts`(`id`,`script`) values 
(1,'V2_0_0');

/*Table structure for table `user_roles` */

DROP TABLE IF EXISTS `user_roles`;

CREATE TABLE `user_roles` (
  `user_id` int(10) unsigned NOT NULL,
  `role_id` int(10) unsigned NOT NULL,
  `created_at` timestamp NULL DEFAULT NULL,
  `updated_at` timestamp NULL DEFAULT NULL,
  PRIMARY KEY (`user_id`,`role_id`),
  KEY `user_roles_role_id_foreign` (`role_id`),
  CONSTRAINT `user_roles_role_id_foreign` FOREIGN KEY (`role_id`) REFERENCES `roles` (`id`) ON DELETE CASCADE,
  CONSTRAINT `user_roles_user_id_foreign` FOREIGN KEY (`user_id`) REFERENCES `users` (`id`) ON DELETE CASCADE
) ENGINE=InnoDB DEFAULT CHARSET=utf8mb4 COLLATE=utf8mb4_unicode_ci;

/*Data for the table `user_roles` */

insert  into `user_roles`(`user_id`,`role_id`,`created_at`,`updated_at`) values 
(1,1,'2025-04-25 22:24:07','2025-04-25 22:24:07'),
(2,2,'2024-12-19 13:10:34','2024-12-19 13:10:34');

/*Table structure for table `users` */

DROP TABLE IF EXISTS `users`;

CREATE TABLE `users` (
  `id` int(10) unsigned NOT NULL AUTO_INCREMENT,
  `first_name` varchar(191) NOT NULL,
  `last_name` varchar(191) NOT NULL,
  `email` varchar(191) NOT NULL,
  `phone` varchar(191) NOT NULL,
  `password` varchar(191) NOT NULL,
  `permissions` text DEFAULT NULL,
  `last_login` datetime DEFAULT NULL,
  `created_at` timestamp NULL DEFAULT NULL,
  `updated_at` timestamp NULL DEFAULT NULL,
  PRIMARY KEY (`id`),
  UNIQUE KEY `users_email_unique` (`email`)
) ENGINE=InnoDB AUTO_INCREMENT=3 DEFAULT CHARSET=utf8mb4 COLLATE=utf8mb4_unicode_ci;

/*Data for the table `users` */

insert  into `users`(`id`,`first_name`,`last_name`,`email`,`phone`,`password`,`permissions`,`last_login`,`created_at`,`updated_at`) values 
(1,'Manuel','Medinilla','admin@admin.com','12345678','$2y$10$F48EAZZG2JtumtkVP5UAsOrOFepDq8dDoyVRUQKJzDKXZVTrGVGHW',NULL,'2025-05-06 03:30:19','2025-04-23 03:11:01','2025-05-06 03:30:19'),
(2,'Luis','Gustavo Ortiz Peralta','whizzend@gmail.com','','$2y$10$gufNsXZvlDKCADTTBQVaR.DJF0cUYk73M6qiT2CmK6oztsp5tmxyy',NULL,'2024-12-19 19:10:34','2024-12-19 13:10:34','2024-12-19 13:10:34');

/*Table structure for table `variation_translations` */

DROP TABLE IF EXISTS `variation_translations`;

CREATE TABLE `variation_translations` (
  `id` int(10) unsigned NOT NULL AUTO_INCREMENT,
  `variation_id` int(10) unsigned NOT NULL,
  `locale` varchar(191) NOT NULL,
  `name` varchar(191) NOT NULL,
  PRIMARY KEY (`id`),
  UNIQUE KEY `variation_translations_variation_id_locale_unique` (`variation_id`,`locale`),
  CONSTRAINT `variation_translations_variation_id_foreign` FOREIGN KEY (`variation_id`) REFERENCES `variations` (`id`) ON DELETE CASCADE
) ENGINE=InnoDB AUTO_INCREMENT=16 DEFAULT CHARSET=utf8mb4 COLLATE=utf8mb4_unicode_ci;

/*Data for the table `variation_translations` */

insert  into `variation_translations`(`id`,`variation_id`,`locale`,`name`) values 
(1,1,'es','Tamaño'),
(2,2,'es','Color 1'),
(3,3,'es','Color 2'),
(4,4,'es','color'),
(5,5,'es','Garantía'),
(6,6,'es','Color'),
(7,7,'es','Color'),
(8,8,'es','color'),
(9,9,'es','color'),
(10,10,'es','RAM'),
(11,11,'es','Almacenamiento'),
(12,12,'es','Color'),
(13,13,'es','RAM'),
(14,14,'es','RAM'),
(15,15,'es','color');

/*Table structure for table `variation_value_translations` */

DROP TABLE IF EXISTS `variation_value_translations`;

CREATE TABLE `variation_value_translations` (
  `id` int(10) unsigned NOT NULL AUTO_INCREMENT,
  `variation_value_id` int(10) unsigned NOT NULL,
  `locale` varchar(191) NOT NULL,
  `label` varchar(191) NOT NULL,
  PRIMARY KEY (`id`),
  UNIQUE KEY `variation_value_translations_variation_value_id_locale_unique` (`variation_value_id`,`locale`),
  CONSTRAINT `variation_value_translations_variation_value_id_foreign` FOREIGN KEY (`variation_value_id`) REFERENCES `variation_values` (`id`) ON DELETE CASCADE
) ENGINE=InnoDB AUTO_INCREMENT=80 DEFAULT CHARSET=utf8mb4 COLLATE=utf8mb4_unicode_ci;

/*Data for the table `variation_value_translations` */

insert  into `variation_value_translations`(`id`,`variation_value_id`,`locale`,`label`) values 
(1,1,'es','SM'),
(2,2,'es','M'),
(3,3,'es','XL'),
(4,4,'es','XXL'),
(5,5,'es','Rojo'),
(6,6,'es','Verde'),
(7,7,'es','Azul'),
(8,8,'es','Amarillo'),
(9,9,'es','Negro'),
(10,10,'es','Azul claro'),
(11,11,'es','Gris'),
(12,12,'es','Naranja brillante'),
(13,13,'es','Rosa coral'),
(14,14,'es','Azul marino oscuro'),
(15,15,'es','Rosa claro'),
(19,19,'es','Space Grey'),
(20,20,'es','Rose Gold'),
(21,21,'es','Red'),
(25,25,'es','1 año'),
(26,26,'es','2 años'),
(27,27,'es','3 años'),
(31,31,'es','Blanco'),
(32,32,'es','Gris espacial'),
(33,33,'es','Negro'),
(37,37,'es','Blue Titanium'),
(38,38,'es','Black Titanium'),
(39,39,'es','Natural Titanium'),
(42,42,'es','Amarillo'),
(43,43,'es','Gris'),
(47,47,'es','negro'),
(48,48,'es','gris'),
(49,49,'es','plateado'),
(52,52,'es','16GB'),
(53,53,'es','32GB'),
(56,56,'es','500GB'),
(57,57,'es','1TB'),
(61,61,'es','Silver'),
(62,62,'es','Space Grey'),
(63,63,'es','Gold'),
(67,67,'es','8GB'),
(68,68,'es','16GB'),
(69,69,'es','32GB'),
(73,73,'es','8GB'),
(74,74,'es','16GB'),
(75,75,'es','32GB'),
(78,78,'es','Negro'),
(79,79,'es','Blanco');

/*Table structure for table `variation_values` */

DROP TABLE IF EXISTS `variation_values`;

CREATE TABLE `variation_values` (
  `id` int(10) unsigned NOT NULL AUTO_INCREMENT,
  `uid` varchar(191) NOT NULL,
  `variation_id` int(10) unsigned NOT NULL,
  `value` varchar(191) DEFAULT NULL,
  `position` int(10) unsigned DEFAULT NULL,
  `created_at` timestamp NULL DEFAULT NULL,
  `updated_at` timestamp NULL DEFAULT NULL,
  PRIMARY KEY (`id`),
  UNIQUE KEY `variation_values_uid_unique` (`uid`),
  KEY `variation_values_variation_id_index` (`variation_id`),
  CONSTRAINT `variation_values_variation_id_foreign` FOREIGN KEY (`variation_id`) REFERENCES `variations` (`id`) ON DELETE CASCADE
) ENGINE=InnoDB AUTO_INCREMENT=80 DEFAULT CHARSET=utf8mb4 COLLATE=utf8mb4_unicode_ci;

/*Data for the table `variation_values` */

insert  into `variation_values`(`id`,`uid`,`variation_id`,`value`,`position`,`created_at`,`updated_at`) values 
(1,'zc53ef2jz7',1,'',1,'2024-12-13 11:25:32','2024-12-13 11:25:32'),
(2,'3byj133zoq',1,'',2,'2024-12-13 11:25:32','2024-12-13 11:25:32'),
(3,'82i2wf7c0v',1,'',3,'2024-12-13 11:25:32','2024-12-13 11:25:32'),
(4,'ykhyv41vpn',1,'',4,'2024-12-13 11:25:32','2024-12-13 11:25:32'),
(5,'3128bhvivr',2,'#d01c1f',1,'2024-12-13 11:26:54','2024-12-13 11:26:54'),
(6,'mgp3o25haw',2,'#3aa845',2,'2024-12-13 11:26:54','2024-12-13 11:26:54'),
(7,'wpf7atf988',2,'#0a33ae',3,'2024-12-13 11:26:54','2024-12-13 11:26:54'),
(8,'cwxnkmtao9',2,'#f6d100',4,'2024-12-13 11:26:54','2024-12-13 11:26:54'),
(9,'qe3glgxk7g',3,'',1,'2024-12-13 11:31:37','2024-12-13 11:31:37'),
(10,'v3lz2hufk6',3,'',2,'2024-12-13 11:31:37','2024-12-13 11:31:37'),
(11,'flqcscpj9g',3,'',3,'2024-12-13 11:31:37','2024-12-13 11:31:37'),
(12,'xfohr5jfzb',3,'',4,'2024-12-13 11:31:37','2024-12-13 11:31:37'),
(13,'2kccx3mta',3,'',5,'2024-12-13 11:31:37','2024-12-13 11:31:37'),
(14,'uquiyw3bi7',3,'',6,'2024-12-13 11:31:37','2024-12-13 11:31:37'),
(15,'7erl5u0f7xo',3,'',7,'2024-12-13 11:31:37','2024-12-13 11:31:37'),
(19,'yqu7lc9img',4,'#6b7367',1,'2024-12-13 17:00:44','2024-12-13 17:00:44'),
(20,'pmszm0wg2',4,'#d4b1a3',2,'2024-12-13 17:00:44','2024-12-13 17:00:44'),
(21,'19kb0h1sb',4,'#d01c1f',3,'2024-12-13 17:00:44','2024-12-13 17:00:44'),
(25,'yujx1snim',5,'',1,'2024-12-13 17:00:44','2024-12-13 17:00:44'),
(26,'2247meojwj',5,'',2,'2024-12-13 17:00:44','2024-12-13 17:00:44'),
(27,'dn29x50ni',5,'',3,'2024-12-13 17:00:44','2024-12-13 17:00:44'),
(31,'fuir9o7b2h',6,'#ffffff',1,'2024-12-14 17:56:30','2024-12-14 17:56:30'),
(32,'8ypmq0r9b',6,'#8391a3',2,'2024-12-14 17:56:30','2024-12-14 17:56:30'),
(33,'m9ds7gbyf6',6,'#131313',3,'2024-12-14 17:56:30','2024-12-14 17:56:30'),
(37,'j85vztxozl',7,'#4c5262',1,'2024-12-14 18:18:34','2024-12-14 18:18:34'),
(38,'o1peq0ih11',7,'#424649',2,'2024-12-14 18:18:34','2024-12-14 18:18:34'),
(39,'toyghajmm9',7,'#bbb4aa',3,'2024-12-14 18:18:34','2024-12-14 18:18:34'),
(42,'qz44g49947',8,'#f6d100',1,'2024-12-14 19:20:42','2024-12-14 19:20:42'),
(43,'260b4skqt',8,'#b1b1b1',2,'2024-12-14 19:20:42','2024-12-14 19:20:42'),
(47,'ctwv4f3egc',9,'#000000',1,'2024-12-14 19:36:23','2024-12-14 19:36:23'),
(48,'zxwqgzy1y4',9,'#929292',2,'2024-12-14 19:36:23','2024-12-14 19:36:23'),
(49,'bnwokmgah7',9,'#d3d3d3',3,'2024-12-14 19:36:23','2024-12-14 19:36:23'),
(52,'l7mz2xsqya',10,'',1,'2024-12-14 19:36:23','2024-12-14 19:36:23'),
(53,'qiv4wpg2d',10,'',2,'2024-12-14 19:36:23','2024-12-14 19:36:23'),
(56,'m35diyd0ol',11,'',1,'2024-12-14 19:36:23','2024-12-14 19:36:23'),
(57,'q0fwwkrot',11,'',2,'2024-12-14 19:36:23','2024-12-14 19:36:23'),
(61,'22owhac2zd',12,'#c0c0c0',1,'2024-12-15 09:19:52','2024-12-15 09:19:52'),
(62,'6lkyyhdez',12,'#8e8e93',2,'2024-12-15 09:19:52','2024-12-15 09:19:52'),
(63,'fd52c4tvzn',12,'#fad5c3',3,'2024-12-15 09:19:52','2024-12-15 09:19:52'),
(67,'78skhdf6ik',13,'',1,'2024-12-15 09:19:52','2024-12-15 09:19:52'),
(68,'gqql9otgbh',13,'',2,'2024-12-15 09:19:52','2024-12-15 09:19:52'),
(69,'7a2prtlx02',13,'',3,'2024-12-15 09:19:52','2024-12-15 09:19:52'),
(73,'monfis56gg',14,'',1,'2024-12-15 13:01:14','2024-12-15 13:01:14'),
(74,'t23elimcbi',14,'',2,'2024-12-15 13:01:14','2024-12-15 13:01:14'),
(75,'6zzc9zgju',14,'',3,'2024-12-15 13:01:14','2024-12-15 13:01:14'),
(78,'i6435t51i',15,'#000000',1,'2024-12-15 13:52:26','2024-12-15 13:52:26'),
(79,'ubu74spd9',15,'#ffffff',2,'2024-12-15 13:52:26','2024-12-15 13:52:26');

/*Table structure for table `variations` */

DROP TABLE IF EXISTS `variations`;

CREATE TABLE `variations` (
  `id` int(10) unsigned NOT NULL AUTO_INCREMENT,
  `uid` varchar(191) NOT NULL,
  `type` varchar(191) NOT NULL,
  `is_global` tinyint(1) NOT NULL DEFAULT 1,
  `position` int(10) unsigned DEFAULT NULL,
  `deleted_at` timestamp NULL DEFAULT NULL,
  `created_at` timestamp NULL DEFAULT NULL,
  `updated_at` timestamp NULL DEFAULT NULL,
  PRIMARY KEY (`id`),
  UNIQUE KEY `variations_uid_unique` (`uid`)
) ENGINE=InnoDB AUTO_INCREMENT=16 DEFAULT CHARSET=utf8mb4 COLLATE=utf8mb4_unicode_ci;

/*Data for the table `variations` */

insert  into `variations`(`id`,`uid`,`type`,`is_global`,`position`,`deleted_at`,`created_at`,`updated_at`) values 
(1,'iu87co99ke','text',1,NULL,NULL,'2024-12-13 11:25:32','2024-12-13 11:25:32'),
(2,'kpdlu4xq6l','color',1,NULL,NULL,'2024-12-13 11:26:54','2024-12-13 11:26:54'),
(3,'qy4b8w1u','image',1,NULL,NULL,'2024-12-13 11:31:37','2024-12-13 11:31:37'),
(4,'yvnyuqpbz','color',0,1,NULL,'2024-12-13 17:00:44','2024-12-13 17:00:44'),
(5,'t2rlcbk9re','text',0,2,NULL,'2024-12-13 17:00:44','2024-12-13 17:00:44'),
(6,'xzcr36ey6','color',0,1,NULL,'2024-12-14 17:56:30','2024-12-14 17:56:30'),
(7,'p0wlkj3ol','color',0,1,NULL,'2024-12-14 18:18:34','2024-12-14 18:18:34'),
(8,'lhsyh5f3in','color',0,1,NULL,'2024-12-14 19:20:42','2024-12-14 19:20:42'),
(9,'2k7gmoj7u8','color',0,1,NULL,'2024-12-14 19:36:23','2024-12-14 19:36:23'),
(10,'rvmgak8oco','text',0,2,NULL,'2024-12-14 19:36:23','2024-12-14 19:36:23'),
(11,'al3o3m141','text',0,3,NULL,'2024-12-14 19:36:23','2024-12-14 19:36:23'),
(12,'x60wj8qhok','color',0,1,NULL,'2024-12-15 09:19:52','2024-12-15 09:19:52'),
(13,'dpeo5y0vbh','text',0,2,NULL,'2024-12-15 09:19:52','2024-12-15 09:19:52'),
(14,'u79cxfs7sm','text',0,2,NULL,'2024-12-15 13:01:14','2024-12-15 13:01:14'),
(15,'thdre3jrx9','color',0,1,NULL,'2024-12-15 13:52:26','2024-12-15 13:52:26');

/*Table structure for table `wish_lists` */

DROP TABLE IF EXISTS `wish_lists`;

CREATE TABLE `wish_lists` (
  `user_id` int(10) unsigned NOT NULL,
  `product_id` int(10) unsigned NOT NULL,
  `created_at` timestamp NULL DEFAULT NULL,
  `updated_at` timestamp NULL DEFAULT NULL,
  PRIMARY KEY (`user_id`,`product_id`),
  KEY `wish_lists_product_id_foreign` (`product_id`),
  CONSTRAINT `wish_lists_product_id_foreign` FOREIGN KEY (`product_id`) REFERENCES `products` (`id`) ON DELETE CASCADE,
  CONSTRAINT `wish_lists_user_id_foreign` FOREIGN KEY (`user_id`) REFERENCES `users` (`id`) ON DELETE CASCADE
) ENGINE=InnoDB DEFAULT CHARSET=utf8mb4 COLLATE=utf8mb4_unicode_ci;

/*Data for the table `wish_lists` */

/*!40101 SET SQL_MODE=@OLD_SQL_MODE */;
/*!40014 SET FOREIGN_KEY_CHECKS=@OLD_FOREIGN_KEY_CHECKS */;
/*!40014 SET UNIQUE_CHECKS=@OLD_UNIQUE_CHECKS */;
/*!40111 SET SQL_NOTES=@OLD_SQL_NOTES */;
